vote_id,voting_scheme,limitation_dropped,num_voters,num_candidates,outcome,hapiness_list,overall_hapiness,strategic_voters,risk_of_strategic_voting,alternative_risk,pairs
0,Plurality,BTVA,150,3,"{'B': 59, 'A': 49, 'C': 42}","[0.43, 0.52, 1.0, 0.52, 0.52, 0.52, 1.0, 0.43, 0.52, 0.81, 1.0, 0.52, 0.43, 0.52, 0.52, 1.0, 0.81, 0.43, 1.0, 0.52, 1.0, 1.0, 1.0, 1.0, 1.0, 0.43, 0.43, 0.81, 0.43, 1.0, 1.0, 0.52, 0.52, 0.81, 0.43, 1.0, 0.43, 1.0, 0.43, 1.0, 0.52, 0.52, 0.52, 0.52, 0.81, 1.0, 0.43, 1.0, 1.0, 0.52, 1.0, 0.81, 1.0, 1.0, 1.0, 0.81, 1.0, 1.0, 1.0, 0.52, 0.52, 0.52, 0.81, 0.52, 0.43, 1.0, 0.81, 1.0, 1.0, 1.0, 0.52, 1.0, 1.0, 1.0, 1.0, 0.52, 1.0, 0.43, 0.52, 0.52, 0.52, 0.43, 1.0, 1.0, 0.43, 0.43, 0.81, 0.52, 0.52, 0.43, 0.81, 0.52, 1.0, 0.81, 0.81, 0.43, 1.0, 0.43, 0.52, 0.52, 1.0, 0.81, 1.0, 1.0, 0.43, 0.52, 1.0, 0.43, 0.52, 1.0, 1.0, 1.0, 1.0, 0.81, 0.81, 0.52, 1.0, 0.52, 1.0, 0.43, 0.81, 1.0, 0.52, 0.43, 0.52, 1.0, 1.0, 1.0, 1.0, 0.52, 0.81, 0.81, 1.0, 0.81, 0.52, 0.81, 1.0, 0.52, 0.52, 1.0, 1.0, 0.52, 0.43, 0.52, 0.81, 1.0, 0.81, 1.0, 0.52, 0.52]",110.83000000000001,[],"[0.04, 0.03, 0.0, 0.03, 0.03, 0.03, 0.01, 0.04, 0.03, 0.01, 0.0, 0.03, 0.04, 0.03, 0.03, 0.01, 0.01, 0.04, 0.01, 0.03, 0.0, 0.01, 0.0, 0.01, 0.01, 0.04, 0.04, 0.01, 0.04, 0.0, 0.0, 0.03, 0.03, 0.01, 0.04, 0.0, 0.04, 0.01, 0.04, 0.0, 0.03, 0.03, 0.03, 0.03, 0.01, 0.01, 0.04, 0.01, 0.01, 0.03, 0.01, 0.01, 0.0, 0.01, 0.01, 0.01, 0.0, 0.01, 0.01, 0.03, 0.03, 0.03, 0.01, 0.03, 0.04, 0.0, 0.01, 0.01, 0.01, 0.0, 0.03, 0.01, 0.0, 0.0, 0.0, 0.03, 0.0, 0.04, 0.03, 0.03, 0.03, 0.04, 0.0, 0.01, 0.04, 0.04, 0.01, 0.03, 0.03, 0.04, 0.01, 0.03, 0.0, 0.01, 0.01, 0.04, 0.01, 0.04, 0.03, 0.03, 0.01, 0.01, 0.0, 0.0, 0.04, 0.03, 0.0, 0.04, 0.03, 0.0, 0.01, 0.0, 0.0, 0.01, 0.01, 0.03, 0.0, 0.03, 0.01, 0.04, 0.01, 0.0, 0.03, 0.04, 0.03, 0.0, 0.0, 0.0, 0.01, 0.03, 0.01, 0.01, 0.0, 0.01, 0.03, 0.01, 0.01, 0.03, 0.03, 0.01, 0.01, 0.03, 0.04, 0.03, 0.01, 0.0, 0.01, 0.01, 0.03, 0.03]",0,
1,Plurality,BTVA,150,3,"{'B': 54, 'A': 50, 'C': 46}","[0.52, 1.0, 0.52, 0.81, 1.0, 0.43, 1.0, 1.0, 1.0, 1.0, 0.81, 0.81, 0.52, 0.52, 0.81, 0.52, 0.52, 1.0, 0.52, 0.43, 0.81, 1.0, 0.52, 0.43, 1.0, 0.52, 1.0, 0.52, 0.52, 1.0, 1.0, 1.0, 0.43, 1.0, 0.52, 0.43, 0.52, 1.0, 0.81, 1.0, 0.81, 0.81, 0.81, 0.81, 0.43, 0.43, 0.52, 0.52, 1.0, 0.43, 0.43, 0.52, 1.0, 0.52, 1.0, 0.52, 0.81, 1.0, 0.52, 0.52, 0.52, 0.52, 0.43, 0.43, 1.0, 0.81, 1.0, 1.0, 1.0, 0.81, 0.52, 0.52, 0.43, 1.0, 0.43, 0.52, 1.0, 0.52, 1.0, 1.0, 1.0, 1.0, 1.0, 0.52, 0.52, 0.43, 1.0, 0.52, 0.52, 0.81, 1.0, 1.0, 1.0, 0.43, 0.43, 1.0, 0.52, 0.52, 0.81, 0.43, 0.81, 1.0, 1.0, 0.81, 0.43, 0.52, 1.0, 0.52, 1.0, 1.0, 0.81, 0.52, 1.0, 0.81, 0.43, 0.52, 0.43, 0.43, 1.0, 1.0, 0.52, 0.43, 1.0, 1.0, 0.81, 0.81, 0.52, 1.0, 0.52, 1.0, 1.0, 0.52, 1.0, 1.0, 1.0, 0.81, 0.43, 0.43, 0.52, 1.0, 0.81, 0.81, 0.52, 0.81, 0.52, 0.81, 1.0, 0.52, 0.81, 0.52]",109.59000000000002,[],"[0.03, 0.01, 0.03, 0.01, 0.0, 0.04, 0.0, 0.0, 0.01, 0.0, 0.01, 0.01, 0.03, 0.03, 0.01, 0.03, 0.03, 0.0, 0.03, 0.04, 0.01, 0.01, 0.03, 0.04, 0.0, 0.03, 0.0, 0.03, 0.03, 0.01, 0.0, 0.01, 0.04, 0.01, 0.03, 0.04, 0.03, 0.0, 0.01, 0.01, 0.01, 0.01, 0.01, 0.01, 0.04, 0.04, 0.03, 0.03, 0.0, 0.04, 0.04, 0.03, 0.0, 0.03, 0.01, 0.03, 0.01, 0.0, 0.03, 0.03, 0.03, 0.03, 0.04, 0.04, 0.01, 0.01, 0.0, 0.0, 0.01, 0.01, 0.03, 0.03, 0.04, 0.0, 0.04, 0.03, 0.01, 0.03, 0.0, 0.0, 0.01, 0.0, 0.01, 0.03, 0.03, 0.04, 0.0, 0.03, 0.03, 0.01, 0.0, 0.01, 0.0, 0.04, 0.04, 0.01, 0.03, 0.03, 0.01, 0.04, 0.01, 0.01, 0.0, 0.01, 0.04, 0.03, 0.01, 0.03, 0.01, 0.01, 0.01, 0.03, 0.01, 0.01, 0.04, 0.03, 0.04, 0.04, 0.01, 0.01, 0.03, 0.04, 0.01, 0.0, 0.01, 0.01, 0.03, 0.01, 0.03, 0.0, 0.0, 0.03, 0.01, 0.01, 0.0, 0.01, 0.04, 0.04, 0.03, 0.01, 0.01, 0.01, 0.03, 0.01, 0.03, 0.01, 0.0, 0.03, 0.01, 0.03]",0,
2,Plurality,BTVA,150,3,"{'B': 55, 'A': 49, 'C': 46}","[0.52, 1.0, 1.0, 0.52, 1.0, 0.43, 1.0, 0.43, 1.0, 0.52, 0.43, 0.81, 1.0, 1.0, 1.0, 0.52, 0.43, 0.81, 0.52, 0.81, 1.0, 0.52, 1.0, 1.0, 0.52, 0.52, 0.52, 1.0, 0.43, 0.52, 1.0, 1.0, 0.43, 0.81, 0.43, 1.0, 1.0, 0.52, 0.81, 1.0, 1.0, 0.52, 0.43, 1.0, 1.0, 1.0, 0.81, 0.43, 0.81, 1.0, 0.43, 0.52, 0.52, 0.52, 0.43, 1.0, 1.0, 0.52, 1.0, 1.0, 0.52, 1.0, 0.52, 1.0, 0.52, 1.0, 0.81, 0.52, 0.52, 0.43, 0.43, 0.52, 0.52, 0.52, 0.81, 0.52, 0.52, 0.81, 1.0, 1.0, 0.52, 0.81, 0.43, 0.81, 0.81, 1.0, 0.81, 0.81, 0.52, 1.0, 0.43, 0.43, 0.43, 0.52, 0.52, 1.0, 1.0, 1.0, 0.43, 0.43, 1.0, 1.0, 0.43, 0.81, 0.52, 1.0, 1.0, 1.0, 0.43, 0.52, 1.0, 0.81, 0.81, 1.0, 0.81, 1.0, 0.43, 0.81, 1.0, 0.52, 0.52, 0.81, 1.0, 1.0, 0.52, 1.0, 0.52, 0.43, 1.0, 0.52, 1.0, 0.81, 0.81, 0.52, 0.52, 0.52, 1.0, 0.52, 1.0, 1.0, 1.0, 0.52, 0.81, 0.52, 0.52, 0.43, 0.81, 1.0, 0.81, 0.52]",109.78,[],"[0.03, 0.01, 0.01, 0.03, 0.0, 0.04, 0.0, 0.04, 0.01, 0.03, 0.04, 0.01, 0.01, 0.0, 0.0, 0.03, 0.04, 0.01, 0.03, 0.01, 0.01, 0.03, 0.0, 0.0, 0.03, 0.03, 0.03, 0.01, 0.04, 0.03, 0.0, 0.0, 0.04, 0.01, 0.04, 0.0, 0.0, 0.03, 0.01, 0.01, 0.0, 0.03, 0.04, 0.0, 0.0, 0.0, 0.01, 0.04, 0.01, 0.01, 0.04, 0.03, 0.03, 0.03, 0.04, 0.01, 0.0, 0.03, 0.0, 0.0, 0.03, 0.0, 0.03, 0.01, 0.03, 0.0, 0.01, 0.03, 0.03, 0.04, 0.04, 0.03, 0.03, 0.03, 0.01, 0.03, 0.03, 0.01, 0.0, 0.0, 0.03, 0.01, 0.04, 0.01, 0.01, 0.01, 0.01, 0.01, 0.03, 0.01, 0.04, 0.04, 0.04, 0.03, 0.03, 0.01, 0.0, 0.0, 0.04, 0.04, 0.0, 0.01, 0.04, 0.01, 0.03, 0.0, 0.0, 0.0, 0.04, 0.03, 0.01, 0.01, 0.01, 0.01, 0.01, 0.0, 0.04, 0.01, 0.0, 0.03, 0.03, 0.01, 0.01, 0.0, 0.03, 0.0, 0.03, 0.04, 0.01, 0.03, 0.01, 0.01, 0.01, 0.03, 0.03, 0.03, 0.01, 0.03, 0.01, 0.01, 0.0, 0.03, 0.01, 0.03, 0.03, 0.04, 0.01, 0.01, 0.01, 0.03]",0,
3,Plurality,BTVA,150,3,"{'A': 55, 'B': 48, 'C': 47}","[0.52, 0.43, 0.43, 0.81, 0.52, 0.52, 0.43, 0.43, 0.43, 1.0, 1.0, 1.0, 1.0, 1.0, 1.0, 1.0, 0.43, 0.81, 0.52, 0.52, 0.81, 0.52, 1.0, 1.0, 0.52, 0.81, 0.52, 0.52, 0.52, 0.52, 0.52, 1.0, 0.52, 0.43, 0.43, 1.0, 0.52, 0.43, 1.0, 1.0, 0.43, 1.0, 0.43, 1.0, 0.43, 0.52, 1.0, 1.0, 0.81, 1.0, 1.0, 0.52, 0.81, 1.0, 0.43, 0.43, 0.52, 1.0, 1.0, 0.81, 1.0, 1.0, 0.43, 0.81, 0.43, 0.52, 1.0, 0.43, 0.52, 1.0, 1.0, 0.52, 0.81, 1.0, 0.52, 0.81, 0.52, 0.52, 0.81, 1.0, 1.0, 0.52, 0.43, 0.81, 0.52, 0.52, 0.52, 0.81, 1.0, 0.43, 0.81, 0.52, 0.52, 0.43, 0.52, 0.43, 0.52, 1.0, 0.52, 1.0, 1.0, 0.52, 0.52, 0.81, 1.0, 0.52, 1.0, 1.0, 0.43, 1.0, 1.0, 1.0, 1.0, 0.52, 0.52, 1.0, 0.81, 0.81, 0.81, 0.81, 0.52, 0.43, 0.81, 1.0, 0.81, 1.0, 0.52, 1.0, 1.0, 0.52, 0.52, 0.43, 0.81, 0.81, 1.0, 1.0, 0.43, 1.0, 1.0, 0.43, 1.0, 0.52, 0.52, 1.0, 0.43, 1.0, 1.0, 0.81, 1.0, 0.52]",108.93,[],"[0.03, 0.04, 0.04, 0.01, 0.03, 0.03, 0.04, 0.04, 0.04, 0.01, 0.0, 0.0, 0.0, 0.01, 0.01, 0.01, 0.04, 0.01, 0.03, 0.03, 0.01, 0.03, 0.0, 0.01, 0.03, 0.01, 0.03, 0.03, 0.03, 0.03, 0.03, 0.01, 0.03, 0.04, 0.04, 0.0, 0.03, 0.04, 0.01, 0.01, 0.04, 0.01, 0.04, 0.0, 0.04, 0.03, 0.01, 0.01, 0.01, 0.0, 0.0, 0.03, 0.01, 0.01, 0.04, 0.04, 0.03, 0.01, 0.0, 0.01, 0.01, 0.01, 0.04, 0.01, 0.04, 0.03, 0.0, 0.04, 0.03, 0.01, 0.01, 0.03, 0.01, 0.0, 0.03, 0.01, 0.03, 0.03, 0.01, 0.01, 0.01, 0.03, 0.04, 0.01, 0.03, 0.03, 0.03, 0.01, 0.0, 0.04, 0.01, 0.03, 0.03, 0.04, 0.03, 0.04, 0.03, 0.0, 0.03, 0.0, 0.0, 0.03, 0.03, 0.01, 0.01, 0.03, 0.01, 0.0, 0.04, 0.01, 0.01, 0.01, 0.01, 0.03, 0.03, 0.01, 0.01, 0.01, 0.01, 0.01, 0.03, 0.04, 0.01, 0.0, 0.01, 0.0, 0.03, 0.0, 0.01, 0.03, 0.03, 0.04, 0.01, 0.01, 0.0, 0.01, 0.04, 0.0, 0.0, 0.04, 0.0, 0.03, 0.03, 0.01, 0.04, 0.01, 0.01, 0.01, 0.0, 0.03]",0,
4,Plurality,BTVA,150,3,"{'A': 51, 'B': 51, 'C': 48}","[0.81, 0.81, 1.0, 1.0, 0.52, 0.81, 1.0, 1.0, 0.52, 1.0, 0.81, 0.52, 1.0, 1.0, 0.52, 1.0, 0.52, 1.0, 0.52, 0.81, 1.0, 0.52, 0.52, 0.52, 0.52, 0.81, 1.0, 1.0, 0.52, 0.52, 1.0, 0.43, 0.81, 1.0, 0.43, 0.43, 0.52, 0.52, 0.52, 0.43, 1.0, 0.81, 0.43, 1.0, 1.0, 1.0, 0.52, 0.81, 0.43, 0.81, 0.52, 1.0, 1.0, 0.52, 1.0, 0.81, 1.0, 0.81, 0.81, 0.52, 1.0, 0.52, 0.52, 0.52, 0.81, 1.0, 1.0, 0.43, 1.0, 1.0, 0.43, 0.52, 0.52, 1.0, 0.81, 1.0, 0.81, 0.52, 0.81, 0.43, 1.0, 1.0, 0.52, 0.43, 1.0, 1.0, 0.52, 0.52, 0.52, 0.43, 0.52, 0.52, 0.43, 1.0, 1.0, 0.52, 0.52, 1.0, 1.0, 1.0, 0.52, 0.52, 0.52, 0.81, 0.81, 0.81, 1.0, 0.52, 0.52, 0.52, 0.52, 1.0, 0.81, 0.43, 0.43, 1.0, 0.52, 1.0, 0.43, 0.52, 0.81, 1.0, 1.0, 0.81, 0.52, 0.43, 0.52, 0.81, 0.81, 0.81, 1.0, 1.0, 0.43, 0.52, 1.0, 0.81, 0.52, 0.43, 0.43, 0.52, 0.52, 0.43, 0.43, 1.0, 1.0, 0.52, 0.81, 0.43, 1.0, 1.0]",108.62,"[32, 35, 36, 40, 43, 49, 68, 71, 80, 84, 90, 93, 114, 115, 119, 126, 133, 138, 139, 142, 143, 148]","[0.01, 0.01, 0.0, 0.01, 0.03, 0.01, 0.01, 0.0, 0.03, 0.01, 0.01, 0.03, 0.0, 0.01, 0.03, 0.01, 0.03, 0.01, 0.03, 0.01, 0.01, 0.03, 0.03, 0.03, 0.03, 0.01, 0.01, 0.0, 0.03, 0.03, 0.0, 0.04, 0.01, 0.0, 0.04, 0.04, 0.03, 0.03, 0.03, 0.04, 0.01, 0.01, 0.04, 0.0, 0.01, 0.0, 0.03, 0.01, 0.04, 0.01, 0.03, 0.01, 0.0, 0.03, 0.0, 0.01, 0.01, 0.01, 0.01, 0.03, 0.0, 0.03, 0.03, 0.03, 0.01, 0.0, 0.0, 0.04, 0.0, 0.0, 0.04, 0.03, 0.03, 0.0, 0.01, 0.01, 0.01, 0.03, 0.01, 0.04, 0.0, 0.01, 0.03, 0.04, 0.01, 0.01, 0.03, 0.03, 0.03, 0.04, 0.03, 0.03, 0.04, 0.0, 0.0, 0.03, 0.03, 0.0, 0.01, 0.01, 0.03, 0.03, 0.03, 0.01, 0.01, 0.01, 0.01, 0.03, 0.03, 0.03, 0.03, 0.01, 0.01, 0.04, 0.04, 0.01, 0.03, 0.01, 0.04, 0.03, 0.01, 0.0, 0.01, 0.01, 0.03, 0.04, 0.03, 0.01, 0.01, 0.01, 0.01, 0.01, 0.04, 0.03, 0.0, 0.01, 0.03, 0.04, 0.04, 0.03, 0.03, 0.04, 0.04, 0.0, 0.01, 0.03, 0.01, 0.04, 0.01, 0.01]",0.09000000000000002,
5,Plurality,BTVA,150,3,"{'B': 51, 'A': 50, 'C': 49}","[1.0, 0.81, 1.0, 0.81, 0.43, 0.52, 1.0, 0.81, 0.43, 0.52, 1.0, 0.52, 0.52, 0.52, 0.81, 0.81, 1.0, 0.43, 0.43, 0.43, 1.0, 0.52, 1.0, 1.0, 0.52, 1.0, 0.81, 1.0, 1.0, 1.0, 1.0, 1.0, 1.0, 0.81, 1.0, 0.52, 0.52, 0.81, 0.52, 1.0, 1.0, 0.43, 0.81, 0.52, 0.52, 1.0, 1.0, 1.0, 0.52, 0.52, 1.0, 1.0, 1.0, 0.43, 0.52, 1.0, 0.52, 1.0, 1.0, 0.52, 1.0, 0.43, 0.81, 0.52, 1.0, 0.81, 0.52, 0.43, 0.43, 1.0, 0.43, 0.43, 0.81, 0.81, 0.52, 0.81, 0.81, 0.81, 0.81, 0.52, 1.0, 0.81, 0.43, 1.0, 1.0, 0.52, 0.81, 0.52, 0.81, 0.52, 1.0, 1.0, 0.43, 0.52, 0.52, 0.43, 0.43, 1.0, 0.43, 0.43, 0.43, 1.0, 0.81, 0.52, 1.0, 1.0, 0.52, 0.43, 0.43, 0.52, 0.52, 0.52, 0.52, 1.0, 0.52, 0.43, 0.81, 1.0, 0.81, 0.43, 0.52, 0.52, 0.81, 0.52, 1.0, 1.0, 0.81, 1.0, 1.0, 0.52, 1.0, 1.0, 0.52, 0.81, 1.0, 1.0, 0.52, 1.0, 0.52, 0.52, 0.52, 0.43, 0.52, 0.81, 0.81, 0.43, 1.0, 0.52, 0.52, 0.43]",108.26,"[5, 9, 18, 19, 20, 42, 54, 62, 68, 69, 71, 72, 83, 93, 96, 97, 99, 100, 101, 108, 109, 116, 120, 142, 146, 150]","[0.01, 0.01, 0.01, 0.01, 0.04, 0.03, 0.01, 0.01, 0.04, 0.03, 0.0, 0.03, 0.03, 0.03, 0.01, 0.01, 0.01, 0.04, 0.04, 0.04, 0.01, 0.03, 0.0, 0.0, 0.03, 0.01, 0.01, 0.0, 0.0, 0.0, 0.0, 0.0, 0.01, 0.01, 0.01, 0.03, 0.03, 0.01, 0.03, 0.0, 0.0, 0.04, 0.01, 0.03, 0.03, 0.0, 0.0, 0.01, 0.03, 0.03, 0.0, 0.0, 0.01, 0.04, 0.03, 0.0, 0.03, 0.0, 0.0, 0.03, 0.0, 0.04, 0.01, 0.03, 0.0, 0.01, 0.03, 0.04, 0.04, 0.0, 0.04, 0.04, 0.01, 0.01, 0.03, 0.01, 0.01, 0.01, 0.01, 0.03, 0.01, 0.01, 0.04, 0.01, 0.01, 0.03, 0.01, 0.03, 0.01, 0.03, 0.0, 0.01, 0.04, 0.03, 0.03, 0.04, 0.04, 0.0, 0.04, 0.04, 0.04, 0.01, 0.01, 0.03, 0.01, 0.01, 0.03, 0.04, 0.04, 0.03, 0.03, 0.03, 0.03, 0.0, 0.03, 0.04, 0.01, 0.01, 0.01, 0.04, 0.03, 0.03, 0.01, 0.03, 0.0, 0.01, 0.01, 0.01, 0.01, 0.03, 0.0, 0.01, 0.03, 0.01, 0.0, 0.0, 0.03, 0.01, 0.03, 0.03, 0.03, 0.04, 0.03, 0.01, 0.01, 0.04, 0.01, 0.03, 0.03, 0.04]",0.09000000000000002,
6,Plurality,BTVA,150,3,"{'A': 57, 'B': 47, 'C': 46}","[0.43, 0.52, 0.81, 1.0, 1.0, 0.52, 0.52, 0.52, 0.52, 1.0, 1.0, 1.0, 0.52, 1.0, 1.0, 1.0, 1.0, 0.52, 0.52, 0.52, 0.52, 0.81, 1.0, 0.52, 0.52, 1.0, 0.52, 0.52, 1.0, 0.81, 0.52, 0.43, 1.0, 0.43, 0.81, 0.43, 0.52, 1.0, 0.52, 0.43, 0.43, 0.43, 1.0, 0.52, 0.52, 0.52, 0.52, 1.0, 0.52, 0.52, 1.0, 0.81, 0.52, 1.0, 1.0, 0.43, 1.0, 0.43, 0.52, 0.81, 0.52, 1.0, 1.0, 1.0, 0.52, 1.0, 0.52, 1.0, 0.43, 0.43, 0.52, 1.0, 0.52, 0.52, 0.52, 0.52, 1.0, 0.52, 1.0, 0.81, 0.52, 0.52, 1.0, 0.81, 0.81, 0.52, 1.0, 0.81, 0.52, 1.0, 0.52, 0.43, 1.0, 0.52, 0.43, 0.52, 1.0, 1.0, 0.52, 0.43, 1.0, 0.43, 1.0, 0.52, 1.0, 1.0, 0.52, 1.0, 1.0, 1.0, 0.43, 1.0, 1.0, 0.52, 0.43, 1.0, 1.0, 0.43, 0.81, 0.52, 1.0, 0.43, 1.0, 0.81, 0.52, 0.81, 1.0, 1.0, 0.52, 0.81, 0.52, 0.52, 0.81, 0.52, 0.52, 0.81, 1.0, 0.81, 0.52, 0.52, 1.0, 0.52, 1.0, 1.0, 1.0, 0.81, 1.0, 1.0, 1.0, 0.43]",108.78,[],"[0.04, 0.03, 0.01, 0.01, 0.01, 0.03, 0.03, 0.03, 0.03, 0.0, 0.01, 0.0, 0.03, 0.0, 0.0, 0.0, 0.01, 0.03, 0.03, 0.03, 0.03, 0.01, 0.0, 0.03, 0.03, 0.01, 0.03, 0.03, 0.0, 0.01, 0.03, 0.04, 0.01, 0.04, 0.01, 0.04, 0.03, 0.01, 0.03, 0.04, 0.04, 0.04, 0.0, 0.03, 0.03, 0.03, 0.03, 0.01, 0.03, 0.03, 0.01, 0.01, 0.03, 0.0, 0.01, 0.04, 0.0, 0.04, 0.03, 0.01, 0.03, 0.0, 0.01, 0.0, 0.03, 0.01, 0.03, 0.01, 0.04, 0.04, 0.03, 0.0, 0.03, 0.03, 0.03, 0.03, 0.01, 0.03, 0.01, 0.01, 0.03, 0.03, 0.01, 0.01, 0.01, 0.03, 0.0, 0.01, 0.03, 0.01, 0.03, 0.04, 0.0, 0.03, 0.04, 0.03, 0.01, 0.0, 0.03, 0.04, 0.0, 0.04, 0.0, 0.03, 0.0, 0.0, 0.03, 0.01, 0.0, 0.0, 0.04, 0.01, 0.01, 0.03, 0.04, 0.0, 0.0, 0.04, 0.01, 0.03, 0.01, 0.04, 0.01, 0.01, 0.03, 0.01, 0.0, 0.0, 0.03, 0.01, 0.03, 0.03, 0.01, 0.03, 0.03, 0.01, 0.0, 0.01, 0.03, 0.03, 0.01, 0.03, 0.0, 0.0, 0.01, 0.01, 0.01, 0.01, 0.0, 0.04]",0,
7,Plurality,BTVA,150,3,"{'C': 54, 'A': 49, 'B': 47}","[0.52, 0.52, 0.81, 0.43, 0.81, 0.81, 1.0, 0.52, 0.52, 1.0, 1.0, 0.81, 1.0, 0.52, 1.0, 0.81, 0.52, 0.43, 0.52, 0.52, 0.43, 0.81, 0.52, 1.0, 0.43, 0.81, 0.43, 1.0, 0.81, 0.52, 0.52, 0.43, 0.52, 0.52, 1.0, 0.81, 1.0, 0.43, 0.52, 1.0, 1.0, 0.81, 0.52, 1.0, 0.52, 0.43, 0.43, 1.0, 0.43, 1.0, 0.43, 0.43, 1.0, 1.0, 0.52, 0.52, 1.0, 1.0, 0.81, 1.0, 1.0, 1.0, 0.52, 0.52, 0.52, 1.0, 0.52, 0.52, 0.43, 0.81, 0.81, 0.52, 0.43, 1.0, 0.52, 0.52, 0.81, 1.0, 1.0, 1.0, 1.0, 0.52, 0.43, 0.52, 0.52, 0.43, 1.0, 0.52, 1.0, 0.43, 0.52, 1.0, 1.0, 1.0, 0.81, 0.52, 0.81, 0.81, 0.52, 1.0, 1.0, 1.0, 1.0, 0.43, 0.52, 0.52, 1.0, 1.0, 0.52, 0.43, 0.81, 1.0, 1.0, 0.52, 1.0, 1.0, 0.52, 0.43, 0.52, 0.52, 0.52, 0.52, 1.0, 0.81, 1.0, 1.0, 0.52, 1.0, 1.0, 0.52, 0.52, 1.0, 0.43, 1.0, 1.0, 0.81, 0.43, 1.0, 0.43, 0.43, 1.0, 0.81, 1.0, 1.0, 0.52, 0.52, 0.81, 0.52, 0.52, 0.81]",108.43,[],"[0.03, 0.03, 0.01, 0.04, 0.01, 0.01, 0.0, 0.03, 0.03, 0.0, 0.01, 0.01, 0.0, 0.03, 0.0, 0.01, 0.03, 0.04, 0.03, 0.03, 0.04, 0.01, 0.03, 0.0, 0.04, 0.01, 0.04, 0.01, 0.01, 0.03, 0.03, 0.04, 0.03, 0.03, 0.0, 0.01, 0.01, 0.04, 0.03, 0.0, 0.0, 0.01, 0.03, 0.01, 0.03, 0.04, 0.04, 0.01, 0.04, 0.0, 0.04, 0.04, 0.01, 0.0, 0.03, 0.03, 0.0, 0.01, 0.01, 0.0, 0.01, 0.0, 0.03, 0.03, 0.03, 0.0, 0.03, 0.03, 0.04, 0.01, 0.01, 0.03, 0.04, 0.01, 0.03, 0.03, 0.01, 0.01, 0.01, 0.01, 0.01, 0.03, 0.04, 0.03, 0.03, 0.04, 0.01, 0.03, 0.01, 0.04, 0.03, 0.01, 0.01, 0.0, 0.01, 0.03, 0.01, 0.01, 0.03, 0.01, 0.0, 0.0, 0.01, 0.04, 0.03, 0.03, 0.01, 0.0, 0.03, 0.04, 0.01, 0.01, 0.0, 0.03, 0.0, 0.01, 0.03, 0.04, 0.03, 0.03, 0.03, 0.03, 0.0, 0.01, 0.01, 0.0, 0.03, 0.01, 0.0, 0.03, 0.03, 0.01, 0.04, 0.01, 0.0, 0.01, 0.04, 0.0, 0.04, 0.04, 0.01, 0.01, 0.0, 0.01, 0.03, 0.03, 0.01, 0.03, 0.03, 0.01]",0,
8,Plurality,BTVA,150,3,"{'B': 55, 'C': 49, 'A': 46}","[1.0, 0.52, 0.43, 0.43, 0.52, 0.81, 0.52, 0.52, 0.52, 0.52, 1.0, 1.0, 0.52, 0.43, 0.43, 1.0, 1.0, 0.81, 1.0, 1.0, 0.81, 1.0, 1.0, 0.52, 1.0, 1.0, 0.52, 0.43, 0.52, 0.52, 0.43, 1.0, 0.52, 0.43, 1.0, 1.0, 0.43, 1.0, 0.52, 0.81, 0.43, 0.52, 0.43, 1.0, 0.81, 1.0, 1.0, 0.52, 0.52, 1.0, 1.0, 0.81, 0.52, 1.0, 0.52, 0.52, 1.0, 0.81, 0.81, 0.43, 1.0, 0.43, 0.81, 0.52, 0.52, 0.52, 1.0, 1.0, 0.52, 1.0, 1.0, 0.52, 0.52, 0.81, 0.52, 0.43, 1.0, 1.0, 0.81, 1.0, 0.43, 0.43, 0.43, 0.52, 0.52, 0.81, 0.81, 0.52, 0.43, 0.52, 1.0, 0.52, 1.0, 1.0, 1.0, 1.0, 0.43, 0.81, 0.81, 0.81, 0.52, 0.52, 1.0, 0.81, 0.52, 1.0, 0.43, 1.0, 0.52, 0.43, 0.81, 1.0, 1.0, 1.0, 0.52, 0.52, 1.0, 1.0, 0.52, 0.43, 1.0, 0.52, 1.0, 0.81, 0.81, 0.43, 0.43, 0.52, 1.0, 1.0, 0.81, 0.52, 0.81, 1.0, 1.0, 0.52, 1.0, 1.0, 1.0, 0.81, 0.52, 0.52, 0.52, 0.52, 1.0, 0.52, 1.0, 0.52, 1.0, 0.43]",108.91,[],"[0.0, 0.03, 0.04, 0.04, 0.03, 0.01, 0.03, 0.03, 0.03, 0.03, 0.01, 0.01, 0.03, 0.04, 0.04, 0.01, 0.01, 0.01, 0.01, 0.0, 0.01, 0.0, 0.01, 0.03, 0.01, 0.0, 0.03, 0.04, 0.03, 0.03, 0.04, 0.01, 0.03, 0.04, 0.01, 0.01, 0.04, 0.0, 0.03, 0.01, 0.04, 0.03, 0.04, 0.0, 0.01, 0.01, 0.0, 0.03, 0.03, 0.0, 0.0, 0.01, 0.03, 0.01, 0.03, 0.03, 0.0, 0.01, 0.01, 0.04, 0.01, 0.04, 0.01, 0.03, 0.03, 0.03, 0.01, 0.0, 0.03, 0.01, 0.01, 0.03, 0.03, 0.01, 0.03, 0.04, 0.01, 0.01, 0.01, 0.0, 0.04, 0.04, 0.04, 0.03, 0.03, 0.01, 0.01, 0.03, 0.04, 0.03, 0.0, 0.03, 0.01, 0.0, 0.01, 0.01, 0.04, 0.01, 0.01, 0.01, 0.03, 0.03, 0.0, 0.01, 0.03, 0.0, 0.04, 0.01, 0.03, 0.04, 0.01, 0.01, 0.0, 0.01, 0.03, 0.03, 0.01, 0.0, 0.03, 0.04, 0.0, 0.03, 0.0, 0.01, 0.01, 0.04, 0.04, 0.03, 0.0, 0.0, 0.01, 0.03, 0.01, 0.01, 0.0, 0.03, 0.01, 0.01, 0.0, 0.01, 0.03, 0.03, 0.03, 0.03, 0.0, 0.03, 0.01, 0.03, 0.0, 0.04]",0,
9,Plurality,BTVA,150,3,"{'B': 54, 'C': 54, 'A': 42}","[0.43, 1.0, 1.0, 1.0, 1.0, 0.81, 1.0, 0.81, 1.0, 1.0, 0.52, 1.0, 0.43, 0.52, 1.0, 0.52, 0.52, 0.43, 0.52, 0.43, 0.81, 0.52, 0.81, 0.43, 0.81, 1.0, 0.43, 0.52, 1.0, 1.0, 0.52, 0.52, 0.52, 0.52, 1.0, 1.0, 0.81, 1.0, 1.0, 1.0, 0.81, 0.52, 1.0, 1.0, 0.81, 1.0, 0.43, 0.81, 0.81, 0.43, 0.52, 0.52, 0.81, 0.52, 0.52, 0.52, 0.52, 1.0, 0.43, 1.0, 0.52, 0.52, 0.52, 0.52, 0.81, 1.0, 1.0, 1.0, 0.52, 1.0, 1.0, 1.0, 0.43, 1.0, 0.52, 0.81, 0.52, 1.0, 1.0, 0.52, 0.43, 0.52, 0.81, 0.52, 0.81, 0.81, 0.52, 0.81, 1.0, 0.52, 0.81, 0.52, 1.0, 0.52, 0.81, 0.81, 0.52, 1.0, 0.81, 0.43, 0.81, 0.52, 1.0, 0.52, 0.52, 1.0, 0.52, 0.43, 1.0, 1.0, 0.52, 0.52, 0.52, 1.0, 0.81, 1.0, 0.81, 0.52, 0.43, 0.43, 0.52, 0.81, 1.0, 0.43, 0.52, 1.0, 0.43, 0.52, 1.0, 1.0, 1.0, 0.81, 1.0, 0.43, 0.52, 0.52, 1.0, 0.81, 1.0, 0.43, 1.0, 1.0, 1.0, 0.81, 0.52, 1.0, 1.0, 1.0, 0.81, 0.52]",110.62,"[1, 13, 18, 20, 24, 27, 47, 50, 59, 73, 81, 100, 108, 119, 120, 124, 127, 134, 140]","[0.04, 0.0, 0.0, 0.01, 0.01, 0.01, 0.01, 0.01, 0.01, 0.01, 0.03, 0.01, 0.04, 0.03, 0.01, 0.03, 0.03, 0.04, 0.03, 0.04, 0.01, 0.03, 0.01, 0.04, 0.01, 0.0, 0.04, 0.03, 0.0, 0.01, 0.03, 0.03, 0.03, 0.03, 0.0, 0.01, 0.01, 0.01, 0.0, 0.01, 0.01, 0.03, 0.0, 0.01, 0.01, 0.0, 0.04, 0.01, 0.01, 0.04, 0.03, 0.03, 0.01, 0.03, 0.03, 0.03, 0.03, 0.0, 0.04, 0.0, 0.03, 0.03, 0.03, 0.03, 0.01, 0.01, 0.0, 0.01, 0.03, 0.0, 0.01, 0.01, 0.04, 0.01, 0.03, 0.01, 0.03, 0.0, 0.01, 0.03, 0.04, 0.03, 0.01, 0.03, 0.01, 0.01, 0.03, 0.01, 0.01, 0.03, 0.01, 0.03, 0.01, 0.03, 0.01, 0.01, 0.03, 0.0, 0.01, 0.04, 0.01, 0.03, 0.0, 0.03, 0.03, 0.0, 0.03, 0.04, 0.0, 0.01, 0.03, 0.03, 0.03, 0.0, 0.01, 0.0, 0.01, 0.03, 0.04, 0.04, 0.03, 0.01, 0.01, 0.04, 0.03, 0.0, 0.04, 0.03, 0.0, 0.01, 0.01, 0.01, 0.01, 0.04, 0.03, 0.03, 0.01, 0.01, 0.0, 0.04, 0.0, 0.01, 0.01, 0.01, 0.03, 0.0, 0.01, 0.01, 0.01, 0.03]",0.09000000000000002,
10,Plurality,ATVA_1,150,3,"{'B': 57, 'C': 49, 'A': 44}","[0.43, 0.52, 0.52, 0.43, 0.43, 0.43, 0.52, 0.81, 0.81, 1.0, 0.52, 0.43, 1.0, 1.0, 0.52, 0.52, 1.0, 1.0, 0.52, 0.81, 0.81, 0.43, 1.0, 1.0, 1.0, 1.0, 0.43, 1.0, 0.43, 1.0, 1.0, 1.0, 0.43, 0.52, 0.52, 0.52, 0.81, 0.52, 0.52, 0.81, 0.81, 0.43, 0.43, 0.81, 1.0, 1.0, 0.43, 1.0, 1.0, 0.52, 1.0, 0.52, 1.0, 1.0, 1.0, 0.52, 0.52, 0.81, 0.52, 1.0, 0.52, 0.81, 1.0, 0.52, 0.81, 0.81, 0.52, 0.52, 0.81, 1.0, 0.52, 0.52, 0.81, 1.0, 1.0, 0.52, 1.0, 1.0, 1.0, 0.52, 0.52, 0.52, 1.0, 1.0, 0.52, 0.43, 1.0, 0.81, 0.81, 1.0, 1.0, 0.43, 0.43, 1.0, 0.52, 0.52, 0.43, 0.52, 0.81, 1.0, 0.81, 1.0, 0.52, 1.0, 1.0, 1.0, 0.43, 0.52, 1.0, 0.52, 0.52, 0.81, 0.52, 1.0, 0.52, 0.43, 1.0, 0.52, 1.0, 0.52, 1.0, 1.0, 1.0, 1.0, 0.52, 0.52, 1.0, 1.0, 0.52, 1.0, 1.0, 0.81, 1.0, 0.52, 0.43, 1.0, 0.52, 0.52, 1.0, 0.81, 1.0, 0.52, 0.52, 0.43, 0.81, 0.81, 1.0, 0.52, 0.43, 0.81]",110.43,[],"[0.04, 0.03, 0.03, 0.04, 0.04, 0.04, 0.03, 0.01, 0.01, 0.01, 0.03, 0.04, 0.01, 0.0, 0.03, 0.03, 0.01, 0.0, 0.03, 0.01, 0.01, 0.04, 0.01, 0.0, 0.0, 0.0, 0.04, 0.01, 0.04, 0.0, 0.0, 0.0, 0.04, 0.03, 0.03, 0.03, 0.01, 0.03, 0.03, 0.01, 0.01, 0.04, 0.04, 0.01, 0.01, 0.01, 0.04, 0.0, 0.01, 0.03, 0.0, 0.03, 0.01, 0.0, 0.01, 0.03, 0.03, 0.01, 0.03, 0.01, 0.03, 0.01, 0.01, 0.03, 0.01, 0.01, 0.03, 0.03, 0.01, 0.0, 0.03, 0.03, 0.01, 0.0, 0.01, 0.03, 0.01, 0.01, 0.0, 0.03, 0.03, 0.03, 0.0, 0.0, 0.03, 0.04, 0.0, 0.01, 0.01, 0.0, 0.0, 0.04, 0.04, 0.0, 0.03, 0.03, 0.04, 0.03, 0.01, 0.01, 0.01, 0.01, 0.03, 0.01, 0.01, 0.01, 0.04, 0.03, 0.0, 0.03, 0.03, 0.01, 0.03, 0.01, 0.03, 0.04, 0.01, 0.03, 0.0, 0.03, 0.0, 0.0, 0.01, 0.0, 0.03, 0.03, 0.0, 0.0, 0.03, 0.01, 0.01, 0.01, 0.0, 0.03, 0.04, 0.01, 0.03, 0.03, 0.0, 0.01, 0.01, 0.03, 0.03, 0.04, 0.01, 0.01, 0.01, 0.03, 0.04, 0.01]",0,
11,Plurality,ATVA_1,150,3,"{'A': 54, 'B': 51, 'C': 45}","[0.52, 0.81, 1.0, 0.43, 1.0, 0.52, 0.81, 0.52, 0.52, 1.0, 0.43, 0.81, 0.52, 0.81, 1.0, 0.81, 0.81, 1.0, 0.52, 0.52, 0.81, 1.0, 1.0, 0.81, 0.43, 0.81, 0.81, 1.0, 0.52, 0.52, 0.81, 1.0, 0.43, 1.0, 0.81, 0.43, 0.81, 1.0, 0.52, 1.0, 0.52, 0.52, 1.0, 1.0, 0.81, 0.52, 0.52, 0.43, 0.81, 1.0, 1.0, 0.43, 0.52, 0.43, 1.0, 1.0, 0.52, 0.81, 0.81, 1.0, 1.0, 1.0, 0.52, 0.52, 1.0, 0.43, 0.43, 0.81, 0.81, 0.52, 1.0, 0.52, 0.52, 0.43, 1.0, 1.0, 0.52, 0.43, 0.43, 0.52, 0.52, 1.0, 1.0, 0.52, 1.0, 1.0, 1.0, 0.43, 1.0, 1.0, 0.81, 1.0, 1.0, 0.52, 1.0, 1.0, 0.52, 0.52, 1.0, 0.52, 0.52, 0.52, 0.52, 1.0, 1.0, 0.52, 0.52, 0.81, 0.52, 1.0, 1.0, 0.52, 1.0, 0.52, 0.52, 0.43, 0.43, 0.52, 0.52, 0.81, 1.0, 0.81, 0.52, 1.0, 1.0, 1.0, 1.0, 0.43, 0.52, 0.43, 0.43, 1.0, 0.81, 0.52, 1.0, 0.43, 1.0, 1.0, 0.52, 1.0, 0.81, 0.81, 1.0, 0.81, 0.43, 0.81, 0.52, 0.52, 0.52, 1.0]",110.15,[],"[0.03, 0.01, 0.01, 0.04, 0.0, 0.03, 0.01, 0.03, 0.03, 0.01, 0.04, 0.01, 0.03, 0.01, 0.01, 0.01, 0.01, 0.01, 0.03, 0.03, 0.01, 0.01, 0.01, 0.01, 0.04, 0.01, 0.01, 0.0, 0.03, 0.03, 0.01, 0.0, 0.04, 0.01, 0.01, 0.04, 0.01, 0.01, 0.03, 0.01, 0.03, 0.03, 0.0, 0.0, 0.01, 0.03, 0.03, 0.04, 0.01, 0.0, 0.0, 0.04, 0.03, 0.04, 0.0, 0.01, 0.03, 0.01, 0.01, 0.01, 0.0, 0.01, 0.03, 0.03, 0.01, 0.04, 0.04, 0.01, 0.01, 0.03, 0.0, 0.03, 0.03, 0.04, 0.0, 0.0, 0.03, 0.04, 0.04, 0.03, 0.03, 0.01, 0.01, 0.03, 0.01, 0.01, 0.0, 0.04, 0.0, 0.0, 0.01, 0.0, 0.01, 0.03, 0.0, 0.01, 0.03, 0.03, 0.0, 0.03, 0.03, 0.03, 0.03, 0.01, 0.0, 0.03, 0.03, 0.01, 0.03, 0.01, 0.0, 0.03, 0.0, 0.03, 0.03, 0.04, 0.04, 0.03, 0.03, 0.01, 0.0, 0.01, 0.03, 0.0, 0.01, 0.01, 0.01, 0.04, 0.03, 0.04, 0.04, 0.0, 0.01, 0.03, 0.0, 0.04, 0.0, 0.0, 0.03, 0.0, 0.01, 0.01, 0.01, 0.01, 0.04, 0.01, 0.03, 0.03, 0.03, 0.01]",0,
12,Plurality,ATVA_1,150,3,"{'C': 55, 'B': 48, 'A': 47}","[0.52, 1.0, 0.81, 0.52, 0.52, 0.43, 0.52, 0.52, 1.0, 1.0, 0.81, 0.43, 0.52, 1.0, 0.52, 1.0, 0.81, 0.81, 1.0, 1.0, 1.0, 0.81, 0.52, 0.52, 0.52, 0.43, 0.43, 0.43, 0.52, 1.0, 1.0, 1.0, 0.81, 0.52, 0.81, 0.52, 0.52, 1.0, 1.0, 1.0, 0.52, 1.0, 1.0, 0.43, 0.81, 0.43, 0.52, 0.52, 1.0, 0.81, 1.0, 1.0, 0.52, 0.52, 1.0, 1.0, 0.52, 1.0, 0.81, 0.81, 1.0, 0.52, 0.81, 1.0, 1.0, 0.81, 0.81, 1.0, 0.52, 1.0, 1.0, 0.43, 1.0, 0.81, 0.81, 1.0, 0.43, 1.0, 0.81, 1.0, 1.0, 0.52, 0.43, 1.0, 0.43, 0.52, 1.0, 0.52, 0.81, 0.81, 0.43, 1.0, 1.0, 1.0, 0.43, 0.52, 0.52, 1.0, 0.52, 0.81, 1.0, 1.0, 1.0, 0.52, 1.0, 1.0, 0.43, 0.43, 0.43, 0.52, 0.52, 0.52, 0.52, 0.43, 0.43, 0.81, 0.81, 1.0, 1.0, 1.0, 0.43, 0.52, 0.43, 0.43, 1.0, 0.81, 1.0, 1.0, 1.0, 0.52, 0.52, 0.52, 0.81, 0.52, 0.43, 1.0, 0.52, 1.0, 0.43, 0.52, 0.52, 0.52, 0.52, 0.52, 0.52, 0.43, 1.0, 1.0, 0.43, 0.81]",109.4,[],"[0.03, 0.0, 0.01, 0.03, 0.03, 0.04, 0.03, 0.03, 0.0, 0.01, 0.01, 0.04, 0.03, 0.0, 0.03, 0.01, 0.01, 0.01, 0.01, 0.01, 0.0, 0.01, 0.03, 0.03, 0.03, 0.04, 0.04, 0.04, 0.03, 0.01, 0.0, 0.0, 0.01, 0.03, 0.01, 0.03, 0.03, 0.01, 0.0, 0.0, 0.03, 0.0, 0.01, 0.04, 0.01, 0.04, 0.03, 0.03, 0.0, 0.01, 0.0, 0.0, 0.03, 0.03, 0.01, 0.01, 0.03, 0.0, 0.01, 0.01, 0.0, 0.03, 0.01, 0.01, 0.0, 0.01, 0.01, 0.01, 0.03, 0.0, 0.0, 0.04, 0.01, 0.01, 0.01, 0.01, 0.04, 0.0, 0.01, 0.0, 0.01, 0.03, 0.04, 0.0, 0.04, 0.03, 0.0, 0.03, 0.01, 0.01, 0.04, 0.0, 0.0, 0.0, 0.04, 0.03, 0.03, 0.01, 0.03, 0.01, 0.01, 0.01, 0.01, 0.03, 0.01, 0.0, 0.04, 0.04, 0.04, 0.03, 0.03, 0.03, 0.03, 0.04, 0.04, 0.01, 0.01, 0.0, 0.0, 0.01, 0.04, 0.03, 0.04, 0.04, 0.0, 0.01, 0.01, 0.0, 0.0, 0.03, 0.03, 0.03, 0.01, 0.03, 0.04, 0.0, 0.03, 0.01, 0.04, 0.03, 0.03, 0.03, 0.03, 0.03, 0.03, 0.04, 0.01, 0.0, 0.04, 0.01]",0,
13,Plurality,ATVA_1,150,3,"{'A': 58, 'B': 49, 'C': 43}","[1.0, 0.52, 1.0, 1.0, 0.81, 1.0, 1.0, 0.52, 1.0, 1.0, 0.81, 1.0, 0.52, 0.43, 0.43, 0.81, 1.0, 0.52, 0.52, 0.81, 1.0, 0.81, 0.43, 1.0, 0.52, 0.52, 1.0, 0.81, 1.0, 0.43, 0.81, 0.52, 0.52, 1.0, 1.0, 1.0, 1.0, 1.0, 0.81, 1.0, 1.0, 1.0, 0.81, 0.52, 1.0, 1.0, 0.52, 1.0, 0.52, 0.52, 0.52, 0.52, 1.0, 1.0, 0.81, 1.0, 1.0, 0.52, 1.0, 0.52, 0.81, 0.81, 1.0, 1.0, 0.81, 1.0, 0.52, 0.52, 1.0, 0.52, 0.43, 0.81, 0.52, 0.52, 0.43, 1.0, 0.81, 1.0, 0.43, 0.43, 0.81, 0.81, 0.52, 1.0, 1.0, 0.81, 0.52, 1.0, 0.81, 0.52, 0.52, 0.52, 1.0, 0.81, 0.52, 1.0, 1.0, 1.0, 0.43, 0.81, 0.52, 0.43, 0.52, 1.0, 0.52, 0.52, 1.0, 0.52, 0.43, 0.43, 0.52, 0.52, 1.0, 1.0, 0.43, 1.0, 0.52, 0.52, 0.81, 0.43, 1.0, 0.52, 0.81, 1.0, 1.0, 0.52, 0.52, 1.0, 1.0, 0.52, 0.52, 0.52, 1.0, 0.43, 0.52, 0.81, 0.52, 0.52, 0.52, 1.0, 0.52, 0.52, 1.0, 0.52, 0.43, 1.0, 0.52, 1.0, 0.81, 1.0]",111.65,[],"[0.0, 0.03, 0.0, 0.01, 0.01, 0.0, 0.01, 0.03, 0.0, 0.0, 0.01, 0.01, 0.03, 0.04, 0.04, 0.01, 0.01, 0.03, 0.03, 0.01, 0.0, 0.01, 0.04, 0.01, 0.03, 0.03, 0.0, 0.01, 0.01, 0.04, 0.01, 0.03, 0.03, 0.0, 0.01, 0.01, 0.01, 0.01, 0.01, 0.01, 0.01, 0.01, 0.01, 0.03, 0.0, 0.01, 0.03, 0.01, 0.03, 0.03, 0.03, 0.03, 0.01, 0.01, 0.01, 0.01, 0.0, 0.03, 0.01, 0.03, 0.01, 0.01, 0.0, 0.01, 0.01, 0.0, 0.03, 0.03, 0.0, 0.03, 0.04, 0.01, 0.03, 0.03, 0.04, 0.0, 0.01, 0.0, 0.04, 0.04, 0.01, 0.01, 0.03, 0.01, 0.0, 0.01, 0.03, 0.0, 0.01, 0.03, 0.03, 0.03, 0.0, 0.01, 0.03, 0.01, 0.01, 0.01, 0.04, 0.01, 0.03, 0.04, 0.03, 0.01, 0.03, 0.03, 0.01, 0.03, 0.04, 0.04, 0.03, 0.03, 0.01, 0.0, 0.04, 0.01, 0.03, 0.03, 0.01, 0.04, 0.01, 0.03, 0.01, 0.01, 0.01, 0.03, 0.03, 0.01, 0.01, 0.03, 0.03, 0.03, 0.0, 0.04, 0.03, 0.01, 0.03, 0.03, 0.03, 0.0, 0.03, 0.03, 0.0, 0.03, 0.04, 0.0, 0.03, 0.01, 0.01, 0.01]",0,
14,Plurality,ATVA_1,150,3,"{'B': 52, 'C': 52, 'A': 46}","[0.52, 0.52, 0.52, 0.43, 0.43, 0.52, 0.43, 1.0, 1.0, 0.52, 0.43, 1.0, 1.0, 0.52, 0.52, 1.0, 0.43, 0.52, 0.52, 0.43, 0.81, 0.43, 1.0, 0.52, 1.0, 0.81, 0.52, 0.43, 0.52, 0.52, 0.43, 0.81, 1.0, 0.52, 0.52, 0.43, 0.52, 0.52, 0.81, 0.43, 0.43, 1.0, 1.0, 0.81, 1.0, 0.52, 0.52, 0.52, 1.0, 0.52, 0.52, 0.52, 0.52, 0.43, 1.0, 1.0, 0.43, 0.52, 0.43, 0.52, 1.0, 0.43, 1.0, 0.52, 0.52, 0.81, 0.81, 0.52, 0.43, 1.0, 1.0, 0.52, 0.81, 0.43, 1.0, 0.81, 0.43, 0.43, 0.52, 0.52, 0.52, 1.0, 1.0, 1.0, 0.52, 1.0, 1.0, 0.52, 0.52, 0.43, 1.0, 0.81, 0.52, 1.0, 1.0, 0.81, 1.0, 0.52, 0.81, 0.81, 0.52, 0.52, 1.0, 0.52, 1.0, 1.0, 1.0, 0.81, 0.81, 1.0, 1.0, 0.81, 0.43, 1.0, 1.0, 1.0, 0.81, 0.81, 1.0, 0.52, 0.52, 0.52, 0.52, 0.81, 1.0, 0.52, 0.52, 0.52, 0.43, 1.0, 1.0, 1.0, 0.52, 0.43, 0.52, 1.0, 0.43, 1.0, 0.52, 1.0, 1.0, 0.43, 1.0, 1.0, 0.52, 1.0, 1.0, 1.0, 0.52, 1.0]",106.13,"[4, 5, 7, 11, 17, 20, 22, 28, 31, 36, 40, 41, 54, 57, 59, 62, 69, 74, 77, 78, 90, 113, 129, 134, 137, 142]","[0.03, 0.03, 0.03, 0.04, 0.04, 0.03, 0.04, 0.0, 0.0, 0.03, 0.04, 0.01, 0.01, 0.03, 0.03, 0.01, 0.04, 0.03, 0.03, 0.04, 0.01, 0.04, 0.0, 0.03, 0.01, 0.01, 0.03, 0.04, 0.03, 0.03, 0.04, 0.01, 0.0, 0.03, 0.03, 0.04, 0.03, 0.03, 0.01, 0.04, 0.04, 0.01, 0.01, 0.01, 0.01, 0.03, 0.03, 0.03, 0.0, 0.03, 0.03, 0.03, 0.03, 0.04, 0.0, 0.0, 0.04, 0.03, 0.04, 0.03, 0.0, 0.04, 0.0, 0.03, 0.03, 0.01, 0.01, 0.03, 0.04, 0.0, 0.01, 0.03, 0.01, 0.04, 0.0, 0.01, 0.04, 0.04, 0.03, 0.03, 0.03, 0.01, 0.01, 0.01, 0.03, 0.01, 0.01, 0.03, 0.03, 0.04, 0.01, 0.01, 0.03, 0.01, 0.01, 0.01, 0.0, 0.03, 0.01, 0.01, 0.03, 0.03, 0.01, 0.03, 0.01, 0.0, 0.01, 0.01, 0.01, 0.01, 0.01, 0.01, 0.04, 0.01, 0.01, 0.0, 0.01, 0.01, 0.01, 0.03, 0.03, 0.03, 0.03, 0.01, 0.0, 0.03, 0.03, 0.03, 0.04, 0.01, 0.0, 0.0, 0.03, 0.04, 0.03, 0.01, 0.04, 0.01, 0.03, 0.0, 0.01, 0.04, 0.01, 0.01, 0.03, 0.0, 0.0, 0.01, 0.03, 0.0]",0.09000000000000002,"[(137, 145), (7, 17), (7, 26), (36, 62), (59, 64), (59, 73), (4, 137), (5, 65), (17, 67), (28, 67), (36, 80), (22, 145), (5, 74), (17, 76), (28, 76), (40, 41), (57, 112), (77, 90), (11, 14), (40, 50), (77, 99), (129, 137), (5, 92), (40, 59), (77, 108), (5, 101), (40, 68), (57, 139), (69, 104), (77, 117), (7, 129), (40, 77), (69, 113), (90, 145), (62, 74), (69, 122), (41, 51), (54, 79), (11, 108), (62, 92), (54, 88), (11, 117), (22, 28), (62, 101), (20, 104), (31, 104), (11, 135), (22, 46), (20, 113), (4, 96), (31, 113), (41, 145), (20, 122), (31, 122), (17, 44), (7, 21), (36, 57), (7, 30), (36, 66), (59, 68), (5, 60), (17, 62), (28, 62), (57, 98), (5, 69), (22, 149), (5, 78), (17, 80), (28, 80), (69, 81), (40, 54), (69, 90), (113, 124), (5, 96), (57, 134), (69, 99), (77, 112), (7, 124), (69, 108), (113, 142), (62, 69), (69, 117), (54, 65), (90, 149), (62, 78), (7, 142), (54, 74), (20, 81), (31, 81), (11, 112), (62, 96), (20, 90), (31, 90), (54, 92), (22, 32), (20, 99), (31, 99), (54, 101), (74, 79), (20, 108), (31, 108), (11, 139), (4, 100), (41, 149), (4, 109), (17, 39), (28, 39), (36, 52), (4, 118), (5, 46), (17, 57), (28, 57), (22, 135), (5, 64), (17, 66), (28, 66), (57, 102), (77, 80), (5, 73), (69, 76), (57, 120), (77, 98), (57, 129), (129, 145), (90, 135), (62, 64), (113, 137), (54, 60), (62, 73), (7, 137), (20, 67), (31, 67), (11, 98), (54, 69), (20, 76), (31, 76), (54, 78), (4, 68), (41, 117), (4, 77), (41, 135), (36, 38), (4, 104), (7, 11), (36, 47), (22, 112), (5, 41), (57, 79), (5, 50), (17, 52), (28, 52), (36, 65), (57, 88), (5, 59), (22, 139), (5, 68), (5, 77), (7, 96), (40, 44), (69, 80), (69, 98), (90, 139), (62, 68), (20, 62), (31, 62), (40, 129), (54, 64), (62, 77), (54, 73), (11, 102), (20, 80), (31, 80), (31, 127), (41, 112), (11, 120), (4, 81), (4, 90), (17, 20), (41, 139), (4, 99), (17, 29), (28, 29), (74, 145), (5, 36), (17, 38), (28, 38), (36, 51), (57, 74), (17, 47), (28, 47), (5, 54), (57, 92), (78, 124), (22, 134), (57, 101), (77, 79), (59, 129), (78, 142), (7, 100), (113, 118), (7, 109), (36, 145), (20, 39), (113, 127), (7, 118), (90, 134), (11, 79), (7, 127), (20, 57), (31, 57), (11, 88), (40, 124), (54, 59), (20, 66), (31, 66), (54, 68), (41, 98), (40, 142), (4, 67), (4, 76), (41, 134), (5, 22), (17, 24), (57, 60), (22, 102), (5, 31), (57, 69), (74, 149), (5, 40), (57, 78), (22, 120), (22, 129), (57, 96), (7, 77), (59, 124), (78, 137), (90, 102), (69, 79), (142, 149), (7, 104), (59, 142), (134, 145), (90, 120), (11, 65), (7, 113), (36, 149), (113, 122), (17, 145), (11, 74), (28, 145), (90, 129), (20, 52), (31, 52), (4, 44), (11, 92), (40, 137), (41, 102), (4, 62), (41, 120), (4, 80), (22, 79), (41, 129), (22, 88), (5, 17), (17, 19), (74, 135), (5, 26), (17, 28), (57, 64), (57, 73), (5, 44), (7, 81), (36, 117), (7, 90), (17, 122), (11, 51), (7, 99), (28, 122), (20, 29), (36, 135), (11, 60), (59, 137), (113, 117), (20, 38), (31, 38), (11, 69), (90, 124), (134, 149), (20, 47), (4, 30), (11, 78), (17, 149), (28, 149), (31, 47), (4, 39), (41, 79), (41, 88), (31, 65), (4, 57), (77, 78), (4, 66), (22, 74), (74, 112), (22, 92), (5, 21), (57, 59), (22, 101), (5, 30), (57, 68), (74, 139), (78, 100), (5, 39), (57, 77), (59, 96), (78, 109), (7, 67), (78, 118), (7, 76), (36, 112), (78, 127), (17, 108), (90, 92), (17, 117), (11, 46), (28, 117), (90, 101), (20, 24), (5, 124), (134, 135), (36, 139), (17, 135), (11, 64), (28, 135), (40, 100), (77, 149), (5, 142), (11, 73), (40, 109), (41, 74), (20, 51), (31, 51), (40, 118), (69, 145), (40, 127), (41, 92), (4, 52), (62, 124), (41, 101), (22, 60), (54, 129), (62, 142), (22, 69), (22, 78), (5, 7), (20, 145), (31, 145), (22, 96), (74, 134), (7, 44), (78, 104), (7, 62), (36, 98), (59, 100), (78, 113), (59, 109), (78, 122), (11, 32), (7, 80), (59, 118), (17, 112), (11, 41), (28, 112), (59, 127), (90, 96), (11, 50), (36, 134), (77, 135), (20, 28), (4, 11), (11, 59), (41, 60), (134, 139), (4, 20), (5, 137), (11, 68), (17, 139), (28, 139), (4, 29), (40, 104), (40, 113), (41, 69), (41, 78), (4, 38), (40, 122), (69, 149), (4, 47), (41, 96), (54, 124), (62, 137), (22, 64), (74, 102), (22, 73), (137, 149), (54, 142), (74, 120), (5, 11), (20, 149), (31, 149), (78, 81), (74, 129), (7, 39), (59, 77), (78, 90), (78, 99), (7, 57), (78, 108), (7, 66), (36, 102), (59, 104), (17, 98), (28, 98), (59, 113), (78, 117), (129, 142), (11, 36), (36, 120), (40, 81), (36, 129), (41, 46), (11, 54), (40, 90), (77, 139), (20, 32), (4, 15), (28, 134), (31, 32), (40, 99), (41, 64), (4, 24), (40, 108), (41, 73), (69, 135), (22, 41), (22, 50), (74, 88), (20, 117), (31, 117), (22, 59), (22, 68), (20, 135), (31, 135), (54, 137), (22, 77), (4, 127), (74, 124), (36, 79), (4, 145), (59, 81), (7, 52), (36, 88), (59, 90), (59, 99), (11, 22), (59, 108), (5, 100), (11, 31), (17, 102), (28, 102), (40, 67), (5, 109), (11, 40), (40, 76), (69, 112), (5, 118), (17, 120), (28, 120), (41, 50), (77, 134), (4, 10), (5, 127), (41, 59), (134, 142), (4, 19), (69, 139), (41, 68), (4, 28), (62, 100), (41, 77), (54, 96), (62, 109), (22, 36), (11, 134), (62, 118), (20, 112), (31, 112), (62, 127), (22, 54), (74, 92), (74, 101), (137, 139), (4, 113), (7, 20), (4, 122), (20, 139), (31, 139), (7, 29), (59, 67), (78, 80), (7, 38), (36, 74), (59, 76), (7, 47), (4, 149), (78, 98), (17, 79), (28, 79), (36, 92), (17, 88), (11, 17), (28, 88), (36, 101), (57, 124), (77, 102), (11, 26), (40, 62), (129, 149), (5, 104), (57, 142), (77, 120), (5, 113), (40, 80), (77, 129), (4, 5), (5, 122), (41, 54), (4, 14), (69, 134), (62, 104), (22, 31), (20, 98), (31, 98), (11, 129), (22, 40), (54, 100), (54, 109), (62, 113), (62, 122), (74, 78), (54, 118), (74, 96), (54, 127), (4, 108), (7, 15), (4, 117), (20, 134), (31, 134), (7, 24), (36, 60), (59, 62), (36, 69), (4, 135), (17, 65), (28, 65), (36, 78), (59, 80), (17, 74), (28, 74), (77, 88), (5, 81), (36, 96), (129, 135), (5, 90), (11, 21), (17, 92), (28, 92), (40, 57), (5, 99), (11, 30), (17, 101), (28, 101), (40, 66), (5, 108), (57, 137), (69, 102), (77, 124), (113, 145), (69, 120), (62, 81), (7, 145), (69, 129), (54, 77), (62, 90), (62, 99), (22, 26), (11, 124), (62, 108), (20, 102), (31, 102), (54, 104), (22, 44), (54, 113), (11, 142), (20, 120), (31, 120), (7, 10), (4, 112), (31, 129), (36, 46), (7, 19), (17, 51), (28, 51), (7, 28), (36, 64), (59, 66), (17, 60), (28, 60), (36, 73), (5, 67), (17, 69), (28, 69), (5, 76), (17, 78), (28, 78), (77, 92), (40, 52), (69, 88), (77, 101), (129, 139), (7, 122), (62, 67), (41, 44), (113, 149), (62, 76), (69, 124), (11, 101), (7, 149), (20, 79), (31, 79), (54, 81), (20, 88), (31, 88), (54, 90), (22, 30), (54, 99), (22, 39), (74, 77), (54, 108), (11, 137), (4, 98), (36, 41), (7, 14), (36, 50), (17, 46), (28, 46), (36, 59), (22, 124), (36, 68), (5, 62), (17, 64), (28, 64), (36, 77), (22, 142), (17, 73), (28, 73), (57, 100), (57, 109), (69, 74), (5, 80), (40, 47), (57, 118), (77, 96), (129, 134), (57, 127), (7, 108), (69, 92), (7, 117), (69, 101), (113, 135), (90, 142), (7, 135), (20, 65), (54, 67), (11, 96), (62, 80), (20, 74), (31, 74), (54, 76), (20, 92), (31, 92), (41, 124), (20, 101), (31, 101), (41, 142), (4, 102), (17, 32), (28, 32), (17, 41), (28, 41), (36, 54), (17, 50), (28, 50), (5, 57), (17, 59), (28, 59), (54, 120), (22, 137), (5, 66), (17, 68), (28, 68), (57, 104), (57, 113), (69, 78), (78, 145), (57, 122), (40, 51), (77, 100), (7, 112), (69, 96), (90, 137), (62, 66), (113, 139), (20, 60), (31, 60), (54, 62), (7, 139), (20, 69), (31, 69), (11, 100), (20, 78), (31, 78), (11, 109), (40, 145), (54, 80), (11, 118), (20, 96), (4, 79), (31, 96), (4, 88), (41, 137), (36, 40), (17, 36), (28, 36), (57, 81), (5, 52), (17, 54), (28, 54), (57, 90), (57, 99), (57, 108), (69, 73), (57, 117), (7, 98), (78, 149), (59, 145), (20, 46), (31, 46), (11, 77), (113, 134), (54, 57), (20, 64), (31, 64), (54, 66), (20, 73), (31, 73), (11, 104), (31, 118), (4, 65), (11, 113), (40, 149), (4, 74), (4, 92), (5, 20), (17, 22), (22, 100), (5, 29), (17, 31), (28, 31), (36, 44), (22, 109), (5, 38), (17, 40), (28, 40), (57, 67), (22, 118), (5, 47), (57, 76), (22, 127), (59, 122), (77, 81), (78, 135), (90, 100), (69, 77), (90, 109), (7, 102), (17, 134), (90, 118), (59, 149), (113, 120), (20, 41), (31, 41), (90, 127), (7, 120), (113, 129), (20, 50), (31, 50), (11, 81), (40, 117), (62, 65), (20, 59), (31, 59), (11, 90), (20, 68), (4, 51), (11, 99), (31, 68), (40, 135), (20, 77), (4, 60), (31, 77), (41, 100), (41, 109), (4, 69), (41, 118), (4, 78), (41, 127), (5, 15), (5, 24), (17, 26), (36, 39), (57, 62), (22, 104), (74, 142), (22, 113), (28, 44), (57, 80), (78, 112), (22, 122), (5, 51), (7, 79), (59, 117), (7, 88), (36, 124), (78, 139), (90, 104), (59, 135), (17, 129), (28, 129), (36, 142), (90, 113), (20, 36), (31, 36), (11, 67), (90, 122), (5, 145), (11, 76), (40, 112), (20, 54), (31, 54), (4, 46), (40, 139), (41, 104), (4, 64), (41, 113), (4, 73), (62, 145), (41, 122), (22, 81), (5, 10), (22, 90), (5, 19), (17, 21), (22, 99), (5, 28), (17, 30), (28, 30), (57, 66), (22, 108), (74, 137), (22, 117), (7, 65), (7, 74), (59, 112), (78, 134), (90, 99), (11, 44), (7, 92), (20, 22), (17, 124), (28, 124), (7, 101), (36, 137), (20, 31), (59, 139), (11, 62), (40, 98), (90, 108), (20, 40), (17, 142), (28, 142), (31, 40), (90, 117), (4, 32), (5, 149), (11, 80), (41, 81), (4, 41), (41, 90), (4, 50), (40, 134), (41, 99), (4, 59), (41, 108), (22, 67), (62, 149), (22, 76), (54, 145), (5, 14), (5, 32), (7, 51), (78, 102), (7, 60), (59, 98), (7, 69), (78, 120), (7, 78), (78, 129), (11, 39), (5, 117), (59, 134), (134, 137), (20, 26), (90, 112), (11, 57), (77, 142), (5, 135), (11, 66), (17, 137), (28, 137), (20, 44), (31, 44), (40, 102), (41, 67), (41, 76), (4, 36), (40, 120), (62, 117), (4, 54), (54, 122), (62, 135), (22, 62), (74, 100), (20, 129), (74, 109), (22, 80), (74, 118), (54, 149), (78, 79), (74, 127), (4, 139), (78, 88), (22, 98), (57, 65), (7, 46), (7, 64), (36, 100), (59, 102), (17, 96), (28, 96), (7, 73), (36, 109), (36, 118), (59, 120), (5, 112), (40, 79), (36, 127), (90, 98), (20, 21), (142, 145), (11, 52), (40, 88), (77, 137), (20, 30), (41, 62), (31, 39), (4, 22), (5, 139), (69, 142), (4, 31), (41, 80), (4, 40), (62, 112), (54, 117), (22, 57), (20, 124), (31, 124), (62, 139), (22, 66), (74, 104), (54, 135), (137, 142), (74, 113), (20, 142), (31, 142), (74, 122), (7, 32), (4, 134), (7, 41), (59, 79), (78, 92), (7, 50), (59, 88), (78, 101), (7, 59), (11, 20), (7, 68), (36, 104), (5, 98), (11, 29), (17, 100), (28, 100), (36, 113), (17, 109), (11, 38), (28, 109), (36, 122), (40, 65), (17, 118), (11, 47), (28, 118), (40, 74), (57, 145), (17, 127), (28, 127), (40, 92), (41, 57), (4, 17), (5, 134), (40, 101), (41, 66), (69, 137), (4, 26), (62, 98), (74, 81), (54, 112), (22, 52), (74, 90), (62, 134), (74, 99), (74, 108), (20, 137), (4, 120), (31, 137), (54, 139), (74, 117), (59, 65), (4, 129), (7, 36), (59, 74), (36, 81), (78, 96), (17, 77), (28, 77), (7, 54), (36, 90), (59, 92), (11, 15), (36, 99), (59, 101), (11, 24), (36, 108), (40, 60), (77, 109), (5, 102), (17, 104), (28, 104), (40, 69), (77, 118), (17, 113), (28, 113), (40, 78), (57, 149), (77, 127), (5, 120), (41, 52), (5, 129), (40, 96), (77, 145), (4, 21), (62, 102), (22, 29), (54, 98), (11, 127), (22, 38), (74, 76), (62, 120), (22, 47), (11, 145), (62, 129), (22, 65), (54, 134), (7, 22), (4, 124), (59, 60), (7, 31), (36, 67), (59, 69), (7, 40), (4, 142), (36, 76), (59, 78), (5, 79), (17, 81), (28, 81), (40, 46), (5, 88), (11, 19), (17, 90), (28, 90), (77, 104), (17, 99), (11, 28), (28, 99), (40, 64), (57, 135), (28, 108), (40, 73), (69, 100), (69, 109), (77, 113), (77, 122), (7, 134), (41, 47), (69, 118), (4, 7), (62, 79), (69, 127), (62, 88), (41, 65), (22, 24), (11, 122), (20, 100), (31, 100), (54, 102), (74, 80), (20, 109), (31, 109), (22, 51), (20, 118), (4, 101), (11, 149), (74, 98), (20, 127)]"
15,Plurality,ATVA_1,150,3,"{'B': 55, 'A': 50, 'C': 45}","[0.52, 1.0, 0.43, 1.0, 0.43, 0.52, 0.52, 0.81, 1.0, 1.0, 1.0, 0.52, 0.52, 0.52, 1.0, 0.43, 1.0, 1.0, 1.0, 0.52, 0.52, 0.52, 0.52, 1.0, 0.52, 0.52, 0.43, 0.52, 0.52, 1.0, 0.43, 0.81, 0.52, 0.81, 0.43, 0.81, 0.81, 0.52, 0.52, 1.0, 1.0, 0.43, 1.0, 0.52, 1.0, 0.43, 0.81, 1.0, 0.43, 0.52, 0.81, 1.0, 1.0, 0.52, 0.43, 0.81, 0.52, 1.0, 0.52, 0.52, 0.43, 0.43, 0.81, 0.52, 0.52, 0.52, 1.0, 0.81, 1.0, 0.52, 1.0, 1.0, 0.52, 1.0, 0.52, 1.0, 1.0, 1.0, 1.0, 1.0, 0.52, 0.43, 1.0, 1.0, 1.0, 1.0, 0.52, 0.81, 0.81, 1.0, 0.52, 0.81, 0.81, 0.81, 0.52, 0.52, 0.52, 0.81, 1.0, 1.0, 0.52, 0.43, 0.43, 0.81, 1.0, 1.0, 0.52, 0.81, 1.0, 0.52, 1.0, 1.0, 0.81, 0.43, 0.43, 0.81, 0.52, 1.0, 0.43, 1.0, 0.43, 0.43, 1.0, 1.0, 0.52, 0.52, 0.52, 0.52, 1.0, 1.0, 0.52, 0.52, 1.0, 0.52, 1.0, 0.52, 0.81, 0.52, 1.0, 0.52, 0.52, 1.0, 1.0, 1.0, 0.43, 0.43, 1.0, 0.52, 1.0, 0.52]",108.50999999999999,[],"[0.03, 0.0, 0.04, 0.0, 0.04, 0.03, 0.03, 0.01, 0.01, 0.01, 0.0, 0.03, 0.03, 0.03, 0.0, 0.04, 0.0, 0.0, 0.0, 0.03, 0.03, 0.03, 0.03, 0.01, 0.03, 0.03, 0.04, 0.03, 0.03, 0.0, 0.04, 0.01, 0.03, 0.01, 0.04, 0.01, 0.01, 0.03, 0.03, 0.01, 0.01, 0.04, 0.0, 0.03, 0.0, 0.04, 0.01, 0.01, 0.04, 0.03, 0.01, 0.0, 0.0, 0.03, 0.04, 0.01, 0.03, 0.0, 0.03, 0.03, 0.04, 0.04, 0.01, 0.03, 0.03, 0.03, 0.0, 0.01, 0.0, 0.03, 0.01, 0.0, 0.03, 0.0, 0.03, 0.0, 0.0, 0.0, 0.0, 0.0, 0.03, 0.04, 0.01, 0.01, 0.0, 0.01, 0.03, 0.01, 0.01, 0.0, 0.03, 0.01, 0.01, 0.01, 0.03, 0.03, 0.03, 0.01, 0.01, 0.0, 0.03, 0.04, 0.04, 0.01, 0.0, 0.0, 0.03, 0.01, 0.0, 0.03, 0.0, 0.0, 0.01, 0.04, 0.04, 0.01, 0.03, 0.0, 0.04, 0.0, 0.04, 0.04, 0.01, 0.0, 0.03, 0.03, 0.03, 0.03, 0.0, 0.01, 0.03, 0.03, 0.0, 0.03, 0.0, 0.03, 0.01, 0.03, 0.01, 0.03, 0.03, 0.01, 0.01, 0.0, 0.04, 0.04, 0.01, 0.03, 0.01, 0.03]",0,
16,Plurality,ATVA_1,150,3,"{'A': 55, 'C': 51, 'B': 44}","[1.0, 0.81, 0.81, 0.52, 0.52, 0.52, 0.43, 1.0, 1.0, 0.81, 0.52, 0.52, 0.52, 0.52, 0.52, 0.52, 1.0, 1.0, 0.81, 0.52, 1.0, 0.81, 1.0, 1.0, 0.52, 0.52, 1.0, 0.81, 1.0, 1.0, 0.52, 0.43, 1.0, 0.52, 1.0, 0.52, 0.43, 0.52, 0.81, 0.52, 1.0, 0.43, 0.81, 0.81, 0.52, 0.81, 0.52, 1.0, 1.0, 0.81, 1.0, 0.43, 1.0, 0.81, 0.81, 0.52, 1.0, 0.81, 1.0, 0.52, 0.52, 0.52, 1.0, 1.0, 0.52, 0.43, 0.52, 0.81, 1.0, 0.52, 0.43, 0.81, 1.0, 0.52, 0.43, 0.81, 0.43, 1.0, 0.81, 0.52, 1.0, 0.43, 0.43, 1.0, 1.0, 0.52, 0.43, 0.52, 0.43, 0.52, 0.52, 0.81, 1.0, 1.0, 1.0, 0.43, 1.0, 1.0, 1.0, 1.0, 0.43, 1.0, 0.43, 0.43, 0.81, 1.0, 1.0, 0.81, 1.0, 0.52, 1.0, 1.0, 1.0, 1.0, 1.0, 0.52, 0.52, 0.81, 1.0, 1.0, 0.52, 1.0, 0.43, 1.0, 0.81, 0.52, 1.0, 0.52, 0.43, 0.52, 0.81, 0.81, 1.0, 1.0, 0.52, 0.43, 1.0, 0.81, 0.81, 0.81, 0.81, 0.81, 0.43, 1.0, 1.0, 0.52, 0.52, 0.43, 1.0, 0.43]",111.03,[],"[0.0, 0.01, 0.01, 0.03, 0.03, 0.03, 0.04, 0.0, 0.0, 0.01, 0.03, 0.03, 0.03, 0.03, 0.03, 0.03, 0.0, 0.0, 0.01, 0.03, 0.01, 0.01, 0.01, 0.01, 0.03, 0.03, 0.0, 0.01, 0.01, 0.0, 0.03, 0.04, 0.01, 0.03, 0.01, 0.03, 0.04, 0.03, 0.01, 0.03, 0.0, 0.04, 0.01, 0.01, 0.03, 0.01, 0.03, 0.01, 0.0, 0.01, 0.01, 0.04, 0.01, 0.01, 0.01, 0.03, 0.01, 0.01, 0.0, 0.03, 0.03, 0.03, 0.01, 0.0, 0.03, 0.04, 0.03, 0.01, 0.01, 0.03, 0.04, 0.01, 0.0, 0.03, 0.04, 0.01, 0.04, 0.0, 0.01, 0.03, 0.01, 0.04, 0.04, 0.0, 0.0, 0.03, 0.04, 0.03, 0.04, 0.03, 0.03, 0.01, 0.0, 0.01, 0.0, 0.04, 0.0, 0.01, 0.01, 0.0, 0.04, 0.0, 0.04, 0.04, 0.01, 0.0, 0.0, 0.01, 0.0, 0.03, 0.01, 0.0, 0.0, 0.0, 0.0, 0.03, 0.03, 0.01, 0.01, 0.0, 0.03, 0.0, 0.04, 0.0, 0.01, 0.03, 0.01, 0.03, 0.04, 0.03, 0.01, 0.01, 0.01, 0.01, 0.03, 0.04, 0.01, 0.01, 0.01, 0.01, 0.01, 0.01, 0.04, 0.0, 0.01, 0.03, 0.03, 0.04, 0.0, 0.04]",0,
17,Plurality,ATVA_1,150,3,"{'B': 60, 'C': 51, 'A': 39}","[1.0, 1.0, 0.52, 0.81, 0.52, 1.0, 1.0, 0.52, 0.52, 0.43, 0.43, 1.0, 0.52, 1.0, 0.43, 1.0, 0.52, 1.0, 0.52, 0.81, 1.0, 0.43, 1.0, 0.52, 1.0, 0.81, 1.0, 1.0, 0.52, 1.0, 1.0, 0.52, 1.0, 0.52, 0.81, 0.81, 0.52, 0.81, 1.0, 0.52, 1.0, 0.43, 0.52, 1.0, 0.81, 0.52, 0.52, 0.52, 1.0, 1.0, 0.43, 1.0, 0.52, 1.0, 0.52, 0.52, 1.0, 0.52, 1.0, 0.52, 1.0, 0.43, 0.52, 0.52, 1.0, 0.52, 1.0, 0.52, 0.81, 0.43, 1.0, 1.0, 0.52, 0.81, 0.81, 0.52, 0.52, 0.81, 0.81, 0.52, 0.43, 1.0, 1.0, 1.0, 0.52, 0.52, 1.0, 0.81, 0.52, 0.43, 0.81, 0.52, 1.0, 1.0, 0.52, 0.52, 0.52, 1.0, 1.0, 0.52, 1.0, 0.81, 0.43, 1.0, 1.0, 0.52, 0.52, 0.52, 1.0, 1.0, 0.81, 0.52, 1.0, 1.0, 1.0, 0.81, 0.52, 0.52, 0.81, 0.43, 0.81, 0.52, 0.81, 0.52, 1.0, 1.0, 1.0, 0.52, 1.0, 0.52, 0.81, 1.0, 0.52, 0.52, 1.0, 1.0, 0.52, 1.0, 0.52, 1.0, 1.0, 0.52, 1.0, 1.0, 1.0, 1.0, 0.43, 0.52, 0.52, 0.52]",111.72000000000001,[],"[0.01, 0.0, 0.03, 0.01, 0.03, 0.0, 0.0, 0.03, 0.03, 0.04, 0.04, 0.0, 0.03, 0.01, 0.04, 0.0, 0.03, 0.0, 0.03, 0.01, 0.01, 0.04, 0.01, 0.03, 0.0, 0.01, 0.01, 0.01, 0.03, 0.0, 0.0, 0.03, 0.0, 0.03, 0.01, 0.01, 0.03, 0.01, 0.01, 0.03, 0.01, 0.04, 0.03, 0.0, 0.01, 0.03, 0.03, 0.03, 0.0, 0.0, 0.04, 0.0, 0.03, 0.01, 0.03, 0.03, 0.0, 0.03, 0.01, 0.03, 0.0, 0.04, 0.03, 0.03, 0.01, 0.03, 0.01, 0.03, 0.01, 0.04, 0.01, 0.01, 0.03, 0.01, 0.01, 0.03, 0.03, 0.01, 0.01, 0.03, 0.04, 0.0, 0.0, 0.01, 0.03, 0.03, 0.01, 0.01, 0.03, 0.04, 0.01, 0.03, 0.0, 0.0, 0.03, 0.03, 0.03, 0.0, 0.0, 0.03, 0.0, 0.01, 0.04, 0.0, 0.0, 0.03, 0.03, 0.03, 0.01, 0.01, 0.01, 0.03, 0.01, 0.01, 0.01, 0.01, 0.03, 0.03, 0.01, 0.04, 0.01, 0.03, 0.01, 0.03, 0.0, 0.0, 0.01, 0.03, 0.0, 0.03, 0.01, 0.01, 0.03, 0.03, 0.01, 0.01, 0.03, 0.0, 0.03, 0.0, 0.0, 0.03, 0.01, 0.0, 0.01, 0.01, 0.04, 0.03, 0.03, 0.03]",0,
18,Plurality,ATVA_1,150,3,"{'C': 60, 'A': 56, 'B': 34}","[1.0, 0.52, 1.0, 0.52, 0.52, 0.52, 1.0, 1.0, 1.0, 0.81, 0.52, 0.52, 1.0, 1.0, 0.43, 1.0, 0.52, 0.81, 0.52, 0.43, 0.43, 0.52, 0.52, 0.52, 0.43, 1.0, 1.0, 0.81, 0.52, 0.81, 0.81, 1.0, 1.0, 0.52, 1.0, 0.43, 0.52, 1.0, 1.0, 0.52, 0.52, 0.52, 0.43, 0.81, 0.52, 0.52, 1.0, 0.52, 0.52, 0.81, 1.0, 0.52, 1.0, 0.81, 0.81, 1.0, 1.0, 1.0, 0.43, 0.81, 0.52, 1.0, 1.0, 0.52, 1.0, 0.52, 0.52, 0.52, 0.52, 0.81, 0.52, 1.0, 0.43, 0.81, 0.52, 0.43, 1.0, 1.0, 1.0, 0.81, 1.0, 0.52, 1.0, 1.0, 0.81, 0.43, 0.52, 0.81, 0.81, 0.52, 0.52, 0.81, 0.52, 1.0, 0.81, 1.0, 0.81, 1.0, 1.0, 1.0, 0.52, 0.52, 1.0, 1.0, 1.0, 1.0, 0.43, 1.0, 1.0, 0.52, 1.0, 1.0, 1.0, 0.52, 0.81, 1.0, 1.0, 1.0, 1.0, 0.81, 0.81, 0.52, 0.81, 0.81, 1.0, 0.81, 0.52, 0.52, 0.52, 0.52, 1.0, 1.0, 0.52, 0.52, 0.81, 1.0, 0.52, 0.43, 0.43, 0.81, 0.52, 1.0, 1.0, 1.0, 0.43, 1.0, 0.81, 1.0, 1.0, 1.0]",113.66,[],"[0.01, 0.03, 0.0, 0.03, 0.03, 0.03, 0.01, 0.0, 0.0, 0.01, 0.03, 0.03, 0.01, 0.0, 0.04, 0.01, 0.03, 0.01, 0.03, 0.04, 0.04, 0.03, 0.03, 0.03, 0.04, 0.01, 0.01, 0.01, 0.03, 0.01, 0.01, 0.0, 0.0, 0.03, 0.01, 0.04, 0.03, 0.0, 0.0, 0.03, 0.03, 0.03, 0.04, 0.01, 0.03, 0.03, 0.01, 0.03, 0.03, 0.01, 0.0, 0.03, 0.0, 0.01, 0.01, 0.01, 0.0, 0.0, 0.04, 0.01, 0.03, 0.0, 0.01, 0.03, 0.0, 0.03, 0.03, 0.03, 0.03, 0.01, 0.03, 0.0, 0.04, 0.01, 0.03, 0.04, 0.0, 0.0, 0.01, 0.01, 0.01, 0.03, 0.0, 0.01, 0.01, 0.04, 0.03, 0.01, 0.01, 0.03, 0.03, 0.01, 0.03, 0.01, 0.01, 0.0, 0.01, 0.0, 0.0, 0.0, 0.03, 0.03, 0.0, 0.0, 0.0, 0.0, 0.04, 0.01, 0.0, 0.03, 0.0, 0.01, 0.01, 0.03, 0.01, 0.01, 0.0, 0.0, 0.0, 0.01, 0.01, 0.03, 0.01, 0.01, 0.0, 0.01, 0.03, 0.03, 0.03, 0.03, 0.0, 0.01, 0.03, 0.03, 0.01, 0.0, 0.03, 0.04, 0.04, 0.01, 0.03, 0.0, 0.01, 0.01, 0.04, 0.01, 0.01, 0.01, 0.0, 0.0]",0,
19,Plurality,ATVA_1,150,3,"{'A': 51, 'B': 50, 'C': 49}","[0.52, 1.0, 0.81, 0.81, 0.81, 0.81, 0.52, 0.52, 0.52, 0.52, 1.0, 0.52, 0.81, 1.0, 0.81, 0.81, 1.0, 1.0, 0.81, 0.52, 0.43, 0.81, 0.52, 1.0, 1.0, 0.52, 0.52, 0.81, 0.52, 0.43, 0.52, 1.0, 0.52, 0.52, 0.52, 1.0, 1.0, 0.52, 0.52, 0.52, 0.52, 0.52, 1.0, 0.81, 0.52, 1.0, 0.52, 0.52, 0.52, 0.43, 0.52, 1.0, 1.0, 0.43, 1.0, 1.0, 0.43, 0.52, 0.81, 1.0, 0.81, 0.43, 0.43, 1.0, 1.0, 1.0, 0.81, 0.52, 0.52, 1.0, 0.52, 0.52, 1.0, 0.52, 1.0, 1.0, 0.81, 0.52, 1.0, 0.43, 1.0, 0.52, 0.81, 0.43, 1.0, 0.43, 0.81, 1.0, 0.52, 0.52, 0.52, 1.0, 0.52, 0.52, 0.81, 0.81, 1.0, 0.52, 0.52, 0.43, 1.0, 0.52, 0.52, 0.52, 0.43, 1.0, 0.43, 1.0, 0.81, 0.81, 0.52, 0.43, 0.81, 0.43, 1.0, 0.43, 1.0, 1.0, 0.43, 1.0, 0.52, 0.52, 0.81, 0.52, 0.43, 1.0, 0.52, 0.43, 0.43, 1.0, 1.0, 1.0, 1.0, 1.0, 1.0, 0.81, 0.43, 1.0, 0.52, 1.0, 0.43, 1.0, 0.52, 0.43, 1.0, 1.0, 0.81, 1.0, 0.52, 1.0]",107.66,[],"[0.03, 0.0, 0.01, 0.01, 0.01, 0.01, 0.03, 0.03, 0.03, 0.03, 0.01, 0.03, 0.01, 0.01, 0.01, 0.01, 0.01, 0.0, 0.01, 0.03, 0.04, 0.01, 0.03, 0.0, 0.0, 0.03, 0.03, 0.01, 0.03, 0.04, 0.03, 0.01, 0.03, 0.03, 0.03, 0.0, 0.01, 0.03, 0.03, 0.03, 0.03, 0.03, 0.01, 0.01, 0.03, 0.0, 0.03, 0.03, 0.03, 0.04, 0.03, 0.0, 0.01, 0.04, 0.0, 0.0, 0.04, 0.03, 0.01, 0.01, 0.01, 0.04, 0.04, 0.01, 0.01, 0.01, 0.01, 0.03, 0.03, 0.0, 0.03, 0.03, 0.01, 0.03, 0.01, 0.0, 0.01, 0.03, 0.01, 0.04, 0.01, 0.03, 0.01, 0.04, 0.0, 0.04, 0.01, 0.0, 0.03, 0.03, 0.03, 0.01, 0.03, 0.03, 0.01, 0.01, 0.01, 0.03, 0.03, 0.04, 0.0, 0.03, 0.03, 0.03, 0.04, 0.01, 0.04, 0.0, 0.01, 0.01, 0.03, 0.04, 0.01, 0.04, 0.01, 0.04, 0.0, 0.0, 0.04, 0.01, 0.03, 0.03, 0.01, 0.03, 0.04, 0.01, 0.03, 0.04, 0.04, 0.01, 0.01, 0.01, 0.01, 0.01, 0.0, 0.01, 0.04, 0.01, 0.03, 0.01, 0.04, 0.0, 0.03, 0.04, 0.0, 0.01, 0.01, 0.0, 0.03, 0.01]",0,
20,Plurality,ATVA_3,150,3,"{'A': 62, 'B': 47, 'C': 41}","[1.0, 0.81, 1.0, 1.0, 0.52, 1.0, 0.43, 0.43, 1.0, 1.0, 0.52, 0.43, 1.0, 0.52, 0.52, 0.52, 1.0, 1.0, 0.43, 1.0, 1.0, 0.43, 1.0, 1.0, 0.81, 1.0, 1.0, 1.0, 0.52, 0.81, 0.43, 1.0, 1.0, 0.52, 1.0, 0.52, 1.0, 1.0, 0.52, 0.43, 0.81, 1.0, 1.0, 0.43, 0.43, 1.0, 0.52, 1.0, 0.81, 0.81, 0.43, 0.81, 0.43, 0.81, 0.52, 1.0, 0.81, 0.43, 0.52, 0.52, 0.52, 0.52, 1.0, 0.52, 0.43, 0.52, 0.43, 0.43, 0.52, 0.81, 0.81, 0.52, 0.52, 1.0, 0.52, 1.0, 1.0, 0.81, 1.0, 1.0, 1.0, 1.0, 0.43, 0.43, 0.52, 0.52, 0.52, 1.0, 1.0, 0.52, 0.43, 0.52, 1.0, 1.0, 0.52, 0.52, 0.43, 0.52, 0.81, 1.0, 1.0, 1.0, 0.52, 0.52, 0.52, 0.43, 0.52, 0.81, 1.0, 0.81, 1.0, 0.52, 1.0, 0.52, 0.52, 1.0, 1.0, 0.81, 0.81, 0.52, 1.0, 1.0, 0.43, 1.0, 1.0, 1.0, 1.0, 1.0, 0.43, 1.0, 1.0, 0.52, 0.52, 1.0, 0.52, 0.52, 0.52, 1.0, 0.81, 0.81, 1.0, 1.0, 1.0, 0.81, 1.0, 0.43, 0.81, 1.0, 0.81, 0.81]",112.36,"[7, 11, 12, 15, 19, 22, 29, 31, 34, 40, 44, 45, 51, 53, 55, 62, 64, 65, 66, 67, 68, 72, 75, 84, 86, 91, 92, 97, 103, 107, 114, 120, 123, 135, 137]","[0.01, 0.01, 0.0, 0.0, 0.04, 0.01, 0.03, 0.04, 0.0, 0.01, 0.01, 0.03, 0.01, 0.03, 0.01, 0.03, 0.0, 0.01, 0.03, 0.0, 0.0, 0.03, 0.0, 0.0, 0.01, 0.01, 0.0, 0.0, 0.01, 0.01, 0.03, 0.0, 0.0, 0.01, 0.01, 0.03, 0.0, 0.0, 0.03, 0.03, 0.01, 0.0, 0.01, 0.03, 0.03, 0.0, 0.03, 0.0, 0.01, 0.01, 0.03, 0.03, 0.03, 0.01, 0.01, 0.0, 0.03, 0.04, 0.04, 0.03, 0.03, 0.01, 0.01, 0.01, 0.03, 0.01, 0.03, 0.03, 0.03, 0.01, 0.01, 0.01, 0.03, 0.01, 0.01, 0.0, 0.0, 0.03, 0.01, 0.01, 0.0, 0.01, 0.04, 0.03, 0.03, 0.01, 0.03, 0.0, 0.0, 0.04, 0.03, 0.01, 0.01, 0.01, 0.04, 0.03, 0.03, 0.04, 0.01, 0.01, 0.0, 0.0, 0.01, 0.03, 0.04, 0.04, 0.01, 0.01, 0.01, 0.01, 0.01, 0.04, 0.01, 0.01, 0.03, 0.0, 0.0, 0.01, 0.01, 0.01, 0.0, 0.01, 0.03, 0.0, 0.0, 0.01, 0.0, 0.01, 0.04, 0.0, 0.01, 0.03, 0.04, 0.0, 0.01, 0.04, 0.01, 0.0, 0.01, 0.03, 0.0, 0.01, 0.0, 0.03, 0.0, 0.04, 0.03, 0.0, 0.01, 0.01]",0,
21,Plurality,ATVA_3,150,3,"{'B': 54, 'C': 50, 'A': 46}","[0.52, 0.52, 1.0, 0.52, 0.52, 0.52, 0.52, 0.52, 0.52, 0.81, 0.52, 0.81, 0.43, 1.0, 0.52, 1.0, 0.43, 1.0, 1.0, 0.52, 1.0, 1.0, 1.0, 1.0, 1.0, 1.0, 0.81, 0.52, 0.43, 0.52, 0.52, 1.0, 1.0, 0.81, 0.81, 0.43, 1.0, 1.0, 0.81, 1.0, 0.52, 0.52, 0.52, 0.52, 0.81, 0.52, 1.0, 0.52, 0.81, 0.43, 0.52, 0.81, 0.43, 0.52, 1.0, 0.43, 1.0, 1.0, 0.52, 1.0, 0.52, 0.52, 0.52, 0.52, 0.52, 0.52, 0.52, 1.0, 1.0, 1.0, 1.0, 0.52, 0.52, 0.43, 1.0, 1.0, 1.0, 1.0, 0.52, 1.0, 0.43, 0.52, 1.0, 0.81, 0.52, 0.43, 0.52, 0.52, 0.81, 1.0, 0.81, 1.0, 0.52, 0.52, 0.43, 0.43, 0.81, 0.81, 0.43, 0.81, 1.0, 0.81, 1.0, 0.81, 1.0, 1.0, 1.0, 0.52, 1.0, 0.52, 1.0, 0.81, 1.0, 1.0, 1.0, 0.81, 1.0, 0.52, 0.43, 0.52, 0.43, 0.81, 0.43, 0.43, 1.0, 0.43, 0.52, 1.0, 0.52, 1.0, 1.0, 1.0, 0.52, 1.0, 1.0, 0.81, 0.52, 0.43, 1.0, 1.0, 1.0, 0.52, 0.43, 0.43, 0.81, 0.43, 0.43, 0.52, 0.52, 0.52]",108.23000000000002,"[1, 4, 13, 17, 20, 28, 36, 50, 53, 61, 79, 81, 86, 87, 99, 120, 124, 133, 143, 146, 147]","[0.01, 0.04, 0.0, 0.01, 0.04, 0.03, 0.04, 0.03, 0.04, 0.03, 0.03, 0.03, 0.03, 0.0, 0.03, 0.01, 0.03, 0.0, 0.01, 0.01, 0.01, 0.01, 0.01, 0.01, 0.01, 0.0, 0.01, 0.01, 0.04, 0.03, 0.04, 0.01, 0.01, 0.03, 0.03, 0.03, 0.0, 0.01, 0.01, 0.0, 0.03, 0.03, 0.03, 0.03, 0.03, 0.04, 0.01, 0.03, 0.03, 0.03, 0.03, 0.03, 0.03, 0.03, 0.0, 0.04, 0.01, 0.01, 0.03, 0.01, 0.01, 0.03, 0.03, 0.03, 0.04, 0.03, 0.03, 0.01, 0.0, 0.0, 0.01, 0.04, 0.03, 0.04, 0.01, 0.01, 0.01, 0.0, 0.01, 0.01, 0.03, 0.03, 0.01, 0.01, 0.03, 0.03, 0.01, 0.03, 0.03, 0.01, 0.03, 0.01, 0.03, 0.03, 0.04, 0.04, 0.03, 0.03, 0.03, 0.01, 0.0, 0.01, 0.0, 0.01, 0.01, 0.0, 0.01, 0.03, 0.0, 0.03, 0.0, 0.03, 0.01, 0.01, 0.0, 0.03, 0.0, 0.03, 0.04, 0.01, 0.04, 0.01, 0.04, 0.03, 0.01, 0.04, 0.03, 0.01, 0.03, 0.01, 0.0, 0.01, 0.01, 0.0, 0.0, 0.01, 0.03, 0.04, 0.0, 0.01, 0.01, 0.03, 0.03, 0.04, 0.03, 0.03, 0.03, 0.03, 0.03, 0.03]",0,
22,Plurality,ATVA_3,150,3,"{'C': 54, 'A': 50, 'B': 46}","[1.0, 0.52, 0.43, 0.52, 1.0, 1.0, 0.43, 0.52, 1.0, 0.43, 0.43, 1.0, 1.0, 1.0, 0.43, 0.52, 1.0, 0.52, 0.81, 0.52, 1.0, 0.43, 0.81, 1.0, 0.52, 0.43, 1.0, 1.0, 1.0, 0.52, 0.52, 1.0, 1.0, 1.0, 0.43, 0.52, 1.0, 1.0, 1.0, 0.52, 0.81, 1.0, 0.81, 0.52, 0.52, 1.0, 0.81, 0.81, 1.0, 0.81, 1.0, 0.43, 0.52, 0.43, 0.81, 0.43, 0.52, 0.52, 0.52, 1.0, 1.0, 1.0, 0.52, 0.81, 0.43, 1.0, 0.52, 1.0, 0.43, 1.0, 1.0, 0.81, 0.43, 0.43, 0.43, 0.52, 1.0, 0.52, 0.81, 0.43, 1.0, 0.81, 0.81, 1.0, 0.52, 0.52, 0.52, 0.43, 1.0, 1.0, 1.0, 1.0, 1.0, 0.52, 0.52, 0.81, 0.52, 1.0, 0.52, 0.52, 1.0, 1.0, 1.0, 0.52, 0.81, 0.52, 1.0, 0.81, 0.81, 0.52, 0.52, 0.43, 1.0, 0.81, 0.52, 1.0, 0.43, 0.52, 0.43, 0.81, 0.43, 0.52, 0.43, 1.0, 1.0, 0.43, 1.0, 0.81, 0.43, 0.52, 0.81, 0.43, 0.52, 0.52, 0.43, 1.0, 1.0, 0.43, 0.52, 0.81, 0.52, 0.81, 1.0, 0.43, 0.81, 1.0, 0.52, 1.0, 1.0, 0.81]",108.56,"[8, 10, 20, 26, 45, 54, 56, 58, 73, 76, 95, 97, 121, 130, 133, 135, 144]","[0.0, 0.03, 0.04, 0.04, 0.0, 0.0, 0.04, 0.01, 0.01, 0.03, 0.04, 0.0, 0.0, 0.0, 0.04, 0.03, 0.0, 0.03, 0.01, 0.01, 0.0, 0.04, 0.01, 0.0, 0.04, 0.03, 0.0, 0.0, 0.0, 0.03, 0.04, 0.0, 0.01, 0.0, 0.04, 0.03, 0.0, 0.0, 0.0, 0.03, 0.01, 0.01, 0.01, 0.04, 0.01, 0.0, 0.03, 0.01, 0.0, 0.01, 0.0, 0.04, 0.03, 0.03, 0.03, 0.03, 0.04, 0.01, 0.04, 0.0, 0.0, 0.01, 0.04, 0.01, 0.04, 0.0, 0.03, 0.0, 0.04, 0.0, 0.0, 0.03, 0.03, 0.04, 0.04, 0.01, 0.0, 0.03, 0.01, 0.04, 0.0, 0.03, 0.03, 0.0, 0.04, 0.03, 0.03, 0.04, 0.01, 0.01, 0.0, 0.0, 0.0, 0.04, 0.01, 0.01, 0.01, 0.01, 0.03, 0.04, 0.0, 0.0, 0.0, 0.03, 0.03, 0.03, 0.01, 0.03, 0.01, 0.03, 0.03, 0.04, 0.01, 0.01, 0.03, 0.01, 0.04, 0.04, 0.04, 0.03, 0.03, 0.04, 0.04, 0.0, 0.0, 0.04, 0.0, 0.03, 0.04, 0.01, 0.03, 0.04, 0.01, 0.03, 0.03, 0.01, 0.01, 0.04, 0.03, 0.03, 0.04, 0.01, 0.0, 0.03, 0.03, 0.0, 0.04, 0.0, 0.0, 0.01]",0,
23,Plurality,ATVA_3,150,3,"{'B': 58, 'A': 47, 'C': 45}","[0.52, 0.52, 1.0, 0.52, 1.0, 1.0, 0.81, 1.0, 1.0, 0.52, 0.43, 1.0, 1.0, 1.0, 0.52, 1.0, 1.0, 0.81, 1.0, 1.0, 0.52, 0.81, 1.0, 0.52, 0.81, 0.43, 0.52, 1.0, 1.0, 0.52, 0.81, 1.0, 1.0, 1.0, 1.0, 1.0, 1.0, 0.81, 0.52, 1.0, 0.81, 1.0, 1.0, 1.0, 0.52, 1.0, 0.81, 0.43, 1.0, 1.0, 1.0, 0.43, 0.81, 0.52, 1.0, 0.52, 0.52, 1.0, 0.81, 0.52, 1.0, 0.52, 0.81, 1.0, 0.52, 0.43, 0.52, 1.0, 0.43, 0.81, 0.43, 0.52, 0.81, 0.52, 0.81, 0.52, 0.43, 0.43, 1.0, 1.0, 1.0, 0.81, 0.43, 0.43, 0.52, 1.0, 0.43, 1.0, 0.43, 0.43, 0.81, 0.52, 0.43, 0.52, 1.0, 0.81, 0.52, 1.0, 1.0, 1.0, 0.52, 1.0, 0.52, 0.52, 1.0, 1.0, 0.81, 0.52, 0.52, 1.0, 0.81, 1.0, 0.52, 0.52, 0.43, 0.52, 0.81, 0.43, 0.52, 0.43, 0.52, 0.52, 0.43, 0.52, 1.0, 0.52, 0.52, 0.52, 1.0, 0.52, 1.0, 0.52, 1.0, 0.81, 0.81, 0.52, 0.52, 1.0, 1.0, 1.0, 0.52, 0.52, 0.52, 1.0, 0.52, 0.43, 0.43, 1.0, 0.81, 1.0]",110.62,"[2, 21, 26, 30, 48, 52, 60, 62, 65, 66, 67, 71, 72, 85, 90, 93, 114, 116, 127, 130, 136, 141, 145, 146]","[0.03, 0.01, 0.0, 0.04, 0.01, 0.01, 0.03, 0.0, 0.01, 0.04, 0.04, 0.0, 0.0, 0.0, 0.04, 0.0, 0.01, 0.01, 0.0, 0.0, 0.01, 0.03, 0.0, 0.03, 0.01, 0.03, 0.04, 0.0, 0.0, 0.01, 0.03, 0.01, 0.0, 0.0, 0.0, 0.01, 0.0, 0.01, 0.04, 0.01, 0.01, 0.0, 0.0, 0.0, 0.03, 0.0, 0.01, 0.03, 0.01, 0.0, 0.0, 0.03, 0.01, 0.04, 0.01, 0.03, 0.04, 0.0, 0.03, 0.01, 0.0, 0.01, 0.01, 0.0, 0.01, 0.03, 0.01, 0.0, 0.04, 0.01, 0.03, 0.01, 0.01, 0.03, 0.01, 0.03, 0.04, 0.04, 0.0, 0.0, 0.01, 0.01, 0.04, 0.04, 0.01, 0.01, 0.04, 0.0, 0.04, 0.03, 0.01, 0.04, 0.03, 0.03, 0.0, 0.01, 0.04, 0.01, 0.0, 0.0, 0.04, 0.0, 0.03, 0.03, 0.01, 0.0, 0.03, 0.03, 0.03, 0.0, 0.01, 0.0, 0.03, 0.01, 0.04, 0.01, 0.01, 0.04, 0.04, 0.04, 0.04, 0.04, 0.04, 0.04, 0.0, 0.03, 0.01, 0.03, 0.0, 0.01, 0.0, 0.03, 0.01, 0.03, 0.03, 0.01, 0.04, 0.0, 0.0, 0.01, 0.01, 0.04, 0.04, 0.0, 0.01, 0.03, 0.04, 0.0, 0.03, 0.0]",0,
24,Plurality,ATVA_3,150,3,"{'A': 61, 'C': 46, 'B': 43}","[1.0, 1.0, 1.0, 0.52, 0.81, 1.0, 0.52, 1.0, 1.0, 1.0, 0.81, 1.0, 0.43, 0.81, 0.43, 1.0, 1.0, 0.52, 0.52, 0.52, 1.0, 0.52, 1.0, 0.81, 0.43, 0.52, 0.52, 1.0, 0.81, 1.0, 1.0, 0.52, 0.81, 1.0, 0.52, 0.52, 1.0, 1.0, 0.52, 1.0, 1.0, 1.0, 1.0, 0.43, 0.52, 1.0, 0.43, 0.43, 0.52, 0.52, 1.0, 0.52, 1.0, 1.0, 1.0, 0.43, 0.52, 0.81, 0.81, 1.0, 0.81, 1.0, 0.43, 0.81, 0.81, 0.81, 0.52, 0.43, 0.81, 0.52, 1.0, 0.52, 1.0, 1.0, 1.0, 0.52, 1.0, 0.81, 0.52, 1.0, 1.0, 0.43, 1.0, 0.52, 1.0, 1.0, 0.43, 0.52, 0.81, 0.52, 1.0, 1.0, 0.52, 1.0, 1.0, 1.0, 1.0, 0.52, 0.43, 1.0, 1.0, 0.52, 0.52, 1.0, 1.0, 0.52, 0.52, 1.0, 0.52, 0.81, 1.0, 0.52, 0.52, 0.52, 1.0, 0.52, 1.0, 0.52, 0.43, 0.43, 1.0, 0.52, 1.0, 0.43, 1.0, 0.43, 0.52, 1.0, 0.52, 1.0, 0.52, 0.52, 0.52, 0.81, 0.43, 0.52, 0.52, 0.52, 1.0, 0.81, 0.52, 0.52, 1.0, 1.0, 0.52, 0.52, 0.81, 0.43, 0.81, 0.52]",111.46000000000001,"[13, 25, 45, 47, 48, 50, 56, 63, 68, 76, 82, 87, 90, 98, 99, 102, 107, 114, 118, 119, 120, 122, 124, 127, 133, 136, 142, 145, 146, 148, 150]","[0.01, 0.0, 0.01, 0.03, 0.01, 0.01, 0.03, 0.01, 0.01, 0.01, 0.01, 0.0, 0.03, 0.03, 0.04, 0.0, 0.01, 0.03, 0.03, 0.03, 0.0, 0.03, 0.0, 0.03, 0.03, 0.04, 0.03, 0.0, 0.03, 0.01, 0.01, 0.03, 0.01, 0.0, 0.04, 0.03, 0.01, 0.01, 0.03, 0.0, 0.0, 0.01, 0.01, 0.04, 0.01, 0.01, 0.03, 0.03, 0.03, 0.01, 0.01, 0.03, 0.01, 0.01, 0.01, 0.03, 0.03, 0.03, 0.03, 0.0, 0.01, 0.01, 0.03, 0.01, 0.01, 0.01, 0.03, 0.03, 0.03, 0.03, 0.01, 0.03, 0.01, 0.01, 0.01, 0.01, 0.0, 0.03, 0.04, 0.0, 0.01, 0.03, 0.01, 0.03, 0.01, 0.0, 0.03, 0.04, 0.01, 0.01, 0.0, 0.01, 0.03, 0.0, 0.01, 0.01, 0.01, 0.01, 0.03, 0.01, 0.01, 0.01, 0.03, 0.0, 0.0, 0.03, 0.01, 0.0, 0.03, 0.01, 0.01, 0.03, 0.03, 0.01, 0.01, 0.03, 0.01, 0.01, 0.03, 0.03, 0.01, 0.01, 0.01, 0.03, 0.01, 0.04, 0.01, 0.0, 0.03, 0.01, 0.03, 0.03, 0.01, 0.03, 0.04, 0.01, 0.03, 0.03, 0.01, 0.01, 0.04, 0.01, 0.01, 0.01, 0.01, 0.01, 0.03, 0.03, 0.01, 0.01]",0,
25,Plurality,ATVA_3,150,3,"{'C': 63, 'A': 50, 'B': 37}","[0.43, 0.52, 1.0, 0.52, 0.52, 1.0, 1.0, 0.52, 0.52, 0.52, 1.0, 0.81, 0.52, 0.52, 0.52, 1.0, 0.43, 0.52, 1.0, 0.52, 0.52, 0.52, 0.81, 0.43, 0.52, 1.0, 0.52, 0.43, 1.0, 0.81, 1.0, 0.81, 0.52, 1.0, 1.0, 0.43, 0.43, 1.0, 0.43, 0.52, 0.81, 1.0, 0.52, 0.81, 1.0, 0.52, 0.81, 1.0, 0.81, 1.0, 0.52, 0.81, 0.52, 1.0, 1.0, 1.0, 1.0, 0.52, 1.0, 0.52, 1.0, 0.43, 1.0, 0.52, 0.81, 1.0, 0.81, 0.52, 0.81, 0.81, 0.81, 1.0, 0.81, 0.43, 0.52, 1.0, 0.52, 0.81, 0.52, 1.0, 1.0, 1.0, 0.52, 0.81, 1.0, 0.52, 0.43, 1.0, 1.0, 1.0, 0.43, 0.52, 0.81, 0.43, 0.52, 1.0, 1.0, 0.52, 1.0, 0.52, 1.0, 1.0, 0.52, 0.81, 1.0, 1.0, 0.81, 1.0, 1.0, 1.0, 1.0, 0.81, 1.0, 0.52, 0.52, 1.0, 0.43, 0.52, 1.0, 0.43, 1.0, 0.43, 1.0, 0.52, 1.0, 0.52, 1.0, 0.81, 1.0, 0.81, 0.52, 1.0, 1.0, 1.0, 1.0, 1.0, 0.43, 1.0, 1.0, 1.0, 1.0, 0.52, 1.0, 0.43, 0.81, 0.52, 0.52, 0.52, 1.0, 0.43]",113.58000000000001,"[5, 15, 28, 36, 37, 40, 46, 51, 95, 98, 103, 117, 120, 131, 137]","[0.04, 0.03, 0.0, 0.04, 0.01, 0.0, 0.0, 0.03, 0.04, 0.04, 0.0, 0.01, 0.04, 0.03, 0.01, 0.01, 0.04, 0.03, 0.01, 0.03, 0.03, 0.03, 0.01, 0.04, 0.03, 0.01, 0.04, 0.03, 0.01, 0.01, 0.01, 0.01, 0.03, 0.0, 0.01, 0.03, 0.03, 0.0, 0.04, 0.01, 0.03, 0.0, 0.04, 0.01, 0.0, 0.01, 0.03, 0.0, 0.03, 0.0, 0.01, 0.03, 0.03, 0.0, 0.0, 0.01, 0.01, 0.03, 0.0, 0.03, 0.0, 0.04, 0.0, 0.03, 0.01, 0.01, 0.03, 0.03, 0.01, 0.03, 0.03, 0.01, 0.01, 0.04, 0.04, 0.01, 0.03, 0.03, 0.04, 0.0, 0.0, 0.0, 0.03, 0.03, 0.0, 0.03, 0.04, 0.0, 0.0, 0.0, 0.04, 0.04, 0.03, 0.04, 0.01, 0.0, 0.01, 0.01, 0.0, 0.03, 0.0, 0.0, 0.01, 0.03, 0.0, 0.0, 0.03, 0.0, 0.0, 0.0, 0.0, 0.01, 0.01, 0.04, 0.03, 0.0, 0.03, 0.03, 0.0, 0.03, 0.0, 0.04, 0.01, 0.03, 0.01, 0.04, 0.0, 0.03, 0.01, 0.03, 0.01, 0.0, 0.0, 0.01, 0.0, 0.0, 0.03, 0.0, 0.0, 0.0, 0.01, 0.04, 0.0, 0.04, 0.03, 0.04, 0.04, 0.03, 0.0, 0.04]",0,
26,Plurality,ATVA_3,150,3,"{'B': 55, 'A': 48, 'C': 47}","[0.81, 0.43, 0.81, 1.0, 1.0, 1.0, 1.0, 0.52, 0.81, 1.0, 0.52, 1.0, 1.0, 0.52, 1.0, 0.52, 0.81, 1.0, 1.0, 0.43, 1.0, 0.52, 0.52, 0.52, 1.0, 0.43, 0.43, 0.81, 0.81, 0.52, 0.43, 1.0, 0.43, 1.0, 0.43, 0.81, 0.43, 0.52, 0.52, 0.43, 1.0, 0.43, 0.52, 0.43, 0.81, 0.52, 0.52, 0.81, 0.52, 0.52, 0.52, 0.52, 0.52, 1.0, 0.52, 0.43, 1.0, 0.52, 0.52, 0.81, 0.52, 1.0, 0.52, 1.0, 1.0, 0.52, 0.52, 0.52, 1.0, 0.81, 1.0, 0.43, 1.0, 0.52, 0.43, 1.0, 1.0, 1.0, 0.52, 0.81, 0.52, 0.52, 1.0, 0.43, 0.52, 0.52, 0.52, 1.0, 0.43, 0.52, 0.81, 1.0, 1.0, 1.0, 0.43, 0.52, 0.52, 0.52, 1.0, 0.52, 0.43, 1.0, 0.43, 0.52, 0.81, 1.0, 1.0, 0.43, 0.52, 0.52, 1.0, 0.52, 1.0, 0.81, 1.0, 1.0, 1.0, 0.52, 0.52, 0.81, 0.43, 0.52, 0.43, 0.81, 1.0, 1.0, 0.52, 1.0, 0.43, 1.0, 1.0, 0.52, 0.52, 1.0, 1.0, 0.81, 1.0, 1.0, 1.0, 0.43, 1.0, 0.52, 1.0, 0.81, 1.0, 0.81, 0.43, 0.52, 1.0, 1.0]",107.95,"[11, 22, 38, 43, 46, 47, 50, 52, 59, 63, 67, 68, 74, 85, 89, 95, 97, 100, 104, 108, 110, 133]","[0.01, 0.04, 0.01, 0.0, 0.0, 0.0, 0.01, 0.03, 0.01, 0.0, 0.01, 0.0, 0.01, 0.04, 0.0, 0.04, 0.03, 0.0, 0.01, 0.04, 0.0, 0.01, 0.03, 0.03, 0.01, 0.04, 0.04, 0.03, 0.01, 0.03, 0.04, 0.01, 0.04, 0.0, 0.04, 0.01, 0.04, 0.01, 0.04, 0.04, 0.01, 0.04, 0.01, 0.04, 0.01, 0.01, 0.01, 0.01, 0.03, 0.01, 0.03, 0.01, 0.03, 0.0, 0.03, 0.04, 0.01, 0.04, 0.01, 0.01, 0.03, 0.01, 0.01, 0.01, 0.0, 0.04, 0.01, 0.01, 0.0, 0.03, 0.01, 0.04, 0.0, 0.01, 0.04, 0.01, 0.01, 0.0, 0.04, 0.01, 0.04, 0.04, 0.0, 0.04, 0.01, 0.03, 0.03, 0.01, 0.03, 0.03, 0.01, 0.01, 0.0, 0.01, 0.03, 0.03, 0.01, 0.04, 0.01, 0.01, 0.04, 0.0, 0.04, 0.01, 0.01, 0.0, 0.0, 0.03, 0.04, 0.01, 0.0, 0.03, 0.0, 0.01, 0.0, 0.0, 0.0, 0.03, 0.04, 0.01, 0.04, 0.03, 0.04, 0.01, 0.01, 0.0, 0.03, 0.0, 0.04, 0.0, 0.0, 0.03, 0.01, 0.0, 0.01, 0.01, 0.01, 0.0, 0.0, 0.04, 0.0, 0.03, 0.01, 0.03, 0.01, 0.01, 0.04, 0.03, 0.01, 0.01]",0,
27,Plurality,ATVA_3,150,3,"{'B': 54, 'A': 50, 'C': 46}","[0.52, 1.0, 0.81, 1.0, 0.81, 1.0, 1.0, 1.0, 0.43, 0.81, 0.81, 1.0, 0.43, 0.52, 0.81, 0.52, 0.52, 0.52, 0.52, 0.43, 1.0, 1.0, 1.0, 1.0, 1.0, 0.52, 1.0, 1.0, 0.52, 1.0, 0.52, 0.81, 0.43, 0.43, 0.81, 0.52, 0.52, 1.0, 0.81, 0.43, 0.81, 0.52, 0.43, 0.81, 1.0, 0.81, 1.0, 1.0, 0.43, 1.0, 0.43, 1.0, 0.52, 0.81, 1.0, 1.0, 0.52, 1.0, 0.81, 1.0, 0.52, 1.0, 1.0, 0.52, 1.0, 1.0, 0.81, 1.0, 0.43, 0.81, 0.52, 1.0, 0.81, 0.52, 1.0, 0.81, 1.0, 1.0, 0.43, 0.81, 0.52, 0.43, 0.81, 0.52, 1.0, 0.43, 1.0, 0.43, 0.81, 0.43, 1.0, 1.0, 0.81, 0.52, 1.0, 0.81, 0.81, 0.52, 1.0, 1.0, 0.43, 0.43, 0.81, 1.0, 0.52, 0.52, 0.52, 0.52, 0.52, 0.43, 0.43, 0.81, 0.81, 0.81, 0.81, 0.52, 0.52, 1.0, 1.0, 0.52, 0.52, 0.43, 0.52, 0.52, 0.81, 1.0, 0.52, 0.43, 1.0, 0.81, 0.81, 1.0, 1.0, 0.52, 1.0, 0.52, 0.52, 1.0, 1.0, 0.52, 0.81, 0.81, 1.0, 1.0, 0.81, 1.0, 1.0, 0.81, 0.43, 0.52]",112.09,"[16, 17, 18, 26, 29, 31, 40, 43, 49, 53, 81, 84, 88, 101, 110, 111, 122, 124, 136, 137, 149, 150]","[0.04, 0.0, 0.03, 0.0, 0.03, 0.0, 0.0, 0.0, 0.04, 0.03, 0.01, 0.0, 0.04, 0.04, 0.03, 0.01, 0.01, 0.01, 0.04, 0.04, 0.0, 0.0, 0.0, 0.0, 0.0, 0.01, 0.0, 0.0, 0.01, 0.0, 0.01, 0.03, 0.04, 0.04, 0.01, 0.04, 0.04, 0.0, 0.01, 0.03, 0.01, 0.04, 0.03, 0.01, 0.0, 0.03, 0.0, 0.01, 0.03, 0.01, 0.04, 0.0, 0.01, 0.03, 0.01, 0.0, 0.04, 0.01, 0.01, 0.0, 0.03, 0.0, 0.0, 0.03, 0.01, 0.01, 0.03, 0.0, 0.04, 0.01, 0.04, 0.01, 0.01, 0.04, 0.01, 0.03, 0.0, 0.0, 0.04, 0.01, 0.01, 0.04, 0.03, 0.01, 0.0, 0.04, 0.01, 0.03, 0.01, 0.04, 0.0, 0.01, 0.01, 0.04, 0.01, 0.01, 0.01, 0.03, 0.01, 0.01, 0.03, 0.04, 0.01, 0.0, 0.03, 0.03, 0.04, 0.04, 0.04, 0.03, 0.03, 0.03, 0.01, 0.01, 0.01, 0.03, 0.03, 0.01, 0.01, 0.04, 0.03, 0.03, 0.03, 0.01, 0.01, 0.0, 0.03, 0.04, 0.0, 0.01, 0.01, 0.01, 0.0, 0.03, 0.0, 0.01, 0.01, 0.0, 0.0, 0.03, 0.01, 0.03, 0.0, 0.0, 0.01, 0.0, 0.0, 0.01, 0.03, 0.01]",0,
28,Plurality,ATVA_3,150,3,"{'A': 51, 'B': 50, 'C': 49}","[1.0, 0.52, 0.52, 1.0, 0.81, 0.43, 1.0, 1.0, 1.0, 0.43, 0.52, 1.0, 1.0, 0.81, 0.43, 0.52, 0.52, 1.0, 0.43, 0.52, 0.52, 1.0, 0.81, 0.52, 0.43, 1.0, 0.81, 0.43, 0.81, 1.0, 0.81, 1.0, 0.81, 0.52, 0.81, 1.0, 0.52, 1.0, 1.0, 0.52, 1.0, 1.0, 0.52, 0.43, 1.0, 1.0, 0.81, 0.43, 0.52, 0.52, 0.43, 0.52, 1.0, 1.0, 0.52, 0.81, 1.0, 0.52, 1.0, 0.43, 0.52, 1.0, 0.52, 0.52, 0.52, 0.52, 0.52, 1.0, 0.43, 0.52, 1.0, 1.0, 0.81, 0.43, 0.52, 0.81, 0.52, 1.0, 1.0, 0.52, 0.81, 0.43, 0.81, 0.43, 1.0, 1.0, 0.43, 0.81, 0.52, 0.43, 1.0, 0.52, 0.81, 0.52, 1.0, 0.43, 0.43, 1.0, 1.0, 0.81, 1.0, 1.0, 1.0, 0.81, 1.0, 0.43, 0.81, 0.43, 1.0, 1.0, 0.81, 0.52, 0.81, 0.43, 0.52, 1.0, 1.0, 0.52, 0.52, 0.52, 0.52, 0.81, 0.43, 0.43, 0.52, 0.81, 0.52, 0.43, 1.0, 0.52, 0.52, 1.0, 0.52, 0.43, 1.0, 1.0, 0.81, 1.0, 0.52, 0.52, 1.0, 0.52, 0.43, 1.0, 1.0, 0.52, 0.52, 0.81, 0.43, 0.81]",107.59,"[3, 6, 15, 20, 24, 25, 43, 48, 60, 61, 63, 64, 69, 74, 80, 82, 84, 87, 89, 90, 96, 106, 108, 112, 118, 124, 125, 127, 128, 131, 134, 143, 147, 149]","[0.0, 0.04, 0.01, 0.0, 0.03, 0.03, 0.0, 0.0, 0.0, 0.04, 0.03, 0.0, 0.0, 0.01, 0.03, 0.04, 0.03, 0.0, 0.04, 0.01, 0.03, 0.0, 0.01, 0.01, 0.03, 0.0, 0.01, 0.04, 0.01, 0.0, 0.03, 0.0, 0.01, 0.03, 0.01, 0.01, 0.03, 0.0, 0.0, 0.03, 0.0, 0.01, 0.01, 0.04, 0.0, 0.01, 0.03, 0.03, 0.03, 0.04, 0.04, 0.03, 0.0, 0.0, 0.03, 0.03, 0.0, 0.03, 0.0, 0.03, 0.01, 0.01, 0.01, 0.01, 0.03, 0.03, 0.03, 0.0, 0.03, 0.03, 0.0, 0.0, 0.03, 0.03, 0.04, 0.01, 0.04, 0.01, 0.0, 0.01, 0.01, 0.03, 0.01, 0.03, 0.01, 0.0, 0.03, 0.03, 0.01, 0.03, 0.0, 0.03, 0.01, 0.03, 0.0, 0.03, 0.04, 0.01, 0.0, 0.01, 0.0, 0.0, 0.0, 0.03, 0.0, 0.03, 0.01, 0.03, 0.0, 0.01, 0.03, 0.01, 0.01, 0.04, 0.03, 0.01, 0.0, 0.01, 0.03, 0.03, 0.03, 0.03, 0.04, 0.03, 0.01, 0.01, 0.01, 0.03, 0.0, 0.04, 0.01, 0.01, 0.03, 0.03, 0.0, 0.0, 0.01, 0.01, 0.03, 0.04, 0.0, 0.03, 0.03, 0.01, 0.0, 0.03, 0.01, 0.03, 0.03, 0.01]",0,
29,Plurality,ATVA_3,150,3,"{'C': 57, 'B': 53, 'A': 40}","[1.0, 0.43, 1.0, 1.0, 0.52, 0.52, 0.52, 1.0, 1.0, 1.0, 0.52, 1.0, 0.43, 0.52, 0.52, 1.0, 0.81, 1.0, 1.0, 0.52, 0.52, 0.52, 0.52, 1.0, 0.81, 0.43, 0.43, 0.52, 0.52, 0.43, 1.0, 0.43, 0.52, 1.0, 1.0, 1.0, 0.52, 0.43, 1.0, 0.52, 0.43, 0.52, 1.0, 0.81, 0.52, 1.0, 0.52, 0.81, 0.43, 0.81, 0.81, 0.52, 0.81, 0.81, 1.0, 0.43, 0.52, 1.0, 0.81, 0.43, 0.81, 1.0, 1.0, 0.52, 0.43, 0.52, 0.52, 0.52, 0.52, 0.43, 1.0, 1.0, 0.52, 1.0, 1.0, 0.52, 0.81, 0.43, 0.81, 0.81, 0.43, 1.0, 1.0, 0.81, 0.81, 1.0, 0.52, 1.0, 0.81, 0.43, 0.52, 0.43, 0.52, 1.0, 0.52, 1.0, 0.52, 0.52, 1.0, 0.81, 0.52, 1.0, 1.0, 1.0, 0.81, 1.0, 1.0, 1.0, 1.0, 1.0, 0.52, 1.0, 1.0, 1.0, 0.52, 1.0, 0.43, 1.0, 1.0, 0.52, 0.52, 1.0, 0.43, 1.0, 1.0, 0.81, 0.52, 0.81, 0.52, 0.43, 1.0, 0.81, 0.81, 1.0, 0.81, 1.0, 0.52, 1.0, 0.81, 0.52, 1.0, 0.52, 0.81, 0.52, 0.52, 1.0, 0.52, 0.81, 0.81, 1.0]",111.39000000000001,"[2, 11, 15, 22, 23, 27, 30, 45, 49, 56, 60, 68, 70, 73, 121, 147]","[0.0, 0.03, 0.01, 0.01, 0.03, 0.03, 0.04, 0.01, 0.01, 0.01, 0.01, 0.01, 0.04, 0.03, 0.01, 0.01, 0.03, 0.0, 0.0, 0.04, 0.03, 0.01, 0.01, 0.0, 0.01, 0.04, 0.03, 0.04, 0.03, 0.03, 0.01, 0.04, 0.03, 0.01, 0.0, 0.01, 0.04, 0.04, 0.0, 0.04, 0.04, 0.03, 0.0, 0.03, 0.01, 0.0, 0.03, 0.03, 0.03, 0.01, 0.01, 0.04, 0.01, 0.01, 0.01, 0.03, 0.03, 0.0, 0.03, 0.03, 0.03, 0.01, 0.0, 0.03, 0.04, 0.03, 0.03, 0.01, 0.03, 0.03, 0.0, 0.0, 0.01, 0.01, 0.01, 0.04, 0.01, 0.04, 0.03, 0.03, 0.04, 0.0, 0.01, 0.01, 0.03, 0.0, 0.03, 0.01, 0.03, 0.04, 0.03, 0.04, 0.04, 0.0, 0.03, 0.01, 0.04, 0.03, 0.01, 0.01, 0.03, 0.01, 0.01, 0.01, 0.03, 0.01, 0.01, 0.01, 0.01, 0.01, 0.03, 0.0, 0.0, 0.0, 0.04, 0.01, 0.04, 0.01, 0.0, 0.04, 0.01, 0.01, 0.04, 0.01, 0.01, 0.03, 0.03, 0.03, 0.03, 0.04, 0.01, 0.03, 0.03, 0.0, 0.03, 0.01, 0.03, 0.01, 0.03, 0.04, 0.0, 0.03, 0.03, 0.04, 0.03, 0.01, 0.01, 0.01, 0.03, 0.0]",0,
30,Plurality,ATVA_4,150,3,"{'B': 55, 'A': 48, 'C': 47}","[0.43, 0.52, 1.0, 0.52, 1.0, 0.43, 0.52, 0.52, 1.0, 0.81, 0.43, 0.81, 0.81, 0.81, 0.43, 0.81, 0.52, 1.0, 1.0, 1.0, 0.52, 0.52, 0.43, 0.81, 1.0, 1.0, 1.0, 0.43, 0.43, 1.0, 1.0, 0.52, 1.0, 1.0, 0.52, 1.0, 0.43, 1.0, 1.0, 0.52, 0.52, 1.0, 1.0, 1.0, 1.0, 0.81, 1.0, 0.52, 0.81, 0.43, 0.43, 0.52, 1.0, 0.52, 0.52, 1.0, 1.0, 1.0, 1.0, 0.43, 1.0, 0.52, 1.0, 1.0, 0.52, 0.52, 1.0, 0.52, 0.52, 0.81, 0.43, 1.0, 0.43, 0.81, 0.81, 1.0, 0.52, 1.0, 0.43, 0.52, 1.0, 1.0, 0.52, 0.52, 0.52, 0.52, 0.52, 0.43, 1.0, 1.0, 0.43, 1.0, 0.52, 0.52, 0.81, 0.52, 1.0, 1.0, 0.43, 1.0, 0.43, 0.52, 0.81, 0.52, 0.52, 0.52, 0.52, 1.0, 0.81, 0.43, 1.0, 0.52, 1.0, 0.52, 0.52, 0.52, 1.0, 1.0, 0.52, 0.52, 1.0, 0.52, 0.43, 1.0, 0.52, 1.0, 0.52, 0.43, 1.0, 0.43, 0.81, 0.52, 0.52, 1.0, 1.0, 0.81, 0.81, 0.81, 0.43, 0.81, 0.43, 1.0, 0.52, 1.0, 1.0, 0.81, 0.43, 0.43, 0.81, 0.43]",108.06,[],"[0.04, 0.03, 0.0, 0.03, 0.01, 0.04, 0.03, 0.03, 0.0, 0.01, 0.04, 0.01, 0.01, 0.01, 0.04, 0.01, 0.03, 0.01, 0.0, 0.0, 0.03, 0.03, 0.04, 0.01, 0.01, 0.0, 0.01, 0.04, 0.04, 0.0, 0.0, 0.03, 0.01, 0.0, 0.03, 0.01, 0.04, 0.0, 0.0, 0.03, 0.03, 0.01, 0.01, 0.0, 0.01, 0.01, 0.01, 0.03, 0.01, 0.04, 0.04, 0.03, 0.01, 0.03, 0.03, 0.0, 0.0, 0.01, 0.0, 0.04, 0.01, 0.03, 0.01, 0.01, 0.03, 0.03, 0.0, 0.03, 0.03, 0.01, 0.04, 0.01, 0.04, 0.01, 0.01, 0.0, 0.03, 0.01, 0.04, 0.03, 0.01, 0.01, 0.03, 0.03, 0.03, 0.03, 0.03, 0.04, 0.0, 0.01, 0.04, 0.0, 0.03, 0.03, 0.01, 0.03, 0.01, 0.01, 0.04, 0.0, 0.04, 0.03, 0.01, 0.03, 0.03, 0.03, 0.03, 0.0, 0.01, 0.04, 0.01, 0.03, 0.0, 0.03, 0.03, 0.03, 0.01, 0.01, 0.03, 0.03, 0.01, 0.03, 0.04, 0.01, 0.03, 0.0, 0.03, 0.04, 0.0, 0.04, 0.01, 0.03, 0.03, 0.01, 0.0, 0.01, 0.01, 0.01, 0.04, 0.01, 0.04, 0.01, 0.03, 0.0, 0.01, 0.01, 0.04, 0.04, 0.01, 0.04]",0,
31,Plurality,ATVA_4,150,3,"{'A': 52, 'C': 52, 'B': 46}","[0.43, 1.0, 0.81, 0.52, 1.0, 0.43, 1.0, 0.81, 1.0, 0.52, 0.52, 1.0, 0.43, 1.0, 0.43, 0.81, 0.81, 1.0, 0.52, 0.43, 0.52, 1.0, 1.0, 1.0, 1.0, 0.43, 0.81, 1.0, 1.0, 0.52, 0.52, 0.81, 1.0, 0.81, 0.43, 0.81, 0.52, 0.52, 0.81, 0.43, 1.0, 1.0, 0.52, 1.0, 0.81, 0.43, 0.81, 1.0, 0.52, 0.52, 1.0, 1.0, 0.52, 1.0, 0.52, 0.43, 0.81, 1.0, 0.52, 1.0, 1.0, 0.52, 0.52, 0.81, 0.81, 1.0, 0.81, 0.43, 1.0, 0.52, 0.81, 0.52, 1.0, 1.0, 0.52, 1.0, 0.52, 1.0, 0.43, 0.81, 0.81, 0.43, 1.0, 0.52, 0.81, 1.0, 0.52, 1.0, 0.52, 0.52, 0.52, 0.43, 0.52, 1.0, 0.52, 1.0, 0.52, 0.52, 0.52, 0.52, 0.52, 0.43, 0.52, 0.43, 1.0, 0.52, 0.81, 1.0, 1.0, 0.52, 1.0, 0.81, 0.43, 0.52, 0.81, 1.0, 0.52, 1.0, 1.0, 1.0, 1.0, 1.0, 0.81, 0.81, 1.0, 1.0, 0.43, 0.52, 0.43, 0.43, 0.52, 0.52, 0.43, 0.52, 0.81, 1.0, 0.52, 0.52, 1.0, 0.43, 0.52, 0.52, 0.81, 0.52, 1.0, 1.0, 0.81, 0.52, 0.52, 1.0]",108.81,"[1, 6, 13, 15, 20, 26, 35, 40, 46, 56, 68, 79, 82, 92, 102, 104, 113, 127, 129, 130, 133, 140]","[0.04, 0.0, 0.01, 0.03, 0.0, 0.04, 0.01, 0.01, 0.0, 0.03, 0.03, 0.0, 0.04, 0.0, 0.04, 0.01, 0.01, 0.0, 0.03, 0.04, 0.03, 0.01, 0.0, 0.0, 0.0, 0.04, 0.01, 0.0, 0.0, 0.03, 0.03, 0.01, 0.01, 0.01, 0.04, 0.01, 0.03, 0.03, 0.01, 0.04, 0.01, 0.01, 0.03, 0.01, 0.01, 0.04, 0.01, 0.0, 0.03, 0.03, 0.0, 0.01, 0.03, 0.0, 0.03, 0.04, 0.01, 0.01, 0.03, 0.01, 0.0, 0.03, 0.03, 0.01, 0.01, 0.0, 0.01, 0.04, 0.0, 0.03, 0.01, 0.03, 0.0, 0.0, 0.03, 0.01, 0.03, 0.01, 0.04, 0.01, 0.01, 0.04, 0.0, 0.03, 0.01, 0.0, 0.03, 0.01, 0.03, 0.03, 0.03, 0.04, 0.03, 0.01, 0.03, 0.01, 0.03, 0.03, 0.03, 0.03, 0.03, 0.04, 0.03, 0.04, 0.01, 0.03, 0.01, 0.01, 0.01, 0.03, 0.01, 0.01, 0.04, 0.03, 0.01, 0.0, 0.03, 0.01, 0.01, 0.0, 0.0, 0.01, 0.01, 0.01, 0.0, 0.01, 0.04, 0.03, 0.04, 0.04, 0.03, 0.03, 0.04, 0.03, 0.01, 0.0, 0.03, 0.03, 0.01, 0.04, 0.03, 0.03, 0.01, 0.03, 0.0, 0.0, 0.01, 0.03, 0.03, 0.0]",0.09000000000000002,
32,Plurality,ATVA_4,150,3,"{'B': 56, 'A': 48, 'C': 46}","[0.52, 0.43, 0.43, 0.52, 1.0, 1.0, 0.81, 0.81, 0.43, 1.0, 1.0, 0.81, 1.0, 0.52, 1.0, 1.0, 0.81, 1.0, 0.52, 0.81, 0.52, 1.0, 0.52, 1.0, 1.0, 0.52, 0.52, 1.0, 1.0, 0.81, 0.52, 0.43, 0.43, 0.52, 0.52, 0.52, 0.52, 1.0, 0.81, 1.0, 0.81, 0.52, 1.0, 1.0, 1.0, 0.43, 0.52, 1.0, 0.52, 0.43, 0.52, 0.52, 0.43, 0.52, 1.0, 0.81, 0.43, 0.52, 0.81, 0.52, 0.43, 0.43, 0.43, 1.0, 0.52, 0.52, 1.0, 1.0, 1.0, 1.0, 0.43, 0.52, 0.52, 1.0, 0.52, 1.0, 1.0, 0.81, 0.81, 1.0, 0.43, 1.0, 0.52, 1.0, 1.0, 0.52, 0.43, 0.81, 0.43, 1.0, 0.52, 0.52, 0.52, 0.52, 0.52, 1.0, 1.0, 0.52, 0.52, 0.43, 0.81, 1.0, 0.81, 1.0, 1.0, 0.43, 1.0, 1.0, 0.52, 0.52, 0.43, 0.52, 1.0, 0.81, 0.43, 1.0, 0.81, 1.0, 0.43, 1.0, 1.0, 0.52, 0.52, 1.0, 0.81, 1.0, 1.0, 1.0, 0.52, 1.0, 0.43, 0.81, 0.52, 0.52, 1.0, 1.0, 0.52, 0.52, 0.43, 0.52, 0.81, 0.52, 1.0, 0.52, 1.0, 0.43, 1.0, 0.52, 1.0, 0.81]",108.81,[],"[0.03, 0.04, 0.04, 0.03, 0.01, 0.01, 0.01, 0.01, 0.04, 0.0, 0.01, 0.01, 0.0, 0.03, 0.0, 0.01, 0.01, 0.0, 0.03, 0.01, 0.03, 0.01, 0.03, 0.0, 0.01, 0.03, 0.03, 0.01, 0.01, 0.01, 0.03, 0.04, 0.04, 0.03, 0.03, 0.03, 0.03, 0.0, 0.01, 0.01, 0.01, 0.03, 0.01, 0.01, 0.0, 0.04, 0.03, 0.01, 0.03, 0.04, 0.03, 0.03, 0.04, 0.03, 0.01, 0.01, 0.04, 0.03, 0.01, 0.03, 0.04, 0.04, 0.04, 0.01, 0.03, 0.03, 0.01, 0.0, 0.0, 0.01, 0.04, 0.03, 0.03, 0.0, 0.03, 0.0, 0.0, 0.01, 0.01, 0.0, 0.04, 0.01, 0.03, 0.0, 0.01, 0.03, 0.04, 0.01, 0.04, 0.01, 0.03, 0.03, 0.03, 0.03, 0.03, 0.01, 0.01, 0.03, 0.03, 0.04, 0.01, 0.0, 0.01, 0.01, 0.0, 0.04, 0.01, 0.0, 0.03, 0.03, 0.04, 0.03, 0.01, 0.01, 0.04, 0.0, 0.01, 0.01, 0.04, 0.0, 0.0, 0.03, 0.03, 0.01, 0.01, 0.0, 0.0, 0.0, 0.03, 0.0, 0.04, 0.01, 0.03, 0.03, 0.0, 0.01, 0.03, 0.03, 0.04, 0.03, 0.01, 0.03, 0.01, 0.03, 0.0, 0.04, 0.0, 0.03, 0.01, 0.01]",0,
33,Plurality,ATVA_4,150,3,"{'A': 55, 'B': 50, 'C': 45}","[0.52, 1.0, 0.52, 0.81, 1.0, 0.52, 0.52, 0.81, 0.52, 0.43, 0.43, 0.52, 1.0, 0.81, 1.0, 1.0, 0.52, 0.43, 0.52, 0.52, 0.52, 0.81, 0.52, 1.0, 0.52, 1.0, 0.81, 1.0, 0.52, 0.52, 0.43, 0.43, 0.52, 0.43, 1.0, 1.0, 0.43, 0.52, 1.0, 0.81, 0.52, 0.43, 0.81, 0.81, 1.0, 1.0, 1.0, 0.52, 1.0, 0.81, 0.81, 0.43, 0.81, 0.43, 1.0, 1.0, 0.52, 0.81, 0.43, 1.0, 0.52, 1.0, 0.81, 0.52, 0.43, 0.52, 0.43, 0.43, 0.52, 1.0, 0.52, 0.52, 0.52, 1.0, 0.52, 0.81, 0.43, 0.43, 0.52, 1.0, 0.43, 0.52, 0.52, 1.0, 1.0, 1.0, 0.52, 1.0, 1.0, 0.81, 0.52, 1.0, 0.52, 0.43, 1.0, 0.43, 0.81, 1.0, 0.81, 0.52, 0.43, 1.0, 1.0, 1.0, 1.0, 1.0, 0.52, 1.0, 0.81, 0.52, 0.81, 0.81, 1.0, 0.81, 1.0, 0.52, 1.0, 1.0, 0.81, 1.0, 0.81, 0.81, 0.52, 1.0, 0.43, 0.81, 0.52, 1.0, 1.0, 0.43, 1.0, 0.52, 0.81, 1.0, 1.0, 1.0, 1.0, 0.52, 0.81, 0.43, 1.0, 1.0, 1.0, 0.52, 1.0, 1.0, 1.0, 0.43, 0.52, 0.81]",110.36,[],"[0.03, 0.0, 0.03, 0.01, 0.0, 0.03, 0.03, 0.01, 0.03, 0.04, 0.04, 0.03, 0.0, 0.01, 0.0, 0.0, 0.03, 0.04, 0.03, 0.03, 0.03, 0.01, 0.03, 0.0, 0.03, 0.01, 0.01, 0.0, 0.03, 0.03, 0.04, 0.04, 0.03, 0.04, 0.0, 0.0, 0.04, 0.03, 0.01, 0.01, 0.03, 0.04, 0.01, 0.01, 0.0, 0.0, 0.0, 0.03, 0.0, 0.01, 0.01, 0.04, 0.01, 0.04, 0.01, 0.0, 0.03, 0.01, 0.04, 0.01, 0.03, 0.0, 0.01, 0.03, 0.04, 0.03, 0.04, 0.04, 0.03, 0.0, 0.03, 0.03, 0.03, 0.0, 0.03, 0.01, 0.04, 0.04, 0.03, 0.0, 0.04, 0.03, 0.03, 0.0, 0.01, 0.01, 0.03, 0.01, 0.01, 0.01, 0.03, 0.0, 0.03, 0.04, 0.0, 0.04, 0.01, 0.01, 0.01, 0.03, 0.04, 0.0, 0.0, 0.0, 0.0, 0.01, 0.03, 0.0, 0.01, 0.03, 0.01, 0.01, 0.0, 0.01, 0.01, 0.03, 0.0, 0.01, 0.01, 0.0, 0.01, 0.01, 0.03, 0.0, 0.04, 0.01, 0.03, 0.0, 0.0, 0.04, 0.01, 0.03, 0.01, 0.0, 0.0, 0.01, 0.0, 0.03, 0.01, 0.04, 0.0, 0.0, 0.01, 0.03, 0.0, 0.01, 0.01, 0.04, 0.03, 0.01]",0,
34,Plurality,ATVA_4,150,3,"{'B': 55, 'C': 51, 'A': 44}","[1.0, 0.52, 0.81, 1.0, 1.0, 1.0, 0.81, 1.0, 0.52, 0.52, 0.43, 1.0, 0.81, 0.81, 0.81, 0.52, 0.43, 1.0, 0.43, 0.52, 1.0, 0.52, 0.52, 1.0, 1.0, 1.0, 0.43, 0.52, 0.81, 0.52, 0.81, 1.0, 1.0, 0.52, 0.52, 1.0, 0.43, 1.0, 0.43, 0.43, 0.43, 1.0, 0.43, 0.81, 0.43, 1.0, 0.52, 0.43, 0.52, 0.52, 0.52, 0.52, 1.0, 1.0, 0.52, 0.52, 0.52, 1.0, 1.0, 1.0, 0.43, 0.52, 1.0, 0.43, 1.0, 1.0, 0.43, 1.0, 0.43, 0.52, 1.0, 0.52, 0.52, 1.0, 0.43, 1.0, 0.43, 0.81, 1.0, 0.81, 0.52, 0.81, 0.43, 1.0, 0.43, 1.0, 0.81, 1.0, 0.43, 0.52, 1.0, 0.43, 0.52, 0.52, 0.52, 0.81, 0.52, 0.43, 0.81, 1.0, 0.81, 0.81, 1.0, 0.43, 0.52, 0.52, 0.52, 1.0, 0.52, 0.52, 1.0, 0.81, 1.0, 1.0, 1.0, 1.0, 0.43, 0.43, 1.0, 0.52, 0.52, 0.52, 0.52, 1.0, 0.81, 0.52, 0.52, 1.0, 0.52, 0.52, 0.52, 0.52, 1.0, 1.0, 0.52, 0.81, 1.0, 1.0, 0.81, 1.0, 1.0, 1.0, 1.0, 0.81, 1.0, 0.52, 0.43, 0.52, 0.52, 1.0]",108.15,[],"[0.01, 0.03, 0.01, 0.0, 0.0, 0.0, 0.01, 0.0, 0.03, 0.03, 0.04, 0.01, 0.01, 0.01, 0.01, 0.03, 0.04, 0.0, 0.04, 0.03, 0.01, 0.03, 0.03, 0.0, 0.0, 0.01, 0.04, 0.03, 0.01, 0.03, 0.01, 0.0, 0.0, 0.03, 0.03, 0.0, 0.04, 0.01, 0.04, 0.04, 0.04, 0.0, 0.04, 0.01, 0.04, 0.01, 0.03, 0.04, 0.03, 0.03, 0.03, 0.03, 0.01, 0.01, 0.03, 0.03, 0.03, 0.0, 0.01, 0.01, 0.04, 0.03, 0.0, 0.04, 0.0, 0.01, 0.04, 0.0, 0.04, 0.03, 0.0, 0.03, 0.03, 0.0, 0.04, 0.01, 0.04, 0.01, 0.01, 0.01, 0.03, 0.01, 0.04, 0.0, 0.04, 0.01, 0.01, 0.0, 0.04, 0.03, 0.0, 0.04, 0.03, 0.03, 0.03, 0.01, 0.03, 0.04, 0.01, 0.01, 0.01, 0.01, 0.0, 0.04, 0.03, 0.03, 0.03, 0.0, 0.03, 0.03, 0.0, 0.01, 0.0, 0.01, 0.01, 0.0, 0.04, 0.04, 0.0, 0.03, 0.03, 0.03, 0.03, 0.0, 0.01, 0.03, 0.03, 0.0, 0.03, 0.03, 0.03, 0.03, 0.01, 0.01, 0.03, 0.01, 0.01, 0.0, 0.01, 0.01, 0.01, 0.0, 0.0, 0.01, 0.01, 0.03, 0.04, 0.03, 0.03, 0.01]",0,
35,Plurality,ATVA_4,150,3,"{'A': 56, 'B': 50, 'C': 44}","[0.52, 0.52, 0.43, 0.43, 0.52, 1.0, 0.52, 0.43, 1.0, 1.0, 1.0, 0.52, 0.81, 0.52, 1.0, 0.52, 1.0, 0.43, 1.0, 0.43, 0.81, 0.43, 0.43, 0.81, 0.52, 0.52, 0.52, 1.0, 0.52, 1.0, 1.0, 0.52, 0.43, 0.81, 0.52, 0.52, 0.81, 1.0, 1.0, 1.0, 0.81, 0.43, 0.81, 1.0, 1.0, 0.52, 0.81, 0.52, 0.52, 1.0, 1.0, 0.43, 1.0, 1.0, 1.0, 0.81, 0.81, 0.43, 0.81, 1.0, 0.52, 0.43, 1.0, 1.0, 0.52, 0.81, 1.0, 1.0, 0.43, 0.52, 1.0, 0.52, 1.0, 1.0, 0.43, 0.81, 1.0, 0.43, 1.0, 1.0, 0.52, 0.52, 0.52, 0.81, 0.43, 1.0, 0.81, 0.52, 0.81, 1.0, 0.81, 1.0, 0.52, 0.43, 0.52, 1.0, 0.52, 0.52, 1.0, 0.81, 0.43, 0.52, 0.81, 1.0, 1.0, 0.52, 1.0, 1.0, 0.43, 0.52, 0.81, 1.0, 0.81, 0.52, 0.52, 0.43, 0.52, 0.52, 0.43, 0.81, 1.0, 1.0, 0.52, 0.81, 0.43, 1.0, 1.0, 1.0, 0.52, 0.52, 1.0, 0.81, 1.0, 1.0, 0.52, 0.52, 0.81, 0.52, 0.43, 1.0, 0.52, 1.0, 1.0, 1.0, 1.0, 1.0, 0.52, 0.81, 1.0, 0.52]",110.35000000000001,[],"[0.03, 0.03, 0.04, 0.04, 0.03, 0.0, 0.03, 0.04, 0.0, 0.01, 0.01, 0.03, 0.01, 0.03, 0.01, 0.03, 0.0, 0.04, 0.01, 0.04, 0.01, 0.04, 0.04, 0.01, 0.03, 0.03, 0.03, 0.0, 0.03, 0.0, 0.0, 0.03, 0.04, 0.01, 0.03, 0.03, 0.01, 0.0, 0.01, 0.01, 0.01, 0.04, 0.01, 0.01, 0.0, 0.03, 0.01, 0.03, 0.03, 0.0, 0.0, 0.04, 0.0, 0.01, 0.01, 0.01, 0.01, 0.04, 0.01, 0.0, 0.03, 0.04, 0.0, 0.01, 0.03, 0.01, 0.0, 0.01, 0.04, 0.03, 0.01, 0.03, 0.0, 0.01, 0.04, 0.01, 0.0, 0.04, 0.0, 0.01, 0.03, 0.03, 0.03, 0.01, 0.04, 0.01, 0.01, 0.03, 0.01, 0.01, 0.01, 0.01, 0.03, 0.04, 0.03, 0.0, 0.03, 0.03, 0.0, 0.01, 0.04, 0.03, 0.01, 0.01, 0.01, 0.03, 0.0, 0.01, 0.04, 0.03, 0.01, 0.01, 0.01, 0.03, 0.03, 0.04, 0.03, 0.03, 0.04, 0.01, 0.01, 0.01, 0.03, 0.01, 0.04, 0.0, 0.01, 0.01, 0.03, 0.03, 0.0, 0.01, 0.01, 0.0, 0.03, 0.03, 0.01, 0.03, 0.04, 0.0, 0.03, 0.01, 0.0, 0.0, 0.01, 0.0, 0.03, 0.01, 0.01, 0.03]",0,
36,Plurality,ATVA_4,150,3,"{'A': 58, 'B': 48, 'C': 44}","[1.0, 0.52, 1.0, 0.81, 0.81, 0.81, 1.0, 0.52, 0.81, 1.0, 0.43, 1.0, 1.0, 0.52, 1.0, 1.0, 0.52, 0.43, 0.52, 1.0, 1.0, 1.0, 1.0, 0.43, 1.0, 1.0, 0.52, 0.52, 1.0, 1.0, 1.0, 0.81, 0.52, 0.81, 0.43, 0.52, 0.52, 1.0, 0.81, 1.0, 0.52, 0.81, 0.52, 1.0, 0.52, 1.0, 0.81, 0.52, 0.43, 0.52, 1.0, 0.81, 0.81, 1.0, 1.0, 0.81, 0.81, 0.52, 1.0, 1.0, 1.0, 0.52, 0.52, 1.0, 0.52, 0.52, 1.0, 0.81, 1.0, 0.43, 0.81, 1.0, 0.52, 0.52, 0.52, 0.52, 1.0, 1.0, 0.81, 1.0, 1.0, 0.52, 1.0, 1.0, 0.52, 0.81, 0.81, 0.43, 0.43, 0.81, 0.81, 1.0, 0.52, 0.52, 1.0, 0.52, 1.0, 0.43, 0.43, 0.52, 0.52, 0.52, 0.52, 1.0, 1.0, 1.0, 0.52, 1.0, 1.0, 0.52, 0.81, 0.52, 0.43, 0.43, 0.43, 0.52, 0.52, 0.52, 1.0, 1.0, 0.81, 0.52, 1.0, 0.52, 1.0, 1.0, 0.52, 0.43, 0.43, 0.52, 0.81, 1.0, 1.0, 1.0, 0.43, 1.0, 1.0, 1.0, 0.43, 1.0, 0.52, 0.81, 0.43, 1.0, 0.43, 0.43, 0.52, 0.52, 0.43, 0.52]",110.91,[],"[0.0, 0.03, 0.0, 0.01, 0.01, 0.01, 0.01, 0.03, 0.01, 0.0, 0.04, 0.01, 0.01, 0.03, 0.01, 0.01, 0.03, 0.04, 0.03, 0.0, 0.01, 0.0, 0.01, 0.04, 0.01, 0.01, 0.03, 0.03, 0.01, 0.0, 0.01, 0.01, 0.03, 0.01, 0.04, 0.03, 0.03, 0.01, 0.01, 0.01, 0.03, 0.01, 0.03, 0.0, 0.03, 0.0, 0.01, 0.03, 0.04, 0.03, 0.0, 0.01, 0.01, 0.0, 0.01, 0.01, 0.01, 0.03, 0.01, 0.01, 0.0, 0.03, 0.03, 0.0, 0.03, 0.03, 0.01, 0.01, 0.01, 0.04, 0.01, 0.0, 0.03, 0.03, 0.03, 0.03, 0.01, 0.0, 0.01, 0.0, 0.0, 0.03, 0.01, 0.01, 0.03, 0.01, 0.01, 0.04, 0.04, 0.01, 0.01, 0.0, 0.03, 0.03, 0.01, 0.03, 0.01, 0.04, 0.04, 0.03, 0.03, 0.03, 0.03, 0.01, 0.01, 0.0, 0.03, 0.0, 0.01, 0.03, 0.01, 0.03, 0.04, 0.04, 0.04, 0.03, 0.03, 0.03, 0.01, 0.0, 0.01, 0.03, 0.01, 0.03, 0.0, 0.0, 0.03, 0.04, 0.04, 0.03, 0.01, 0.0, 0.01, 0.0, 0.04, 0.01, 0.01, 0.0, 0.04, 0.0, 0.03, 0.01, 0.04, 0.0, 0.04, 0.04, 0.03, 0.03, 0.04, 0.03]",0,
37,Plurality,ATVA_4,150,3,"{'B': 52, 'A': 49, 'C': 49}","[0.43, 0.52, 0.43, 1.0, 0.52, 0.81, 1.0, 0.43, 0.81, 0.52, 0.43, 1.0, 1.0, 0.81, 1.0, 0.52, 1.0, 1.0, 0.52, 0.52, 0.81, 1.0, 0.52, 0.43, 0.52, 0.81, 0.81, 0.81, 1.0, 0.81, 0.52, 1.0, 0.52, 0.52, 1.0, 0.81, 0.52, 1.0, 0.81, 1.0, 0.52, 1.0, 0.52, 0.81, 0.52, 0.52, 0.81, 0.81, 1.0, 0.52, 0.43, 0.52, 0.52, 0.81, 0.52, 0.52, 0.52, 0.52, 0.81, 0.43, 1.0, 1.0, 0.43, 0.43, 0.52, 0.81, 1.0, 1.0, 0.43, 1.0, 1.0, 0.52, 0.43, 0.52, 0.52, 0.52, 0.52, 0.52, 1.0, 1.0, 0.52, 0.81, 1.0, 0.52, 0.52, 0.52, 0.52, 0.81, 0.43, 0.81, 1.0, 1.0, 0.43, 0.81, 0.52, 1.0, 0.43, 0.81, 1.0, 1.0, 0.52, 1.0, 0.43, 1.0, 1.0, 0.81, 0.52, 0.81, 0.52, 1.0, 0.81, 1.0, 0.43, 1.0, 1.0, 0.43, 1.0, 1.0, 1.0, 0.43, 1.0, 1.0, 0.43, 0.52, 1.0, 1.0, 1.0, 0.43, 1.0, 1.0, 1.0, 0.43, 1.0, 0.81, 0.43, 0.81, 0.43, 0.52, 1.0, 0.81, 0.52, 1.0, 0.43, 0.52, 1.0, 0.52, 0.52, 0.52, 1.0, 0.52]",108.63000000000001,[],"[0.04, 0.03, 0.04, 0.01, 0.03, 0.01, 0.01, 0.04, 0.01, 0.03, 0.04, 0.0, 0.0, 0.01, 0.0, 0.03, 0.01, 0.0, 0.03, 0.03, 0.01, 0.01, 0.03, 0.04, 0.03, 0.01, 0.01, 0.01, 0.01, 0.01, 0.03, 0.01, 0.03, 0.03, 0.0, 0.01, 0.03, 0.01, 0.01, 0.0, 0.03, 0.01, 0.03, 0.01, 0.03, 0.03, 0.01, 0.01, 0.01, 0.03, 0.04, 0.03, 0.03, 0.01, 0.03, 0.03, 0.03, 0.03, 0.01, 0.04, 0.0, 0.0, 0.04, 0.04, 0.03, 0.01, 0.01, 0.01, 0.04, 0.0, 0.0, 0.03, 0.04, 0.03, 0.03, 0.03, 0.03, 0.03, 0.0, 0.01, 0.03, 0.01, 0.0, 0.03, 0.03, 0.03, 0.03, 0.01, 0.04, 0.01, 0.01, 0.0, 0.04, 0.01, 0.03, 0.01, 0.04, 0.01, 0.01, 0.0, 0.03, 0.0, 0.04, 0.01, 0.01, 0.01, 0.03, 0.01, 0.03, 0.0, 0.01, 0.01, 0.04, 0.0, 0.01, 0.04, 0.0, 0.01, 0.01, 0.04, 0.01, 0.01, 0.04, 0.03, 0.0, 0.0, 0.01, 0.04, 0.0, 0.0, 0.0, 0.04, 0.0, 0.01, 0.04, 0.01, 0.04, 0.03, 0.0, 0.01, 0.03, 0.0, 0.04, 0.03, 0.0, 0.03, 0.03, 0.03, 0.0, 0.03]",0,
38,Plurality,ATVA_4,150,3,"{'B': 52, 'C': 50, 'A': 48}","[1.0, 0.52, 0.43, 0.81, 0.52, 1.0, 0.52, 0.52, 0.81, 1.0, 1.0, 0.52, 0.52, 0.52, 1.0, 0.52, 0.52, 0.43, 1.0, 0.52, 1.0, 1.0, 0.43, 0.52, 1.0, 0.52, 0.43, 0.52, 1.0, 0.52, 0.52, 0.81, 1.0, 1.0, 1.0, 0.43, 0.81, 0.81, 0.52, 1.0, 1.0, 0.81, 0.43, 0.43, 1.0, 0.81, 0.43, 0.81, 1.0, 0.52, 0.52, 0.52, 0.81, 0.43, 0.81, 1.0, 1.0, 1.0, 1.0, 0.81, 0.52, 0.81, 0.43, 0.52, 0.81, 1.0, 0.52, 1.0, 0.81, 0.43, 0.43, 1.0, 1.0, 1.0, 0.81, 0.43, 1.0, 0.43, 0.81, 1.0, 0.52, 0.81, 0.52, 0.52, 0.81, 0.81, 0.52, 0.43, 0.52, 0.43, 0.52, 0.81, 0.81, 1.0, 0.43, 1.0, 0.81, 1.0, 0.81, 0.52, 1.0, 0.52, 1.0, 0.43, 1.0, 1.0, 0.43, 1.0, 1.0, 0.52, 1.0, 1.0, 0.81, 1.0, 0.81, 0.52, 1.0, 0.52, 0.52, 1.0, 0.52, 0.81, 0.52, 0.81, 0.43, 1.0, 1.0, 0.52, 0.81, 0.81, 1.0, 1.0, 0.81, 1.0, 0.52, 0.43, 1.0, 0.81, 1.0, 0.52, 0.52, 1.0, 0.52, 0.52, 0.81, 1.0, 0.43, 0.52, 0.52, 1.0]",110.26,[],"[0.0, 0.03, 0.04, 0.01, 0.03, 0.0, 0.03, 0.03, 0.01, 0.0, 0.0, 0.03, 0.03, 0.03, 0.01, 0.03, 0.03, 0.04, 0.01, 0.03, 0.01, 0.01, 0.04, 0.03, 0.0, 0.03, 0.04, 0.03, 0.01, 0.03, 0.03, 0.01, 0.0, 0.01, 0.0, 0.04, 0.01, 0.01, 0.03, 0.01, 0.0, 0.01, 0.04, 0.04, 0.01, 0.01, 0.04, 0.01, 0.0, 0.03, 0.03, 0.03, 0.01, 0.04, 0.01, 0.0, 0.0, 0.0, 0.01, 0.01, 0.03, 0.01, 0.04, 0.03, 0.01, 0.01, 0.03, 0.01, 0.01, 0.04, 0.04, 0.0, 0.0, 0.0, 0.01, 0.04, 0.01, 0.04, 0.01, 0.01, 0.03, 0.01, 0.03, 0.03, 0.01, 0.01, 0.03, 0.04, 0.03, 0.04, 0.03, 0.01, 0.01, 0.0, 0.04, 0.0, 0.01, 0.0, 0.01, 0.03, 0.01, 0.03, 0.01, 0.04, 0.01, 0.01, 0.04, 0.0, 0.01, 0.03, 0.01, 0.01, 0.01, 0.01, 0.01, 0.03, 0.01, 0.03, 0.03, 0.01, 0.03, 0.01, 0.03, 0.01, 0.04, 0.01, 0.01, 0.03, 0.01, 0.01, 0.0, 0.01, 0.01, 0.0, 0.03, 0.04, 0.0, 0.01, 0.0, 0.03, 0.03, 0.0, 0.03, 0.03, 0.01, 0.0, 0.04, 0.03, 0.03, 0.0]",0,
39,Plurality,ATVA_4,150,3,"{'A': 52, 'C': 50, 'B': 48}","[0.43, 0.81, 0.43, 0.81, 0.52, 0.43, 1.0, 0.52, 0.52, 0.52, 0.52, 0.52, 0.81, 1.0, 0.52, 1.0, 1.0, 0.81, 1.0, 0.52, 0.52, 0.52, 0.43, 1.0, 1.0, 0.43, 1.0, 0.52, 0.52, 0.52, 0.52, 0.81, 0.43, 0.81, 0.52, 1.0, 0.43, 0.43, 0.43, 0.52, 1.0, 1.0, 0.52, 0.52, 1.0, 0.52, 0.81, 0.81, 0.43, 0.43, 1.0, 0.81, 0.52, 0.52, 0.52, 1.0, 0.81, 1.0, 0.52, 0.52, 1.0, 1.0, 0.52, 1.0, 0.52, 0.52, 0.52, 0.43, 0.81, 0.52, 0.81, 0.81, 1.0, 0.52, 0.52, 0.52, 0.43, 0.81, 0.81, 0.52, 1.0, 0.81, 1.0, 1.0, 1.0, 0.43, 1.0, 0.52, 1.0, 0.52, 0.52, 1.0, 1.0, 1.0, 1.0, 1.0, 0.52, 0.81, 0.52, 0.81, 0.43, 1.0, 1.0, 0.81, 0.52, 1.0, 0.52, 1.0, 1.0, 1.0, 0.52, 0.52, 1.0, 0.52, 1.0, 0.52, 1.0, 1.0, 1.0, 1.0, 1.0, 0.52, 0.52, 0.52, 0.52, 0.52, 0.43, 1.0, 1.0, 1.0, 1.0, 0.81, 1.0, 0.81, 0.81, 0.52, 0.81, 0.43, 0.43, 0.52, 1.0, 1.0, 0.81, 1.0, 0.43, 0.52, 0.52, 0.52, 1.0, 0.81]",108.5,[],"[0.04, 0.01, 0.04, 0.01, 0.03, 0.04, 0.01, 0.03, 0.03, 0.03, 0.03, 0.03, 0.01, 0.0, 0.03, 0.0, 0.0, 0.01, 0.0, 0.03, 0.03, 0.03, 0.04, 0.01, 0.0, 0.04, 0.01, 0.03, 0.03, 0.03, 0.03, 0.01, 0.04, 0.01, 0.03, 0.01, 0.04, 0.04, 0.04, 0.03, 0.01, 0.0, 0.03, 0.03, 0.0, 0.03, 0.01, 0.01, 0.04, 0.04, 0.0, 0.01, 0.03, 0.03, 0.03, 0.01, 0.01, 0.0, 0.03, 0.03, 0.01, 0.01, 0.03, 0.0, 0.03, 0.03, 0.03, 0.04, 0.01, 0.03, 0.01, 0.01, 0.0, 0.03, 0.03, 0.03, 0.04, 0.01, 0.01, 0.03, 0.0, 0.01, 0.0, 0.01, 0.0, 0.04, 0.01, 0.03, 0.01, 0.03, 0.03, 0.0, 0.0, 0.0, 0.01, 0.0, 0.03, 0.01, 0.03, 0.01, 0.04, 0.01, 0.0, 0.01, 0.03, 0.0, 0.03, 0.01, 0.0, 0.0, 0.03, 0.03, 0.0, 0.03, 0.0, 0.03, 0.01, 0.01, 0.0, 0.0, 0.01, 0.03, 0.03, 0.03, 0.03, 0.03, 0.04, 0.0, 0.0, 0.01, 0.0, 0.01, 0.01, 0.01, 0.01, 0.03, 0.01, 0.04, 0.04, 0.03, 0.01, 0.01, 0.01, 0.01, 0.04, 0.03, 0.03, 0.03, 0.0, 0.01]",0,
40,Vote For 2,BTVA,150,3,"{'B': 106, 'C': 98, 'A': 96}","[0.52, 0.43, 1.0, 1.0, 1.0, 0.52, 1.0, 0.81, 0.52, 1.0, 0.81, 1.0, 0.43, 0.81, 0.52, 0.52, 0.52, 1.0, 1.0, 1.0, 0.81, 1.0, 0.81, 1.0, 0.52, 1.0, 1.0, 1.0, 1.0, 1.0, 1.0, 1.0, 0.81, 0.52, 0.52, 0.52, 0.52, 0.43, 0.52, 1.0, 0.52, 1.0, 1.0, 0.43, 0.43, 0.43, 0.81, 0.52, 0.81, 0.52, 0.52, 0.81, 0.43, 0.43, 1.0, 0.52, 0.81, 0.43, 1.0, 1.0, 0.81, 0.81, 1.0, 0.81, 0.81, 0.81, 1.0, 0.52, 0.81, 0.52, 1.0, 1.0, 0.52, 0.52, 1.0, 1.0, 0.43, 0.52, 1.0, 1.0, 1.0, 1.0, 1.0, 1.0, 1.0, 1.0, 0.52, 0.52, 1.0, 0.43, 1.0, 0.52, 0.52, 1.0, 1.0, 0.81, 0.52, 1.0, 0.52, 1.0, 1.0, 0.52, 0.52, 0.81, 0.52, 0.81, 1.0, 1.0, 0.52, 0.43, 1.0, 0.43, 0.52, 0.52, 0.52, 0.52, 1.0, 0.52, 0.52, 0.52, 1.0, 0.52, 0.43, 0.43, 0.43, 0.52, 0.52, 0.81, 0.52, 1.0, 0.81, 0.43, 0.52, 1.0, 1.0, 0.81, 0.81, 1.0, 1.0, 0.52, 1.0, 1.0, 0.52, 0.52, 0.81, 0.52, 0.52, 0.81, 1.0, 1.0]",112.04,[],"[0.03, 0.04, 0.01, 0.01, 0.0, 0.03, 0.0, 0.01, 0.03, 0.0, 0.01, 0.0, 0.04, 0.01, 0.03, 0.03, 0.03, 0.01, 0.01, 0.01, 0.01, 0.01, 0.01, 0.01, 0.03, 0.01, 0.01, 0.0, 0.0, 0.0, 0.01, 0.01, 0.01, 0.03, 0.03, 0.03, 0.03, 0.04, 0.03, 0.01, 0.03, 0.01, 0.0, 0.04, 0.04, 0.04, 0.01, 0.03, 0.01, 0.03, 0.03, 0.01, 0.04, 0.04, 0.01, 0.03, 0.01, 0.04, 0.01, 0.0, 0.01, 0.01, 0.01, 0.01, 0.01, 0.01, 0.0, 0.03, 0.01, 0.03, 0.01, 0.0, 0.03, 0.03, 0.01, 0.01, 0.04, 0.03, 0.0, 0.0, 0.01, 0.0, 0.0, 0.01, 0.0, 0.0, 0.03, 0.03, 0.0, 0.04, 0.0, 0.03, 0.03, 0.0, 0.0, 0.01, 0.03, 0.0, 0.03, 0.01, 0.0, 0.03, 0.03, 0.01, 0.03, 0.01, 0.01, 0.01, 0.03, 0.04, 0.01, 0.04, 0.03, 0.03, 0.03, 0.03, 0.01, 0.03, 0.03, 0.03, 0.01, 0.03, 0.04, 0.04, 0.04, 0.03, 0.03, 0.01, 0.03, 0.0, 0.01, 0.04, 0.03, 0.0, 0.01, 0.01, 0.01, 0.01, 0.0, 0.03, 0.0, 0.0, 0.03, 0.03, 0.01, 0.03, 0.03, 0.01, 0.01, 0.0]",0,
41,Vote For 2,BTVA,150,3,"{'C': 111, 'A': 105, 'B': 84}","[0.52, 0.52, 0.52, 0.52, 1.0, 0.52, 0.43, 1.0, 0.81, 0.52, 0.81, 0.52, 0.52, 1.0, 0.43, 0.43, 1.0, 0.43, 0.43, 0.81, 0.81, 0.52, 0.81, 1.0, 0.43, 0.43, 1.0, 0.43, 0.81, 1.0, 0.43, 0.52, 1.0, 0.43, 0.52, 0.52, 0.52, 0.43, 0.81, 0.81, 0.52, 0.52, 0.81, 0.81, 1.0, 0.81, 0.52, 1.0, 0.52, 1.0, 0.52, 0.81, 0.43, 0.81, 1.0, 0.52, 1.0, 1.0, 1.0, 1.0, 0.81, 0.52, 1.0, 0.52, 1.0, 1.0, 0.52, 0.52, 0.52, 0.52, 1.0, 0.52, 0.81, 0.52, 0.52, 0.81, 1.0, 1.0, 1.0, 1.0, 1.0, 0.43, 1.0, 0.81, 0.81, 0.81, 1.0, 1.0, 1.0, 0.81, 0.81, 1.0, 0.43, 0.81, 0.52, 1.0, 0.52, 0.81, 0.81, 0.43, 0.52, 0.52, 1.0, 0.52, 1.0, 0.52, 0.81, 0.43, 1.0, 1.0, 0.52, 0.52, 0.43, 1.0, 0.52, 0.81, 0.43, 1.0, 1.0, 0.52, 0.81, 1.0, 0.81, 1.0, 1.0, 0.43, 1.0, 1.0, 0.52, 1.0, 1.0, 1.0, 0.81, 0.52, 1.0, 0.81, 1.0, 0.43, 0.52, 1.0, 0.52, 0.81, 0.81, 1.0, 0.81, 1.0, 1.0, 1.0, 0.43, 0.81]",111.41,[],"[0.03, 0.03, 0.03, 0.03, 0.01, 0.03, 0.04, 0.0, 0.01, 0.03, 0.01, 0.03, 0.03, 0.0, 0.04, 0.04, 0.01, 0.04, 0.04, 0.01, 0.01, 0.03, 0.01, 0.01, 0.04, 0.04, 0.01, 0.04, 0.01, 0.01, 0.04, 0.03, 0.01, 0.04, 0.03, 0.03, 0.03, 0.04, 0.01, 0.01, 0.03, 0.03, 0.01, 0.01, 0.01, 0.01, 0.03, 0.0, 0.03, 0.0, 0.03, 0.01, 0.04, 0.01, 0.01, 0.03, 0.0, 0.0, 0.0, 0.01, 0.01, 0.03, 0.0, 0.03, 0.01, 0.0, 0.03, 0.03, 0.03, 0.03, 0.0, 0.03, 0.01, 0.03, 0.03, 0.01, 0.0, 0.0, 0.0, 0.0, 0.0, 0.04, 0.01, 0.01, 0.01, 0.01, 0.01, 0.01, 0.0, 0.01, 0.01, 0.0, 0.04, 0.01, 0.03, 0.0, 0.03, 0.01, 0.01, 0.04, 0.03, 0.03, 0.01, 0.03, 0.0, 0.03, 0.01, 0.04, 0.01, 0.01, 0.03, 0.03, 0.04, 0.01, 0.03, 0.01, 0.04, 0.0, 0.0, 0.03, 0.01, 0.0, 0.01, 0.0, 0.01, 0.04, 0.0, 0.0, 0.03, 0.0, 0.0, 0.0, 0.01, 0.03, 0.01, 0.01, 0.01, 0.04, 0.03, 0.0, 0.03, 0.01, 0.01, 0.0, 0.01, 0.0, 0.0, 0.01, 0.04, 0.01]",0,
42,Vote For 2,BTVA,150,3,"{'A': 105, 'C': 98, 'B': 97}","[1.0, 0.43, 0.81, 1.0, 0.52, 0.52, 0.52, 0.52, 1.0, 0.52, 0.52, 0.52, 1.0, 0.52, 1.0, 0.43, 1.0, 0.52, 1.0, 1.0, 0.52, 1.0, 1.0, 0.81, 1.0, 1.0, 1.0, 1.0, 0.52, 0.52, 1.0, 1.0, 0.52, 0.52, 0.52, 0.81, 0.52, 0.52, 0.52, 0.52, 1.0, 0.52, 1.0, 1.0, 0.52, 1.0, 0.81, 0.43, 0.52, 0.52, 0.52, 1.0, 0.81, 0.81, 0.52, 1.0, 0.81, 1.0, 1.0, 0.52, 1.0, 1.0, 1.0, 1.0, 0.52, 1.0, 0.81, 1.0, 0.52, 1.0, 1.0, 1.0, 0.43, 0.52, 0.52, 0.52, 0.43, 1.0, 0.52, 0.43, 1.0, 1.0, 0.52, 0.43, 0.52, 0.43, 0.52, 1.0, 0.81, 0.52, 1.0, 0.52, 0.43, 0.52, 0.52, 0.52, 0.52, 0.81, 0.52, 1.0, 1.0, 0.52, 1.0, 1.0, 0.43, 0.52, 1.0, 0.52, 1.0, 0.43, 0.81, 0.43, 0.52, 1.0, 0.43, 0.43, 0.52, 1.0, 1.0, 0.43, 0.81, 0.52, 1.0, 0.52, 0.43, 0.52, 1.0, 1.0, 0.52, 1.0, 0.43, 0.43, 0.43, 1.0, 0.81, 0.43, 1.0, 0.81, 0.81, 1.0, 0.43, 0.81, 0.81, 0.43, 0.52, 1.0, 1.0, 0.52, 1.0, 1.0]",108.79,"[2, 16, 48, 73, 77, 80, 84, 86, 93, 105, 110, 112, 115, 116, 120, 125, 131, 132, 133, 136, 141, 144]","[0.0, 0.04, 0.01, 0.0, 0.03, 0.03, 0.03, 0.03, 0.0, 0.03, 0.03, 0.03, 0.0, 0.03, 0.0, 0.04, 0.01, 0.03, 0.01, 0.0, 0.03, 0.0, 0.0, 0.01, 0.01, 0.0, 0.0, 0.0, 0.03, 0.03, 0.0, 0.01, 0.03, 0.03, 0.03, 0.01, 0.03, 0.03, 0.03, 0.03, 0.0, 0.03, 0.0, 0.01, 0.03, 0.01, 0.01, 0.04, 0.03, 0.03, 0.03, 0.0, 0.01, 0.01, 0.03, 0.0, 0.01, 0.0, 0.0, 0.03, 0.0, 0.0, 0.0, 0.01, 0.03, 0.0, 0.01, 0.01, 0.03, 0.0, 0.0, 0.0, 0.04, 0.03, 0.03, 0.03, 0.04, 0.01, 0.03, 0.04, 0.0, 0.01, 0.03, 0.04, 0.03, 0.04, 0.03, 0.0, 0.01, 0.03, 0.0, 0.03, 0.04, 0.03, 0.03, 0.03, 0.03, 0.01, 0.03, 0.0, 0.01, 0.03, 0.0, 0.0, 0.04, 0.03, 0.01, 0.03, 0.01, 0.04, 0.01, 0.04, 0.03, 0.01, 0.04, 0.04, 0.03, 0.01, 0.01, 0.04, 0.01, 0.03, 0.0, 0.03, 0.04, 0.03, 0.0, 0.0, 0.03, 0.0, 0.04, 0.04, 0.04, 0.0, 0.01, 0.04, 0.01, 0.01, 0.01, 0.01, 0.04, 0.01, 0.01, 0.04, 0.03, 0.01, 0.01, 0.03, 0.01, 0.01]",0.09000000000000002,
43,Vote For 2,BTVA,150,3,"{'A': 104, 'B': 100, 'C': 96}","[0.43, 1.0, 0.43, 0.81, 0.52, 0.52, 0.52, 0.52, 0.52, 1.0, 0.52, 1.0, 1.0, 0.52, 0.52, 0.52, 0.81, 0.52, 0.52, 1.0, 0.52, 1.0, 0.43, 1.0, 0.43, 1.0, 1.0, 1.0, 1.0, 0.52, 1.0, 0.52, 1.0, 1.0, 0.52, 0.81, 1.0, 0.43, 1.0, 1.0, 1.0, 0.52, 0.43, 1.0, 1.0, 1.0, 0.81, 1.0, 1.0, 1.0, 0.52, 0.81, 0.81, 0.52, 1.0, 0.43, 0.52, 0.81, 1.0, 1.0, 1.0, 0.43, 1.0, 0.52, 0.52, 0.81, 1.0, 0.52, 1.0, 0.81, 1.0, 0.81, 1.0, 0.43, 0.52, 0.52, 1.0, 0.43, 0.81, 0.52, 1.0, 0.81, 1.0, 0.43, 0.81, 0.52, 1.0, 0.52, 1.0, 1.0, 1.0, 0.52, 1.0, 0.81, 0.52, 0.52, 1.0, 0.43, 0.52, 0.52, 0.52, 0.81, 0.81, 0.52, 0.81, 0.52, 0.52, 0.43, 1.0, 1.0, 0.52, 0.81, 0.81, 0.43, 0.52, 0.43, 0.43, 1.0, 0.81, 0.52, 0.43, 0.81, 0.52, 1.0, 0.81, 0.52, 0.81, 0.81, 0.52, 1.0, 0.43, 0.52, 0.43, 0.43, 0.52, 0.81, 1.0, 0.43, 1.0, 1.0, 0.81, 0.43, 0.52, 0.52, 0.52, 1.0, 0.52, 0.52, 0.43, 0.52]",107.95000000000002,[],"[0.04, 0.0, 0.04, 0.01, 0.03, 0.03, 0.03, 0.03, 0.03, 0.0, 0.03, 0.0, 0.0, 0.03, 0.03, 0.03, 0.01, 0.03, 0.03, 0.0, 0.03, 0.01, 0.04, 0.01, 0.04, 0.0, 0.0, 0.0, 0.0, 0.03, 0.01, 0.03, 0.01, 0.01, 0.03, 0.01, 0.0, 0.04, 0.01, 0.0, 0.0, 0.03, 0.04, 0.01, 0.01, 0.0, 0.01, 0.01, 0.01, 0.0, 0.03, 0.01, 0.01, 0.03, 0.01, 0.04, 0.03, 0.01, 0.01, 0.01, 0.01, 0.04, 0.0, 0.03, 0.03, 0.01, 0.01, 0.03, 0.0, 0.01, 0.0, 0.01, 0.0, 0.04, 0.03, 0.03, 0.0, 0.04, 0.01, 0.03, 0.0, 0.01, 0.01, 0.04, 0.01, 0.03, 0.0, 0.03, 0.0, 0.01, 0.0, 0.03, 0.0, 0.01, 0.03, 0.03, 0.01, 0.04, 0.03, 0.03, 0.03, 0.01, 0.01, 0.03, 0.01, 0.03, 0.03, 0.04, 0.0, 0.0, 0.03, 0.01, 0.01, 0.04, 0.03, 0.04, 0.04, 0.01, 0.01, 0.03, 0.04, 0.01, 0.03, 0.01, 0.01, 0.03, 0.01, 0.01, 0.03, 0.01, 0.04, 0.03, 0.04, 0.04, 0.03, 0.01, 0.0, 0.04, 0.01, 0.0, 0.01, 0.04, 0.03, 0.03, 0.03, 0.01, 0.03, 0.03, 0.04, 0.03]",0,
44,Vote For 2,BTVA,150,3,"{'C': 104, 'A': 98, 'B': 98}","[0.52, 1.0, 0.52, 1.0, 1.0, 0.52, 0.52, 0.52, 1.0, 0.81, 1.0, 1.0, 0.43, 1.0, 1.0, 1.0, 1.0, 1.0, 1.0, 1.0, 1.0, 1.0, 0.43, 0.43, 0.81, 0.43, 0.52, 1.0, 0.52, 0.81, 1.0, 1.0, 1.0, 0.52, 0.52, 0.81, 0.81, 0.81, 0.52, 1.0, 1.0, 1.0, 0.43, 0.81, 1.0, 0.43, 1.0, 1.0, 0.81, 1.0, 0.52, 0.81, 0.52, 1.0, 1.0, 1.0, 0.81, 0.43, 0.52, 0.43, 1.0, 0.52, 0.52, 1.0, 0.43, 0.52, 1.0, 1.0, 1.0, 0.52, 1.0, 0.43, 1.0, 0.52, 0.52, 1.0, 0.52, 0.81, 0.43, 0.52, 0.43, 0.43, 0.81, 1.0, 1.0, 0.43, 0.52, 1.0, 0.81, 0.52, 0.52, 0.81, 0.52, 0.81, 0.52, 0.81, 0.81, 1.0, 1.0, 0.81, 0.52, 1.0, 0.52, 1.0, 0.52, 0.52, 0.43, 0.52, 1.0, 0.81, 0.43, 1.0, 1.0, 1.0, 0.81, 1.0, 0.81, 0.52, 1.0, 1.0, 1.0, 1.0, 1.0, 1.0, 1.0, 1.0, 0.52, 0.52, 0.81, 1.0, 1.0, 1.0, 0.52, 0.52, 0.43, 0.52, 1.0, 0.52, 0.52, 0.43, 0.81, 0.81, 0.43, 0.52, 0.81, 0.52, 1.0, 0.43, 1.0, 0.52]",113.69,"[13, 23, 24, 26, 43, 46, 58, 60, 65, 72, 79, 81, 82, 86, 107, 111, 135, 140, 143, 148]","[0.03, 0.01, 0.03, 0.0, 0.0, 0.03, 0.03, 0.03, 0.01, 0.01, 0.01, 0.01, 0.04, 0.01, 0.0, 0.0, 0.01, 0.0, 0.01, 0.0, 0.0, 0.01, 0.04, 0.04, 0.01, 0.04, 0.03, 0.01, 0.03, 0.01, 0.01, 0.01, 0.0, 0.03, 0.03, 0.01, 0.01, 0.01, 0.03, 0.01, 0.01, 0.01, 0.04, 0.01, 0.0, 0.04, 0.0, 0.01, 0.01, 0.01, 0.03, 0.01, 0.03, 0.0, 0.01, 0.01, 0.01, 0.04, 0.03, 0.04, 0.01, 0.03, 0.03, 0.01, 0.04, 0.03, 0.0, 0.01, 0.0, 0.03, 0.01, 0.04, 0.01, 0.03, 0.03, 0.01, 0.03, 0.01, 0.04, 0.03, 0.04, 0.04, 0.01, 0.0, 0.01, 0.04, 0.03, 0.0, 0.01, 0.03, 0.03, 0.01, 0.03, 0.01, 0.03, 0.01, 0.01, 0.0, 0.01, 0.01, 0.03, 0.01, 0.03, 0.0, 0.03, 0.03, 0.04, 0.03, 0.0, 0.01, 0.04, 0.0, 0.01, 0.01, 0.01, 0.0, 0.01, 0.03, 0.01, 0.01, 0.01, 0.01, 0.01, 0.01, 0.0, 0.0, 0.03, 0.03, 0.01, 0.01, 0.0, 0.0, 0.03, 0.03, 0.04, 0.03, 0.0, 0.03, 0.03, 0.04, 0.01, 0.01, 0.04, 0.03, 0.01, 0.03, 0.0, 0.04, 0.0, 0.03]",0.09000000000000002,
45,Vote For 2,BTVA,150,3,"{'B': 103, 'A': 101, 'C': 96}","[0.43, 0.52, 1.0, 1.0, 0.81, 0.81, 1.0, 0.52, 0.81, 0.43, 0.52, 1.0, 0.81, 0.81, 0.52, 1.0, 0.43, 1.0, 0.52, 1.0, 0.81, 1.0, 1.0, 1.0, 0.52, 1.0, 0.52, 0.43, 0.52, 1.0, 0.52, 0.52, 0.81, 1.0, 0.43, 0.52, 1.0, 0.43, 1.0, 0.43, 1.0, 0.81, 0.81, 1.0, 1.0, 1.0, 0.43, 1.0, 0.81, 0.43, 1.0, 1.0, 0.43, 0.52, 0.52, 1.0, 0.52, 0.52, 1.0, 0.81, 0.43, 1.0, 1.0, 0.43, 0.43, 0.52, 0.81, 0.81, 1.0, 0.81, 0.52, 0.52, 0.81, 0.81, 0.81, 0.52, 0.52, 0.43, 1.0, 0.52, 0.43, 1.0, 0.43, 1.0, 0.52, 1.0, 1.0, 0.52, 0.43, 0.52, 1.0, 1.0, 0.43, 1.0, 1.0, 1.0, 0.43, 0.81, 0.52, 1.0, 0.81, 0.43, 1.0, 1.0, 0.52, 1.0, 1.0, 1.0, 0.52, 1.0, 0.81, 0.43, 0.43, 0.81, 0.81, 0.81, 0.81, 1.0, 1.0, 1.0, 0.43, 0.52, 1.0, 0.43, 0.52, 1.0, 0.43, 0.52, 0.43, 0.52, 0.81, 1.0, 1.0, 0.52, 1.0, 1.0, 0.43, 0.43, 0.52, 0.52, 1.0, 1.0, 1.0, 0.52, 0.52, 0.52, 0.81, 0.52, 0.52, 0.81]",110.19000000000003,[],"[0.04, 0.03, 0.0, 0.0, 0.01, 0.01, 0.0, 0.03, 0.01, 0.04, 0.03, 0.01, 0.01, 0.01, 0.03, 0.01, 0.04, 0.01, 0.03, 0.01, 0.01, 0.01, 0.0, 0.01, 0.03, 0.01, 0.03, 0.04, 0.03, 0.01, 0.03, 0.03, 0.01, 0.0, 0.04, 0.03, 0.01, 0.04, 0.0, 0.04, 0.01, 0.01, 0.01, 0.01, 0.0, 0.01, 0.04, 0.01, 0.01, 0.04, 0.0, 0.01, 0.04, 0.03, 0.03, 0.01, 0.03, 0.03, 0.01, 0.01, 0.04, 0.0, 0.01, 0.04, 0.04, 0.03, 0.01, 0.01, 0.0, 0.01, 0.03, 0.03, 0.01, 0.01, 0.01, 0.03, 0.03, 0.04, 0.0, 0.03, 0.04, 0.0, 0.04, 0.0, 0.03, 0.0, 0.0, 0.03, 0.04, 0.03, 0.0, 0.0, 0.04, 0.01, 0.0, 0.01, 0.04, 0.01, 0.03, 0.0, 0.01, 0.04, 0.01, 0.01, 0.03, 0.01, 0.01, 0.01, 0.03, 0.01, 0.01, 0.04, 0.04, 0.01, 0.01, 0.01, 0.01, 0.0, 0.0, 0.0, 0.04, 0.03, 0.0, 0.04, 0.03, 0.01, 0.04, 0.03, 0.04, 0.03, 0.01, 0.0, 0.01, 0.03, 0.01, 0.0, 0.04, 0.04, 0.03, 0.03, 0.01, 0.0, 0.0, 0.03, 0.03, 0.03, 0.01, 0.03, 0.03, 0.01]",0,
46,Vote For 2,BTVA,150,3,"{'A': 109, 'B': 105, 'C': 86}","[0.43, 0.52, 0.81, 0.43, 1.0, 0.52, 1.0, 0.81, 1.0, 0.81, 0.43, 0.52, 0.52, 0.52, 1.0, 1.0, 0.52, 1.0, 0.52, 0.43, 1.0, 1.0, 1.0, 0.81, 0.43, 0.43, 1.0, 1.0, 1.0, 0.81, 0.52, 0.43, 1.0, 0.52, 0.81, 1.0, 1.0, 1.0, 1.0, 0.81, 0.81, 0.43, 1.0, 0.52, 0.52, 0.52, 0.81, 1.0, 0.43, 1.0, 0.52, 0.81, 0.43, 0.43, 0.81, 0.52, 0.52, 1.0, 0.52, 1.0, 0.81, 1.0, 0.43, 0.43, 0.43, 0.52, 0.52, 0.81, 0.52, 0.52, 0.52, 1.0, 0.81, 0.43, 0.81, 0.52, 1.0, 1.0, 1.0, 0.81, 1.0, 0.81, 1.0, 0.81, 1.0, 1.0, 0.81, 1.0, 0.81, 0.52, 1.0, 0.43, 0.52, 0.81, 1.0, 0.81, 0.81, 0.81, 1.0, 0.81, 0.81, 1.0, 1.0, 0.52, 1.0, 1.0, 0.52, 0.43, 0.81, 0.52, 1.0, 1.0, 0.81, 1.0, 1.0, 1.0, 0.81, 0.81, 0.52, 0.43, 1.0, 0.52, 0.81, 1.0, 0.52, 1.0, 0.52, 1.0, 1.0, 1.0, 0.81, 0.52, 0.81, 1.0, 1.0, 1.0, 0.52, 0.81, 0.52, 0.52, 0.52, 1.0, 1.0, 0.52, 0.81, 0.52, 0.81, 0.43, 0.81, 1.0]",113.9,[],"[0.04, 0.03, 0.01, 0.04, 0.0, 0.03, 0.01, 0.01, 0.0, 0.01, 0.04, 0.03, 0.03, 0.03, 0.0, 0.01, 0.03, 0.0, 0.03, 0.04, 0.0, 0.0, 0.01, 0.01, 0.04, 0.04, 0.0, 0.01, 0.01, 0.01, 0.03, 0.04, 0.0, 0.03, 0.01, 0.0, 0.01, 0.01, 0.01, 0.01, 0.01, 0.04, 0.0, 0.03, 0.03, 0.03, 0.01, 0.01, 0.04, 0.0, 0.03, 0.01, 0.04, 0.04, 0.01, 0.03, 0.03, 0.01, 0.03, 0.01, 0.01, 0.01, 0.04, 0.04, 0.04, 0.03, 0.03, 0.01, 0.03, 0.03, 0.03, 0.0, 0.01, 0.04, 0.01, 0.03, 0.0, 0.01, 0.01, 0.01, 0.0, 0.01, 0.01, 0.01, 0.0, 0.0, 0.01, 0.01, 0.01, 0.03, 0.0, 0.04, 0.03, 0.01, 0.01, 0.01, 0.01, 0.01, 0.01, 0.01, 0.01, 0.0, 0.0, 0.03, 0.01, 0.01, 0.03, 0.04, 0.01, 0.03, 0.01, 0.01, 0.01, 0.01, 0.0, 0.0, 0.01, 0.01, 0.03, 0.04, 0.0, 0.03, 0.01, 0.01, 0.03, 0.0, 0.03, 0.01, 0.0, 0.01, 0.01, 0.03, 0.01, 0.01, 0.0, 0.0, 0.03, 0.01, 0.03, 0.03, 0.03, 0.01, 0.0, 0.03, 0.01, 0.03, 0.01, 0.04, 0.01, 0.01]",0,
47,Vote For 2,BTVA,150,3,"{'A': 108, 'C': 106, 'B': 86}","[0.81, 1.0, 0.52, 0.43, 0.52, 1.0, 0.52, 1.0, 0.81, 0.43, 1.0, 0.52, 0.52, 1.0, 0.52, 0.43, 0.52, 0.52, 1.0, 1.0, 1.0, 1.0, 1.0, 0.43, 0.52, 1.0, 0.81, 0.81, 0.81, 1.0, 0.43, 1.0, 0.52, 0.52, 0.52, 0.52, 1.0, 0.43, 0.81, 0.43, 0.81, 0.43, 0.43, 0.52, 1.0, 1.0, 0.52, 0.43, 1.0, 0.43, 0.43, 0.81, 0.52, 0.81, 0.43, 0.52, 1.0, 1.0, 1.0, 1.0, 0.81, 0.52, 0.52, 1.0, 0.81, 0.52, 1.0, 0.81, 0.52, 0.43, 1.0, 1.0, 0.52, 1.0, 1.0, 0.81, 0.43, 0.52, 0.52, 1.0, 1.0, 1.0, 1.0, 1.0, 1.0, 1.0, 1.0, 1.0, 0.52, 0.43, 0.52, 0.52, 0.81, 0.43, 1.0, 1.0, 0.52, 1.0, 0.52, 0.52, 0.81, 1.0, 1.0, 0.81, 1.0, 0.81, 1.0, 0.81, 0.52, 0.52, 0.52, 1.0, 0.81, 0.81, 1.0, 0.81, 0.81, 0.52, 0.43, 0.52, 0.81, 0.52, 1.0, 1.0, 0.52, 1.0, 1.0, 1.0, 1.0, 0.52, 0.52, 1.0, 0.81, 0.52, 1.0, 1.0, 0.81, 0.43, 0.52, 1.0, 0.52, 1.0, 0.81, 0.52, 0.52, 1.0, 0.43, 1.0, 1.0, 1.0]",112.53999999999999,[],"[0.01, 0.0, 0.03, 0.04, 0.03, 0.01, 0.03, 0.0, 0.01, 0.04, 0.01, 0.03, 0.03, 0.01, 0.03, 0.04, 0.03, 0.03, 0.0, 0.0, 0.01, 0.01, 0.01, 0.04, 0.03, 0.0, 0.01, 0.01, 0.01, 0.0, 0.04, 0.0, 0.03, 0.03, 0.03, 0.03, 0.0, 0.04, 0.01, 0.04, 0.01, 0.04, 0.04, 0.03, 0.01, 0.01, 0.03, 0.04, 0.01, 0.04, 0.04, 0.01, 0.03, 0.01, 0.04, 0.03, 0.0, 0.0, 0.01, 0.0, 0.01, 0.03, 0.03, 0.0, 0.01, 0.03, 0.0, 0.01, 0.03, 0.04, 0.0, 0.0, 0.03, 0.0, 0.0, 0.01, 0.04, 0.03, 0.03, 0.0, 0.01, 0.0, 0.0, 0.01, 0.0, 0.0, 0.0, 0.0, 0.03, 0.04, 0.03, 0.03, 0.01, 0.04, 0.0, 0.0, 0.03, 0.01, 0.03, 0.03, 0.01, 0.0, 0.0, 0.01, 0.01, 0.01, 0.0, 0.01, 0.03, 0.03, 0.03, 0.01, 0.01, 0.01, 0.01, 0.01, 0.01, 0.03, 0.04, 0.03, 0.01, 0.03, 0.01, 0.01, 0.03, 0.01, 0.01, 0.0, 0.0, 0.03, 0.03, 0.0, 0.01, 0.03, 0.0, 0.01, 0.01, 0.04, 0.03, 0.0, 0.03, 0.01, 0.01, 0.03, 0.03, 0.0, 0.04, 0.0, 0.0, 0.0]",0,
48,Vote For 2,BTVA,150,3,"{'C': 104, 'B': 103, 'A': 93}","[1.0, 0.43, 0.81, 1.0, 1.0, 1.0, 1.0, 0.81, 0.43, 1.0, 0.43, 0.43, 0.43, 0.81, 0.52, 0.52, 0.52, 0.52, 0.81, 1.0, 0.43, 0.81, 0.52, 1.0, 0.52, 0.52, 1.0, 1.0, 0.52, 0.81, 0.52, 0.43, 0.43, 0.81, 0.81, 0.43, 0.52, 1.0, 0.52, 0.43, 0.81, 1.0, 0.52, 0.43, 1.0, 0.52, 0.81, 0.52, 0.52, 1.0, 1.0, 0.43, 0.52, 0.52, 1.0, 0.52, 1.0, 1.0, 1.0, 0.52, 0.52, 0.52, 0.52, 0.52, 0.81, 0.43, 0.43, 1.0, 0.43, 0.81, 0.81, 0.43, 0.52, 0.43, 0.43, 1.0, 1.0, 1.0, 0.81, 1.0, 0.43, 1.0, 1.0, 0.81, 0.52, 0.52, 0.52, 0.52, 0.81, 0.43, 0.52, 1.0, 0.81, 1.0, 1.0, 1.0, 1.0, 1.0, 0.81, 0.43, 0.52, 0.81, 1.0, 1.0, 1.0, 1.0, 1.0, 0.52, 0.81, 0.43, 1.0, 1.0, 1.0, 0.52, 0.52, 0.52, 0.52, 0.52, 1.0, 0.81, 1.0, 1.0, 1.0, 0.81, 0.52, 0.81, 1.0, 0.81, 1.0, 1.0, 0.52, 1.0, 0.52, 1.0, 0.43, 0.43, 1.0, 0.81, 1.0, 1.0, 0.52, 0.52, 0.43, 1.0, 0.52, 0.43, 0.81, 0.52, 0.52, 1.0]",109.12,"[3, 8, 14, 19, 22, 30, 34, 35, 41, 47, 65, 70, 71, 79, 84, 89, 93, 99, 102, 109, 120, 124, 126, 128, 138, 147]","[0.0, 0.04, 0.01, 0.0, 0.01, 0.0, 0.01, 0.01, 0.04, 0.0, 0.04, 0.04, 0.04, 0.01, 0.03, 0.03, 0.03, 0.03, 0.01, 0.0, 0.04, 0.01, 0.03, 0.01, 0.03, 0.03, 0.0, 0.0, 0.03, 0.01, 0.03, 0.04, 0.04, 0.01, 0.01, 0.04, 0.03, 0.0, 0.03, 0.04, 0.01, 0.0, 0.03, 0.04, 0.01, 0.03, 0.01, 0.03, 0.03, 0.0, 0.0, 0.04, 0.03, 0.03, 0.01, 0.03, 0.01, 0.0, 0.0, 0.03, 0.03, 0.03, 0.03, 0.03, 0.01, 0.04, 0.04, 0.01, 0.04, 0.01, 0.01, 0.04, 0.03, 0.04, 0.04, 0.01, 0.01, 0.01, 0.01, 0.0, 0.04, 0.0, 0.0, 0.01, 0.03, 0.03, 0.03, 0.03, 0.01, 0.04, 0.03, 0.0, 0.01, 0.0, 0.0, 0.01, 0.0, 0.01, 0.01, 0.04, 0.03, 0.01, 0.0, 0.0, 0.0, 0.01, 0.01, 0.03, 0.01, 0.04, 0.01, 0.0, 0.01, 0.03, 0.03, 0.03, 0.03, 0.03, 0.01, 0.01, 0.01, 0.01, 0.0, 0.01, 0.03, 0.01, 0.01, 0.01, 0.0, 0.01, 0.03, 0.0, 0.03, 0.01, 0.04, 0.04, 0.01, 0.01, 0.0, 0.0, 0.03, 0.03, 0.04, 0.0, 0.03, 0.04, 0.01, 0.03, 0.03, 0.0]",0.18999999999999995,
49,Vote For 2,BTVA,150,3,"{'A': 105, 'C': 99, 'B': 96}","[0.81, 1.0, 0.52, 0.52, 0.43, 0.43, 0.43, 0.81, 0.43, 0.52, 0.43, 0.52, 0.43, 1.0, 1.0, 0.52, 1.0, 0.43, 0.81, 0.52, 1.0, 0.52, 0.81, 1.0, 1.0, 0.52, 0.52, 0.52, 1.0, 0.43, 1.0, 0.52, 0.52, 1.0, 0.81, 0.81, 1.0, 0.81, 0.52, 0.81, 1.0, 1.0, 0.52, 0.81, 1.0, 1.0, 0.52, 1.0, 0.52, 1.0, 0.52, 1.0, 0.52, 1.0, 0.52, 1.0, 1.0, 1.0, 0.52, 1.0, 0.52, 0.52, 1.0, 0.52, 1.0, 1.0, 0.81, 0.43, 1.0, 1.0, 0.52, 0.43, 0.43, 0.52, 1.0, 0.52, 1.0, 0.52, 0.52, 0.43, 1.0, 0.52, 0.52, 1.0, 0.81, 0.52, 1.0, 0.52, 0.52, 0.43, 1.0, 0.43, 1.0, 0.43, 0.81, 0.52, 0.52, 0.52, 0.81, 0.81, 0.81, 1.0, 0.52, 0.81, 1.0, 1.0, 1.0, 0.43, 0.43, 0.52, 0.43, 0.43, 1.0, 0.43, 0.81, 1.0, 0.52, 0.81, 1.0, 0.81, 0.52, 1.0, 1.0, 0.52, 1.0, 1.0, 1.0, 0.81, 0.52, 1.0, 1.0, 0.81, 0.52, 0.43, 0.52, 1.0, 1.0, 0.52, 0.81, 0.52, 0.52, 0.81, 1.0, 0.52, 0.81, 0.52, 0.43, 1.0, 0.43, 0.52]",108.33,[],"[0.01, 0.01, 0.03, 0.03, 0.04, 0.04, 0.04, 0.01, 0.04, 0.03, 0.04, 0.03, 0.04, 0.0, 0.01, 0.03, 0.0, 0.04, 0.01, 0.03, 0.0, 0.03, 0.01, 0.0, 0.0, 0.03, 0.03, 0.03, 0.0, 0.04, 0.0, 0.03, 0.03, 0.01, 0.01, 0.01, 0.01, 0.01, 0.03, 0.01, 0.0, 0.0, 0.03, 0.01, 0.01, 0.01, 0.03, 0.01, 0.03, 0.01, 0.03, 0.01, 0.03, 0.01, 0.03, 0.01, 0.0, 0.0, 0.03, 0.0, 0.03, 0.03, 0.0, 0.03, 0.0, 0.0, 0.01, 0.04, 0.0, 0.01, 0.03, 0.04, 0.04, 0.03, 0.0, 0.03, 0.01, 0.03, 0.03, 0.04, 0.0, 0.03, 0.03, 0.0, 0.01, 0.03, 0.0, 0.03, 0.03, 0.04, 0.0, 0.04, 0.01, 0.04, 0.01, 0.03, 0.03, 0.03, 0.01, 0.01, 0.01, 0.01, 0.03, 0.01, 0.0, 0.0, 0.01, 0.04, 0.04, 0.03, 0.04, 0.04, 0.0, 0.04, 0.01, 0.0, 0.03, 0.01, 0.0, 0.01, 0.03, 0.01, 0.0, 0.03, 0.01, 0.01, 0.01, 0.01, 0.03, 0.0, 0.01, 0.01, 0.03, 0.04, 0.03, 0.0, 0.0, 0.03, 0.01, 0.03, 0.03, 0.01, 0.01, 0.03, 0.01, 0.03, 0.04, 0.01, 0.04, 0.03]",0,
50,Vote For 2,ATVA_1,150,3,"{'C': 101, 'A': 100, 'B': 99}","[0.81, 0.43, 0.43, 0.52, 0.81, 1.0, 0.43, 0.52, 1.0, 0.52, 1.0, 0.52, 1.0, 0.43, 0.81, 0.43, 1.0, 0.52, 0.52, 0.81, 1.0, 0.81, 0.43, 1.0, 1.0, 0.52, 0.81, 0.43, 0.43, 0.52, 0.52, 1.0, 1.0, 1.0, 1.0, 1.0, 0.81, 0.43, 1.0, 1.0, 1.0, 0.52, 0.81, 1.0, 0.52, 0.52, 0.52, 0.52, 0.81, 0.43, 0.43, 0.81, 1.0, 1.0, 1.0, 0.81, 1.0, 0.52, 0.43, 1.0, 1.0, 1.0, 1.0, 1.0, 0.81, 0.81, 0.43, 1.0, 1.0, 0.81, 0.43, 1.0, 1.0, 0.43, 1.0, 0.81, 1.0, 1.0, 0.81, 0.52, 0.52, 0.52, 0.52, 0.81, 0.52, 1.0, 0.52, 0.52, 0.52, 0.43, 1.0, 0.52, 1.0, 1.0, 0.81, 0.81, 0.52, 0.52, 1.0, 0.52, 0.43, 0.43, 0.52, 0.43, 0.52, 0.43, 1.0, 0.81, 1.0, 0.81, 0.81, 0.43, 0.52, 0.52, 0.52, 0.43, 0.81, 0.52, 1.0, 1.0, 0.81, 0.52, 0.52, 0.52, 1.0, 0.81, 1.0, 1.0, 0.81, 0.81, 0.81, 0.43, 0.43, 0.43, 0.43, 0.43, 0.43, 0.52, 0.81, 1.0, 0.43, 0.81, 0.52, 1.0, 0.43, 1.0, 0.52, 0.52, 0.52, 0.52]",107.04000000000002,"[1, 5, 15, 20, 22, 27, 37, 43, 49, 52, 56, 65, 66, 70, 76, 79, 84, 95, 96, 108, 110, 111, 117, 121, 126, 129, 130, 131, 139, 142]","[0.01, 0.04, 0.04, 0.03, 0.01, 0.01, 0.04, 0.03, 0.01, 0.03, 0.0, 0.03, 0.01, 0.04, 0.01, 0.04, 0.01, 0.03, 0.03, 0.01, 0.01, 0.01, 0.04, 0.0, 0.0, 0.03, 0.01, 0.04, 0.04, 0.03, 0.03, 0.0, 0.01, 0.0, 0.01, 0.01, 0.01, 0.04, 0.0, 0.0, 0.01, 0.03, 0.01, 0.0, 0.03, 0.03, 0.03, 0.03, 0.01, 0.04, 0.04, 0.01, 0.01, 0.01, 0.0, 0.01, 0.01, 0.03, 0.04, 0.01, 0.01, 0.01, 0.01, 0.0, 0.01, 0.01, 0.04, 0.0, 0.0, 0.01, 0.04, 0.0, 0.01, 0.04, 0.01, 0.01, 0.01, 0.01, 0.01, 0.03, 0.03, 0.03, 0.03, 0.01, 0.03, 0.01, 0.03, 0.03, 0.03, 0.04, 0.01, 0.03, 0.01, 0.0, 0.01, 0.01, 0.03, 0.03, 0.0, 0.03, 0.04, 0.04, 0.03, 0.04, 0.03, 0.04, 0.0, 0.01, 0.0, 0.01, 0.01, 0.04, 0.03, 0.03, 0.03, 0.04, 0.01, 0.03, 0.01, 0.0, 0.01, 0.03, 0.03, 0.03, 0.01, 0.01, 0.01, 0.0, 0.01, 0.01, 0.01, 0.04, 0.04, 0.04, 0.04, 0.04, 0.04, 0.03, 0.01, 0.0, 0.04, 0.01, 0.03, 0.01, 0.04, 0.0, 0.03, 0.03, 0.03, 0.03]",0.18999999999999995,"[(43, 101), (66, 103), (84, 139), (1, 95), (95, 139), (43, 110), (84, 148), (95, 148), (1, 104), (96, 104), (96, 113), (96, 122), (5, 65), (1, 113), (37, 134), (65, 116), (22, 145), (5, 74), (1, 122), (56, 147), (76, 116), (96, 131), (5, 83), (65, 134), (49, 117), (76, 134), (129, 137), (121, 133), (15, 124), (49, 126), (5, 101), (121, 142), (15, 133), (49, 135), (15, 142), (79, 145), (27, 116), (110, 132), (110, 141), (27, 134), (22, 28), (20, 95), (22, 37), (20, 104), (66, 71), (22, 46), (20, 113), (84, 116), (95, 116), (52, 145), (20, 122), (15, 16), (43, 96), (84, 134), (95, 134), (1, 90), (56, 124), (96, 108), (65, 102), (76, 102), (22, 131), (56, 133), (1, 108), (37, 129), (65, 111), (56, 142), (76, 111), (96, 117), (49, 103), (37, 147), (15, 110), (49, 112), (65, 129), (76, 129), (129, 132), (49, 121), (129, 141), (5, 96), (121, 137), (49, 130), (79, 131), (15, 137), (27, 102), (49, 139), (110, 118), (27, 111), (110, 136), (27, 129), (22, 23), (110, 145), (20, 90), (84, 102), (95, 102), (52, 131), (20, 108), (84, 111), (95, 111), (1, 67), (66, 84), (1, 76), (84, 129), (95, 129), (65, 88), (76, 88), (96, 103), (5, 46), (117, 126), (117, 135), (22, 126), (96, 112), (1, 103), (37, 124), (65, 106), (22, 135), (56, 137), (76, 106), (37, 133), (95, 130), (37, 142), (15, 105), (65, 124), (76, 124), (15, 114), (27, 79), (49, 116), (70, 148), (121, 132), (129, 136), (27, 88), (79, 126), (121, 141), (129, 145), (15, 132), (49, 134), (79, 135), (110, 113), (15, 141), (27, 106), (110, 122), (20, 67), (110, 131), (20, 76), (43, 50), (84, 88), (22, 27), (43, 59), (52, 126), (20, 103), (66, 70), (84, 106), (52, 135), (95, 106), (1, 71), (65, 74), (84, 124), (56, 105), (95, 124), (65, 83), (76, 83), (22, 112), (56, 114), (117, 121), (37, 110), (117, 130), (22, 121), (5, 50), (65, 101), (49, 84), (22, 130), (5, 59), (56, 132), (65, 110), (76, 101), (22, 139), (56, 141), (76, 110), (37, 137), (15, 100), (22, 148), (49, 102), (117, 148), (49, 111), (27, 74), (79, 112), (129, 131), (15, 118), (27, 83), (79, 121), (121, 136), (79, 130), (27, 101), (79, 139), (110, 117), (27, 110), (79, 148), (110, 126), (20, 71), (52, 112), (52, 121), (1, 48), (84, 101), (95, 101), (52, 130), (84, 110), (95, 110), (52, 139), (1, 66), (56, 100), (5, 27), (52, 148), (37, 96), (108, 147), (1, 84), (37, 105), (22, 116), (56, 118), (37, 114), (49, 79), (65, 96), (76, 96), (117, 134), (65, 105), (49, 88), (22, 134), (76, 105), (37, 132), (15, 95), (70, 129), (15, 104), (49, 106), (121, 122), (15, 113), (79, 116), (70, 147), (121, 131), (15, 122), (65, 84), (20, 48), (27, 96), (79, 134), (131, 135), (110, 112), (110, 121), (20, 66), (43, 49), (52, 116), (1, 43), (84, 96), (95, 96), (1, 52), (84, 105), (95, 105), (52, 134), (108, 124), (56, 95), (5, 22), (1, 70), (108, 133), (22, 102), (56, 104), (108, 142), (37, 100), (49, 65), (22, 111), (56, 113), (66, 136), (66, 145), (49, 74), (56, 122), (5, 49), (117, 129), (37, 118), (49, 83), (22, 129), (76, 100), (15, 90), (70, 124), (49, 101), (79, 102), (70, 133), (15, 108), (79, 111), (70, 142), (20, 43), (79, 129), (20, 52), (131, 139), (131, 148), (20, 70), (52, 102), (1, 29), (52, 111), (1, 38), (22, 79), (5, 8), (1, 56), (52, 129), (22, 88), (56, 90), (1, 65), (49, 51), (108, 137), (37, 95), (66, 131), (22, 106), (56, 108), (37, 104), (15, 67), (117, 124), (37, 113), (15, 76), (43, 147), (70, 110), (27, 50), (79, 88), (27, 59), (15, 103), (79, 106), (70, 137), (20, 29), (111, 147), (20, 38), (79, 124), (5, 147), (131, 134), (52, 79), (20, 56), (52, 88), (1, 15), (52, 106), (56, 67), (1, 42), (22, 74), (56, 76), (1, 51), (108, 114), (22, 83), (66, 117), (108, 132), (37, 90), (66, 126), (22, 101), (56, 103), (108, 141), (43, 133), (66, 135), (22, 110), (43, 142), (15, 71), (96, 145), (130, 147), (70, 105), (79, 83), (1, 145), (70, 114), (79, 101), (70, 132), (111, 133), (5, 124), (79, 110), (70, 141), (111, 142), (142, 148), (5, 133), (20, 42), (5, 142), (52, 74), (20, 51), (52, 83), (1, 10), (131, 147), (52, 101), (1, 28), (96, 110), (52, 110), (1, 37), (56, 71), (1, 46), (20, 136), (37, 67), (108, 118), (5, 7), (20, 145), (37, 76), (66, 112), (5, 16), (65, 67), (15, 48), (22, 96), (49, 50), (66, 121), (66, 130), (49, 59), (108, 136), (126, 135), (130, 133), (43, 137), (15, 66), (66, 139), (1, 131), (43, 83), (66, 148), (70, 100), (130, 142), (27, 49), (70, 118), (5, 110), (79, 96), (79, 105), (111, 137), (20, 28), (20, 37), (5, 137), (131, 133), (1, 5), (1, 14), (52, 96), (1, 23), (56, 66), (20, 131), (108, 113), (37, 71), (43, 105), (56, 84), (108, 122), (43, 114), (15, 43), (66, 116), (126, 130), (15, 52), (96, 126), (1, 117), (126, 139), (43, 132), (66, 134), (96, 135), (1, 126), (70, 95), (43, 141), (15, 70), (126, 148), (1, 135), (70, 104), (130, 137), (65, 147), (70, 113), (76, 147), (5, 105), (111, 114), (70, 122), (5, 114), (49, 148), (20, 23), (111, 132), (111, 141), (5, 132), (5, 141), (27, 147), (1, 18), (22, 50), (20, 117), (37, 48), (22, 59), (20, 126), (15, 20), (56, 70), (20, 135), (37, 66), (15, 29), (43, 100), (66, 102), (76, 112), (66, 111), (15, 38), (84, 147), (95, 147), (108, 117), (43, 118), (96, 121), (1, 112), (126, 134), (66, 129), (15, 56), (96, 130), (1, 121), (70, 90), (43, 136), (96, 139), (130, 132), (1, 130), (65, 133), (76, 133), (96, 148), (130, 141), (1, 139), (65, 142), (70, 108), (76, 142), (5, 100), (1, 148), (117, 142), (111, 118), (117, 141), (5, 118), (111, 136), (52, 59), (27, 124), (27, 133), (1, 4), (27, 142), (20, 112), (37, 43), (66, 79), (20, 121), (37, 52), (66, 88), (56, 65), (130, 135), (20, 130), (43, 95), (84, 133), (95, 133), (20, 139), (43, 104), (66, 106), (84, 142), (95, 142), (20, 148), (43, 113), (15, 42), (96, 116), (126, 129), (70, 76), (43, 122), (15, 51), (1, 116), (96, 134), (130, 136), (126, 147), (1, 134), (65, 137), (76, 137), (5, 95), (49, 129), (111, 113), (5, 104), (121, 145), (15, 136), (111, 122), (5, 113), (15, 145), (49, 147), (5, 122), (111, 131), (117, 122), (110, 135), (27, 137), (37, 38), (66, 74), (22, 49), (20, 116), (66, 83), (37, 56), (43, 90), (20, 134), (66, 101), (15, 28), (84, 137), (95, 137), (96, 102), (43, 108), (15, 37), (96, 111), (1, 102), (70, 71), (43, 117), (56, 136), (1, 111), (65, 114), (76, 114), (56, 145), (96, 129), (126, 133), (37, 141), (130, 131), (1, 129), (65, 132), (76, 132), (129, 135), (5, 90), (65, 141), (49, 124), (76, 141), (15, 131), (49, 133), (5, 108), (111, 117), (49, 142), (27, 105), (27, 114), (110, 130), (110, 139), (20, 84), (27, 132), (110, 148), (27, 141), (20, 102), (43, 67), (20, 111), (37, 42), (43, 76), (84, 114), (95, 114), (1, 79), (66, 96), (15, 23), (84, 132), (1, 88), (95, 132), (43, 103), (84, 141), (95, 141), (96, 106), (65, 100), (56, 131), (1, 106), (117, 147), (139, 147), (96, 124), (5, 67), (37, 136), (65, 118), (22, 147), (5, 76), (76, 118), (37, 145), (49, 110), (129, 130), (121, 126), (65, 136), (15, 117), (76, 136), (129, 139), (121, 135), (76, 145), (15, 126), (111, 112), (5, 103), (129, 148), (15, 135), (27, 100), (49, 137), (110, 116), (79, 147), (27, 118), (110, 134), (20, 79), (20, 88), (27, 136), (84, 100), (95, 100), (20, 106), (43, 71), (84, 118), (95, 118), (52, 147), (1, 74), (15, 18), (1, 83), (84, 136), (56, 117), (95, 136), (96, 101), (65, 95), (76, 95), (22, 124), (56, 126), (1, 101), (37, 122), (65, 104), (22, 133), (56, 135), (1, 110), (37, 131), (49, 96), (22, 142), (5, 71), (65, 113), (65, 122), (49, 105), (76, 113), (76, 122), (65, 131), (15, 112), (49, 114), (76, 131), (121, 130), (129, 134), (15, 121), (121, 139), (15, 130), (27, 95), (49, 132), (79, 133), (110, 111), (15, 139), (27, 104), (79, 142), (121, 148), (15, 148), (20, 65), (27, 113), (110, 129), (20, 74), (27, 122), (20, 83), (43, 48), (110, 147), (84, 95), (52, 124), (20, 101), (43, 66), (84, 104), (52, 133), (95, 104), (84, 113), (95, 113), (52, 142), (43, 84), (84, 122), (95, 122), (95, 131), (56, 112), (37, 108), (65, 90), (56, 121), (5, 48), (1, 96), (37, 117), (76, 90), (56, 130), (96, 105), (117, 137), (37, 126), (65, 108), (22, 137), (5, 66), (56, 139), (37, 135), (49, 100), (56, 148), (65, 117), (76, 108), (76, 117), (95, 121), (5, 84), (15, 116), (49, 118), (121, 134), (27, 90), (108, 139), (15, 134), (79, 137), (27, 108), (110, 124), (27, 117), (110, 133), (43, 52), (84, 90), (20, 96), (43, 70), (84, 108), (52, 137), (95, 108), (43, 79), (84, 117), (95, 117), (65, 76), (22, 105), (108, 145), (37, 103), (22, 114), (5, 43), (56, 116), (37, 112), (117, 132), (5, 52), (37, 121), (15, 84), (22, 132), (56, 134), (65, 103), (37, 130), (49, 95), (22, 141), (5, 70), (65, 112), (37, 139), (15, 102), (27, 67), (49, 104), (70, 136), (15, 111), (27, 76), (49, 113), (70, 145), (79, 114), (121, 129), (129, 133), (20, 46), (79, 132), (27, 103), (79, 141), (131, 142), (52, 105), (52, 114), (43, 56), (1, 50), (43, 65), (84, 103), (52, 132), (1, 59), (95, 103), (95, 112), (108, 131), (5, 20), (52, 141), (65, 71), (22, 100), (5, 29), (56, 102), (117, 118), (56, 111), (5, 38), (22, 118), (37, 116), (15, 79), (56, 129), (5, 56), (117, 136), (117, 145), (15, 88), (22, 136), (49, 90), (139, 145), (79, 100), (70, 131), (15, 106), (27, 71), (49, 108), (121, 124), (142, 147), (79, 118), (20, 50), (79, 136), (131, 137), (110, 114), (20, 59), (52, 100), (1, 27), (43, 51), (52, 118), (56, 79), (56, 88), (5, 15), (52, 136), (37, 84), (65, 66), (22, 95), (108, 126), (76, 79), (108, 135), (22, 104), (56, 106), (37, 102), (15, 65), (22, 113), (5, 42), (49, 67), (37, 111), (15, 74), (22, 122), (5, 51), (43, 145), (49, 76), (15, 83), (27, 48), (66, 147), (70, 117), (79, 95), (70, 126), (15, 101), (27, 66), (79, 104), (70, 135), (20, 27), (79, 113), (111, 145), (5, 136), (27, 84), (79, 122), (5, 145), (131, 132), (131, 141), (52, 95), (1, 22), (52, 104), (43, 46), (52, 113), (56, 74), (52, 122), (1, 49), (37, 70), (108, 112), (56, 83), (5, 10), (108, 121), (37, 79), (22, 90), (108, 130), (37, 88), (65, 70), (56, 101), (5, 28), (66, 124), (43, 131), (65, 79), (22, 108), (5, 37), (56, 110), (37, 106), (49, 71), (22, 117), (66, 133), (66, 142), (70, 103), (108, 148), (27, 43), (130, 145), (70, 112), (27, 52), (79, 90), (70, 121), (15, 96), (70, 130), (20, 22), (27, 70), (79, 108), (70, 139), (5, 131), (79, 117), (20, 49), (131, 136), (1, 8), (131, 145), (52, 90), (52, 108), (22, 67), (52, 117), (37, 65), (22, 76), (108, 116), (117, 139), (37, 74), (66, 110), (5, 14), (37, 83), (15, 46), (56, 96), (5, 23), (108, 134), (43, 126), (22, 103), (126, 142), (37, 101), (43, 135), (27, 29), (49, 66), (66, 137), (96, 147), (27, 38), (1, 147), (70, 116), (27, 56), (111, 126), (5, 117), (27, 65), (70, 134), (79, 103), (111, 135), (5, 126), (5, 135), (52, 67), (52, 76), (1, 3), (84, 121), (52, 103), (37, 51), (20, 129), (22, 71), (108, 111), (66, 105), (20, 147), (43, 112), (66, 114), (108, 129), (5, 18), (139, 148), (43, 121), (15, 50), (49, 52), (126, 137), (70, 84), (43, 130), (15, 59), (66, 132), (1, 124), (96, 133), (43, 139), (49, 70), (66, 141), (1, 133), (70, 102), (43, 148), (96, 142), (27, 42), (1, 142), (65, 145), (70, 111), (27, 51), (111, 121), (5, 112), (111, 130), (5, 121), (142, 145), (111, 139), (5, 130), (111, 148), (5, 139), (52, 71), (5, 148), (1, 7), (27, 145), (1, 16), (22, 48), (37, 46), (56, 59), (20, 124), (22, 66), (20, 133), (66, 100), (15, 27), (20, 142), (84, 145), (95, 145), (22, 84), (43, 116), (66, 118), (126, 132), (70, 79), (49, 56), (126, 141), (70, 88), (43, 134), (96, 137), (27, 28), (130, 139), (130, 148), (27, 37), (1, 137), (70, 106), (27, 46), (79, 84), (111, 116), (49, 141), (5, 116), (111, 134), (5, 134), (52, 66), (27, 131), (1, 2), (52, 84), (22, 43), (1, 20), (20, 110), (22, 52), (76, 104), (37, 50), (37, 59), (15, 22), (22, 70), (66, 95), (20, 137), (43, 102), (66, 104), (76, 103), (84, 131), (108, 110), (43, 111), (66, 113), (96, 114), (1, 105), (70, 74), (66, 122), (15, 49), (1, 114), (70, 83), (43, 129), (96, 132), (126, 136), (126, 145), (65, 126), (76, 126), (96, 141), (130, 134), (1, 132), (65, 135), (70, 101), (76, 135), (1, 141), (117, 133), (129, 147), (5, 102), (49, 136), (5, 111), (49, 145), (111, 129), (117, 131), (5, 129), (27, 126), (52, 70), (110, 142), (27, 135), (22, 29), (22, 38), (20, 105), (20, 114), (22, 56), (43, 88), (66, 90), (22, 65), (84, 126), (20, 132), (84, 135), (95, 126), (76, 84), (95, 135), (20, 141), (43, 106), (66, 108), (96, 100), (1, 100), (96, 118), (126, 131), (43, 124), (1, 118), (65, 121), (76, 121), (96, 136), (5, 79), (37, 148), (65, 130), (70, 96), (5, 88), (1, 136), (65, 139), (49, 122), (76, 130), (76, 139), (129, 142), (65, 148), (15, 129), (49, 131), (5, 106), (76, 148), (121, 147), (111, 124), (139, 142), (139, 141), (15, 147), (27, 112), (52, 56), (27, 121), (52, 65), (110, 137), (27, 130), (27, 139), (20, 100), (27, 148), (66, 67), (22, 42), (43, 74), (66, 76), (22, 51), (84, 112), (20, 118), (37, 49), (84, 130)]"
51,Vote For 2,ATVA_1,150,3,"{'B': 102, 'C': 102, 'A': 96}","[0.43, 0.52, 1.0, 1.0, 1.0, 0.52, 0.43, 0.52, 0.43, 0.52, 0.81, 0.52, 0.52, 0.52, 0.52, 0.81, 0.81, 0.52, 0.81, 1.0, 0.52, 0.81, 0.43, 0.52, 0.81, 0.52, 1.0, 0.43, 0.52, 1.0, 0.52, 1.0, 0.43, 1.0, 0.43, 0.52, 0.52, 0.43, 0.52, 0.52, 0.52, 0.52, 0.43, 0.81, 1.0, 0.81, 1.0, 0.81, 1.0, 0.52, 0.43, 1.0, 1.0, 1.0, 0.52, 0.81, 0.43, 0.43, 1.0, 0.52, 0.52, 0.81, 1.0, 1.0, 0.52, 0.52, 1.0, 0.81, 0.43, 1.0, 0.81, 0.43, 0.52, 0.52, 1.0, 1.0, 1.0, 1.0, 0.43, 0.52, 1.0, 1.0, 1.0, 0.52, 1.0, 0.52, 1.0, 1.0, 1.0, 1.0, 1.0, 1.0, 1.0, 0.52, 0.81, 0.52, 0.43, 1.0, 1.0, 1.0, 1.0, 0.52, 1.0, 1.0, 1.0, 1.0, 0.81, 1.0, 0.81, 0.81, 1.0, 0.43, 0.43, 1.0, 1.0, 1.0, 0.43, 0.81, 1.0, 0.43, 0.43, 0.52, 0.43, 0.43, 1.0, 1.0, 0.52, 1.0, 0.43, 0.81, 1.0, 1.0, 0.52, 0.81, 1.0, 1.0, 0.81, 0.52, 0.52, 0.81, 0.43, 1.0, 0.81, 1.0, 1.0, 0.52, 0.43, 0.81, 1.0, 1.0]",111.42,"[11, 16, 17, 19, 22, 25, 44, 46, 48, 56, 62, 68, 71, 95, 107, 109, 110, 118, 130, 134, 137, 140, 143, 148]","[0.04, 0.03, 0.01, 0.01, 0.0, 0.03, 0.04, 0.03, 0.04, 0.03, 0.01, 0.03, 0.03, 0.03, 0.03, 0.01, 0.01, 0.03, 0.01, 0.01, 0.03, 0.01, 0.04, 0.03, 0.01, 0.03, 0.0, 0.04, 0.03, 0.0, 0.03, 0.01, 0.04, 0.0, 0.04, 0.03, 0.03, 0.04, 0.03, 0.03, 0.03, 0.03, 0.04, 0.01, 0.0, 0.01, 0.0, 0.01, 0.01, 0.03, 0.04, 0.0, 0.01, 0.0, 0.03, 0.01, 0.04, 0.04, 0.0, 0.03, 0.03, 0.01, 0.0, 0.0, 0.03, 0.03, 0.01, 0.01, 0.04, 0.01, 0.01, 0.04, 0.03, 0.03, 0.01, 0.01, 0.01, 0.01, 0.04, 0.03, 0.0, 0.0, 0.01, 0.03, 0.01, 0.03, 0.01, 0.0, 0.01, 0.01, 0.01, 0.0, 0.01, 0.03, 0.01, 0.03, 0.04, 0.0, 0.0, 0.01, 0.01, 0.03, 0.0, 0.01, 0.01, 0.0, 0.01, 0.01, 0.01, 0.01, 0.01, 0.04, 0.04, 0.01, 0.01, 0.0, 0.04, 0.01, 0.01, 0.04, 0.04, 0.03, 0.04, 0.04, 0.0, 0.0, 0.03, 0.0, 0.04, 0.01, 0.0, 0.0, 0.03, 0.01, 0.0, 0.01, 0.01, 0.03, 0.03, 0.01, 0.04, 0.01, 0.01, 0.0, 0.0, 0.03, 0.04, 0.01, 0.0, 0.0]",0.18999999999999995,"[(95, 139), (95, 148), (107, 113), (17, 58), (56, 147), (46, 112), (68, 112), (16, 120), (46, 121), (11, 14), (68, 121), (46, 130), (11, 23), (68, 130), (48, 72), (140, 146), (46, 139), (68, 139), (46, 148), (68, 148), (62, 74), (110, 123), (19, 112), (25, 43), (44, 56), (19, 121), (110, 141), (11, 117), (22, 28), (19, 130), (25, 61), (62, 110), (19, 139), (95, 107), (22, 46), (95, 134), (16, 79), (17, 44), (25, 146), (95, 143), (56, 124), (16, 97), (17, 62), (56, 133), (107, 117), (22, 140), (17, 71), (46, 107), (68, 107), (48, 58), (140, 141), (46, 134), (68, 134), (68, 143), (62, 69), (110, 118), (19, 107), (25, 38), (110, 127), (44, 51), (11, 112), (22, 23), (62, 96), (11, 121), (19, 134), (11, 130), (11, 139), (16, 56), (95, 120), (16, 65), (95, 129), (16, 74), (25, 141), (17, 48), (107, 112), (17, 57), (56, 137), (109, 140), (56, 146), (46, 120), (68, 120), (46, 129), (68, 129), (110, 113), (62, 73), (71, 140), (25, 33), (48, 147), (11, 107), (19, 120), (110, 140), (95, 97), (143, 146), (16, 51), (17, 25), (25, 127), (44, 140), (16, 69), (95, 124), (22, 112), (17, 43), (46, 79), (22, 121), (56, 123), (22, 130), (17, 61), (46, 97), (68, 97), (22, 139), (56, 141), (22, 148), (68, 124), (19, 79), (71, 117), (62, 68), (19, 97), (25, 28), (48, 133), (110, 117), (11, 120), (44, 117), (16, 46), (25, 113), (95, 110), (16, 55), (16, 73), (17, 38), (22, 107), (25, 140), (46, 74), (56, 109), (56, 118), (68, 74), (109, 112), (109, 121), (56, 127), (17, 56), (109, 130), (22, 134), (109, 139), (22, 143), (46, 110), (68, 110), (109, 148), (19, 65), (19, 74), (71, 112), (17, 141), (71, 121), (11, 79), (71, 130), (110, 112), (48, 137), (71, 139), (110, 121), (11, 97), (48, 146), (71, 148), (44, 112), (16, 41), (95, 96), (44, 121), (16, 50), (56, 86), (25, 117), (44, 130), (56, 95), (44, 139), (16, 68), (17, 33), (46, 69), (68, 69), (56, 113), (22, 120), (22, 129), (46, 96), (68, 96), (109, 134), (109, 143), (11, 56), (19, 69), (71, 107), (11, 65), (11, 74), (48, 123), (19, 96), (71, 134), (48, 141), (16, 18), (44, 107), (16, 36), (56, 72), (62, 143), (22, 79), (25, 112), (17, 19), (25, 121), (46, 55), (44, 134), (22, 97), (17, 28), (25, 130), (46, 73), (68, 73), (109, 120), (109, 129), (19, 46), (16, 148), (19, 55), (11, 51), (134, 140), (19, 73), (48, 109), (17, 140), (11, 69), (48, 118), (71, 120), (48, 127), (71, 129), (16, 22), (16, 31), (62, 147), (22, 74), (25, 107), (44, 120), (46, 50), (17, 23), (46, 68), (22, 110), (130, 147), (109, 124), (16, 134), (19, 41), (16, 143), (71, 79), (19, 50), (48, 86), (17, 117), (11, 46), (48, 95), (71, 97), (11, 55), (19, 68), (48, 113), (11, 73), (44, 79), (62, 124), (16, 17), (44, 97), (16, 26), (56, 62), (62, 133), (16, 35), (22, 69), (56, 71), (22, 96), (130, 133), (68, 72), (109, 110), (107, 140), (118, 140), (16, 129), (19, 36), (71, 74), (16, 147), (17, 112), (11, 41), (17, 121), (11, 50), (134, 139), (17, 130), (134, 148), (17, 139), (11, 68), (48, 117), (44, 65), (44, 74), (19, 148), (25, 79), (22, 55), (56, 57), (62, 137), (137, 140), (25, 97), (62, 146), (22, 73), (46, 58), (130, 137), (19, 22), (16, 124), (130, 146), (11, 18), (19, 31), (16, 133), (17, 107), (11, 36), (46, 143), (71, 96), (134, 143), (25, 56), (44, 69), (25, 65), (22, 41), (19, 143), (25, 74), (62, 123), (22, 50), (11, 148), (44, 96), (56, 61), (62, 141), (22, 68), (95, 147), (107, 121), (118, 121), (16, 110), (107, 130), (118, 130), (107, 139), (118, 139), (11, 13), (130, 141), (19, 26), (48, 62), (107, 148), (11, 22), (118, 148), (19, 35), (16, 137), (48, 71), (11, 31), (71, 73), (19, 44), (46, 147), (68, 147), (17, 120), (44, 46), (44, 55), (25, 51), (19, 129), (44, 73), (22, 36), (62, 109), (25, 69), (11, 134), (62, 118), (19, 147), (11, 143), (62, 127), (56, 65), (137, 139), (95, 133), (22, 72), (137, 148), (16, 96), (107, 134), (17, 79), (118, 134), (48, 57), (16, 123), (46, 124), (11, 17), (107, 143), (118, 143), (17, 97), (11, 26), (46, 133), (68, 133), (11, 35), (44, 50), (62, 86), (25, 46), (62, 95), (19, 124), (25, 55), (44, 68), (22, 31), (19, 133), (11, 129), (62, 113), (25, 73), (11, 147), (22, 58), (137, 143), (95, 137), (95, 146), (107, 120), (17, 65), (118, 120), (16, 109), (17, 74), (107, 129), (118, 129), (16, 118), (11, 12), (19, 25), (48, 61), (46, 137), (68, 137), (48, 79), (46, 146), (68, 146), (62, 72), (19, 110), (25, 41), (110, 130), (110, 139), (25, 50), (22, 26), (110, 148), (11, 124), (22, 35), (19, 137), (11, 133), (22, 44), (19, 146), (95, 123), (44, 148), (95, 141), (16, 86), (17, 51), (16, 95), (56, 140), (17, 69), (107, 124), (118, 124), (16, 113), (22, 147), (118, 133), (48, 56), (46, 123), (11, 16), (68, 123), (48, 65), (140, 148), (46, 141), (68, 141), (71, 143), (25, 36), (110, 134), (11, 110), (19, 123), (110, 143), (19, 141), (95, 109), (11, 137), (95, 118), (44, 143), (16, 72), (95, 127), (25, 139), (56, 117), (17, 46), (25, 148), (22, 124), (17, 55), (107, 110), (22, 133), (17, 73), (46, 109), (68, 109), (48, 51), (109, 147), (46, 118), (68, 118), (46, 127), (68, 127), (140, 143), (62, 71), (110, 120), (25, 31), (11, 96), (19, 109), (71, 147), (110, 129), (19, 118), (22, 25), (19, 127), (110, 147), (11, 123), (44, 129), (16, 58), (95, 113), (25, 134), (44, 147), (56, 112), (17, 41), (25, 143), (56, 121), (17, 50), (46, 86), (68, 86), (56, 130), (46, 95), (68, 95), (109, 133), (22, 137), (17, 68), (56, 139), (22, 146), (46, 113), (56, 148), (68, 113), (140, 147), (19, 86), (71, 124), (19, 95), (25, 26), (71, 133), (48, 140), (25, 35), (110, 124), (19, 113), (110, 133), (11, 109), (11, 118), (16, 44), (143, 148), (44, 124), (17, 18), (25, 120), (44, 133), (16, 62), (95, 117), (25, 129), (16, 71), (17, 36), (46, 72), (56, 107), (25, 147), (22, 123), (56, 134), (109, 137), (22, 141), (109, 146), (68, 117), (19, 72), (71, 110), (17, 148), (11, 86), (71, 137), (11, 95), (71, 146), (11, 113), (44, 110), (16, 48), (95, 112), (16, 57), (17, 22), (25, 124), (44, 137), (17, 31), (25, 133), (44, 146), (22, 109), (22, 118), (56, 120), (109, 123), (22, 127), (56, 129), (109, 141), (19, 58), (17, 134), (48, 112), (17, 143), (11, 72), (48, 121), (71, 123), (62, 65), (48, 130), (48, 139), (71, 141), (48, 148), (16, 25), (16, 43), (56, 79), (25, 110), (143, 147), (44, 123), (22, 86), (16, 61), (17, 26), (22, 95), (46, 62), (44, 141), (56, 97), (17, 35), (25, 137), (46, 71), (68, 71), (22, 113), (109, 118), (109, 127), (16, 146), (19, 62), (17, 129), (11, 58), (19, 71), (48, 107), (71, 109), (134, 147), (71, 118), (17, 147), (71, 127), (48, 134), (48, 143), (25, 96), (44, 109), (16, 38), (56, 74), (44, 118), (46, 48), (44, 127), (46, 57), (25, 123), (56, 110), (109, 113), (22, 117), (16, 141), (19, 48), (71, 86), (11, 44), (19, 57), (71, 95), (17, 124), (17, 133), (11, 62), (71, 113), (11, 71), (48, 120), (48, 129), (44, 86), (44, 95), (62, 140), (16, 33), (56, 69), (44, 113), (25, 109), (25, 118), (56, 96), (46, 61), (130, 140), (68, 79), (109, 117), (16, 127), (107, 147), (118, 147), (71, 72), (19, 43), (17, 110), (11, 48), (19, 61), (48, 97), (134, 137), (11, 57), (134, 146), (17, 137), (17, 146), (48, 124), (44, 72), (25, 68), (62, 117), (16, 19), (25, 86), (16, 28), (22, 62), (25, 95), (22, 71), (56, 73), (137, 147), (46, 56), (46, 65), (107, 133), (17, 96), (11, 25), (19, 38), (16, 140), (48, 74), (11, 43), (19, 56), (17, 123), (134, 141), (11, 61), (48, 110), (44, 58), (62, 112), (25, 72), (62, 121), (22, 48), (11, 146), (16, 23), (22, 57), (62, 130), (62, 139), (56, 68), (62, 148), (46, 51), (16, 117), (107, 137), (118, 137), (130, 139), (107, 146), (118, 146), (130, 148), (19, 33), (48, 69), (17, 109), (11, 38), (19, 51), (17, 118), (48, 96), (17, 127), (44, 62), (25, 58), (44, 71), (62, 107), (22, 43), (11, 141), (62, 134), (22, 61), (137, 146), (95, 140), (107, 123), (118, 123), (16, 112), (130, 134), (48, 55), (16, 121), (17, 86), (107, 141), (118, 141), (19, 28), (16, 130), (17, 95), (130, 143), (48, 73), (16, 139), (46, 140), (11, 33), (68, 140), (17, 113), (44, 48), (25, 44), (44, 57), (25, 62), (11, 127), (22, 38), (19, 140), (25, 71), (62, 120), (62, 129), (22, 56), (56, 58), (22, 65), (137, 141), (107, 109), (107, 118), (16, 107), (17, 72), (56, 143), (107, 127), (48, 50), (118, 127), (46, 117), (19, 23), (11, 19), (48, 68), (11, 28), (62, 79), (19, 117), (25, 48), (110, 137), (44, 61), (62, 97), (110, 146), (25, 57), (22, 33), (11, 140), (22, 51), (95, 121), (95, 130)]"
52,Vote For 2,ATVA_1,150,3,"{'B': 103, 'C': 102, 'A': 95}","[0.52, 0.43, 1.0, 0.81, 1.0, 0.52, 1.0, 0.52, 0.52, 0.43, 0.43, 0.43, 0.52, 1.0, 0.52, 0.52, 1.0, 1.0, 0.52, 1.0, 0.52, 0.52, 0.52, 1.0, 1.0, 0.52, 1.0, 0.52, 1.0, 0.81, 0.52, 0.43, 1.0, 0.52, 0.52, 1.0, 0.52, 0.81, 0.52, 0.81, 0.52, 0.52, 1.0, 1.0, 1.0, 0.52, 0.43, 0.52, 0.52, 1.0, 1.0, 0.52, 0.52, 0.52, 0.52, 0.52, 0.81, 1.0, 1.0, 0.43, 1.0, 0.81, 0.52, 1.0, 0.81, 0.81, 1.0, 1.0, 0.43, 1.0, 1.0, 0.43, 0.81, 1.0, 0.81, 0.52, 0.43, 0.43, 0.52, 1.0, 0.52, 1.0, 0.81, 0.81, 0.81, 0.52, 0.81, 0.81, 1.0, 1.0, 0.81, 1.0, 1.0, 1.0, 0.43, 0.52, 1.0, 0.52, 0.81, 0.52, 0.81, 0.81, 1.0, 0.43, 0.81, 0.81, 0.52, 1.0, 0.52, 0.52, 0.43, 1.0, 0.43, 0.81, 1.0, 0.43, 0.52, 1.0, 0.52, 1.0, 0.81, 0.81, 1.0, 0.43, 0.43, 0.52, 0.81, 0.81, 1.0, 0.52, 1.0, 0.81, 0.81, 0.52, 1.0, 0.43, 0.52, 0.52, 0.52, 0.52, 0.43, 1.0, 0.43, 0.52, 0.81, 1.0, 0.52, 0.81, 0.52, 0.43]",107.28,[],"[0.03, 0.04, 0.01, 0.01, 0.0, 0.03, 0.01, 0.03, 0.03, 0.04, 0.04, 0.04, 0.03, 0.01, 0.03, 0.03, 0.0, 0.0, 0.03, 0.01, 0.03, 0.03, 0.03, 0.0, 0.0, 0.03, 0.0, 0.03, 0.0, 0.01, 0.03, 0.04, 0.0, 0.03, 0.03, 0.01, 0.03, 0.01, 0.03, 0.01, 0.03, 0.03, 0.0, 0.0, 0.0, 0.03, 0.04, 0.03, 0.03, 0.0, 0.0, 0.03, 0.03, 0.03, 0.03, 0.03, 0.01, 0.0, 0.01, 0.04, 0.01, 0.01, 0.03, 0.01, 0.01, 0.01, 0.01, 0.01, 0.04, 0.01, 0.0, 0.04, 0.01, 0.0, 0.01, 0.03, 0.04, 0.04, 0.03, 0.0, 0.03, 0.01, 0.01, 0.01, 0.01, 0.03, 0.01, 0.01, 0.01, 0.01, 0.01, 0.0, 0.0, 0.01, 0.04, 0.03, 0.0, 0.03, 0.01, 0.03, 0.01, 0.01, 0.01, 0.04, 0.01, 0.01, 0.03, 0.0, 0.03, 0.03, 0.04, 0.01, 0.04, 0.01, 0.0, 0.04, 0.03, 0.01, 0.03, 0.0, 0.01, 0.01, 0.0, 0.04, 0.04, 0.03, 0.01, 0.01, 0.0, 0.03, 0.01, 0.01, 0.01, 0.03, 0.01, 0.04, 0.03, 0.03, 0.03, 0.03, 0.04, 0.01, 0.04, 0.03, 0.01, 0.01, 0.03, 0.01, 0.03, 0.04]",0,
53,Vote For 2,ATVA_1,150,3,"{'B': 109, 'A': 101, 'C': 90}","[0.52, 1.0, 1.0, 0.52, 0.52, 0.52, 0.52, 1.0, 0.81, 0.43, 0.43, 0.52, 0.52, 0.52, 1.0, 0.52, 1.0, 0.43, 1.0, 0.81, 0.52, 0.43, 0.52, 0.52, 0.52, 0.52, 1.0, 1.0, 1.0, 1.0, 0.52, 0.81, 0.81, 1.0, 0.81, 1.0, 1.0, 0.52, 0.81, 1.0, 0.52, 0.52, 1.0, 0.43, 1.0, 0.43, 0.52, 1.0, 1.0, 0.81, 0.81, 0.81, 1.0, 0.43, 0.52, 0.81, 1.0, 0.52, 1.0, 0.81, 0.52, 0.81, 1.0, 0.81, 0.43, 0.81, 0.81, 0.43, 0.81, 0.81, 0.52, 0.81, 1.0, 0.81, 1.0, 0.43, 0.81, 0.43, 1.0, 1.0, 1.0, 0.52, 1.0, 1.0, 1.0, 0.52, 0.52, 1.0, 1.0, 1.0, 1.0, 1.0, 0.43, 0.52, 1.0, 1.0, 0.52, 0.81, 0.43, 0.43, 0.43, 0.81, 1.0, 0.81, 1.0, 0.52, 0.52, 1.0, 0.43, 1.0, 1.0, 0.52, 0.52, 0.43, 1.0, 0.81, 0.52, 0.52, 1.0, 0.52, 0.52, 0.43, 0.52, 0.52, 0.52, 1.0, 1.0, 0.81, 0.52, 0.52, 0.52, 0.52, 1.0, 1.0, 1.0, 1.0, 0.52, 0.81, 1.0, 0.52, 0.43, 0.43, 0.52, 0.43, 0.52, 0.81, 1.0, 1.0, 0.52, 1.0]",109.86000000000001,[],"[0.03, 0.0, 0.0, 0.03, 0.03, 0.03, 0.03, 0.0, 0.01, 0.04, 0.04, 0.03, 0.03, 0.03, 0.01, 0.03, 0.01, 0.04, 0.0, 0.01, 0.03, 0.04, 0.03, 0.03, 0.03, 0.03, 0.01, 0.0, 0.01, 0.0, 0.03, 0.01, 0.01, 0.01, 0.01, 0.01, 0.01, 0.03, 0.01, 0.0, 0.03, 0.03, 0.01, 0.04, 0.0, 0.04, 0.03, 0.0, 0.0, 0.01, 0.01, 0.01, 0.0, 0.04, 0.03, 0.01, 0.01, 0.03, 0.01, 0.01, 0.03, 0.01, 0.01, 0.01, 0.04, 0.01, 0.01, 0.04, 0.01, 0.01, 0.03, 0.01, 0.0, 0.01, 0.01, 0.04, 0.01, 0.04, 0.0, 0.0, 0.0, 0.03, 0.0, 0.0, 0.0, 0.03, 0.03, 0.0, 0.0, 0.0, 0.01, 0.0, 0.04, 0.03, 0.0, 0.01, 0.03, 0.01, 0.04, 0.04, 0.04, 0.01, 0.01, 0.01, 0.0, 0.03, 0.03, 0.0, 0.04, 0.01, 0.0, 0.03, 0.03, 0.04, 0.01, 0.01, 0.03, 0.03, 0.0, 0.03, 0.03, 0.04, 0.03, 0.03, 0.03, 0.0, 0.01, 0.01, 0.03, 0.03, 0.03, 0.03, 0.01, 0.0, 0.0, 0.01, 0.03, 0.01, 0.01, 0.03, 0.04, 0.04, 0.03, 0.04, 0.03, 0.01, 0.0, 0.0, 0.03, 0.0]",0,
54,Vote For 2,ATVA_1,150,3,"{'A': 105, 'B': 104, 'C': 91}","[0.52, 1.0, 1.0, 0.43, 1.0, 0.81, 1.0, 1.0, 1.0, 1.0, 1.0, 0.52, 1.0, 0.43, 1.0, 0.52, 0.52, 0.52, 0.81, 0.52, 0.81, 0.52, 1.0, 1.0, 1.0, 0.52, 0.52, 1.0, 1.0, 0.43, 0.81, 1.0, 0.52, 0.52, 1.0, 0.43, 0.81, 0.52, 0.52, 1.0, 1.0, 1.0, 0.43, 0.81, 0.52, 1.0, 0.43, 0.81, 0.52, 1.0, 0.52, 0.52, 0.52, 1.0, 1.0, 0.52, 1.0, 0.81, 0.52, 1.0, 0.81, 1.0, 0.81, 1.0, 1.0, 0.81, 1.0, 0.52, 0.52, 0.52, 0.52, 1.0, 0.52, 0.43, 0.81, 0.52, 1.0, 0.81, 0.52, 0.81, 0.81, 1.0, 0.52, 1.0, 0.43, 1.0, 1.0, 1.0, 0.52, 1.0, 0.81, 1.0, 0.52, 1.0, 0.52, 0.43, 0.52, 0.52, 0.81, 0.52, 0.81, 0.43, 0.43, 0.43, 1.0, 0.81, 0.81, 0.81, 1.0, 1.0, 1.0, 0.52, 0.52, 0.81, 0.43, 0.52, 1.0, 1.0, 0.43, 0.81, 1.0, 1.0, 1.0, 0.43, 0.52, 1.0, 0.52, 1.0, 0.43, 0.52, 0.52, 1.0, 1.0, 0.52, 0.81, 1.0, 0.81, 1.0, 0.43, 0.43, 1.0, 1.0, 0.52, 0.52, 0.52, 0.81, 1.0, 0.43, 1.0, 0.43]",112.06,[],"[0.03, 0.01, 0.01, 0.04, 0.01, 0.01, 0.0, 0.01, 0.0, 0.0, 0.0, 0.03, 0.0, 0.04, 0.0, 0.03, 0.03, 0.03, 0.01, 0.03, 0.01, 0.03, 0.01, 0.0, 0.01, 0.03, 0.03, 0.0, 0.0, 0.04, 0.01, 0.0, 0.03, 0.03, 0.01, 0.04, 0.01, 0.03, 0.03, 0.0, 0.0, 0.01, 0.04, 0.01, 0.03, 0.01, 0.04, 0.01, 0.03, 0.0, 0.03, 0.03, 0.03, 0.01, 0.01, 0.03, 0.0, 0.01, 0.03, 0.01, 0.01, 0.0, 0.01, 0.0, 0.01, 0.01, 0.0, 0.03, 0.03, 0.03, 0.03, 0.0, 0.03, 0.04, 0.01, 0.03, 0.01, 0.01, 0.03, 0.01, 0.01, 0.01, 0.03, 0.0, 0.04, 0.0, 0.0, 0.0, 0.03, 0.01, 0.01, 0.01, 0.03, 0.01, 0.03, 0.04, 0.03, 0.03, 0.01, 0.03, 0.01, 0.04, 0.04, 0.04, 0.01, 0.01, 0.01, 0.01, 0.01, 0.01, 0.0, 0.03, 0.03, 0.01, 0.04, 0.03, 0.01, 0.0, 0.04, 0.01, 0.0, 0.0, 0.0, 0.04, 0.03, 0.0, 0.03, 0.01, 0.04, 0.03, 0.03, 0.01, 0.0, 0.03, 0.01, 0.0, 0.01, 0.0, 0.04, 0.04, 0.01, 0.0, 0.03, 0.03, 0.03, 0.01, 0.0, 0.04, 0.01, 0.04]",0,
55,Vote For 2,ATVA_1,150,3,"{'C': 107, 'A': 102, 'B': 91}","[1.0, 0.43, 1.0, 1.0, 0.52, 0.52, 1.0, 0.81, 1.0, 1.0, 1.0, 0.52, 0.52, 1.0, 0.52, 0.43, 0.52, 0.81, 0.52, 0.81, 0.52, 0.81, 0.81, 0.52, 0.43, 1.0, 0.43, 1.0, 0.81, 0.52, 1.0, 0.52, 0.52, 0.81, 1.0, 1.0, 0.52, 0.43, 1.0, 0.43, 0.52, 0.43, 1.0, 0.52, 0.81, 0.81, 0.81, 0.52, 1.0, 0.52, 0.81, 1.0, 0.52, 1.0, 1.0, 0.81, 0.43, 0.52, 0.43, 0.52, 0.81, 1.0, 0.52, 1.0, 0.81, 0.52, 0.52, 1.0, 1.0, 0.43, 0.52, 0.52, 0.81, 0.81, 0.81, 1.0, 1.0, 0.43, 0.43, 0.52, 1.0, 0.81, 1.0, 0.52, 0.52, 0.52, 0.43, 0.52, 0.52, 0.52, 0.52, 1.0, 1.0, 0.52, 0.52, 0.81, 1.0, 0.52, 0.52, 0.52, 0.81, 0.52, 0.43, 0.43, 0.81, 0.81, 0.52, 0.52, 0.81, 1.0, 0.52, 0.81, 0.52, 0.81, 1.0, 1.0, 0.43, 1.0, 0.81, 0.81, 1.0, 0.81, 0.81, 0.81, 1.0, 0.81, 1.0, 0.81, 0.81, 1.0, 0.52, 0.43, 0.43, 0.81, 1.0, 1.0, 0.52, 1.0, 1.0, 0.52, 0.81, 1.0, 0.52, 0.43, 1.0, 0.52, 1.0, 0.52, 1.0, 0.81]",108.81000000000002,[],"[0.0, 0.04, 0.01, 0.01, 0.03, 0.03, 0.01, 0.01, 0.01, 0.0, 0.0, 0.03, 0.03, 0.0, 0.03, 0.04, 0.03, 0.01, 0.03, 0.01, 0.03, 0.01, 0.01, 0.03, 0.04, 0.01, 0.04, 0.0, 0.01, 0.03, 0.0, 0.03, 0.03, 0.01, 0.01, 0.01, 0.03, 0.04, 0.0, 0.04, 0.03, 0.04, 0.01, 0.03, 0.01, 0.01, 0.01, 0.03, 0.0, 0.03, 0.01, 0.01, 0.03, 0.0, 0.01, 0.01, 0.04, 0.03, 0.04, 0.03, 0.01, 0.01, 0.03, 0.01, 0.01, 0.03, 0.03, 0.01, 0.0, 0.04, 0.03, 0.03, 0.01, 0.01, 0.01, 0.0, 0.0, 0.04, 0.04, 0.03, 0.0, 0.01, 0.01, 0.03, 0.03, 0.03, 0.04, 0.03, 0.03, 0.03, 0.03, 0.0, 0.01, 0.03, 0.03, 0.01, 0.01, 0.03, 0.03, 0.03, 0.01, 0.03, 0.04, 0.04, 0.01, 0.01, 0.03, 0.03, 0.01, 0.01, 0.03, 0.01, 0.03, 0.01, 0.0, 0.01, 0.04, 0.01, 0.01, 0.01, 0.01, 0.01, 0.01, 0.01, 0.0, 0.01, 0.0, 0.01, 0.01, 0.0, 0.03, 0.04, 0.04, 0.01, 0.01, 0.0, 0.03, 0.0, 0.0, 0.03, 0.01, 0.0, 0.03, 0.04, 0.01, 0.03, 0.01, 0.03, 0.0, 0.01]",0,
56,Vote For 2,ATVA_1,150,3,"{'B': 106, 'C': 103, 'A': 91}","[1.0, 0.43, 0.81, 0.52, 1.0, 0.52, 0.52, 0.43, 0.81, 0.52, 0.81, 0.52, 0.43, 1.0, 1.0, 1.0, 0.52, 1.0, 0.81, 0.81, 0.43, 1.0, 0.52, 0.52, 0.43, 0.43, 0.81, 0.52, 1.0, 1.0, 1.0, 1.0, 1.0, 0.81, 0.43, 0.52, 0.81, 0.52, 0.81, 0.81, 0.52, 0.81, 1.0, 1.0, 0.43, 0.52, 0.52, 0.81, 0.52, 0.81, 1.0, 1.0, 0.52, 1.0, 0.43, 0.43, 1.0, 1.0, 1.0, 1.0, 0.81, 0.52, 0.43, 0.81, 0.52, 1.0, 0.43, 0.81, 0.81, 1.0, 0.52, 0.52, 0.81, 0.81, 1.0, 0.81, 0.52, 0.81, 0.81, 0.43, 0.52, 0.52, 0.52, 1.0, 1.0, 1.0, 0.43, 0.52, 0.43, 0.52, 0.52, 0.52, 1.0, 0.52, 0.43, 1.0, 0.52, 1.0, 1.0, 0.81, 0.81, 0.52, 0.52, 1.0, 0.81, 0.43, 1.0, 1.0, 1.0, 0.43, 1.0, 0.43, 0.81, 1.0, 0.81, 1.0, 1.0, 0.52, 0.43, 1.0, 0.52, 1.0, 0.52, 1.0, 0.81, 1.0, 0.81, 1.0, 0.81, 1.0, 0.81, 1.0, 0.52, 1.0, 0.52, 0.52, 0.43, 0.52, 1.0, 1.0, 0.52, 0.52, 0.81, 1.0, 0.43, 1.0, 1.0, 0.43, 0.81, 1.0]",110.94,[],"[0.0, 0.04, 0.01, 0.03, 0.0, 0.03, 0.03, 0.04, 0.01, 0.03, 0.01, 0.03, 0.04, 0.0, 0.0, 0.01, 0.03, 0.0, 0.01, 0.01, 0.04, 0.01, 0.03, 0.03, 0.04, 0.04, 0.01, 0.03, 0.01, 0.01, 0.01, 0.01, 0.01, 0.01, 0.04, 0.03, 0.01, 0.03, 0.01, 0.01, 0.03, 0.01, 0.01, 0.0, 0.04, 0.03, 0.03, 0.01, 0.03, 0.01, 0.0, 0.01, 0.03, 0.0, 0.04, 0.04, 0.0, 0.01, 0.0, 0.01, 0.01, 0.03, 0.04, 0.01, 0.03, 0.0, 0.04, 0.01, 0.01, 0.0, 0.03, 0.03, 0.01, 0.01, 0.0, 0.01, 0.03, 0.01, 0.01, 0.04, 0.03, 0.03, 0.03, 0.01, 0.0, 0.0, 0.04, 0.03, 0.04, 0.03, 0.03, 0.03, 0.01, 0.03, 0.04, 0.01, 0.03, 0.0, 0.01, 0.01, 0.01, 0.03, 0.03, 0.0, 0.01, 0.04, 0.01, 0.01, 0.0, 0.04, 0.0, 0.04, 0.01, 0.01, 0.01, 0.01, 0.0, 0.03, 0.04, 0.0, 0.03, 0.01, 0.03, 0.0, 0.01, 0.01, 0.01, 0.01, 0.01, 0.01, 0.01, 0.01, 0.03, 0.01, 0.03, 0.03, 0.04, 0.03, 0.0, 0.01, 0.03, 0.03, 0.01, 0.0, 0.04, 0.0, 0.01, 0.04, 0.01, 0.0]",0,
57,Vote For 2,ATVA_1,150,3,"{'B': 112, 'C': 96, 'A': 92}","[1.0, 1.0, 0.52, 0.52, 1.0, 0.52, 0.52, 1.0, 0.81, 0.43, 1.0, 1.0, 1.0, 0.52, 0.52, 0.43, 0.43, 0.52, 0.52, 0.81, 0.81, 0.52, 1.0, 0.52, 0.81, 0.52, 1.0, 0.52, 1.0, 1.0, 0.52, 0.52, 1.0, 1.0, 1.0, 1.0, 0.81, 1.0, 0.43, 0.81, 1.0, 0.43, 1.0, 1.0, 1.0, 0.52, 1.0, 0.43, 0.52, 0.81, 0.52, 0.43, 0.52, 1.0, 1.0, 1.0, 0.43, 0.52, 0.43, 0.81, 1.0, 0.52, 0.81, 0.43, 0.43, 1.0, 0.81, 0.81, 1.0, 0.81, 0.43, 0.81, 0.81, 0.81, 0.81, 1.0, 0.52, 0.43, 1.0, 0.81, 0.81, 0.52, 0.52, 1.0, 0.81, 0.81, 1.0, 0.52, 0.52, 0.43, 0.52, 0.81, 0.81, 1.0, 1.0, 1.0, 1.0, 0.43, 0.52, 0.52, 0.52, 1.0, 1.0, 1.0, 0.52, 0.81, 0.43, 0.52, 1.0, 0.43, 0.52, 0.43, 0.81, 0.52, 1.0, 1.0, 0.81, 0.52, 1.0, 0.81, 0.81, 0.52, 1.0, 1.0, 1.0, 0.52, 0.81, 1.0, 0.52, 1.0, 1.0, 0.81, 1.0, 1.0, 0.81, 1.0, 0.43, 1.0, 1.0, 0.52, 0.81, 0.43, 0.52, 0.52, 1.0, 1.0, 1.0, 1.0, 1.0, 1.0]",113.51,[],"[0.0, 0.01, 0.03, 0.03, 0.01, 0.03, 0.03, 0.0, 0.01, 0.04, 0.0, 0.0, 0.01, 0.03, 0.03, 0.04, 0.04, 0.03, 0.03, 0.01, 0.01, 0.03, 0.0, 0.03, 0.01, 0.03, 0.01, 0.03, 0.0, 0.01, 0.03, 0.03, 0.0, 0.0, 0.01, 0.01, 0.01, 0.01, 0.04, 0.01, 0.01, 0.04, 0.01, 0.0, 0.01, 0.03, 0.01, 0.04, 0.03, 0.01, 0.03, 0.04, 0.03, 0.01, 0.01, 0.0, 0.04, 0.03, 0.04, 0.01, 0.01, 0.03, 0.01, 0.04, 0.04, 0.01, 0.01, 0.01, 0.01, 0.01, 0.04, 0.01, 0.01, 0.01, 0.01, 0.01, 0.03, 0.04, 0.0, 0.01, 0.01, 0.03, 0.03, 0.01, 0.01, 0.01, 0.01, 0.03, 0.03, 0.04, 0.03, 0.01, 0.01, 0.0, 0.01, 0.0, 0.01, 0.04, 0.03, 0.03, 0.03, 0.01, 0.01, 0.0, 0.03, 0.01, 0.04, 0.03, 0.0, 0.04, 0.03, 0.04, 0.01, 0.03, 0.0, 0.01, 0.01, 0.03, 0.0, 0.01, 0.01, 0.03, 0.0, 0.01, 0.0, 0.03, 0.01, 0.0, 0.03, 0.0, 0.01, 0.01, 0.01, 0.01, 0.01, 0.0, 0.04, 0.0, 0.01, 0.03, 0.01, 0.04, 0.03, 0.03, 0.0, 0.0, 0.01, 0.01, 0.0, 0.0]",0,
58,Vote For 2,ATVA_1,150,3,"{'A': 103, 'C': 102, 'B': 95}","[0.81, 1.0, 0.43, 1.0, 0.52, 0.81, 0.81, 0.43, 1.0, 0.52, 0.52, 1.0, 0.43, 0.52, 0.81, 0.43, 1.0, 0.52, 1.0, 0.43, 1.0, 0.81, 0.81, 0.52, 1.0, 0.52, 0.52, 0.52, 0.43, 0.81, 1.0, 1.0, 0.52, 0.43, 1.0, 0.52, 0.52, 0.52, 0.43, 0.52, 1.0, 0.81, 0.52, 0.52, 1.0, 1.0, 0.52, 1.0, 0.43, 1.0, 1.0, 1.0, 0.43, 1.0, 0.81, 0.43, 0.81, 1.0, 0.52, 1.0, 0.52, 1.0, 0.81, 0.81, 0.52, 1.0, 0.52, 0.52, 0.81, 0.81, 0.52, 1.0, 0.43, 0.43, 1.0, 0.43, 0.81, 1.0, 1.0, 0.52, 1.0, 0.81, 0.52, 0.81, 0.81, 0.43, 0.52, 1.0, 0.81, 0.43, 1.0, 1.0, 0.81, 0.52, 0.52, 1.0, 0.81, 0.52, 0.52, 1.0, 0.81, 0.52, 0.52, 1.0, 1.0, 1.0, 0.81, 1.0, 1.0, 0.43, 1.0, 1.0, 1.0, 1.0, 0.52, 1.0, 0.81, 0.52, 0.81, 0.81, 0.52, 1.0, 0.43, 1.0, 0.43, 0.52, 1.0, 1.0, 0.43, 0.52, 0.52, 0.43, 1.0, 0.52, 0.52, 0.81, 1.0, 1.0, 0.52, 0.81, 0.52, 1.0, 0.52, 0.81, 1.0, 1.0, 0.43, 0.81, 1.0, 1.0]",111.12,[],"[0.01, 0.01, 0.04, 0.01, 0.03, 0.01, 0.01, 0.04, 0.01, 0.03, 0.03, 0.0, 0.04, 0.03, 0.01, 0.04, 0.01, 0.03, 0.01, 0.04, 0.01, 0.01, 0.01, 0.03, 0.01, 0.03, 0.03, 0.03, 0.04, 0.01, 0.01, 0.0, 0.03, 0.04, 0.0, 0.03, 0.03, 0.03, 0.04, 0.03, 0.01, 0.01, 0.03, 0.03, 0.01, 0.0, 0.03, 0.0, 0.04, 0.01, 0.0, 0.0, 0.04, 0.0, 0.01, 0.04, 0.01, 0.0, 0.03, 0.0, 0.03, 0.01, 0.01, 0.01, 0.03, 0.01, 0.03, 0.03, 0.01, 0.01, 0.03, 0.0, 0.04, 0.04, 0.0, 0.04, 0.01, 0.01, 0.01, 0.03, 0.01, 0.01, 0.03, 0.01, 0.01, 0.04, 0.03, 0.0, 0.01, 0.04, 0.0, 0.0, 0.01, 0.03, 0.03, 0.0, 0.01, 0.03, 0.03, 0.0, 0.01, 0.03, 0.03, 0.01, 0.01, 0.0, 0.01, 0.01, 0.0, 0.04, 0.01, 0.01, 0.0, 0.01, 0.03, 0.0, 0.01, 0.03, 0.01, 0.01, 0.03, 0.01, 0.04, 0.01, 0.04, 0.03, 0.0, 0.01, 0.04, 0.03, 0.03, 0.04, 0.01, 0.03, 0.03, 0.01, 0.01, 0.01, 0.03, 0.01, 0.03, 0.01, 0.03, 0.01, 0.01, 0.0, 0.04, 0.01, 0.0, 0.0]",0,
59,Vote For 2,ATVA_1,150,3,"{'B': 106, 'A': 98, 'C': 96}","[0.43, 1.0, 1.0, 0.52, 0.81, 0.52, 0.52, 0.52, 1.0, 1.0, 1.0, 1.0, 1.0, 0.52, 0.52, 0.81, 0.81, 0.81, 0.81, 0.43, 1.0, 0.52, 0.52, 0.43, 0.52, 0.52, 1.0, 1.0, 0.52, 1.0, 0.52, 0.52, 0.52, 1.0, 0.43, 0.81, 0.43, 0.43, 1.0, 0.52, 1.0, 0.81, 0.81, 1.0, 1.0, 0.52, 0.52, 0.52, 0.43, 0.52, 0.81, 0.81, 0.81, 0.81, 0.81, 0.52, 1.0, 1.0, 0.81, 0.52, 0.43, 0.43, 0.52, 1.0, 0.43, 1.0, 0.52, 0.52, 1.0, 1.0, 1.0, 0.52, 0.81, 0.43, 1.0, 0.43, 1.0, 0.81, 1.0, 1.0, 0.52, 1.0, 1.0, 0.81, 1.0, 1.0, 0.52, 0.43, 0.52, 0.43, 1.0, 0.81, 1.0, 0.43, 1.0, 0.43, 1.0, 1.0, 0.52, 0.52, 1.0, 0.52, 0.52, 1.0, 1.0, 1.0, 1.0, 0.52, 1.0, 0.43, 0.81, 0.81, 0.52, 0.52, 0.81, 0.43, 0.52, 1.0, 1.0, 0.43, 0.81, 1.0, 0.81, 1.0, 1.0, 0.81, 0.52, 0.52, 0.43, 1.0, 1.0, 0.43, 0.81, 0.52, 1.0, 0.52, 1.0, 0.81, 0.52, 0.43, 0.81, 0.43, 0.43, 1.0, 1.0, 0.43, 1.0, 0.52, 1.0, 0.52]",109.97999999999999,[],"[0.04, 0.0, 0.0, 0.03, 0.01, 0.03, 0.03, 0.03, 0.0, 0.0, 0.01, 0.01, 0.01, 0.03, 0.03, 0.01, 0.01, 0.01, 0.01, 0.04, 0.01, 0.03, 0.03, 0.04, 0.03, 0.03, 0.0, 0.01, 0.03, 0.01, 0.03, 0.03, 0.03, 0.0, 0.04, 0.01, 0.04, 0.04, 0.0, 0.03, 0.0, 0.01, 0.01, 0.01, 0.0, 0.03, 0.03, 0.03, 0.04, 0.03, 0.01, 0.01, 0.01, 0.01, 0.01, 0.03, 0.01, 0.01, 0.01, 0.03, 0.04, 0.04, 0.03, 0.0, 0.04, 0.0, 0.03, 0.03, 0.01, 0.0, 0.0, 0.03, 0.01, 0.04, 0.0, 0.04, 0.0, 0.01, 0.01, 0.0, 0.03, 0.01, 0.0, 0.01, 0.0, 0.01, 0.03, 0.04, 0.03, 0.04, 0.01, 0.01, 0.01, 0.04, 0.0, 0.04, 0.0, 0.0, 0.03, 0.03, 0.0, 0.03, 0.03, 0.01, 0.01, 0.01, 0.01, 0.03, 0.01, 0.04, 0.01, 0.01, 0.03, 0.03, 0.01, 0.04, 0.03, 0.0, 0.01, 0.04, 0.01, 0.01, 0.01, 0.01, 0.0, 0.01, 0.03, 0.03, 0.04, 0.01, 0.01, 0.04, 0.01, 0.03, 0.0, 0.03, 0.01, 0.01, 0.03, 0.04, 0.01, 0.04, 0.04, 0.01, 0.0, 0.04, 0.0, 0.03, 0.01, 0.03]",0,
60,Vote For 2,ATVA_3,150,3,"{'A': 51, 'C': 50, 'B': 49}","[0.81, 1.0, 0.43, 0.52, 1.0, 1.0, 1.0, 0.43, 1.0, 0.52, 1.0, 0.52, 0.81, 0.81, 0.81, 0.52, 0.52, 0.81, 1.0, 0.43, 0.52, 0.52, 0.81, 0.52, 0.52, 0.52, 1.0, 0.81, 1.0, 0.43, 1.0, 1.0, 0.81, 0.81, 0.52, 1.0, 0.81, 0.43, 0.52, 0.81, 1.0, 0.43, 0.52, 1.0, 0.52, 0.52, 0.81, 1.0, 1.0, 0.52, 0.52, 0.81, 0.81, 1.0, 0.52, 0.43, 0.43, 0.81, 0.52, 0.43, 0.81, 1.0, 1.0, 0.43, 1.0, 1.0, 0.43, 0.52, 0.52, 0.81, 0.43, 1.0, 0.52, 0.81, 0.81, 1.0, 0.52, 0.81, 1.0, 0.81, 1.0, 1.0, 0.52, 1.0, 0.43, 0.81, 0.43, 1.0, 1.0, 0.52, 0.52, 0.43, 0.81, 0.52, 1.0, 1.0, 0.52, 0.81, 1.0, 0.43, 0.52, 0.43, 1.0, 1.0, 0.52, 0.52, 0.52, 1.0, 1.0, 0.52, 0.43, 0.52, 1.0, 0.81, 0.81, 0.81, 0.52, 1.0, 0.43, 1.0, 0.43, 1.0, 0.52, 0.52, 0.52, 0.81, 1.0, 1.0, 0.81, 0.43, 1.0, 1.0, 0.52, 0.52, 0.52, 1.0, 1.0, 0.52, 0.52, 1.0, 0.43, 0.43, 0.43, 0.52, 0.43, 0.52, 1.0, 1.0, 0.43, 0.43]",107.5,"[1, 3, 4, 8, 10, 13, 14, 15, 16, 17, 18, 23, 24, 28, 30, 33, 34, 35, 37, 38, 39, 40, 42, 43, 47, 50, 51, 52, 53, 56, 57, 58, 60, 61, 64, 67, 69, 70, 73, 74, 75, 77, 78, 80, 85, 86, 87, 93, 94, 98, 102, 105, 107, 111, 112, 114, 115, 116, 117, 119, 121, 125, 126, 129, 130, 133, 139, 141, 143, 145, 146]","[0.0, 0.03, 0.01, 0.01, 0.03, 0.03, 0.03, 0.01, 0.03, 0.01, 0.03, 0.01, 0.0, 0.01, 0.01, 0.0, 0.01, 0.01, 0.04, 0.03, 0.03, 0.03, 0.01, 0.01, 0.03, 0.03, 0.03, 0.01, 0.03, 0.01, 0.03, 0.03, 0.01, 0.01, 0.01, 0.03, 0.01, 0.01, 0.0, 0.01, 0.03, 0.01, 0.01, 0.03, 0.01, 0.03, 0.01, 0.03, 0.03, 0.01, 0.0, 0.01, 0.01, 0.04, 0.01, 0.01, 0.01, 0.0, 0.01, 0.01, 0.01, 0.04, 0.03, 0.01, 0.04, 0.03, 0.01, 0.03, 0.01, 0.0, 0.03, 0.03, 0.01, 0.01, 0.01, 0.03, 0.01, 0.01, 0.03, 0.01, 0.03, 0.03, 0.01, 0.03, 0.01, 0.01, 0.01, 0.03, 0.03, 0.03, 0.01, 0.03, 0.0, 0.01, 0.03, 0.04, 0.01, 0.01, 0.03, 0.03, 0.03, 0.01, 0.04, 0.03, 0.0, 0.01, 0.01, 0.03, 0.03, 0.03, 0.01, 0.01, 0.04, 0.0, 0.01, 0.01, 0.01, 0.03, 0.01, 0.04, 0.01, 0.04, 0.01, 0.01, 0.01, 0.01, 0.03, 0.03, 0.01, 0.01, 0.04, 0.03, 0.01, 0.01, 0.01, 0.03, 0.03, 0.01, 0.01, 0.03, 0.01, 0.03, 0.01, 0.03, 0.01, 0.01, 0.04, 0.03, 0.03, 0.03]",0.18999999999999995,
61,Vote For 2,ATVA_3,150,3,"{'B': 60, 'C': 49, 'A': 41}","[1.0, 0.81, 1.0, 1.0, 0.52, 1.0, 0.52, 1.0, 0.52, 0.52, 0.52, 0.43, 0.52, 1.0, 0.43, 0.52, 1.0, 0.81, 1.0, 0.52, 1.0, 1.0, 0.52, 0.43, 1.0, 1.0, 0.81, 0.52, 0.52, 0.81, 1.0, 0.43, 1.0, 1.0, 0.52, 0.52, 0.52, 1.0, 0.81, 1.0, 0.52, 1.0, 1.0, 0.52, 0.52, 0.43, 0.52, 0.43, 1.0, 1.0, 0.81, 1.0, 1.0, 0.52, 1.0, 1.0, 0.43, 0.52, 0.52, 0.43, 0.81, 1.0, 0.81, 0.81, 1.0, 1.0, 0.81, 0.52, 0.81, 0.52, 1.0, 0.43, 1.0, 0.52, 0.81, 0.43, 1.0, 1.0, 1.0, 0.52, 1.0, 1.0, 0.81, 0.81, 0.52, 1.0, 0.81, 0.52, 0.52, 1.0, 0.43, 0.81, 1.0, 1.0, 0.81, 1.0, 0.52, 0.43, 0.52, 0.81, 1.0, 1.0, 1.0, 1.0, 1.0, 1.0, 0.52, 0.43, 0.81, 0.52, 1.0, 1.0, 1.0, 0.43, 0.52, 0.52, 0.81, 0.52, 0.52, 0.43, 1.0, 0.52, 1.0, 1.0, 0.52, 1.0, 0.52, 1.0, 0.43, 1.0, 1.0, 1.0, 0.52, 0.52, 0.81, 1.0, 0.52, 0.52, 0.43, 0.52, 0.81, 0.52, 0.52, 0.52, 0.52, 1.0, 1.0, 0.52, 0.43, 0.52]",111.56,"[5, 12, 15, 24, 29, 32, 41, 44, 45, 46, 47, 48, 57, 59, 60, 70, 72, 74, 76, 80, 88, 89, 91, 98, 99, 108, 110, 114, 115, 116, 120, 122, 129, 137, 138, 139, 140, 142, 143, 148, 149]","[0.0, 0.03, 0.01, 0.01, 0.03, 0.01, 0.03, 0.01, 0.03, 0.03, 0.03, 0.03, 0.03, 0.01, 0.03, 0.01, 0.01, 0.03, 0.01, 0.03, 0.01, 0.0, 0.03, 0.04, 0.01, 0.0, 0.03, 0.03, 0.03, 0.01, 0.01, 0.04, 0.01, 0.01, 0.03, 0.01, 0.01, 0.01, 0.01, 0.01, 0.04, 0.01, 0.01, 0.04, 0.03, 0.04, 0.03, 0.03, 0.01, 0.01, 0.03, 0.01, 0.01, 0.01, 0.01, 0.01, 0.04, 0.03, 0.03, 0.04, 0.01, 0.0, 0.01, 0.01, 0.01, 0.01, 0.03, 0.03, 0.03, 0.04, 0.01, 0.03, 0.01, 0.03, 0.01, 0.03, 0.0, 0.01, 0.01, 0.03, 0.0, 0.0, 0.01, 0.03, 0.03, 0.0, 0.03, 0.03, 0.04, 0.01, 0.03, 0.03, 0.0, 0.0, 0.03, 0.01, 0.03, 0.03, 0.03, 0.01, 0.0, 0.01, 0.01, 0.01, 0.0, 0.0, 0.01, 0.03, 0.01, 0.04, 0.0, 0.01, 0.0, 0.03, 0.03, 0.03, 0.03, 0.03, 0.01, 0.03, 0.01, 0.03, 0.01, 0.0, 0.01, 0.0, 0.03, 0.0, 0.04, 0.0, 0.0, 0.01, 0.03, 0.01, 0.03, 0.01, 0.03, 0.03, 0.04, 0.04, 0.03, 0.03, 0.03, 0.03, 0.03, 0.01, 0.01, 0.03, 0.04, 0.03]",0,
62,Vote For 2,ATVA_3,150,3,"{'A': 51, 'C': 50, 'B': 49}","[0.52, 0.81, 1.0, 1.0, 0.81, 0.52, 0.52, 1.0, 1.0, 1.0, 1.0, 0.43, 0.43, 1.0, 0.52, 1.0, 0.43, 0.81, 0.52, 0.81, 0.43, 0.52, 0.52, 1.0, 0.43, 0.81, 0.81, 1.0, 0.52, 0.52, 1.0, 0.52, 0.43, 1.0, 1.0, 0.52, 1.0, 1.0, 1.0, 1.0, 0.52, 1.0, 1.0, 0.52, 1.0, 0.52, 0.81, 0.52, 1.0, 0.81, 1.0, 0.81, 1.0, 0.52, 0.43, 1.0, 0.52, 0.52, 1.0, 1.0, 0.52, 0.52, 1.0, 0.81, 1.0, 0.81, 1.0, 0.43, 1.0, 0.52, 0.52, 1.0, 1.0, 0.52, 0.52, 0.81, 0.52, 0.81, 0.52, 1.0, 0.81, 0.43, 0.52, 0.81, 0.52, 0.81, 1.0, 0.81, 0.52, 0.52, 1.0, 0.81, 0.52, 0.43, 0.52, 1.0, 0.52, 1.0, 0.52, 0.81, 0.43, 0.43, 0.52, 1.0, 1.0, 1.0, 0.52, 0.52, 0.81, 0.43, 0.81, 0.81, 1.0, 0.52, 0.43, 1.0, 0.52, 0.52, 0.43, 1.0, 0.52, 0.81, 0.43, 1.0, 0.81, 0.52, 0.52, 1.0, 1.0, 1.0, 0.52, 0.81, 0.81, 0.52, 0.52, 0.52, 0.52, 0.43, 0.81, 0.43, 0.81, 1.0, 0.52, 0.52, 0.43, 1.0, 0.81, 0.43, 0.81, 0.52]",108.42,"[2, 5, 12, 15, 17, 18, 20, 21, 22, 26, 27, 30, 33, 44, 47, 50, 52, 58, 64, 66, 68, 70, 71, 76, 77, 78, 79, 81, 82, 84, 86, 88, 92, 94, 99, 100, 101, 102, 103, 107, 108, 109, 110, 111, 112, 114, 118, 119, 121, 122, 125, 132, 133, 135, 136, 137, 138, 139, 141, 143, 144, 147, 148, 149]","[0.03, 0.01, 0.03, 0.03, 0.0, 0.01, 0.01, 0.04, 0.03, 0.03, 0.04, 0.01, 0.03, 0.03, 0.0, 0.03, 0.01, 0.0, 0.03, 0.0, 0.01, 0.01, 0.03, 0.03, 0.03, 0.0, 0.0, 0.03, 0.01, 0.01, 0.04, 0.01, 0.01, 0.04, 0.03, 0.01, 0.03, 0.04, 0.04, 0.03, 0.03, 0.03, 0.04, 0.0, 0.03, 0.01, 0.01, 0.01, 0.04, 0.01, 0.04, 0.01, 0.03, 0.03, 0.03, 0.03, 0.01, 0.0, 0.04, 0.03, 0.03, 0.01, 0.04, 0.01, 0.03, 0.01, 0.04, 0.01, 0.04, 0.0, 0.01, 0.03, 0.04, 0.03, 0.03, 0.0, 0.0, 0.0, 0.01, 0.03, 0.0, 0.01, 0.03, 0.01, 0.01, 0.01, 0.04, 0.01, 0.01, 0.01, 0.03, 0.01, 0.03, 0.01, 0.01, 0.03, 0.01, 0.03, 0.0, 0.01, 0.01, 0.01, 0.01, 0.03, 0.03, 0.03, 0.01, 0.0, 0.01, 0.01, 0.0, 0.01, 0.03, 0.01, 0.03, 0.03, 0.03, 0.01, 0.01, 0.03, 0.01, 0.01, 0.03, 0.04, 0.01, 0.03, 0.01, 0.03, 0.03, 0.04, 0.01, 0.01, 0.01, 0.03, 0.0, 0.0, 0.0, 0.01, 0.01, 0.03, 0.01, 0.03, 0.01, 0.0, 0.03, 0.03, 0.01, 0.01, 0.0, 0.03]",0,
63,Vote For 2,ATVA_3,150,3,"{'B': 53, 'C': 53, 'A': 44}","[0.43, 0.52, 1.0, 0.81, 1.0, 0.52, 0.52, 1.0, 0.81, 0.43, 1.0, 0.52, 0.43, 1.0, 0.81, 0.81, 0.81, 1.0, 1.0, 0.52, 1.0, 1.0, 1.0, 1.0, 1.0, 0.43, 1.0, 1.0, 1.0, 1.0, 0.81, 1.0, 1.0, 1.0, 0.52, 0.52, 0.81, 0.52, 0.52, 0.52, 0.81, 1.0, 0.52, 1.0, 1.0, 0.81, 0.52, 0.81, 0.81, 0.52, 0.81, 1.0, 0.81, 1.0, 1.0, 1.0, 0.52, 0.43, 0.43, 0.52, 0.43, 0.52, 0.81, 0.52, 0.52, 0.52, 1.0, 1.0, 1.0, 0.43, 1.0, 0.81, 0.52, 1.0, 1.0, 0.81, 0.52, 0.43, 0.81, 0.43, 1.0, 1.0, 0.81, 0.52, 1.0, 1.0, 1.0, 0.52, 0.52, 0.52, 0.43, 1.0, 1.0, 0.52, 0.81, 0.52, 0.52, 0.43, 1.0, 0.43, 1.0, 0.43, 0.81, 1.0, 0.43, 1.0, 0.52, 1.0, 1.0, 0.52, 0.52, 0.52, 0.52, 0.52, 0.52, 1.0, 1.0, 1.0, 0.81, 0.52, 0.52, 0.52, 0.52, 0.81, 0.52, 0.81, 0.52, 1.0, 0.52, 0.52, 0.52, 0.43, 0.52, 0.81, 0.43, 0.52, 0.52, 0.43, 0.52, 1.0, 1.0, 1.0, 0.52, 0.43, 0.81, 1.0, 0.81, 0.52, 0.81, 0.52]",109.56,"[1, 2, 7, 10, 12, 13, 20, 26, 35, 36, 38, 40, 43, 47, 57, 58, 59, 60, 61, 62, 64, 65, 66, 70, 73, 78, 80, 84, 88, 89, 90, 91, 94, 96, 97, 98, 100, 102, 105, 110, 112, 113, 114, 120, 121, 122, 123, 125, 127, 130, 131, 132, 135, 136, 137, 138, 139, 143, 144, 148, 150]","[0.03, 0.03, 0.0, 0.03, 0.0, 0.01, 0.03, 0.01, 0.03, 0.04, 0.01, 0.03, 0.04, 0.01, 0.03, 0.01, 0.01, 0.01, 0.01, 0.04, 0.01, 0.0, 0.01, 0.01, 0.0, 0.03, 0.01, 0.0, 0.01, 0.0, 0.03, 0.01, 0.0, 0.0, 0.03, 0.03, 0.03, 0.03, 0.01, 0.03, 0.03, 0.0, 0.04, 0.0, 0.0, 0.03, 0.04, 0.01, 0.03, 0.01, 0.03, 0.01, 0.03, 0.0, 0.01, 0.01, 0.03, 0.04, 0.03, 0.03, 0.04, 0.03, 0.03, 0.03, 0.03, 0.04, 0.01, 0.0, 0.01, 0.03, 0.0, 0.03, 0.03, 0.0, 0.01, 0.03, 0.01, 0.03, 0.03, 0.03, 0.01, 0.01, 0.03, 0.03, 0.0, 0.01, 0.01, 0.03, 0.03, 0.03, 0.03, 0.01, 0.0, 0.03, 0.03, 0.03, 0.03, 0.03, 0.01, 0.04, 0.0, 0.04, 0.03, 0.01, 0.03, 0.0, 0.01, 0.01, 0.01, 0.04, 0.01, 0.04, 0.03, 0.04, 0.01, 0.01, 0.0, 0.01, 0.03, 0.03, 0.03, 0.03, 0.04, 0.03, 0.03, 0.03, 0.03, 0.01, 0.01, 0.03, 0.03, 0.03, 0.01, 0.03, 0.04, 0.04, 0.04, 0.04, 0.04, 0.01, 0.01, 0.01, 0.03, 0.03, 0.03, 0.01, 0.03, 0.04, 0.01, 0.03]",0.09000000000000002,
64,Vote For 2,ATVA_3,150,3,"{'C': 59, 'A': 47, 'B': 44}","[1.0, 0.52, 0.52, 0.52, 1.0, 1.0, 1.0, 0.43, 1.0, 1.0, 0.52, 0.81, 1.0, 0.43, 0.52, 1.0, 1.0, 0.43, 0.43, 0.52, 1.0, 1.0, 1.0, 0.52, 1.0, 1.0, 0.52, 1.0, 0.52, 0.52, 0.43, 0.43, 0.81, 0.43, 0.43, 1.0, 0.43, 1.0, 0.81, 0.81, 0.43, 1.0, 1.0, 0.81, 0.52, 0.43, 1.0, 1.0, 1.0, 1.0, 0.81, 1.0, 0.43, 0.52, 0.43, 0.81, 0.43, 0.52, 1.0, 0.43, 1.0, 0.43, 0.43, 0.52, 0.52, 0.43, 1.0, 0.52, 0.81, 1.0, 1.0, 0.52, 0.81, 0.81, 1.0, 1.0, 0.52, 0.52, 0.52, 1.0, 0.81, 0.81, 1.0, 1.0, 0.43, 1.0, 1.0, 1.0, 0.52, 0.52, 0.81, 0.52, 0.43, 1.0, 0.43, 1.0, 1.0, 1.0, 0.81, 1.0, 0.43, 1.0, 1.0, 1.0, 0.52, 0.52, 0.52, 0.81, 0.81, 1.0, 0.81, 0.52, 0.52, 1.0, 0.52, 0.43, 1.0, 0.52, 0.43, 0.52, 0.52, 0.52, 0.81, 0.81, 1.0, 0.52, 0.52, 0.52, 0.81, 0.52, 0.43, 1.0, 1.0, 1.0, 0.81, 0.81, 1.0, 0.81, 1.0, 0.81, 1.0, 1.0, 0.52, 0.81, 0.52, 1.0, 1.0, 0.81, 1.0, 0.52]",111.61000000000001,"[2, 3, 4, 8, 11, 14, 15, 18, 19, 20, 24, 27, 29, 30, 31, 32, 34, 35, 37, 41, 45, 46, 53, 54, 55, 57, 58, 60, 62, 63, 64, 66, 68, 72, 77, 78, 85, 89, 90, 93, 95, 101, 105, 106, 107, 112, 113, 115, 116, 118, 119, 120, 121, 122, 126, 127, 128, 130, 131, 143, 145, 150]","[0.0, 0.03, 0.03, 0.04, 0.0, 0.01, 0.01, 0.01, 0.0, 0.0, 0.04, 0.03, 0.0, 0.01, 0.04, 0.0, 0.0, 0.01, 0.03, 0.04, 0.0, 0.01, 0.0, 0.01, 0.0, 0.0, 0.01, 0.0, 0.03, 0.04, 0.03, 0.01, 0.04, 0.03, 0.03, 0.0, 0.01, 0.01, 0.04, 0.04, 0.03, 0.01, 0.01, 0.04, 0.04, 0.03, 0.0, 0.0, 0.0, 0.0, 0.03, 0.01, 0.01, 0.03, 0.03, 0.04, 0.03, 0.04, 0.01, 0.03, 0.0, 0.03, 0.03, 0.03, 0.03, 0.03, 0.0, 0.03, 0.03, 0.01, 0.01, 0.03, 0.04, 0.04, 0.0, 0.0, 0.03, 0.04, 0.03, 0.0, 0.04, 0.04, 0.0, 0.0, 0.03, 0.01, 0.01, 0.01, 0.03, 0.04, 0.04, 0.03, 0.01, 0.01, 0.01, 0.0, 0.0, 0.01, 0.04, 0.0, 0.03, 0.0, 0.01, 0.01, 0.01, 0.03, 0.03, 0.03, 0.04, 0.0, 0.04, 0.01, 0.04, 0.0, 0.04, 0.01, 0.01, 0.04, 0.03, 0.03, 0.04, 0.04, 0.03, 0.04, 0.01, 0.01, 0.03, 0.01, 0.04, 0.01, 0.03, 0.01, 0.0, 0.0, 0.04, 0.03, 0.0, 0.04, 0.01, 0.03, 0.0, 0.0, 0.04, 0.03, 0.03, 0.0, 0.01, 0.04, 0.0, 0.01]",0,
65,Vote For 2,ATVA_3,150,3,"{'C': 54, 'A': 50, 'B': 46}","[1.0, 0.52, 0.81, 0.81, 0.52, 1.0, 0.81, 0.52, 0.81, 1.0, 0.43, 0.43, 1.0, 1.0, 0.81, 0.43, 0.81, 0.81, 0.43, 0.43, 0.43, 0.52, 0.52, 0.52, 0.81, 0.81, 0.52, 0.52, 0.52, 0.52, 0.52, 0.81, 0.52, 1.0, 1.0, 0.52, 0.81, 0.52, 0.52, 1.0, 1.0, 0.52, 0.43, 0.52, 0.52, 0.43, 0.43, 1.0, 0.52, 0.52, 0.52, 1.0, 0.43, 0.52, 0.43, 0.81, 1.0, 0.81, 0.52, 0.52, 0.52, 0.43, 0.52, 0.81, 1.0, 0.52, 1.0, 0.52, 0.81, 0.81, 1.0, 0.52, 1.0, 0.43, 1.0, 1.0, 0.43, 1.0, 0.52, 0.52, 0.52, 1.0, 0.52, 0.81, 0.43, 1.0, 0.52, 0.52, 0.52, 1.0, 1.0, 0.52, 1.0, 1.0, 0.43, 1.0, 0.52, 1.0, 1.0, 0.81, 1.0, 1.0, 0.52, 0.52, 0.81, 0.81, 1.0, 0.52, 1.0, 0.81, 0.81, 0.81, 1.0, 0.43, 0.52, 1.0, 1.0, 1.0, 0.52, 1.0, 0.81, 0.52, 1.0, 0.52, 1.0, 1.0, 1.0, 0.52, 0.81, 0.81, 1.0, 0.81, 0.52, 0.52, 0.52, 1.0, 0.43, 1.0, 1.0, 0.81, 0.52, 1.0, 0.81, 1.0, 1.0, 1.0, 0.81, 1.0, 0.52, 0.52]",109.08000000000001,"[11, 12, 16, 19, 20, 21, 22, 23, 24, 27, 28, 29, 30, 38, 39, 43, 46, 47, 50, 53, 54, 55, 60, 62, 72, 74, 77, 79, 83, 85, 92, 95, 114, 119, 122, 128, 134, 137]","[0.03, 0.03, 0.0, 0.01, 0.03, 0.03, 0.01, 0.03, 0.0, 0.03, 0.03, 0.03, 0.03, 0.03, 0.0, 0.03, 0.01, 0.01, 0.04, 0.04, 0.04, 0.04, 0.04, 0.04, 0.0, 0.0, 0.04, 0.04, 0.04, 0.04, 0.01, 0.01, 0.0, 0.03, 0.03, 0.03, 0.0, 0.04, 0.04, 0.03, 0.01, 0.0, 0.03, 0.01, 0.0, 0.04, 0.04, 0.03, 0.01, 0.04, 0.0, 0.03, 0.04, 0.04, 0.03, 0.0, 0.03, 0.0, 0.0, 0.04, 0.01, 0.03, 0.0, 0.0, 0.03, 0.03, 0.03, 0.0, 0.0, 0.01, 0.03, 0.04, 0.03, 0.04, 0.03, 0.03, 0.04, 0.01, 0.04, 0.0, 0.0, 0.03, 0.04, 0.0, 0.04, 0.01, 0.0, 0.0, 0.0, 0.01, 0.03, 0.04, 0.03, 0.01, 0.04, 0.03, 0.0, 0.01, 0.03, 0.0, 0.03, 0.03, 0.03, 0.03, 0.0, 0.0, 0.03, 0.03, 0.03, 0.01, 0.0, 0.01, 0.03, 0.04, 0.0, 0.03, 0.01, 0.03, 0.04, 0.03, 0.0, 0.04, 0.03, 0.01, 0.01, 0.03, 0.03, 0.04, 0.0, 0.0, 0.01, 0.0, 0.01, 0.04, 0.01, 0.03, 0.03, 0.03, 0.03, 0.0, 0.0, 0.01, 0.0, 0.03, 0.03, 0.03, 0.01, 0.01, 0.0, 0.0]",0,
66,Vote For 2,ATVA_3,150,3,"{'A': 55, 'C': 51, 'B': 44}","[0.43, 0.52, 1.0, 0.52, 1.0, 0.43, 0.52, 1.0, 1.0, 0.52, 1.0, 1.0, 0.52, 0.52, 1.0, 0.52, 0.81, 1.0, 0.43, 0.52, 0.52, 0.52, 0.43, 0.52, 1.0, 0.52, 0.52, 0.43, 0.43, 1.0, 0.43, 0.81, 0.52, 1.0, 0.43, 0.52, 1.0, 1.0, 0.43, 0.52, 0.81, 0.81, 0.81, 0.52, 1.0, 1.0, 0.52, 0.52, 0.52, 0.52, 0.52, 0.81, 0.81, 0.81, 1.0, 1.0, 1.0, 0.43, 0.81, 0.52, 0.81, 0.81, 0.52, 0.81, 1.0, 0.43, 1.0, 0.52, 0.52, 0.81, 0.81, 0.52, 1.0, 0.52, 0.81, 0.52, 1.0, 0.52, 0.52, 0.81, 1.0, 0.43, 0.43, 0.81, 1.0, 0.52, 1.0, 0.81, 0.52, 1.0, 0.81, 0.52, 0.81, 0.52, 0.52, 0.43, 0.81, 0.52, 0.43, 0.52, 1.0, 0.52, 0.52, 1.0, 0.43, 0.52, 1.0, 0.52, 1.0, 0.43, 1.0, 0.52, 0.43, 0.81, 0.43, 0.81, 0.52, 0.81, 1.0, 1.0, 0.52, 0.52, 0.81, 0.81, 0.81, 1.0, 0.43, 0.52, 0.52, 0.52, 1.0, 1.0, 1.0, 0.52, 1.0, 0.52, 1.0, 0.52, 0.52, 0.52, 0.43, 1.0, 1.0, 0.52, 0.81, 1.0, 1.0, 0.43, 1.0, 0.52]",105.26,"[1, 2, 4, 6, 10, 13, 16, 19, 20, 21, 22, 23, 24, 26, 27, 28, 29, 31, 35, 36, 39, 40, 48, 49, 50, 58, 63, 66, 69, 72, 79, 82, 83, 86, 89, 92, 96, 99, 103, 105, 108, 110, 113, 115, 121, 122, 127, 128, 129, 130, 134, 136, 141, 148, 150]","[0.01, 0.01, 0.04, 0.01, 0.03, 0.01, 0.01, 0.03, 0.04, 0.01, 0.03, 0.04, 0.0, 0.01, 0.03, 0.01, 0.01, 0.04, 0.0, 0.01, 0.01, 0.0, 0.01, 0.01, 0.03, 0.01, 0.01, 0.01, 0.01, 0.03, 0.01, 0.01, 0.03, 0.03, 0.01, 0.01, 0.03, 0.04, 0.01, 0.01, 0.01, 0.01, 0.01, 0.01, 0.03, 0.04, 0.01, 0.01, 0.01, 0.01, 0.01, 0.01, 0.03, 0.01, 0.03, 0.03, 0.04, 0.01, 0.01, 0.03, 0.01, 0.01, 0.01, 0.03, 0.03, 0.0, 0.03, 0.01, 0.01, 0.03, 0.01, 0.01, 0.03, 0.01, 0.01, 0.01, 0.04, 0.01, 0.01, 0.03, 0.04, 0.01, 0.01, 0.01, 0.03, 0.01, 0.04, 0.01, 0.0, 0.03, 0.01, 0.01, 0.01, 0.01, 0.01, 0.0, 0.01, 0.01, 0.0, 0.01, 0.03, 0.01, 0.01, 0.03, 0.01, 0.01, 0.03, 0.01, 0.03, 0.01, 0.03, 0.01, 0.01, 0.01, 0.01, 0.01, 0.03, 0.03, 0.04, 0.03, 0.01, 0.01, 0.01, 0.01, 0.01, 0.03, 0.0, 0.01, 0.01, 0.0, 0.03, 0.04, 0.03, 0.01, 0.04, 0.01, 0.03, 0.01, 0.03, 0.01, 0.01, 0.04, 0.03, 0.01, 0.03, 0.03, 0.03, 0.01, 0.04, 0.01]",0,
67,Vote For 2,ATVA_3,150,3,"{'A': 63, 'C': 50, 'B': 37}","[0.52, 0.81, 1.0, 0.52, 0.43, 1.0, 1.0, 0.81, 1.0, 1.0, 0.52, 1.0, 1.0, 0.43, 1.0, 0.52, 1.0, 0.52, 1.0, 1.0, 0.52, 0.81, 1.0, 0.52, 0.43, 0.43, 1.0, 0.81, 0.43, 0.43, 1.0, 1.0, 0.43, 0.81, 0.43, 0.43, 0.52, 1.0, 1.0, 1.0, 0.52, 0.43, 1.0, 0.52, 1.0, 0.52, 1.0, 0.52, 1.0, 1.0, 0.81, 0.43, 1.0, 0.52, 1.0, 0.43, 0.52, 1.0, 1.0, 1.0, 0.52, 0.52, 1.0, 1.0, 0.43, 1.0, 0.52, 1.0, 0.81, 1.0, 0.52, 1.0, 0.81, 1.0, 0.81, 0.43, 0.81, 0.52, 1.0, 1.0, 0.43, 1.0, 0.43, 0.52, 0.43, 0.81, 0.81, 1.0, 0.81, 1.0, 0.52, 1.0, 0.43, 1.0, 1.0, 0.43, 0.81, 1.0, 0.43, 0.52, 0.52, 1.0, 0.52, 0.81, 1.0, 1.0, 0.43, 0.52, 0.52, 0.43, 1.0, 0.52, 0.43, 0.43, 1.0, 0.52, 1.0, 0.43, 1.0, 1.0, 1.0, 0.81, 1.0, 0.43, 0.52, 0.43, 1.0, 0.52, 1.0, 0.52, 0.52, 1.0, 1.0, 1.0, 0.81, 0.81, 0.52, 1.0, 0.52, 0.81, 0.43, 1.0, 1.0, 0.52, 0.52, 1.0, 0.52, 0.43, 0.43, 0.52]",111.05000000000001,"[5, 14, 25, 26, 29, 30, 33, 35, 36, 37, 41, 42, 48, 52, 56, 61, 65, 71, 76, 78, 81, 85, 91, 93, 100, 103, 107, 108, 113, 114, 118, 125, 137, 139, 141, 145, 147, 148, 149]","[0.04, 0.03, 0.0, 0.04, 0.01, 0.01, 0.01, 0.03, 0.0, 0.01, 0.01, 0.0, 0.0, 0.01, 0.0, 0.03, 0.01, 0.03, 0.01, 0.0, 0.01, 0.04, 0.0, 0.03, 0.01, 0.01, 0.01, 0.03, 0.01, 0.01, 0.01, 0.01, 0.01, 0.04, 0.01, 0.01, 0.03, 0.0, 0.0, 0.01, 0.03, 0.01, 0.0, 0.03, 0.01, 0.04, 0.0, 0.03, 0.01, 0.01, 0.03, 0.01, 0.01, 0.03, 0.01, 0.01, 0.03, 0.0, 0.01, 0.01, 0.03, 0.03, 0.01, 0.0, 0.01, 0.0, 0.01, 0.0, 0.04, 0.0, 0.03, 0.0, 0.03, 0.0, 0.03, 0.01, 0.03, 0.03, 0.01, 0.01, 0.01, 0.0, 0.03, 0.03, 0.01, 0.03, 0.03, 0.01, 0.04, 0.01, 0.03, 0.01, 0.01, 0.01, 0.01, 0.03, 0.03, 0.0, 0.03, 0.03, 0.01, 0.01, 0.03, 0.03, 0.0, 0.01, 0.01, 0.03, 0.01, 0.03, 0.0, 0.01, 0.01, 0.01, 0.0, 0.01, 0.01, 0.01, 0.0, 0.01, 0.01, 0.03, 0.0, 0.03, 0.03, 0.03, 0.01, 0.01, 0.0, 0.03, 0.03, 0.01, 0.0, 0.01, 0.03, 0.04, 0.03, 0.01, 0.03, 0.03, 0.01, 0.01, 0.01, 0.01, 0.03, 0.0, 0.03, 0.01, 0.01, 0.01]",0,
68,Vote For 2,ATVA_3,150,3,"{'B': 56, 'A': 50, 'C': 44}","[0.43, 0.52, 1.0, 1.0, 1.0, 1.0, 1.0, 1.0, 0.52, 0.81, 1.0, 1.0, 0.43, 1.0, 0.43, 0.81, 0.81, 1.0, 1.0, 1.0, 1.0, 1.0, 0.43, 1.0, 0.43, 0.52, 0.81, 1.0, 0.81, 0.81, 0.81, 0.52, 1.0, 1.0, 1.0, 0.52, 0.43, 0.52, 1.0, 0.52, 0.52, 0.52, 1.0, 0.52, 0.43, 1.0, 0.52, 1.0, 0.52, 1.0, 0.52, 1.0, 0.52, 0.52, 0.52, 1.0, 1.0, 0.43, 0.52, 0.52, 0.52, 0.81, 0.81, 0.52, 0.43, 1.0, 1.0, 0.52, 1.0, 1.0, 0.81, 1.0, 0.81, 0.52, 0.43, 0.43, 0.81, 1.0, 0.43, 0.43, 1.0, 0.81, 0.81, 0.52, 1.0, 0.52, 0.43, 0.52, 0.52, 0.52, 0.52, 1.0, 0.81, 0.81, 1.0, 0.43, 1.0, 0.43, 0.52, 1.0, 1.0, 0.81, 0.43, 0.52, 0.52, 0.81, 0.43, 0.52, 1.0, 0.52, 0.52, 0.52, 0.81, 0.52, 1.0, 1.0, 1.0, 0.81, 0.43, 0.52, 0.52, 1.0, 0.43, 1.0, 1.0, 1.0, 0.52, 0.52, 0.52, 1.0, 1.0, 0.52, 1.0, 1.0, 0.81, 0.52, 0.52, 0.52, 0.43, 0.52, 1.0, 0.81, 0.81, 0.52, 0.81, 1.0, 0.43, 1.0, 1.0, 0.52]",109.86000000000001,"[1, 9, 13, 15, 23, 25, 26, 32, 36, 37, 40, 41, 42, 45, 47, 49, 55, 58, 61, 64, 65, 74, 75, 76, 79, 80, 84, 87, 89, 91, 96, 98, 99, 103, 104, 105, 107, 108, 112, 114, 119, 120, 123, 132, 136, 138, 139, 144, 147, 150]","[0.03, 0.04, 0.01, 0.01, 0.0, 0.01, 0.0, 0.0, 0.01, 0.03, 0.01, 0.0, 0.01, 0.0, 0.01, 0.04, 0.03, 0.01, 0.0, 0.0, 0.0, 0.0, 0.01, 0.0, 0.03, 0.03, 0.04, 0.0, 0.04, 0.04, 0.03, 0.01, 0.01, 0.0, 0.0, 0.01, 0.01, 0.03, 0.0, 0.01, 0.01, 0.01, 0.0, 0.04, 0.03, 0.0, 0.03, 0.0, 0.03, 0.01, 0.04, 0.0, 0.04, 0.03, 0.03, 0.01, 0.0, 0.01, 0.03, 0.03, 0.01, 0.03, 0.03, 0.03, 0.03, 0.0, 0.0, 0.04, 0.0, 0.0, 0.04, 0.01, 0.04, 0.01, 0.01, 0.01, 0.04, 0.0, 0.01, 0.03, 0.01, 0.04, 0.03, 0.01, 0.0, 0.04, 0.01, 0.03, 0.01, 0.03, 0.01, 0.01, 0.04, 0.04, 0.0, 0.03, 0.0, 0.03, 0.01, 0.0, 0.01, 0.04, 0.03, 0.03, 0.01, 0.04, 0.01, 0.01, 0.0, 0.04, 0.04, 0.03, 0.04, 0.01, 0.0, 0.0, 0.01, 0.04, 0.01, 0.01, 0.03, 0.0, 0.03, 0.0, 0.0, 0.0, 0.04, 0.04, 0.04, 0.01, 0.0, 0.01, 0.0, 0.0, 0.03, 0.01, 0.04, 0.01, 0.01, 0.03, 0.0, 0.03, 0.04, 0.01, 0.04, 0.0, 0.03, 0.0, 0.0, 0.03]",0,
69,Vote For 2,ATVA_3,150,3,"{'C': 55, 'A': 48, 'B': 47}","[0.52, 0.43, 0.52, 0.81, 1.0, 1.0, 1.0, 0.52, 0.81, 0.52, 0.43, 0.43, 0.81, 0.81, 1.0, 0.81, 0.52, 0.81, 0.81, 1.0, 0.43, 1.0, 0.43, 0.81, 1.0, 0.52, 1.0, 0.81, 1.0, 0.43, 0.52, 0.52, 0.52, 1.0, 0.43, 1.0, 0.43, 0.52, 1.0, 0.81, 0.52, 1.0, 0.43, 1.0, 1.0, 1.0, 0.81, 1.0, 1.0, 0.52, 0.52, 0.52, 0.52, 1.0, 0.52, 0.52, 0.52, 0.52, 1.0, 1.0, 0.81, 0.43, 0.52, 0.52, 0.52, 1.0, 0.52, 0.52, 0.52, 1.0, 0.52, 1.0, 0.52, 0.43, 0.43, 0.52, 1.0, 0.43, 1.0, 0.43, 1.0, 1.0, 0.43, 1.0, 0.52, 1.0, 0.81, 1.0, 1.0, 0.43, 1.0, 0.52, 1.0, 0.52, 0.52, 0.81, 1.0, 0.81, 1.0, 0.43, 0.52, 0.52, 0.52, 0.81, 0.81, 1.0, 0.81, 0.43, 0.81, 1.0, 1.0, 1.0, 1.0, 1.0, 1.0, 0.43, 1.0, 0.81, 0.43, 0.52, 0.81, 1.0, 1.0, 0.52, 1.0, 0.43, 0.52, 0.52, 1.0, 0.81, 1.0, 0.52, 1.0, 0.43, 1.0, 0.81, 0.81, 0.43, 0.43, 0.52, 0.52, 0.52, 1.0, 0.52, 1.0, 0.81, 0.52, 0.52, 1.0, 1.0]",109.49000000000001,"[1, 2, 3, 10, 11, 12, 17, 21, 23, 26, 30, 31, 32, 35, 37, 38, 41, 43, 50, 51, 52, 53, 55, 58, 62, 63, 65, 67, 68, 69, 71, 73, 74, 75, 76, 78, 80, 83, 90, 92, 94, 100, 101, 102, 103, 108, 116, 119, 120, 124, 126, 127, 128, 134, 138, 139, 141, 142, 147, 148]","[0.04, 0.03, 0.03, 0.04, 0.0, 0.0, 0.0, 0.03, 0.04, 0.03, 0.03, 0.03, 0.04, 0.04, 0.01, 0.04, 0.04, 0.03, 0.04, 0.0, 0.03, 0.01, 0.01, 0.03, 0.0, 0.04, 0.0, 0.04, 0.01, 0.03, 0.01, 0.04, 0.03, 0.0, 0.01, 0.0, 0.03, 0.04, 0.01, 0.03, 0.03, 0.01, 0.03, 0.0, 0.01, 0.01, 0.04, 0.0, 0.01, 0.03, 0.03, 0.01, 0.01, 0.01, 0.01, 0.03, 0.03, 0.03, 0.0, 0.0, 0.04, 0.03, 0.04, 0.03, 0.04, 0.0, 0.03, 0.03, 0.03, 0.0, 0.03, 0.0, 0.03, 0.03, 0.01, 0.03, 0.0, 0.03, 0.0, 0.03, 0.01, 0.01, 0.01, 0.0, 0.03, 0.0, 0.04, 0.0, 0.0, 0.01, 0.01, 0.01, 0.01, 0.04, 0.03, 0.04, 0.0, 0.04, 0.01, 0.01, 0.03, 0.04, 0.03, 0.03, 0.04, 0.0, 0.04, 0.01, 0.03, 0.01, 0.0, 0.0, 0.0, 0.0, 0.0, 0.01, 0.01, 0.03, 0.01, 0.01, 0.03, 0.0, 0.0, 0.04, 0.0, 0.03, 0.04, 0.03, 0.0, 0.04, 0.0, 0.03, 0.01, 0.03, 0.0, 0.04, 0.04, 0.03, 0.01, 0.03, 0.03, 0.03, 0.0, 0.03, 0.0, 0.03, 0.01, 0.04, 0.0, 0.0]",0,
70,Vote For 2,ATVA_4,150,3,"{'C': 105, 'A': 102, 'B': 93}","[0.52, 0.52, 1.0, 0.81, 0.81, 0.81, 0.52, 0.52, 0.43, 1.0, 1.0, 1.0, 0.81, 0.52, 0.52, 0.43, 0.52, 0.43, 0.43, 0.52, 1.0, 0.81, 0.52, 0.52, 0.81, 0.52, 0.52, 1.0, 1.0, 0.81, 0.43, 1.0, 0.43, 1.0, 0.52, 0.81, 0.81, 0.52, 0.81, 1.0, 1.0, 0.81, 0.52, 0.81, 0.81, 0.52, 0.43, 1.0, 1.0, 0.52, 0.52, 0.81, 1.0, 0.81, 0.52, 0.43, 1.0, 0.52, 0.52, 0.81, 1.0, 0.52, 1.0, 1.0, 1.0, 1.0, 1.0, 0.52, 0.43, 1.0, 0.52, 0.52, 1.0, 0.43, 0.43, 0.52, 0.43, 1.0, 0.81, 0.43, 0.52, 0.52, 0.52, 1.0, 0.52, 0.52, 0.52, 0.52, 1.0, 0.81, 0.43, 1.0, 1.0, 0.52, 0.52, 0.52, 0.81, 1.0, 1.0, 1.0, 1.0, 0.52, 0.43, 0.43, 1.0, 1.0, 0.52, 1.0, 0.52, 1.0, 0.81, 1.0, 1.0, 0.43, 0.81, 0.81, 0.52, 0.81, 1.0, 0.43, 0.43, 1.0, 1.0, 0.43, 0.52, 0.52, 0.81, 1.0, 1.0, 0.52, 0.52, 0.81, 0.43, 0.81, 0.81, 0.81, 1.0, 1.0, 1.0, 1.0, 1.0, 1.0, 0.81, 0.52, 0.52, 0.52, 1.0, 0.81, 0.52, 1.0]",109.29000000000002,[],"[0.03, 0.03, 0.0, 0.01, 0.01, 0.01, 0.03, 0.03, 0.04, 0.01, 0.01, 0.0, 0.01, 0.03, 0.03, 0.04, 0.03, 0.04, 0.04, 0.03, 0.01, 0.01, 0.03, 0.03, 0.01, 0.03, 0.03, 0.0, 0.0, 0.01, 0.04, 0.01, 0.04, 0.0, 0.03, 0.01, 0.01, 0.03, 0.01, 0.01, 0.0, 0.01, 0.03, 0.01, 0.01, 0.03, 0.04, 0.0, 0.0, 0.03, 0.03, 0.01, 0.0, 0.01, 0.03, 0.04, 0.01, 0.03, 0.03, 0.01, 0.01, 0.03, 0.0, 0.0, 0.0, 0.0, 0.01, 0.03, 0.04, 0.0, 0.03, 0.03, 0.0, 0.04, 0.04, 0.03, 0.04, 0.01, 0.01, 0.04, 0.03, 0.03, 0.03, 0.01, 0.03, 0.03, 0.03, 0.03, 0.01, 0.01, 0.04, 0.01, 0.0, 0.03, 0.03, 0.03, 0.01, 0.01, 0.01, 0.0, 0.0, 0.03, 0.04, 0.04, 0.01, 0.0, 0.03, 0.01, 0.03, 0.0, 0.01, 0.01, 0.0, 0.04, 0.01, 0.01, 0.03, 0.01, 0.01, 0.04, 0.04, 0.01, 0.0, 0.04, 0.03, 0.03, 0.01, 0.0, 0.0, 0.03, 0.03, 0.01, 0.04, 0.01, 0.01, 0.01, 0.0, 0.0, 0.01, 0.0, 0.01, 0.01, 0.01, 0.03, 0.03, 0.03, 0.01, 0.01, 0.03, 0.01]",0,
71,Vote For 2,ATVA_4,150,3,"{'B': 108, 'A': 96, 'C': 96}","[0.52, 1.0, 0.52, 0.52, 0.43, 0.52, 1.0, 0.52, 0.52, 0.52, 0.81, 0.52, 0.52, 0.81, 0.52, 0.52, 1.0, 1.0, 1.0, 0.52, 0.52, 1.0, 0.52, 0.52, 1.0, 0.52, 1.0, 0.43, 0.81, 1.0, 1.0, 1.0, 0.52, 1.0, 1.0, 0.81, 0.43, 0.52, 1.0, 0.52, 0.43, 0.52, 0.52, 1.0, 1.0, 0.81, 0.81, 0.52, 0.52, 0.52, 0.52, 1.0, 0.81, 1.0, 0.52, 0.52, 0.81, 1.0, 1.0, 0.43, 0.81, 1.0, 0.43, 0.52, 0.43, 0.52, 0.81, 0.43, 1.0, 1.0, 0.52, 0.52, 0.43, 0.81, 0.52, 0.52, 0.81, 0.52, 0.81, 0.52, 1.0, 0.81, 1.0, 0.81, 1.0, 1.0, 1.0, 0.43, 1.0, 1.0, 1.0, 0.52, 1.0, 1.0, 0.52, 1.0, 0.81, 0.52, 0.52, 1.0, 0.43, 0.43, 0.81, 1.0, 0.52, 1.0, 0.43, 0.52, 1.0, 0.52, 0.81, 0.81, 1.0, 0.81, 1.0, 0.52, 0.52, 1.0, 0.43, 0.52, 0.43, 0.81, 0.52, 0.52, 1.0, 1.0, 1.0, 0.43, 1.0, 0.52, 1.0, 1.0, 0.52, 1.0, 0.81, 1.0, 1.0, 0.81, 1.0, 1.0, 0.81, 0.81, 0.52, 0.52, 1.0, 0.43, 1.0, 1.0, 0.52, 1.0]",110.6,"[5, 28, 37, 41, 60, 63, 65, 68, 73, 88, 101, 102, 107, 119, 121, 128, 146]","[0.03, 0.01, 0.03, 0.03, 0.04, 0.03, 0.0, 0.03, 0.03, 0.03, 0.01, 0.03, 0.03, 0.01, 0.03, 0.03, 0.0, 0.01, 0.01, 0.03, 0.03, 0.01, 0.03, 0.03, 0.01, 0.03, 0.01, 0.04, 0.01, 0.01, 0.01, 0.0, 0.03, 0.0, 0.0, 0.01, 0.04, 0.03, 0.0, 0.03, 0.04, 0.03, 0.03, 0.0, 0.01, 0.01, 0.01, 0.03, 0.03, 0.03, 0.03, 0.0, 0.01, 0.01, 0.03, 0.03, 0.01, 0.0, 0.0, 0.04, 0.01, 0.0, 0.04, 0.03, 0.04, 0.03, 0.01, 0.04, 0.01, 0.0, 0.03, 0.03, 0.04, 0.01, 0.03, 0.03, 0.01, 0.03, 0.01, 0.03, 0.01, 0.01, 0.01, 0.01, 0.01, 0.0, 0.01, 0.04, 0.0, 0.0, 0.0, 0.03, 0.0, 0.01, 0.03, 0.01, 0.01, 0.03, 0.03, 0.0, 0.04, 0.04, 0.01, 0.0, 0.03, 0.01, 0.04, 0.03, 0.0, 0.03, 0.01, 0.01, 0.01, 0.01, 0.01, 0.03, 0.03, 0.0, 0.04, 0.03, 0.04, 0.01, 0.03, 0.03, 0.01, 0.01, 0.01, 0.04, 0.0, 0.03, 0.0, 0.01, 0.03, 0.0, 0.01, 0.01, 0.0, 0.01, 0.0, 0.0, 0.01, 0.01, 0.03, 0.03, 0.0, 0.04, 0.01, 0.0, 0.03, 0.01]",0.09000000000000002,
72,Vote For 2,ATVA_4,150,3,"{'B': 102, 'C': 100, 'A': 98}","[1.0, 0.81, 1.0, 0.52, 0.43, 0.52, 0.52, 0.81, 0.43, 0.81, 0.81, 0.52, 1.0, 1.0, 0.81, 0.81, 1.0, 1.0, 0.52, 1.0, 1.0, 1.0, 1.0, 0.52, 0.43, 0.52, 0.81, 0.81, 1.0, 0.52, 0.81, 1.0, 0.43, 1.0, 1.0, 0.52, 0.81, 0.52, 1.0, 1.0, 0.52, 1.0, 0.43, 1.0, 0.52, 0.52, 0.81, 0.52, 1.0, 0.52, 0.81, 1.0, 0.43, 1.0, 1.0, 0.81, 0.52, 0.52, 0.43, 0.43, 0.52, 1.0, 0.43, 1.0, 1.0, 0.43, 0.52, 0.81, 0.52, 0.43, 0.52, 1.0, 0.43, 0.52, 1.0, 1.0, 1.0, 0.43, 0.81, 0.81, 0.43, 0.52, 0.43, 0.43, 0.52, 0.52, 1.0, 1.0, 1.0, 0.43, 0.81, 1.0, 0.52, 0.43, 0.81, 0.81, 0.52, 0.52, 1.0, 1.0, 1.0, 1.0, 0.52, 0.52, 1.0, 0.81, 0.52, 0.52, 0.52, 0.43, 1.0, 0.52, 0.52, 0.52, 1.0, 1.0, 0.43, 0.43, 0.52, 0.43, 1.0, 1.0, 0.81, 0.52, 0.52, 1.0, 0.52, 0.52, 1.0, 1.0, 0.52, 0.52, 0.81, 1.0, 0.81, 0.52, 0.81, 0.43, 0.43, 0.43, 0.81, 0.52, 0.52, 0.43, 0.52, 1.0, 0.81, 0.52, 0.52, 1.0]",106.72,[],"[0.0, 0.01, 0.01, 0.03, 0.04, 0.03, 0.03, 0.01, 0.04, 0.01, 0.01, 0.03, 0.0, 0.01, 0.01, 0.01, 0.0, 0.0, 0.03, 0.0, 0.01, 0.0, 0.01, 0.03, 0.04, 0.03, 0.01, 0.01, 0.0, 0.03, 0.01, 0.0, 0.04, 0.01, 0.0, 0.03, 0.01, 0.03, 0.0, 0.01, 0.03, 0.0, 0.04, 0.0, 0.03, 0.03, 0.01, 0.03, 0.0, 0.03, 0.01, 0.01, 0.04, 0.01, 0.01, 0.01, 0.03, 0.03, 0.04, 0.04, 0.03, 0.0, 0.04, 0.01, 0.01, 0.04, 0.03, 0.01, 0.03, 0.04, 0.03, 0.01, 0.04, 0.03, 0.0, 0.0, 0.01, 0.04, 0.01, 0.01, 0.04, 0.03, 0.04, 0.04, 0.03, 0.03, 0.0, 0.01, 0.01, 0.04, 0.01, 0.0, 0.03, 0.04, 0.01, 0.01, 0.03, 0.03, 0.01, 0.01, 0.0, 0.01, 0.03, 0.03, 0.01, 0.01, 0.03, 0.03, 0.03, 0.04, 0.0, 0.03, 0.03, 0.03, 0.01, 0.0, 0.04, 0.04, 0.03, 0.04, 0.0, 0.0, 0.01, 0.03, 0.03, 0.01, 0.03, 0.03, 0.01, 0.0, 0.03, 0.03, 0.01, 0.01, 0.01, 0.03, 0.01, 0.04, 0.04, 0.04, 0.01, 0.03, 0.03, 0.04, 0.03, 0.0, 0.01, 0.03, 0.03, 0.0]",0,
73,Vote For 2,ATVA_4,150,3,"{'C': 106, 'B': 99, 'A': 95}","[0.81, 1.0, 1.0, 1.0, 0.43, 1.0, 1.0, 0.52, 1.0, 0.81, 1.0, 0.81, 1.0, 0.52, 0.52, 0.52, 0.81, 1.0, 0.43, 1.0, 1.0, 1.0, 0.52, 0.52, 0.81, 1.0, 0.81, 0.81, 1.0, 0.43, 1.0, 0.52, 0.43, 0.52, 0.52, 1.0, 0.52, 0.52, 0.81, 0.81, 1.0, 1.0, 0.43, 0.81, 0.81, 1.0, 0.43, 0.43, 0.81, 0.52, 0.52, 1.0, 1.0, 0.43, 1.0, 1.0, 0.43, 0.81, 0.43, 0.81, 0.43, 1.0, 0.52, 0.81, 0.52, 0.52, 0.81, 1.0, 0.52, 0.52, 0.81, 0.81, 0.52, 0.81, 0.43, 0.81, 1.0, 1.0, 0.52, 1.0, 0.52, 1.0, 1.0, 1.0, 1.0, 0.81, 0.52, 0.43, 1.0, 0.52, 0.81, 0.43, 0.81, 1.0, 1.0, 1.0, 1.0, 0.81, 1.0, 0.52, 0.81, 0.52, 0.52, 1.0, 1.0, 0.52, 0.43, 0.52, 0.81, 0.52, 0.81, 0.43, 1.0, 0.52, 1.0, 0.52, 0.43, 0.43, 1.0, 1.0, 1.0, 0.52, 0.81, 1.0, 1.0, 1.0, 0.52, 1.0, 0.52, 0.52, 0.52, 0.52, 0.43, 1.0, 0.52, 0.52, 1.0, 0.52, 0.81, 1.0, 0.52, 1.0, 1.0, 1.0, 1.0, 0.52, 1.0, 0.43, 0.81, 0.52]",112.26000000000002,[],"[0.01, 0.0, 0.0, 0.01, 0.04, 0.01, 0.0, 0.03, 0.01, 0.01, 0.0, 0.01, 0.0, 0.03, 0.03, 0.03, 0.01, 0.01, 0.04, 0.0, 0.01, 0.01, 0.03, 0.03, 0.01, 0.0, 0.01, 0.01, 0.01, 0.04, 0.0, 0.03, 0.04, 0.03, 0.03, 0.01, 0.03, 0.03, 0.01, 0.01, 0.01, 0.01, 0.04, 0.01, 0.01, 0.0, 0.04, 0.04, 0.01, 0.03, 0.03, 0.0, 0.0, 0.04, 0.01, 0.0, 0.04, 0.01, 0.04, 0.01, 0.04, 0.01, 0.03, 0.01, 0.03, 0.03, 0.01, 0.0, 0.03, 0.03, 0.01, 0.01, 0.03, 0.01, 0.04, 0.01, 0.01, 0.01, 0.03, 0.01, 0.03, 0.01, 0.01, 0.0, 0.0, 0.01, 0.03, 0.04, 0.01, 0.03, 0.01, 0.04, 0.01, 0.0, 0.01, 0.0, 0.01, 0.01, 0.01, 0.03, 0.01, 0.03, 0.03, 0.01, 0.0, 0.03, 0.04, 0.03, 0.01, 0.03, 0.01, 0.04, 0.01, 0.03, 0.0, 0.03, 0.04, 0.04, 0.0, 0.0, 0.0, 0.03, 0.01, 0.01, 0.01, 0.01, 0.03, 0.01, 0.03, 0.03, 0.03, 0.03, 0.04, 0.0, 0.03, 0.03, 0.0, 0.03, 0.01, 0.01, 0.03, 0.0, 0.01, 0.01, 0.01, 0.03, 0.01, 0.04, 0.01, 0.03]",0,
74,Vote For 2,ATVA_4,150,3,"{'B': 101, 'C': 100, 'A': 99}","[1.0, 1.0, 0.43, 1.0, 0.52, 0.43, 1.0, 1.0, 0.81, 1.0, 0.52, 1.0, 0.81, 0.52, 1.0, 0.52, 0.43, 1.0, 0.52, 0.43, 1.0, 1.0, 0.43, 0.81, 0.43, 1.0, 1.0, 0.43, 0.81, 1.0, 0.52, 0.52, 0.52, 1.0, 0.52, 0.43, 0.81, 1.0, 0.52, 0.81, 0.52, 0.43, 0.81, 1.0, 1.0, 0.52, 0.52, 0.52, 0.43, 0.52, 0.81, 0.52, 1.0, 1.0, 1.0, 0.43, 0.52, 1.0, 1.0, 0.52, 0.43, 0.81, 1.0, 0.52, 0.52, 0.43, 0.43, 0.43, 1.0, 1.0, 0.52, 1.0, 1.0, 0.52, 0.52, 0.43, 0.52, 0.43, 0.52, 1.0, 0.52, 0.52, 0.52, 0.43, 0.52, 1.0, 1.0, 0.43, 1.0, 1.0, 1.0, 1.0, 0.52, 0.43, 0.43, 0.43, 0.52, 1.0, 1.0, 0.52, 1.0, 0.52, 0.52, 1.0, 0.52, 0.52, 0.43, 0.52, 0.81, 0.52, 0.81, 0.81, 0.52, 0.52, 1.0, 0.52, 1.0, 0.52, 0.43, 0.52, 1.0, 1.0, 0.81, 1.0, 1.0, 0.52, 1.0, 0.52, 1.0, 0.52, 0.43, 0.52, 0.43, 0.81, 1.0, 1.0, 1.0, 0.81, 1.0, 0.52, 0.81, 1.0, 0.52, 0.52, 0.52, 0.43, 0.52, 0.43, 0.81, 1.0]",105.85000000000001,"[3, 6, 17, 20, 23, 25, 28, 36, 42, 49, 56, 61, 66, 67, 68, 76, 78, 84, 88, 94, 95, 96, 107, 119, 131, 133, 146, 148]","[0.0, 0.01, 0.04, 0.01, 0.03, 0.04, 0.01, 0.01, 0.01, 0.0, 0.03, 0.01, 0.01, 0.03, 0.0, 0.03, 0.04, 0.0, 0.03, 0.04, 0.0, 0.0, 0.04, 0.01, 0.04, 0.0, 0.0, 0.04, 0.01, 0.01, 0.03, 0.03, 0.03, 0.01, 0.03, 0.04, 0.01, 0.01, 0.03, 0.01, 0.03, 0.04, 0.01, 0.0, 0.0, 0.03, 0.03, 0.03, 0.04, 0.03, 0.01, 0.03, 0.0, 0.0, 0.0, 0.04, 0.03, 0.0, 0.0, 0.03, 0.04, 0.01, 0.0, 0.03, 0.03, 0.04, 0.04, 0.04, 0.0, 0.01, 0.03, 0.0, 0.01, 0.03, 0.03, 0.04, 0.03, 0.04, 0.03, 0.01, 0.03, 0.03, 0.03, 0.04, 0.03, 0.0, 0.0, 0.04, 0.01, 0.0, 0.01, 0.0, 0.03, 0.04, 0.04, 0.04, 0.03, 0.0, 0.0, 0.03, 0.01, 0.03, 0.03, 0.0, 0.03, 0.03, 0.04, 0.03, 0.01, 0.03, 0.01, 0.01, 0.03, 0.03, 0.0, 0.03, 0.0, 0.03, 0.04, 0.03, 0.0, 0.0, 0.01, 0.0, 0.01, 0.03, 0.0, 0.03, 0.0, 0.03, 0.04, 0.03, 0.04, 0.01, 0.01, 0.0, 0.0, 0.01, 0.01, 0.03, 0.01, 0.01, 0.03, 0.03, 0.03, 0.04, 0.03, 0.04, 0.01, 0.01]",0.09000000000000002,
75,Vote For 2,ATVA_4,150,3,"{'C': 106, 'B': 98, 'A': 96}","[0.81, 0.43, 0.43, 0.52, 1.0, 1.0, 1.0, 1.0, 0.81, 0.52, 0.52, 0.52, 1.0, 0.81, 0.43, 1.0, 0.81, 0.43, 1.0, 1.0, 0.43, 0.52, 0.81, 0.81, 1.0, 1.0, 0.52, 0.52, 0.52, 0.52, 1.0, 0.52, 0.52, 0.81, 0.81, 1.0, 0.52, 0.81, 1.0, 1.0, 0.43, 1.0, 0.43, 0.52, 0.52, 1.0, 1.0, 0.52, 0.43, 1.0, 1.0, 0.81, 1.0, 0.52, 0.43, 0.52, 0.52, 0.43, 1.0, 0.43, 0.52, 1.0, 0.52, 0.81, 1.0, 0.52, 0.52, 1.0, 1.0, 1.0, 0.43, 0.52, 1.0, 1.0, 1.0, 0.43, 0.52, 0.81, 1.0, 0.52, 0.81, 0.52, 0.52, 1.0, 1.0, 1.0, 0.52, 1.0, 1.0, 1.0, 1.0, 0.52, 1.0, 0.52, 0.81, 0.43, 1.0, 1.0, 0.52, 1.0, 0.52, 1.0, 1.0, 0.52, 0.81, 1.0, 0.43, 0.52, 0.52, 0.81, 0.81, 1.0, 1.0, 1.0, 1.0, 0.52, 1.0, 0.43, 0.52, 0.52, 0.52, 0.52, 0.52, 1.0, 1.0, 0.81, 0.52, 0.81, 1.0, 0.43, 0.52, 1.0, 1.0, 1.0, 0.81, 0.52, 0.43, 0.81, 0.52, 0.52, 1.0, 1.0, 1.0, 0.52, 0.81, 0.52, 0.81, 0.52, 0.81, 0.52]",111.18000000000002,[],"[0.01, 0.04, 0.04, 0.03, 0.01, 0.01, 0.0, 0.0, 0.01, 0.03, 0.03, 0.03, 0.0, 0.01, 0.04, 0.0, 0.01, 0.04, 0.0, 0.01, 0.04, 0.03, 0.01, 0.01, 0.01, 0.01, 0.03, 0.03, 0.03, 0.03, 0.01, 0.03, 0.03, 0.01, 0.01, 0.0, 0.03, 0.01, 0.01, 0.01, 0.04, 0.0, 0.04, 0.03, 0.03, 0.0, 0.01, 0.03, 0.04, 0.01, 0.01, 0.01, 0.01, 0.03, 0.04, 0.03, 0.03, 0.04, 0.01, 0.04, 0.03, 0.0, 0.03, 0.01, 0.0, 0.03, 0.03, 0.0, 0.01, 0.0, 0.04, 0.03, 0.01, 0.0, 0.0, 0.04, 0.03, 0.01, 0.01, 0.03, 0.01, 0.03, 0.03, 0.0, 0.01, 0.0, 0.03, 0.0, 0.0, 0.0, 0.0, 0.03, 0.01, 0.03, 0.01, 0.04, 0.0, 0.01, 0.03, 0.01, 0.03, 0.01, 0.01, 0.03, 0.01, 0.0, 0.04, 0.03, 0.03, 0.01, 0.01, 0.0, 0.0, 0.0, 0.01, 0.03, 0.01, 0.04, 0.03, 0.03, 0.03, 0.03, 0.03, 0.0, 0.0, 0.01, 0.03, 0.01, 0.01, 0.04, 0.03, 0.01, 0.0, 0.01, 0.01, 0.03, 0.04, 0.01, 0.03, 0.03, 0.0, 0.0, 0.01, 0.03, 0.01, 0.03, 0.01, 0.03, 0.01, 0.03]",0,
76,Vote For 2,ATVA_4,150,3,"{'A': 110, 'B': 95, 'C': 95}","[0.52, 1.0, 0.52, 1.0, 1.0, 0.81, 1.0, 0.43, 1.0, 1.0, 1.0, 0.52, 1.0, 1.0, 0.52, 0.81, 0.43, 0.43, 0.81, 0.81, 0.81, 0.43, 1.0, 0.81, 1.0, 0.52, 1.0, 0.52, 1.0, 0.43, 0.43, 1.0, 0.81, 0.52, 1.0, 0.52, 0.81, 0.52, 1.0, 1.0, 0.43, 0.52, 0.81, 0.52, 0.52, 0.52, 0.52, 0.43, 1.0, 0.81, 1.0, 1.0, 0.81, 1.0, 1.0, 0.43, 0.52, 0.52, 1.0, 0.52, 1.0, 0.52, 0.52, 1.0, 0.43, 0.43, 1.0, 0.52, 0.52, 0.52, 0.43, 1.0, 0.52, 1.0, 0.81, 1.0, 0.43, 0.81, 0.43, 1.0, 0.52, 0.81, 0.81, 0.81, 1.0, 0.52, 0.52, 0.81, 0.81, 0.52, 1.0, 0.52, 1.0, 0.81, 1.0, 0.52, 1.0, 0.43, 0.52, 1.0, 1.0, 0.52, 1.0, 0.43, 0.81, 1.0, 0.81, 0.43, 0.81, 1.0, 1.0, 0.52, 0.43, 0.52, 1.0, 0.81, 1.0, 0.52, 0.81, 0.81, 0.52, 0.52, 1.0, 0.52, 1.0, 1.0, 1.0, 0.52, 1.0, 0.52, 1.0, 1.0, 0.81, 1.0, 0.52, 1.0, 0.43, 0.81, 0.81, 0.81, 1.0, 0.52, 1.0, 1.0, 0.52, 1.0, 1.0, 1.0, 0.81, 0.43]",112.74000000000001,"[1, 8, 17, 18, 22, 30, 31, 41, 48, 56, 65, 66, 71, 77, 79, 98, 104, 108, 113, 137, 150]","[0.03, 0.0, 0.03, 0.0, 0.0, 0.01, 0.01, 0.04, 0.01, 0.0, 0.01, 0.03, 0.01, 0.0, 0.03, 0.01, 0.04, 0.04, 0.01, 0.01, 0.01, 0.04, 0.0, 0.01, 0.0, 0.03, 0.0, 0.03, 0.01, 0.04, 0.04, 0.0, 0.01, 0.03, 0.01, 0.03, 0.01, 0.03, 0.01, 0.0, 0.04, 0.03, 0.01, 0.03, 0.03, 0.03, 0.03, 0.04, 0.01, 0.01, 0.0, 0.01, 0.01, 0.01, 0.01, 0.04, 0.03, 0.03, 0.0, 0.03, 0.0, 0.03, 0.03, 0.0, 0.04, 0.04, 0.01, 0.03, 0.03, 0.03, 0.04, 0.01, 0.03, 0.01, 0.01, 0.01, 0.04, 0.01, 0.04, 0.0, 0.03, 0.01, 0.01, 0.01, 0.0, 0.03, 0.03, 0.01, 0.01, 0.03, 0.01, 0.03, 0.01, 0.01, 0.01, 0.03, 0.01, 0.04, 0.03, 0.01, 0.01, 0.03, 0.01, 0.04, 0.01, 0.01, 0.01, 0.04, 0.01, 0.0, 0.0, 0.03, 0.04, 0.03, 0.01, 0.01, 0.01, 0.03, 0.01, 0.01, 0.03, 0.03, 0.0, 0.03, 0.01, 0.0, 0.01, 0.03, 0.01, 0.03, 0.0, 0.0, 0.01, 0.0, 0.03, 0.01, 0.04, 0.01, 0.01, 0.01, 0.01, 0.03, 0.0, 0.0, 0.03, 0.01, 0.01, 0.01, 0.01, 0.04]",0.29000000000000004,
77,Vote For 2,ATVA_4,150,3,"{'B': 113, 'C': 96, 'A': 91}","[1.0, 0.43, 0.43, 0.52, 0.81, 0.52, 1.0, 0.52, 0.52, 0.81, 1.0, 0.52, 0.81, 1.0, 1.0, 0.52, 0.43, 1.0, 1.0, 0.52, 0.52, 0.52, 1.0, 0.43, 1.0, 1.0, 0.43, 0.81, 1.0, 0.81, 0.81, 0.81, 0.52, 0.52, 0.52, 0.52, 0.52, 0.52, 0.81, 0.52, 0.43, 1.0, 1.0, 0.43, 0.81, 0.81, 1.0, 1.0, 1.0, 0.52, 0.52, 0.52, 1.0, 0.52, 1.0, 1.0, 1.0, 0.81, 0.81, 0.52, 1.0, 0.52, 1.0, 1.0, 0.52, 1.0, 1.0, 0.81, 0.81, 0.52, 1.0, 1.0, 0.81, 0.81, 1.0, 1.0, 0.43, 1.0, 1.0, 1.0, 1.0, 1.0, 0.81, 0.52, 0.81, 0.81, 0.52, 0.52, 0.43, 1.0, 0.52, 1.0, 0.81, 0.52, 1.0, 1.0, 0.81, 0.52, 1.0, 0.81, 1.0, 0.52, 1.0, 0.81, 0.52, 0.81, 0.52, 1.0, 0.81, 0.52, 0.81, 1.0, 0.52, 1.0, 0.43, 0.52, 0.52, 1.0, 0.81, 0.52, 0.52, 0.81, 0.52, 0.81, 1.0, 1.0, 0.43, 1.0, 1.0, 0.52, 0.81, 0.52, 1.0, 1.0, 0.52, 1.0, 0.52, 0.81, 0.52, 1.0, 0.43, 0.81, 0.52, 1.0, 1.0, 0.52, 0.52, 1.0, 0.81, 0.52]",113.37,[],"[0.01, 0.04, 0.04, 0.03, 0.01, 0.03, 0.01, 0.03, 0.03, 0.01, 0.01, 0.03, 0.01, 0.0, 0.0, 0.03, 0.04, 0.01, 0.01, 0.03, 0.03, 0.03, 0.0, 0.04, 0.0, 0.0, 0.04, 0.01, 0.01, 0.01, 0.01, 0.01, 0.03, 0.03, 0.03, 0.03, 0.03, 0.03, 0.01, 0.03, 0.04, 0.0, 0.01, 0.04, 0.01, 0.01, 0.01, 0.01, 0.0, 0.03, 0.03, 0.03, 0.0, 0.03, 0.01, 0.01, 0.0, 0.01, 0.01, 0.03, 0.0, 0.03, 0.01, 0.01, 0.03, 0.01, 0.0, 0.01, 0.01, 0.03, 0.01, 0.0, 0.01, 0.01, 0.01, 0.0, 0.04, 0.0, 0.01, 0.01, 0.0, 0.01, 0.01, 0.03, 0.01, 0.01, 0.03, 0.03, 0.04, 0.0, 0.03, 0.01, 0.01, 0.03, 0.01, 0.01, 0.01, 0.03, 0.01, 0.01, 0.0, 0.03, 0.0, 0.01, 0.03, 0.01, 0.03, 0.01, 0.01, 0.03, 0.01, 0.01, 0.03, 0.0, 0.04, 0.03, 0.03, 0.01, 0.01, 0.03, 0.03, 0.01, 0.03, 0.01, 0.01, 0.0, 0.04, 0.01, 0.0, 0.03, 0.01, 0.03, 0.0, 0.0, 0.03, 0.0, 0.03, 0.01, 0.03, 0.0, 0.04, 0.01, 0.03, 0.01, 0.01, 0.03, 0.03, 0.0, 0.01, 0.03]",0,
78,Vote For 2,ATVA_4,150,3,"{'C': 104, 'B': 103, 'A': 93}","[1.0, 0.52, 0.52, 1.0, 0.81, 0.52, 0.43, 0.52, 0.52, 0.52, 0.52, 1.0, 1.0, 0.52, 0.52, 0.43, 0.52, 1.0, 0.52, 0.52, 0.81, 0.43, 0.43, 1.0, 0.81, 0.52, 1.0, 1.0, 0.81, 1.0, 1.0, 0.81, 1.0, 0.81, 1.0, 0.52, 0.52, 0.81, 0.52, 0.43, 0.81, 0.43, 0.43, 1.0, 0.81, 0.43, 0.43, 1.0, 0.43, 0.43, 0.81, 0.43, 0.52, 1.0, 0.81, 0.43, 0.43, 0.81, 0.43, 1.0, 1.0, 1.0, 0.52, 0.52, 0.81, 1.0, 0.81, 1.0, 0.52, 0.52, 1.0, 1.0, 1.0, 1.0, 1.0, 1.0, 1.0, 1.0, 0.52, 0.43, 1.0, 1.0, 0.52, 0.52, 0.81, 0.52, 0.52, 0.52, 0.81, 0.52, 1.0, 0.81, 0.52, 0.52, 0.43, 1.0, 0.52, 0.81, 0.43, 0.81, 0.52, 1.0, 0.43, 0.81, 1.0, 1.0, 1.0, 0.52, 0.81, 1.0, 0.81, 0.52, 1.0, 1.0, 1.0, 0.43, 1.0, 1.0, 0.52, 1.0, 0.81, 0.43, 0.52, 0.52, 0.52, 0.81, 0.52, 1.0, 0.81, 0.81, 1.0, 0.81, 0.81, 1.0, 0.52, 1.0, 0.81, 1.0, 1.0, 0.43, 0.81, 0.81, 1.0, 0.52, 0.81, 0.52, 1.0, 0.52, 0.43, 0.43]",109.60000000000002,"[5, 21, 25, 29, 32, 34, 38, 41, 45, 51, 55, 58, 65, 67, 85, 89, 92, 98, 100, 104, 109, 111, 121, 126, 129, 130, 132, 133, 137, 141, 142, 145]","[0.0, 0.03, 0.03, 0.0, 0.01, 0.03, 0.04, 0.03, 0.03, 0.03, 0.03, 0.01, 0.01, 0.03, 0.03, 0.04, 0.03, 0.0, 0.03, 0.03, 0.01, 0.04, 0.04, 0.0, 0.01, 0.03, 0.0, 0.0, 0.01, 0.0, 0.0, 0.01, 0.0, 0.01, 0.0, 0.03, 0.03, 0.01, 0.03, 0.04, 0.01, 0.04, 0.04, 0.01, 0.01, 0.04, 0.04, 0.0, 0.04, 0.04, 0.01, 0.04, 0.03, 0.01, 0.01, 0.04, 0.04, 0.01, 0.04, 0.01, 0.01, 0.01, 0.03, 0.03, 0.01, 0.0, 0.01, 0.0, 0.03, 0.03, 0.0, 0.01, 0.01, 0.01, 0.0, 0.01, 0.01, 0.01, 0.03, 0.04, 0.01, 0.0, 0.03, 0.03, 0.01, 0.03, 0.03, 0.03, 0.01, 0.03, 0.01, 0.01, 0.03, 0.03, 0.04, 0.0, 0.03, 0.01, 0.04, 0.01, 0.03, 0.01, 0.04, 0.01, 0.0, 0.01, 0.0, 0.03, 0.01, 0.01, 0.01, 0.03, 0.01, 0.0, 0.01, 0.04, 0.01, 0.01, 0.03, 0.01, 0.01, 0.04, 0.03, 0.03, 0.03, 0.01, 0.03, 0.0, 0.01, 0.01, 0.0, 0.01, 0.01, 0.0, 0.03, 0.0, 0.01, 0.01, 0.01, 0.04, 0.01, 0.01, 0.0, 0.03, 0.01, 0.03, 0.01, 0.03, 0.04, 0.04]",0.18999999999999995,
79,Vote For 2,ATVA_4,150,3,"{'B': 104, 'A': 102, 'C': 94}","[0.81, 0.52, 0.43, 0.52, 0.52, 0.81, 1.0, 0.43, 1.0, 1.0, 0.52, 0.52, 0.43, 1.0, 0.81, 0.52, 1.0, 0.52, 1.0, 0.81, 0.52, 1.0, 1.0, 1.0, 0.81, 0.52, 0.81, 0.81, 0.52, 0.43, 0.81, 1.0, 0.52, 0.52, 0.43, 1.0, 0.81, 0.52, 1.0, 0.52, 0.81, 0.52, 1.0, 1.0, 1.0, 0.81, 0.52, 0.52, 0.81, 1.0, 1.0, 1.0, 0.52, 0.52, 0.81, 1.0, 0.43, 0.43, 1.0, 0.52, 1.0, 0.81, 0.43, 0.52, 0.43, 1.0, 0.81, 0.43, 0.52, 0.81, 0.52, 1.0, 0.43, 0.52, 0.52, 0.52, 0.43, 0.81, 1.0, 0.52, 0.81, 0.52, 1.0, 0.81, 0.52, 0.52, 0.81, 0.43, 0.52, 1.0, 1.0, 0.52, 0.43, 1.0, 1.0, 0.81, 0.52, 0.52, 1.0, 0.52, 1.0, 0.52, 1.0, 0.43, 1.0, 0.81, 0.81, 0.81, 0.52, 0.81, 0.81, 0.81, 0.81, 0.52, 0.52, 0.52, 0.52, 0.52, 1.0, 0.43, 1.0, 0.43, 1.0, 0.43, 0.81, 0.52, 0.52, 0.43, 0.52, 0.52, 0.52, 1.0, 1.0, 0.52, 0.52, 0.81, 0.81, 1.0, 0.52, 1.0, 0.52, 0.43, 0.52, 0.52, 1.0, 0.43, 0.52, 0.81, 0.52, 0.52]",105.07000000000001,[],"[0.01, 0.03, 0.04, 0.03, 0.03, 0.01, 0.0, 0.04, 0.0, 0.0, 0.03, 0.03, 0.04, 0.0, 0.01, 0.03, 0.01, 0.03, 0.0, 0.01, 0.03, 0.0, 0.01, 0.0, 0.01, 0.03, 0.01, 0.01, 0.03, 0.04, 0.01, 0.0, 0.03, 0.03, 0.04, 0.0, 0.01, 0.03, 0.0, 0.03, 0.01, 0.03, 0.01, 0.01, 0.0, 0.01, 0.03, 0.03, 0.01, 0.0, 0.0, 0.0, 0.03, 0.03, 0.01, 0.01, 0.04, 0.04, 0.01, 0.03, 0.0, 0.01, 0.04, 0.03, 0.04, 0.0, 0.01, 0.04, 0.03, 0.01, 0.03, 0.01, 0.04, 0.03, 0.03, 0.03, 0.04, 0.01, 0.0, 0.03, 0.01, 0.03, 0.0, 0.01, 0.03, 0.03, 0.01, 0.04, 0.03, 0.0, 0.01, 0.03, 0.04, 0.0, 0.01, 0.01, 0.03, 0.03, 0.0, 0.03, 0.01, 0.03, 0.01, 0.04, 0.01, 0.01, 0.01, 0.01, 0.03, 0.01, 0.01, 0.01, 0.01, 0.03, 0.03, 0.03, 0.03, 0.03, 0.01, 0.04, 0.0, 0.04, 0.01, 0.04, 0.01, 0.03, 0.03, 0.04, 0.03, 0.03, 0.03, 0.01, 0.0, 0.03, 0.03, 0.01, 0.01, 0.01, 0.03, 0.01, 0.03, 0.04, 0.03, 0.03, 0.0, 0.04, 0.03, 0.01, 0.03, 0.03]",0,
80,Anti-Plurality,BTVA,150,3,"{'C': 111, 'A': 98, 'B': 91}","[0.43, 1.0, 0.43, 0.52, 1.0, 1.0, 0.81, 0.52, 0.81, 0.43, 0.81, 0.81, 0.52, 1.0, 0.52, 1.0, 1.0, 0.52, 1.0, 1.0, 0.81, 0.81, 0.52, 0.52, 0.43, 0.43, 0.43, 0.43, 0.52, 0.52, 0.52, 0.81, 0.43, 0.52, 0.81, 1.0, 1.0, 0.81, 1.0, 0.43, 0.52, 0.81, 1.0, 1.0, 0.43, 0.52, 0.52, 0.43, 0.43, 0.52, 1.0, 0.43, 0.52, 0.43, 0.81, 1.0, 0.52, 0.52, 0.81, 1.0, 1.0, 0.43, 1.0, 1.0, 0.43, 0.52, 0.43, 1.0, 0.52, 0.52, 0.52, 1.0, 1.0, 0.52, 0.43, 1.0, 0.52, 0.81, 1.0, 1.0, 0.52, 0.52, 0.81, 0.81, 1.0, 0.81, 0.52, 0.81, 0.52, 1.0, 1.0, 0.43, 1.0, 1.0, 0.81, 1.0, 0.52, 0.81, 0.81, 1.0, 0.52, 0.81, 1.0, 1.0, 0.52, 0.81, 0.52, 0.81, 0.52, 1.0, 0.52, 0.52, 1.0, 0.43, 1.0, 0.52, 0.52, 0.52, 1.0, 0.52, 0.52, 0.52, 0.81, 1.0, 0.52, 1.0, 0.52, 0.52, 0.52, 0.81, 0.52, 1.0, 0.81, 1.0, 0.81, 1.0, 0.52, 1.0, 1.0, 0.52, 1.0, 0.81, 0.81, 1.0, 0.81, 0.43, 0.52, 1.0, 1.0, 0.52]",108.33000000000001,[],"[0.04, 0.0, 0.04, 0.03, 0.01, 0.0, 0.01, 0.03, 0.01, 0.04, 0.01, 0.01, 0.03, 0.0, 0.03, 0.0, 0.01, 0.03, 0.0, 0.0, 0.01, 0.01, 0.03, 0.03, 0.04, 0.04, 0.04, 0.04, 0.03, 0.03, 0.03, 0.01, 0.04, 0.03, 0.01, 0.0, 0.01, 0.01, 0.0, 0.04, 0.03, 0.01, 0.01, 0.01, 0.04, 0.03, 0.03, 0.04, 0.04, 0.03, 0.0, 0.04, 0.03, 0.04, 0.01, 0.01, 0.03, 0.03, 0.01, 0.0, 0.0, 0.04, 0.01, 0.0, 0.04, 0.03, 0.04, 0.01, 0.03, 0.03, 0.03, 0.01, 0.01, 0.03, 0.04, 0.0, 0.03, 0.01, 0.0, 0.0, 0.03, 0.03, 0.01, 0.01, 0.0, 0.01, 0.03, 0.01, 0.03, 0.01, 0.01, 0.04, 0.0, 0.01, 0.01, 0.0, 0.03, 0.01, 0.01, 0.01, 0.03, 0.01, 0.0, 0.01, 0.03, 0.01, 0.03, 0.01, 0.03, 0.0, 0.03, 0.03, 0.01, 0.04, 0.0, 0.03, 0.03, 0.03, 0.0, 0.03, 0.03, 0.03, 0.01, 0.0, 0.03, 0.01, 0.03, 0.03, 0.03, 0.01, 0.03, 0.0, 0.01, 0.0, 0.01, 0.0, 0.03, 0.0, 0.0, 0.03, 0.01, 0.01, 0.01, 0.01, 0.01, 0.04, 0.03, 0.0, 0.01, 0.03]",0,
81,Anti-Plurality,BTVA,150,3,"{'C': 106, 'B': 100, 'A': 94}","[1.0, 0.52, 0.52, 0.52, 1.0, 0.43, 0.52, 0.81, 0.52, 0.81, 0.43, 0.52, 1.0, 0.52, 0.52, 1.0, 0.52, 0.43, 0.81, 0.81, 0.52, 0.43, 1.0, 0.81, 0.43, 0.52, 0.52, 1.0, 1.0, 1.0, 0.81, 0.52, 1.0, 0.81, 0.52, 0.81, 0.52, 0.81, 1.0, 1.0, 1.0, 1.0, 0.81, 0.52, 1.0, 0.52, 1.0, 0.52, 1.0, 1.0, 0.52, 0.52, 0.43, 0.81, 0.52, 0.81, 1.0, 1.0, 0.43, 0.43, 0.43, 1.0, 0.81, 0.52, 0.81, 0.52, 0.43, 0.81, 0.81, 0.52, 1.0, 0.52, 1.0, 0.81, 0.81, 0.52, 0.81, 0.52, 1.0, 1.0, 1.0, 1.0, 0.52, 0.43, 1.0, 0.81, 1.0, 0.52, 0.43, 0.81, 0.52, 0.52, 1.0, 0.52, 1.0, 1.0, 0.81, 0.52, 0.81, 0.52, 0.43, 1.0, 1.0, 0.52, 0.81, 0.43, 0.43, 0.52, 0.43, 0.52, 0.81, 0.52, 0.52, 0.81, 0.52, 1.0, 0.52, 0.43, 0.43, 1.0, 1.0, 0.52, 0.52, 0.52, 0.52, 1.0, 0.81, 0.52, 0.43, 0.52, 1.0, 1.0, 1.0, 0.52, 0.52, 0.52, 0.43, 1.0, 0.81, 1.0, 1.0, 1.0, 0.43, 0.81, 0.81, 1.0, 1.0, 1.0, 1.0, 0.52]",107.85000000000001,[],"[0.0, 0.03, 0.03, 0.03, 0.01, 0.04, 0.03, 0.01, 0.03, 0.01, 0.04, 0.03, 0.01, 0.03, 0.03, 0.0, 0.03, 0.04, 0.01, 0.01, 0.03, 0.04, 0.01, 0.01, 0.04, 0.03, 0.03, 0.01, 0.0, 0.01, 0.01, 0.03, 0.01, 0.01, 0.03, 0.01, 0.03, 0.01, 0.01, 0.01, 0.0, 0.0, 0.01, 0.03, 0.01, 0.03, 0.0, 0.03, 0.01, 0.0, 0.03, 0.03, 0.04, 0.01, 0.03, 0.01, 0.0, 0.01, 0.04, 0.04, 0.04, 0.01, 0.01, 0.03, 0.01, 0.03, 0.04, 0.01, 0.01, 0.03, 0.0, 0.03, 0.01, 0.01, 0.01, 0.03, 0.01, 0.03, 0.0, 0.0, 0.01, 0.0, 0.03, 0.04, 0.0, 0.01, 0.01, 0.03, 0.04, 0.01, 0.03, 0.03, 0.0, 0.03, 0.0, 0.0, 0.01, 0.03, 0.01, 0.03, 0.04, 0.0, 0.01, 0.03, 0.01, 0.04, 0.04, 0.03, 0.04, 0.03, 0.01, 0.03, 0.03, 0.01, 0.03, 0.0, 0.03, 0.04, 0.04, 0.0, 0.01, 0.03, 0.03, 0.03, 0.03, 0.01, 0.01, 0.03, 0.04, 0.03, 0.01, 0.0, 0.0, 0.03, 0.03, 0.03, 0.04, 0.0, 0.01, 0.0, 0.0, 0.01, 0.04, 0.01, 0.01, 0.0, 0.01, 0.0, 0.01, 0.03]",0,
82,Anti-Plurality,BTVA,150,3,"{'A': 105, 'C': 101, 'B': 94}","[0.52, 1.0, 1.0, 0.81, 0.52, 1.0, 0.81, 0.52, 0.43, 0.52, 0.43, 0.52, 0.43, 0.81, 0.43, 0.81, 0.81, 1.0, 0.52, 0.43, 1.0, 1.0, 0.81, 0.52, 0.81, 0.52, 1.0, 0.52, 1.0, 1.0, 1.0, 1.0, 0.81, 1.0, 0.52, 0.43, 0.43, 0.81, 1.0, 0.52, 1.0, 1.0, 1.0, 0.52, 1.0, 1.0, 0.52, 1.0, 1.0, 0.81, 0.52, 0.52, 1.0, 0.81, 1.0, 0.52, 0.52, 0.43, 1.0, 1.0, 0.52, 0.52, 0.43, 1.0, 0.52, 1.0, 0.52, 0.52, 0.81, 1.0, 0.52, 0.81, 0.43, 1.0, 0.81, 1.0, 0.43, 1.0, 1.0, 0.81, 0.81, 0.81, 0.81, 0.52, 1.0, 0.52, 0.81, 0.52, 0.52, 1.0, 0.52, 0.52, 1.0, 1.0, 1.0, 0.52, 0.81, 1.0, 1.0, 0.81, 0.43, 0.43, 0.43, 0.52, 1.0, 0.52, 0.52, 1.0, 0.52, 0.52, 1.0, 0.52, 0.52, 0.52, 0.52, 0.52, 1.0, 0.81, 0.52, 0.52, 0.81, 0.52, 1.0, 0.81, 0.52, 0.52, 0.43, 0.52, 0.52, 0.81, 1.0, 0.52, 0.81, 1.0, 0.52, 0.52, 0.52, 0.81, 0.43, 0.52, 1.0, 0.43, 0.43, 1.0, 0.52, 1.0, 0.43, 0.81, 1.0, 0.52]",107.93,[],"[0.03, 0.01, 0.01, 0.01, 0.03, 0.0, 0.01, 0.03, 0.04, 0.03, 0.04, 0.03, 0.04, 0.01, 0.04, 0.01, 0.01, 0.0, 0.03, 0.04, 0.01, 0.0, 0.01, 0.03, 0.01, 0.03, 0.0, 0.03, 0.0, 0.0, 0.01, 0.0, 0.01, 0.0, 0.03, 0.04, 0.04, 0.01, 0.01, 0.03, 0.01, 0.0, 0.01, 0.03, 0.01, 0.0, 0.03, 0.01, 0.0, 0.01, 0.03, 0.03, 0.01, 0.01, 0.0, 0.03, 0.03, 0.04, 0.0, 0.01, 0.03, 0.03, 0.04, 0.01, 0.03, 0.01, 0.03, 0.03, 0.01, 0.0, 0.03, 0.01, 0.04, 0.0, 0.01, 0.01, 0.04, 0.01, 0.01, 0.01, 0.01, 0.01, 0.01, 0.03, 0.01, 0.03, 0.01, 0.03, 0.03, 0.01, 0.03, 0.03, 0.0, 0.0, 0.01, 0.03, 0.01, 0.0, 0.01, 0.01, 0.04, 0.04, 0.04, 0.03, 0.0, 0.03, 0.03, 0.0, 0.03, 0.03, 0.01, 0.03, 0.03, 0.03, 0.03, 0.03, 0.0, 0.01, 0.03, 0.03, 0.01, 0.03, 0.0, 0.01, 0.03, 0.03, 0.04, 0.03, 0.03, 0.01, 0.0, 0.03, 0.01, 0.0, 0.03, 0.03, 0.03, 0.01, 0.04, 0.03, 0.0, 0.04, 0.04, 0.0, 0.03, 0.0, 0.04, 0.01, 0.0, 0.03]",0,
83,Anti-Plurality,BTVA,150,3,"{'B': 104, 'A': 103, 'C': 93}","[0.52, 0.81, 0.81, 0.52, 0.81, 1.0, 1.0, 0.43, 0.52, 0.43, 1.0, 0.81, 0.52, 0.52, 0.43, 1.0, 0.81, 0.52, 1.0, 0.81, 0.52, 0.52, 1.0, 0.52, 0.52, 0.52, 1.0, 1.0, 1.0, 0.81, 0.81, 0.52, 0.81, 0.43, 0.43, 0.81, 1.0, 0.81, 1.0, 0.52, 1.0, 0.52, 1.0, 0.43, 0.43, 1.0, 1.0, 1.0, 1.0, 0.81, 1.0, 0.81, 0.43, 1.0, 0.52, 0.43, 0.52, 0.43, 0.52, 0.81, 0.43, 1.0, 1.0, 0.52, 0.52, 0.81, 0.52, 0.52, 0.43, 1.0, 1.0, 1.0, 0.52, 0.52, 0.81, 0.81, 0.43, 0.81, 0.52, 0.81, 0.81, 1.0, 1.0, 1.0, 0.43, 0.52, 1.0, 1.0, 0.43, 0.52, 0.81, 1.0, 1.0, 0.52, 0.43, 0.52, 0.43, 0.81, 1.0, 0.52, 0.43, 0.81, 1.0, 0.52, 0.43, 0.52, 0.52, 0.81, 0.81, 0.43, 0.81, 0.81, 1.0, 0.52, 1.0, 0.52, 0.43, 1.0, 0.43, 1.0, 1.0, 1.0, 1.0, 0.81, 0.52, 1.0, 1.0, 1.0, 0.52, 1.0, 0.81, 0.81, 1.0, 1.0, 1.0, 1.0, 0.43, 0.52, 1.0, 0.43, 1.0, 0.43, 0.43, 0.52, 1.0, 0.52, 1.0, 1.0, 0.81, 0.52]",110.09,"[2, 3, 5, 12, 17, 20, 30, 31, 33, 36, 38, 50, 52, 60, 66, 75, 76, 78, 80, 81, 91, 98, 102, 108, 109, 111, 112, 124, 131, 132, 149]","[0.03, 0.01, 0.01, 0.03, 0.01, 0.01, 0.01, 0.04, 0.03, 0.04, 0.01, 0.01, 0.03, 0.03, 0.04, 0.01, 0.01, 0.03, 0.01, 0.01, 0.03, 0.03, 0.0, 0.03, 0.03, 0.03, 0.0, 0.0, 0.0, 0.01, 0.01, 0.03, 0.01, 0.04, 0.04, 0.01, 0.01, 0.01, 0.01, 0.03, 0.0, 0.03, 0.01, 0.04, 0.04, 0.0, 0.01, 0.0, 0.01, 0.01, 0.0, 0.01, 0.04, 0.0, 0.03, 0.04, 0.03, 0.04, 0.03, 0.01, 0.04, 0.0, 0.0, 0.03, 0.03, 0.01, 0.03, 0.03, 0.04, 0.0, 0.0, 0.01, 0.03, 0.03, 0.01, 0.01, 0.04, 0.01, 0.03, 0.01, 0.01, 0.01, 0.01, 0.0, 0.04, 0.03, 0.0, 0.01, 0.04, 0.03, 0.01, 0.01, 0.01, 0.03, 0.04, 0.03, 0.04, 0.01, 0.0, 0.03, 0.04, 0.01, 0.01, 0.03, 0.04, 0.03, 0.03, 0.01, 0.01, 0.04, 0.01, 0.01, 0.0, 0.03, 0.01, 0.03, 0.04, 0.0, 0.04, 0.0, 0.0, 0.01, 0.0, 0.01, 0.03, 0.0, 0.01, 0.0, 0.03, 0.01, 0.01, 0.01, 0.01, 0.0, 0.01, 0.01, 0.04, 0.03, 0.01, 0.04, 0.01, 0.04, 0.04, 0.03, 0.0, 0.03, 0.0, 0.01, 0.01, 0.03]",0.18999999999999995,
84,Anti-Plurality,BTVA,150,3,"{'C': 109, 'A': 96, 'B': 95}","[1.0, 0.43, 0.81, 1.0, 0.52, 0.52, 1.0, 1.0, 1.0, 1.0, 0.52, 0.81, 0.52, 0.43, 0.43, 1.0, 1.0, 0.52, 1.0, 1.0, 1.0, 0.52, 0.52, 0.81, 1.0, 1.0, 1.0, 1.0, 0.81, 1.0, 1.0, 1.0, 0.52, 0.43, 1.0, 1.0, 0.52, 1.0, 0.43, 1.0, 1.0, 0.81, 0.52, 0.52, 1.0, 1.0, 0.52, 0.43, 1.0, 0.81, 1.0, 0.52, 1.0, 1.0, 1.0, 0.52, 0.52, 1.0, 0.52, 0.43, 1.0, 0.43, 1.0, 1.0, 0.43, 0.81, 0.52, 1.0, 1.0, 0.52, 1.0, 0.52, 0.43, 1.0, 1.0, 0.52, 0.52, 1.0, 0.52, 0.81, 0.52, 0.52, 0.52, 0.52, 1.0, 1.0, 1.0, 0.81, 1.0, 0.81, 0.52, 0.81, 0.52, 0.52, 0.81, 0.52, 0.81, 1.0, 0.52, 0.52, 0.52, 0.81, 0.52, 0.43, 1.0, 0.81, 1.0, 1.0, 1.0, 0.52, 1.0, 0.52, 0.81, 0.43, 1.0, 0.52, 0.52, 0.52, 0.52, 1.0, 0.43, 1.0, 1.0, 0.52, 0.52, 0.43, 0.81, 0.81, 1.0, 0.81, 0.52, 0.52, 1.0, 1.0, 0.81, 0.52, 1.0, 0.81, 1.0, 1.0, 0.52, 0.43, 0.52, 0.52, 1.0, 0.81, 0.52, 0.81, 0.43, 1.0]",112.99000000000001,[],"[0.01, 0.04, 0.01, 0.0, 0.03, 0.03, 0.0, 0.0, 0.01, 0.01, 0.03, 0.01, 0.03, 0.04, 0.04, 0.0, 0.0, 0.03, 0.0, 0.0, 0.01, 0.03, 0.03, 0.01, 0.01, 0.01, 0.01, 0.01, 0.01, 0.01, 0.0, 0.0, 0.03, 0.04, 0.0, 0.01, 0.03, 0.0, 0.04, 0.01, 0.0, 0.01, 0.03, 0.03, 0.01, 0.0, 0.03, 0.04, 0.0, 0.01, 0.0, 0.03, 0.0, 0.01, 0.01, 0.03, 0.03, 0.01, 0.03, 0.04, 0.0, 0.04, 0.0, 0.0, 0.04, 0.01, 0.03, 0.01, 0.0, 0.03, 0.0, 0.03, 0.04, 0.01, 0.0, 0.03, 0.03, 0.01, 0.03, 0.01, 0.03, 0.03, 0.03, 0.03, 0.01, 0.0, 0.0, 0.01, 0.01, 0.01, 0.03, 0.01, 0.03, 0.03, 0.01, 0.03, 0.01, 0.01, 0.03, 0.03, 0.03, 0.01, 0.03, 0.04, 0.0, 0.01, 0.01, 0.01, 0.01, 0.03, 0.0, 0.03, 0.01, 0.04, 0.01, 0.03, 0.03, 0.03, 0.03, 0.01, 0.04, 0.0, 0.0, 0.03, 0.03, 0.04, 0.01, 0.01, 0.0, 0.01, 0.03, 0.03, 0.0, 0.0, 0.01, 0.03, 0.01, 0.01, 0.01, 0.0, 0.03, 0.04, 0.03, 0.03, 0.01, 0.01, 0.03, 0.01, 0.04, 0.01]",0,
85,Anti-Plurality,BTVA,150,3,"{'B': 108, 'C': 100, 'A': 92}","[0.52, 0.52, 1.0, 1.0, 1.0, 1.0, 0.52, 0.43, 0.52, 0.81, 0.52, 1.0, 0.81, 0.81, 0.81, 1.0, 0.52, 1.0, 0.52, 0.43, 0.52, 0.81, 1.0, 0.52, 0.52, 1.0, 0.81, 0.43, 1.0, 0.52, 0.43, 0.52, 1.0, 1.0, 1.0, 0.43, 0.43, 0.81, 1.0, 1.0, 1.0, 0.52, 1.0, 0.81, 0.52, 0.81, 0.81, 0.52, 1.0, 0.81, 1.0, 0.43, 0.52, 0.43, 0.81, 0.81, 0.52, 0.52, 0.81, 0.81, 0.81, 0.52, 0.43, 0.43, 0.81, 0.52, 1.0, 1.0, 0.52, 1.0, 0.81, 0.81, 0.43, 1.0, 0.52, 0.52, 1.0, 1.0, 0.81, 0.52, 0.52, 1.0, 0.81, 1.0, 0.81, 0.81, 0.52, 0.52, 1.0, 1.0, 1.0, 0.52, 0.52, 0.81, 1.0, 1.0, 0.52, 1.0, 1.0, 0.52, 1.0, 0.52, 1.0, 0.81, 1.0, 1.0, 0.52, 0.52, 0.52, 0.81, 0.81, 1.0, 1.0, 1.0, 0.52, 0.52, 1.0, 0.43, 0.43, 0.52, 0.43, 1.0, 1.0, 1.0, 1.0, 1.0, 0.43, 0.43, 0.52, 1.0, 0.52, 0.52, 1.0, 0.43, 0.52, 1.0, 0.52, 0.52, 0.81, 0.81, 1.0, 0.52, 0.81, 1.0, 0.43, 0.43, 0.52, 0.43, 0.52, 0.52]",109.86000000000001,[],"[0.03, 0.03, 0.0, 0.01, 0.01, 0.01, 0.03, 0.04, 0.03, 0.01, 0.03, 0.01, 0.01, 0.01, 0.01, 0.01, 0.03, 0.0, 0.03, 0.04, 0.03, 0.01, 0.01, 0.03, 0.03, 0.0, 0.01, 0.04, 0.01, 0.03, 0.04, 0.03, 0.0, 0.01, 0.0, 0.04, 0.04, 0.01, 0.01, 0.0, 0.01, 0.03, 0.01, 0.01, 0.03, 0.01, 0.01, 0.03, 0.01, 0.01, 0.0, 0.04, 0.03, 0.04, 0.01, 0.01, 0.03, 0.03, 0.01, 0.01, 0.01, 0.03, 0.04, 0.04, 0.01, 0.03, 0.0, 0.01, 0.03, 0.01, 0.01, 0.01, 0.04, 0.01, 0.03, 0.03, 0.0, 0.0, 0.01, 0.03, 0.03, 0.0, 0.01, 0.0, 0.01, 0.01, 0.03, 0.03, 0.01, 0.0, 0.0, 0.03, 0.03, 0.01, 0.0, 0.01, 0.03, 0.0, 0.0, 0.03, 0.0, 0.03, 0.0, 0.01, 0.0, 0.0, 0.03, 0.03, 0.03, 0.01, 0.01, 0.01, 0.0, 0.01, 0.03, 0.03, 0.01, 0.04, 0.04, 0.03, 0.04, 0.01, 0.0, 0.01, 0.0, 0.0, 0.04, 0.04, 0.03, 0.0, 0.03, 0.03, 0.0, 0.04, 0.03, 0.01, 0.03, 0.03, 0.01, 0.01, 0.01, 0.03, 0.01, 0.0, 0.04, 0.04, 0.03, 0.04, 0.03, 0.03]",0,
86,Anti-Plurality,BTVA,150,3,"{'C': 109, 'A': 101, 'B': 90}","[1.0, 0.81, 0.52, 0.52, 0.81, 0.52, 1.0, 1.0, 0.52, 0.43, 0.81, 0.43, 0.52, 0.81, 1.0, 0.52, 1.0, 1.0, 0.52, 0.43, 0.52, 0.81, 1.0, 0.81, 1.0, 1.0, 1.0, 0.43, 1.0, 0.52, 0.52, 1.0, 0.52, 0.81, 0.52, 0.52, 0.52, 0.52, 1.0, 0.43, 0.43, 0.43, 0.52, 0.52, 0.52, 0.81, 1.0, 1.0, 0.81, 1.0, 0.43, 0.43, 1.0, 0.43, 1.0, 0.52, 0.81, 0.52, 0.52, 0.81, 1.0, 0.43, 0.81, 0.81, 1.0, 1.0, 1.0, 0.43, 1.0, 0.52, 0.52, 1.0, 0.81, 0.52, 0.52, 0.52, 0.52, 0.52, 0.81, 0.81, 0.43, 0.81, 0.52, 0.43, 1.0, 0.52, 0.52, 1.0, 1.0, 0.81, 1.0, 0.52, 1.0, 0.43, 1.0, 1.0, 1.0, 0.52, 1.0, 0.52, 0.43, 1.0, 0.81, 0.81, 0.52, 1.0, 0.81, 0.81, 0.52, 0.81, 0.52, 0.52, 1.0, 0.52, 0.52, 1.0, 0.52, 1.0, 1.0, 1.0, 1.0, 0.52, 0.52, 0.52, 0.52, 0.52, 0.43, 0.43, 0.43, 0.43, 1.0, 1.0, 0.81, 0.52, 0.81, 0.52, 1.0, 1.0, 1.0, 0.43, 0.52, 0.81, 0.81, 0.43, 1.0, 1.0, 0.81, 0.81, 0.81, 1.0]",108.24000000000001,[],"[0.01, 0.01, 0.03, 0.03, 0.01, 0.03, 0.01, 0.01, 0.03, 0.04, 0.01, 0.04, 0.03, 0.01, 0.0, 0.03, 0.0, 0.0, 0.03, 0.04, 0.03, 0.01, 0.0, 0.01, 0.0, 0.01, 0.01, 0.04, 0.01, 0.03, 0.03, 0.0, 0.03, 0.01, 0.03, 0.03, 0.03, 0.03, 0.0, 0.04, 0.04, 0.04, 0.03, 0.03, 0.03, 0.01, 0.0, 0.01, 0.01, 0.01, 0.04, 0.04, 0.0, 0.04, 0.01, 0.03, 0.01, 0.03, 0.03, 0.01, 0.0, 0.04, 0.01, 0.01, 0.0, 0.0, 0.0, 0.04, 0.0, 0.03, 0.03, 0.0, 0.01, 0.03, 0.03, 0.03, 0.03, 0.03, 0.01, 0.01, 0.04, 0.01, 0.03, 0.04, 0.01, 0.03, 0.03, 0.01, 0.0, 0.01, 0.0, 0.03, 0.0, 0.04, 0.0, 0.0, 0.01, 0.03, 0.0, 0.03, 0.04, 0.01, 0.01, 0.01, 0.03, 0.0, 0.01, 0.01, 0.03, 0.01, 0.03, 0.03, 0.0, 0.03, 0.03, 0.01, 0.03, 0.0, 0.01, 0.0, 0.0, 0.03, 0.03, 0.03, 0.03, 0.03, 0.04, 0.04, 0.04, 0.04, 0.01, 0.01, 0.01, 0.03, 0.01, 0.03, 0.01, 0.0, 0.0, 0.04, 0.03, 0.01, 0.01, 0.04, 0.01, 0.0, 0.01, 0.01, 0.01, 0.0]",0,
87,Anti-Plurality,BTVA,150,3,"{'A': 107, 'C': 98, 'B': 95}","[1.0, 0.52, 0.43, 0.52, 0.52, 1.0, 1.0, 1.0, 0.52, 0.81, 0.43, 0.81, 1.0, 1.0, 1.0, 0.52, 0.81, 0.43, 1.0, 1.0, 0.52, 1.0, 0.52, 0.81, 0.52, 0.52, 0.52, 0.52, 0.52, 0.52, 0.52, 0.52, 0.43, 0.43, 0.81, 0.43, 0.81, 1.0, 0.52, 0.52, 0.52, 1.0, 1.0, 1.0, 1.0, 0.52, 0.81, 0.81, 1.0, 1.0, 1.0, 0.81, 0.52, 0.43, 0.52, 1.0, 0.81, 0.52, 0.43, 0.43, 1.0, 1.0, 0.81, 0.43, 0.52, 0.52, 0.52, 1.0, 1.0, 0.81, 0.52, 0.43, 1.0, 0.81, 0.81, 0.52, 1.0, 1.0, 1.0, 0.52, 1.0, 0.52, 0.52, 0.43, 1.0, 0.81, 1.0, 1.0, 0.52, 0.52, 0.52, 0.81, 0.43, 1.0, 1.0, 1.0, 1.0, 0.52, 0.52, 1.0, 1.0, 1.0, 0.81, 0.81, 0.43, 1.0, 1.0, 0.43, 1.0, 0.52, 0.52, 0.81, 0.81, 1.0, 1.0, 0.52, 0.43, 1.0, 1.0, 1.0, 0.43, 0.43, 1.0, 0.43, 0.52, 0.52, 0.81, 1.0, 0.52, 1.0, 1.0, 0.52, 0.52, 0.52, 0.52, 0.81, 0.52, 0.81, 1.0, 0.52, 0.43, 0.43, 1.0, 0.81, 0.81, 0.52, 0.81, 1.0, 0.52, 0.43]",109.0,[],"[0.01, 0.03, 0.04, 0.03, 0.03, 0.0, 0.01, 0.01, 0.03, 0.01, 0.04, 0.01, 0.01, 0.0, 0.0, 0.03, 0.01, 0.04, 0.0, 0.0, 0.03, 0.0, 0.03, 0.01, 0.03, 0.03, 0.03, 0.03, 0.03, 0.03, 0.03, 0.03, 0.04, 0.04, 0.01, 0.04, 0.01, 0.01, 0.03, 0.03, 0.03, 0.01, 0.0, 0.01, 0.0, 0.03, 0.01, 0.01, 0.0, 0.0, 0.01, 0.01, 0.03, 0.04, 0.03, 0.0, 0.01, 0.03, 0.04, 0.04, 0.01, 0.0, 0.01, 0.04, 0.03, 0.03, 0.03, 0.01, 0.0, 0.01, 0.03, 0.04, 0.01, 0.01, 0.01, 0.03, 0.0, 0.0, 0.01, 0.03, 0.0, 0.03, 0.03, 0.04, 0.0, 0.01, 0.0, 0.0, 0.03, 0.03, 0.03, 0.01, 0.04, 0.01, 0.0, 0.01, 0.01, 0.03, 0.03, 0.01, 0.0, 0.01, 0.01, 0.01, 0.04, 0.01, 0.0, 0.04, 0.0, 0.03, 0.03, 0.01, 0.01, 0.01, 0.0, 0.03, 0.04, 0.0, 0.01, 0.0, 0.04, 0.04, 0.01, 0.04, 0.03, 0.03, 0.01, 0.0, 0.03, 0.01, 0.01, 0.03, 0.03, 0.03, 0.03, 0.01, 0.03, 0.01, 0.01, 0.03, 0.04, 0.04, 0.0, 0.01, 0.01, 0.03, 0.01, 0.0, 0.03, 0.04]",0,
88,Anti-Plurality,BTVA,150,3,"{'B': 103, 'C': 99, 'A': 98}","[0.81, 0.43, 0.52, 0.52, 0.52, 0.81, 1.0, 0.43, 0.81, 0.52, 1.0, 1.0, 1.0, 1.0, 0.81, 1.0, 1.0, 0.52, 1.0, 0.52, 1.0, 0.52, 0.43, 0.52, 0.52, 0.52, 0.43, 1.0, 1.0, 0.81, 0.52, 0.52, 0.43, 1.0, 1.0, 1.0, 0.52, 0.81, 0.52, 1.0, 0.52, 0.81, 1.0, 0.52, 0.52, 0.43, 0.43, 1.0, 0.52, 0.43, 1.0, 0.52, 0.52, 0.81, 0.81, 1.0, 0.52, 0.52, 1.0, 0.81, 0.52, 1.0, 0.52, 0.43, 0.43, 0.52, 0.52, 0.52, 0.43, 1.0, 0.81, 0.43, 0.43, 0.52, 0.52, 1.0, 1.0, 0.81, 1.0, 1.0, 1.0, 1.0, 1.0, 0.52, 0.52, 1.0, 0.52, 0.81, 0.52, 0.81, 1.0, 0.43, 1.0, 0.52, 1.0, 1.0, 1.0, 0.52, 1.0, 1.0, 0.43, 1.0, 1.0, 1.0, 1.0, 0.52, 0.81, 0.52, 0.81, 1.0, 0.52, 1.0, 0.52, 0.52, 0.52, 0.52, 0.52, 1.0, 0.52, 0.52, 1.0, 1.0, 1.0, 0.52, 0.52, 1.0, 0.43, 1.0, 1.0, 0.43, 0.81, 0.52, 0.52, 0.43, 1.0, 1.0, 0.43, 0.52, 1.0, 1.0, 1.0, 0.81, 0.52, 0.52, 0.81, 1.0, 0.52, 0.52, 1.0, 0.52]",109.16000000000001,"[2, 8, 23, 27, 33, 46, 47, 50, 64, 65, 69, 72, 73, 92, 101, 127, 130, 134, 137]","[0.01, 0.04, 0.03, 0.03, 0.03, 0.01, 0.0, 0.04, 0.01, 0.03, 0.0, 0.01, 0.01, 0.01, 0.01, 0.0, 0.01, 0.03, 0.0, 0.03, 0.01, 0.03, 0.04, 0.03, 0.03, 0.03, 0.04, 0.01, 0.01, 0.01, 0.03, 0.03, 0.04, 0.0, 0.0, 0.0, 0.03, 0.01, 0.03, 0.01, 0.03, 0.01, 0.01, 0.03, 0.03, 0.04, 0.04, 0.0, 0.03, 0.04, 0.0, 0.03, 0.03, 0.01, 0.01, 0.0, 0.03, 0.03, 0.0, 0.01, 0.03, 0.0, 0.03, 0.04, 0.04, 0.03, 0.03, 0.03, 0.04, 0.0, 0.01, 0.04, 0.04, 0.03, 0.03, 0.01, 0.0, 0.01, 0.01, 0.01, 0.01, 0.01, 0.0, 0.03, 0.03, 0.01, 0.03, 0.01, 0.03, 0.01, 0.0, 0.04, 0.0, 0.03, 0.01, 0.0, 0.01, 0.03, 0.0, 0.01, 0.04, 0.01, 0.0, 0.0, 0.0, 0.03, 0.01, 0.03, 0.01, 0.0, 0.03, 0.01, 0.03, 0.03, 0.03, 0.03, 0.03, 0.0, 0.03, 0.03, 0.0, 0.0, 0.01, 0.03, 0.03, 0.0, 0.04, 0.0, 0.01, 0.04, 0.01, 0.03, 0.03, 0.04, 0.0, 0.01, 0.04, 0.03, 0.0, 0.0, 0.01, 0.01, 0.03, 0.03, 0.01, 0.0, 0.03, 0.03, 0.0, 0.03]",0.09000000000000002,
89,Anti-Plurality,BTVA,150,3,"{'A': 109, 'C': 103, 'B': 88}","[0.52, 0.52, 0.52, 1.0, 1.0, 0.52, 0.52, 0.81, 1.0, 1.0, 0.52, 0.52, 0.52, 0.52, 0.52, 1.0, 0.81, 1.0, 0.81, 1.0, 0.43, 0.81, 0.81, 0.52, 1.0, 0.81, 1.0, 0.43, 1.0, 0.81, 0.52, 1.0, 1.0, 1.0, 1.0, 0.81, 1.0, 0.52, 0.52, 0.52, 1.0, 0.81, 0.81, 1.0, 0.81, 0.52, 0.52, 0.43, 1.0, 1.0, 0.52, 0.52, 0.43, 1.0, 1.0, 0.81, 0.81, 0.52, 0.52, 0.81, 0.52, 1.0, 0.81, 1.0, 1.0, 1.0, 1.0, 0.43, 1.0, 0.52, 1.0, 1.0, 1.0, 0.81, 0.81, 1.0, 0.43, 0.81, 0.52, 0.43, 0.52, 1.0, 0.81, 0.52, 1.0, 0.52, 0.81, 1.0, 1.0, 0.43, 0.52, 0.81, 1.0, 0.81, 0.52, 0.43, 0.52, 0.52, 1.0, 1.0, 0.81, 0.52, 1.0, 0.43, 0.52, 0.43, 0.81, 0.52, 0.52, 0.43, 1.0, 0.43, 1.0, 0.52, 1.0, 1.0, 1.0, 0.81, 0.52, 0.52, 0.52, 1.0, 0.43, 1.0, 1.0, 0.81, 1.0, 0.81, 1.0, 0.52, 1.0, 0.43, 0.52, 0.52, 1.0, 1.0, 0.52, 0.81, 1.0, 1.0, 1.0, 0.81, 0.52, 0.81, 0.81, 0.52, 0.52, 0.52, 0.43, 0.43]",111.86000000000001,[],"[0.03, 0.03, 0.03, 0.0, 0.01, 0.03, 0.03, 0.01, 0.0, 0.0, 0.03, 0.03, 0.03, 0.03, 0.03, 0.01, 0.01, 0.0, 0.01, 0.01, 0.04, 0.01, 0.01, 0.03, 0.01, 0.01, 0.0, 0.04, 0.0, 0.01, 0.03, 0.01, 0.01, 0.0, 0.0, 0.01, 0.01, 0.03, 0.03, 0.03, 0.0, 0.01, 0.01, 0.0, 0.01, 0.03, 0.03, 0.04, 0.0, 0.0, 0.03, 0.03, 0.04, 0.0, 0.01, 0.01, 0.01, 0.03, 0.03, 0.01, 0.03, 0.01, 0.01, 0.01, 0.01, 0.01, 0.0, 0.04, 0.0, 0.03, 0.0, 0.0, 0.0, 0.01, 0.01, 0.0, 0.04, 0.01, 0.03, 0.04, 0.03, 0.0, 0.01, 0.03, 0.0, 0.03, 0.01, 0.01, 0.0, 0.04, 0.03, 0.01, 0.01, 0.01, 0.03, 0.04, 0.03, 0.03, 0.0, 0.01, 0.01, 0.03, 0.01, 0.04, 0.03, 0.04, 0.01, 0.03, 0.03, 0.04, 0.0, 0.04, 0.01, 0.03, 0.0, 0.0, 0.01, 0.01, 0.03, 0.03, 0.03, 0.0, 0.04, 0.01, 0.01, 0.01, 0.01, 0.01, 0.01, 0.03, 0.01, 0.04, 0.03, 0.03, 0.0, 0.0, 0.03, 0.01, 0.01, 0.0, 0.0, 0.01, 0.03, 0.01, 0.01, 0.03, 0.03, 0.03, 0.04, 0.04]",0,
90,Anti-Plurality,ATVA_1,150,3,"{'B': 106, 'C': 101, 'A': 93}","[0.52, 0.52, 0.81, 0.52, 1.0, 0.81, 1.0, 1.0, 1.0, 0.52, 0.52, 0.43, 0.81, 0.52, 0.52, 0.81, 0.52, 0.43, 1.0, 1.0, 0.52, 0.43, 1.0, 0.81, 1.0, 0.52, 0.52, 0.81, 0.52, 0.52, 0.52, 0.52, 0.52, 1.0, 0.52, 1.0, 0.52, 0.52, 0.43, 0.43, 0.81, 0.43, 1.0, 1.0, 0.52, 0.52, 0.52, 0.43, 0.52, 0.43, 0.43, 1.0, 0.43, 0.52, 1.0, 0.81, 0.43, 1.0, 0.52, 1.0, 0.52, 0.43, 1.0, 0.81, 1.0, 0.52, 1.0, 1.0, 1.0, 1.0, 1.0, 0.43, 1.0, 0.81, 0.52, 1.0, 0.81, 1.0, 1.0, 0.81, 1.0, 0.52, 0.52, 0.81, 1.0, 0.52, 0.81, 0.52, 0.81, 1.0, 0.81, 1.0, 0.43, 1.0, 1.0, 0.43, 0.52, 1.0, 0.81, 1.0, 0.81, 0.52, 1.0, 0.52, 1.0, 0.81, 0.81, 1.0, 0.52, 0.81, 1.0, 0.52, 0.81, 1.0, 1.0, 0.52, 1.0, 1.0, 0.43, 0.81, 1.0, 0.52, 1.0, 1.0, 1.0, 1.0, 0.81, 1.0, 0.52, 0.52, 0.52, 1.0, 0.81, 0.81, 0.43, 0.52, 1.0, 1.0, 0.43, 0.81, 0.43, 0.81, 1.0, 1.0, 0.52, 0.43, 0.52, 0.52, 1.0, 0.52]",110.72000000000001,[],"[0.03, 0.03, 0.01, 0.03, 0.01, 0.01, 0.0, 0.0, 0.01, 0.03, 0.03, 0.04, 0.01, 0.03, 0.03, 0.01, 0.03, 0.04, 0.01, 0.01, 0.03, 0.04, 0.0, 0.01, 0.0, 0.03, 0.03, 0.01, 0.03, 0.03, 0.03, 0.03, 0.03, 0.0, 0.03, 0.01, 0.03, 0.03, 0.04, 0.04, 0.01, 0.04, 0.0, 0.01, 0.03, 0.03, 0.03, 0.04, 0.03, 0.04, 0.04, 0.0, 0.04, 0.03, 0.01, 0.01, 0.04, 0.01, 0.03, 0.0, 0.03, 0.04, 0.0, 0.01, 0.0, 0.03, 0.0, 0.0, 0.0, 0.0, 0.01, 0.04, 0.01, 0.01, 0.03, 0.01, 0.01, 0.0, 0.0, 0.01, 0.01, 0.03, 0.03, 0.01, 0.0, 0.03, 0.01, 0.03, 0.01, 0.0, 0.01, 0.01, 0.04, 0.0, 0.01, 0.04, 0.03, 0.01, 0.01, 0.01, 0.01, 0.03, 0.0, 0.03, 0.0, 0.01, 0.01, 0.01, 0.03, 0.01, 0.01, 0.03, 0.01, 0.0, 0.0, 0.03, 0.0, 0.0, 0.04, 0.01, 0.01, 0.03, 0.0, 0.01, 0.01, 0.0, 0.01, 0.01, 0.03, 0.03, 0.03, 0.01, 0.01, 0.01, 0.04, 0.03, 0.01, 0.0, 0.04, 0.01, 0.04, 0.01, 0.0, 0.01, 0.03, 0.04, 0.03, 0.03, 0.01, 0.03]",0,
91,Anti-Plurality,ATVA_1,150,3,"{'C': 119, 'B': 95, 'A': 86}","[1.0, 1.0, 0.43, 1.0, 0.81, 1.0, 1.0, 1.0, 0.52, 0.43, 1.0, 1.0, 0.81, 0.52, 0.52, 1.0, 0.52, 0.52, 0.43, 1.0, 1.0, 1.0, 0.81, 1.0, 0.52, 1.0, 0.52, 1.0, 0.43, 0.52, 0.52, 0.52, 1.0, 0.81, 1.0, 1.0, 1.0, 1.0, 1.0, 1.0, 0.52, 0.43, 1.0, 0.52, 1.0, 1.0, 0.52, 0.81, 0.81, 1.0, 1.0, 0.81, 0.52, 1.0, 0.52, 1.0, 0.52, 0.81, 0.81, 0.43, 0.52, 1.0, 0.81, 0.81, 0.52, 0.81, 1.0, 0.52, 0.52, 1.0, 0.52, 1.0, 0.52, 1.0, 1.0, 0.52, 1.0, 0.52, 1.0, 0.81, 0.52, 0.43, 0.52, 0.52, 1.0, 1.0, 1.0, 0.81, 0.43, 1.0, 0.81, 0.52, 1.0, 0.52, 1.0, 1.0, 1.0, 1.0, 1.0, 0.52, 1.0, 1.0, 0.52, 1.0, 0.81, 0.52, 0.52, 0.81, 1.0, 0.43, 1.0, 0.81, 1.0, 0.81, 0.52, 1.0, 0.81, 1.0, 0.81, 0.52, 1.0, 0.81, 0.52, 0.52, 0.52, 0.52, 1.0, 0.81, 1.0, 1.0, 0.52, 0.81, 0.52, 1.0, 0.43, 0.52, 1.0, 1.0, 0.52, 0.81, 0.43, 0.81, 0.52, 1.0, 1.0, 0.81, 0.52, 0.43, 0.43, 0.81]",115.67000000000002,[],"[0.0, 0.0, 0.04, 0.01, 0.01, 0.01, 0.01, 0.0, 0.03, 0.04, 0.01, 0.0, 0.01, 0.03, 0.03, 0.01, 0.03, 0.03, 0.04, 0.01, 0.0, 0.0, 0.01, 0.01, 0.03, 0.0, 0.03, 0.0, 0.04, 0.03, 0.03, 0.03, 0.0, 0.01, 0.0, 0.01, 0.01, 0.0, 0.0, 0.01, 0.03, 0.04, 0.0, 0.03, 0.0, 0.01, 0.03, 0.01, 0.01, 0.0, 0.0, 0.01, 0.03, 0.01, 0.03, 0.0, 0.03, 0.01, 0.01, 0.04, 0.03, 0.01, 0.01, 0.01, 0.03, 0.01, 0.0, 0.03, 0.03, 0.01, 0.03, 0.01, 0.03, 0.01, 0.0, 0.03, 0.0, 0.03, 0.01, 0.01, 0.03, 0.04, 0.03, 0.03, 0.01, 0.0, 0.01, 0.01, 0.04, 0.0, 0.01, 0.03, 0.0, 0.03, 0.0, 0.01, 0.0, 0.0, 0.01, 0.03, 0.0, 0.01, 0.03, 0.0, 0.01, 0.03, 0.03, 0.01, 0.01, 0.04, 0.0, 0.01, 0.01, 0.01, 0.03, 0.01, 0.01, 0.0, 0.01, 0.03, 0.01, 0.01, 0.03, 0.03, 0.03, 0.03, 0.0, 0.01, 0.0, 0.01, 0.03, 0.01, 0.03, 0.0, 0.04, 0.03, 0.0, 0.0, 0.03, 0.01, 0.04, 0.01, 0.03, 0.0, 0.01, 0.01, 0.03, 0.04, 0.04, 0.01]",0,
92,Anti-Plurality,ATVA_1,150,3,"{'C': 105, 'B': 101, 'A': 94}","[0.81, 0.43, 0.52, 0.81, 1.0, 0.81, 0.81, 0.52, 0.81, 1.0, 1.0, 1.0, 0.43, 0.52, 1.0, 1.0, 1.0, 0.43, 1.0, 0.81, 1.0, 0.52, 0.52, 1.0, 1.0, 0.43, 0.52, 1.0, 0.81, 0.81, 1.0, 1.0, 1.0, 0.43, 0.52, 1.0, 0.52, 1.0, 0.52, 0.43, 1.0, 1.0, 1.0, 1.0, 0.81, 0.52, 0.52, 0.52, 0.43, 0.52, 0.43, 0.52, 1.0, 0.43, 0.52, 0.81, 1.0, 0.52, 1.0, 0.81, 0.43, 0.52, 0.52, 0.81, 0.52, 0.81, 0.52, 0.43, 0.52, 0.81, 0.52, 0.81, 1.0, 1.0, 0.52, 1.0, 0.43, 0.43, 1.0, 1.0, 0.52, 0.52, 0.81, 0.81, 0.52, 0.52, 0.81, 1.0, 1.0, 1.0, 1.0, 0.52, 1.0, 0.52, 0.43, 0.81, 0.81, 0.52, 0.43, 1.0, 0.43, 1.0, 1.0, 1.0, 0.52, 0.43, 0.52, 0.52, 1.0, 0.52, 0.52, 1.0, 0.81, 1.0, 1.0, 1.0, 1.0, 1.0, 1.0, 0.81, 0.81, 0.43, 1.0, 1.0, 0.43, 0.43, 0.52, 1.0, 0.52, 0.52, 1.0, 1.0, 0.81, 1.0, 1.0, 0.52, 0.52, 1.0, 0.52, 0.52, 0.52, 0.52, 1.0, 1.0, 0.81, 1.0, 1.0, 0.81, 0.81, 0.52]",111.87,[],"[0.01, 0.04, 0.03, 0.01, 0.0, 0.01, 0.01, 0.03, 0.01, 0.01, 0.0, 0.0, 0.04, 0.03, 0.01, 0.01, 0.01, 0.04, 0.01, 0.01, 0.01, 0.03, 0.03, 0.01, 0.0, 0.04, 0.03, 0.01, 0.01, 0.01, 0.0, 0.0, 0.01, 0.04, 0.03, 0.0, 0.03, 0.0, 0.03, 0.04, 0.01, 0.01, 0.01, 0.0, 0.01, 0.03, 0.03, 0.03, 0.04, 0.03, 0.04, 0.03, 0.01, 0.04, 0.03, 0.01, 0.0, 0.03, 0.0, 0.01, 0.04, 0.03, 0.03, 0.01, 0.03, 0.01, 0.03, 0.04, 0.03, 0.01, 0.03, 0.01, 0.0, 0.0, 0.03, 0.0, 0.04, 0.04, 0.0, 0.01, 0.03, 0.03, 0.01, 0.01, 0.03, 0.03, 0.01, 0.01, 0.01, 0.01, 0.0, 0.03, 0.0, 0.03, 0.04, 0.01, 0.01, 0.03, 0.04, 0.01, 0.04, 0.01, 0.0, 0.0, 0.03, 0.04, 0.03, 0.03, 0.0, 0.03, 0.03, 0.0, 0.01, 0.01, 0.01, 0.01, 0.01, 0.01, 0.01, 0.01, 0.01, 0.04, 0.0, 0.01, 0.04, 0.04, 0.03, 0.01, 0.03, 0.03, 0.0, 0.01, 0.01, 0.0, 0.0, 0.03, 0.03, 0.0, 0.03, 0.03, 0.03, 0.03, 0.0, 0.0, 0.01, 0.0, 0.01, 0.01, 0.01, 0.03]",0,
93,Anti-Plurality,ATVA_1,150,3,"{'B': 102, 'A': 101, 'C': 97}","[0.52, 1.0, 0.52, 0.52, 0.81, 1.0, 0.81, 1.0, 0.52, 1.0, 0.43, 0.43, 0.81, 1.0, 0.52, 0.43, 1.0, 1.0, 0.43, 1.0, 0.43, 0.52, 0.52, 0.43, 0.52, 0.81, 0.43, 1.0, 0.52, 0.43, 0.52, 0.52, 1.0, 1.0, 0.81, 0.43, 0.81, 0.81, 0.81, 0.52, 0.52, 0.52, 0.43, 0.43, 1.0, 0.52, 0.81, 1.0, 0.52, 0.52, 0.52, 0.52, 0.43, 1.0, 0.52, 1.0, 1.0, 0.52, 0.43, 0.81, 1.0, 0.43, 1.0, 1.0, 0.81, 0.81, 0.43, 0.52, 0.52, 1.0, 1.0, 0.81, 0.52, 1.0, 1.0, 0.81, 0.52, 0.52, 0.52, 1.0, 0.52, 0.52, 1.0, 1.0, 1.0, 1.0, 0.81, 0.43, 0.81, 1.0, 1.0, 0.43, 0.81, 0.81, 0.52, 0.52, 0.52, 1.0, 0.52, 0.43, 0.81, 0.43, 0.81, 1.0, 0.52, 0.52, 0.81, 0.43, 0.52, 0.52, 0.81, 0.52, 0.81, 1.0, 0.81, 0.43, 0.52, 1.0, 1.0, 1.0, 1.0, 0.43, 0.81, 0.43, 1.0, 1.0, 0.52, 1.0, 0.52, 0.52, 1.0, 1.0, 1.0, 1.0, 1.0, 0.52, 1.0, 1.0, 0.43, 0.52, 0.81, 1.0, 0.52, 1.0, 0.81, 0.81, 0.52, 1.0, 0.43, 0.43]",107.78,"[5, 7, 13, 26, 35, 37, 38, 39, 47, 60, 65, 66, 72, 76, 87, 89, 93, 94, 101, 103, 107, 111, 113, 115, 123, 141, 145, 146]","[0.03, 0.0, 0.03, 0.03, 0.01, 0.0, 0.01, 0.01, 0.03, 0.0, 0.04, 0.04, 0.01, 0.0, 0.03, 0.04, 0.01, 0.01, 0.04, 0.01, 0.04, 0.03, 0.03, 0.04, 0.03, 0.01, 0.04, 0.0, 0.03, 0.04, 0.03, 0.03, 0.01, 0.01, 0.01, 0.04, 0.01, 0.01, 0.01, 0.03, 0.03, 0.03, 0.04, 0.04, 0.0, 0.03, 0.01, 0.01, 0.03, 0.03, 0.03, 0.03, 0.04, 0.01, 0.03, 0.01, 0.0, 0.03, 0.04, 0.01, 0.01, 0.04, 0.0, 0.01, 0.01, 0.01, 0.04, 0.03, 0.03, 0.0, 0.01, 0.01, 0.03, 0.01, 0.0, 0.01, 0.03, 0.03, 0.03, 0.01, 0.03, 0.03, 0.0, 0.01, 0.0, 0.0, 0.01, 0.04, 0.01, 0.01, 0.0, 0.04, 0.01, 0.01, 0.03, 0.03, 0.03, 0.0, 0.03, 0.04, 0.01, 0.04, 0.01, 0.0, 0.03, 0.03, 0.01, 0.04, 0.03, 0.03, 0.01, 0.03, 0.01, 0.0, 0.01, 0.04, 0.03, 0.0, 0.01, 0.0, 0.0, 0.04, 0.01, 0.04, 0.01, 0.0, 0.03, 0.0, 0.03, 0.03, 0.0, 0.01, 0.01, 0.0, 0.01, 0.03, 0.0, 0.01, 0.04, 0.03, 0.01, 0.01, 0.03, 0.01, 0.01, 0.01, 0.03, 0.01, 0.04, 0.04]",0.18999999999999995,"[(13, 88), (35, 88), (47, 53), (26, 30), (66, 103), (13, 97), (7, 26), (35, 97), (26, 39), (47, 62), (13, 106), (7, 35), (35, 106), (65, 107), (5, 65), (35, 115), (65, 116), (76, 107), (76, 116), (107, 122), (47, 89), (38, 117), (5, 92), (26, 124), (5, 101), (7, 129), (101, 145), (113, 147), (39, 81), (7, 147), (141, 147), (39, 108), (103, 111), (39, 117), (13, 65), (35, 65), (60, 149), (103, 129), (87, 112), (66, 89), (72, 123), (7, 12), (13, 92), (7, 21), (35, 92), (72, 141), (87, 130), (13, 101), (7, 30), (35, 101), (47, 66), (5, 60), (65, 102), (37, 129), (65, 111), (72, 150), (76, 102), (76, 111), (107, 117), (38, 103), (37, 147), (38, 112), (65, 129), (5, 87), (76, 129), (113, 124), (5, 96), (7, 115), (38, 130), (7, 124), (38, 139), (26, 146), (101, 149), (39, 76), (39, 94), (39, 103), (103, 106), (39, 112), (103, 115), (13, 60), (35, 60), (94, 146), (103, 124), (87, 107), (87, 116), (72, 127), (13, 87), (7, 16), (35, 87), (47, 52), (65, 88), (35, 96), (37, 115), (65, 97), (72, 145), (76, 88), (76, 97), (37, 124), (38, 89), (65, 106), (76, 106), (107, 112), (65, 115), (76, 115), (5, 73), (65, 124), (38, 107), (76, 124), (5, 82), (38, 116), (26, 123), (39, 62), (26, 141), (113, 146), (7, 146), (39, 89), (94, 123), (60, 130), (72, 95), (87, 93), (60, 139), (94, 141), (72, 146), (87, 102), (94, 150), (72, 113), (13, 73), (35, 73), (72, 122), (87, 111), (13, 82), (7, 11), (35, 82), (5, 41), (87, 129), (65, 92), (76, 92), (47, 65), (65, 101), (76, 101), (5, 59), (38, 93), (26, 100), (38, 102), (7, 96), (37, 146), (38, 111), (89, 147), (113, 123), (47, 150), (26, 127), (101, 130), (7, 123), (101, 139), (39, 66), (113, 141), (94, 100), (60, 107), (146, 147), (13, 32), (60, 116), (13, 41), (35, 41), (94, 127), (87, 88), (13, 59), (35, 59), (72, 108), (87, 97), (87, 106), (72, 117), (5, 27), (87, 115), (37, 96), (93, 149), (5, 36), (65, 87), (76, 87), (65, 96), (66, 150), (76, 96), (37, 123), (38, 88), (26, 95), (38, 97), (38, 106), (101, 107), (7, 100), (26, 113), (101, 116), (39, 43), (47, 145), (26, 122), (113, 127), (39, 52), (7, 127), (94, 95), (60, 102), (13, 27), (60, 111), (72, 76), (94, 113), (115, 145), (13, 36), (35, 36), (94, 122), (123, 149), (60, 129), (72, 94), (87, 92), (72, 103), (87, 101), (37, 82), (72, 112), (5, 22), (65, 73), (5, 31), (37, 100), (38, 65), (65, 82), (5, 40), (76, 82), (66, 145), (26, 72), (76, 100), (26, 81), (38, 92), (38, 101), (101, 102), (7, 95), (26, 108), (89, 146), (101, 111), (113, 122), (39, 47), (7, 113), (47, 149), (101, 129), (60, 88), (39, 65), (60, 97), (13, 22), (60, 106), (94, 108), (13, 31), (60, 115), (94, 117), (115, 149), (13, 40), (35, 40), (60, 124), (72, 89), (87, 96), (93, 130), (72, 107), (93, 139), (5, 26), (37, 95), (38, 60), (5, 35), (26, 67), (5, 44), (37, 113), (26, 76), (66, 149), (7, 72), (38, 87), (89, 123), (7, 81), (26, 94), (26, 103), (89, 141), (101, 106), (89, 150), (101, 115), (113, 117), (111, 147), (101, 124), (5, 147), (39, 60), (60, 92), (123, 130), (60, 101), (94, 103), (123, 139), (13, 26), (146, 150), (13, 35), (13, 44), (35, 44), (39, 145), (72, 93), (93, 116), (37, 72), (5, 12), (37, 81), (66, 117), (5, 21), (65, 72), (26, 53), (5, 30), (26, 62), (89, 100), (5, 39), (13, 129), (35, 129), (38, 73), (7, 67), (38, 82), (13, 147), (7, 76), (35, 147), (26, 89), (47, 112), (89, 127), (7, 94), (47, 130), (5, 124), (47, 139), (60, 87), (60, 96), (115, 130), (13, 21), (115, 139), (13, 30), (93, 102), (93, 111), (145, 149), (37, 67), (39, 149), (5, 7), (93, 129), (37, 76), (38, 41), (66, 112), (5, 16), (65, 67), (13, 115), (7, 44), (37, 94), (38, 59), (66, 130), (13, 124), (7, 53), (35, 124), (26, 66), (66, 139), (89, 95), (7, 62), (89, 113), (107, 149), (47, 107), (89, 122), (47, 116), (39, 41), (111, 146), (60, 73), (60, 82), (5, 146), (115, 116), (123, 129), (13, 16), (93, 97), (37, 44), (93, 106), (37, 53), (93, 115), (37, 62), (103, 147), (93, 124), (66, 107), (5, 11), (66, 116), (26, 43), (7, 39), (26, 52), (47, 93), (89, 108), (7, 66), (47, 102), (89, 117), (13, 146), (35, 146), (47, 111), (65, 147), (76, 147), (111, 123), (47, 129), (5, 123), (111, 141), (111, 150), (5, 141), (123, 124), (115, 129), (37, 39), (93, 101), (39, 130), (66, 93), (39, 139), (37, 66), (26, 29), (66, 102), (13, 96), (66, 111), (26, 38), (38, 40), (26, 47), (7, 43), (66, 129), (89, 94), (107, 130), (13, 123), (7, 52), (35, 123), (26, 65), (47, 88), (89, 103), (47, 97), (107, 139), (35, 141), (47, 106), (5, 100), (47, 115), (111, 127), (26, 150), (5, 127), (60, 72), (141, 146), (39, 107), (115, 124), (39, 116), (93, 96), (37, 43), (37, 52), (66, 88), (66, 97), (103, 146), (66, 106), (13, 100), (7, 29), (35, 100), (66, 115), (72, 149), (87, 147), (7, 38), (107, 116), (7, 47), (13, 127), (35, 127), (47, 92), (47, 101), (5, 95), (65, 146), (38, 129), (76, 146), (111, 113), (111, 122), (5, 113), (26, 145), (38, 147), (5, 122), (7, 141), (113, 150), (60, 67), (7, 150), (141, 150), (39, 93), (39, 102), (39, 111), (94, 145), (37, 38), (107, 108), (103, 123), (93, 100), (37, 47), (39, 129), (66, 92), (103, 141), (87, 124), (66, 101), (103, 150), (13, 95), (7, 24), (35, 95), (26, 37), (47, 60), (107, 111), (13, 113), (35, 113), (107, 129), (5, 72), (35, 122), (37, 141), (47, 87), (65, 123), (5, 81), (76, 123), (37, 150), (38, 115), (47, 96), (65, 141), (38, 124), (76, 141), (65, 150), (76, 150), (111, 117), (5, 108), (113, 145), (26, 149), (7, 145), (141, 145), (39, 88), (39, 97), (39, 106), (39, 115), (60, 147), (94, 149), (39, 124), (103, 127), (13, 72), (35, 72), (66, 87), (13, 81), (35, 81), (66, 96), (72, 130), (103, 145), (7, 19), (72, 139), (26, 32), (65, 100), (107, 115), (13, 108), (7, 37), (35, 108), (37, 127), (5, 67), (47, 73), (47, 82), (87, 146), (107, 124), (5, 76), (37, 145), (65, 127), (76, 127), (26, 117), (5, 94), (76, 145), (111, 112), (5, 103), (7, 122), (38, 146), (101, 147), (113, 149), (7, 149), (39, 92), (39, 101), (103, 113), (66, 73), (103, 122), (13, 67), (35, 67), (66, 82), (72, 116), (13, 76), (35, 76), (87, 123), (13, 94), (35, 94), (47, 59), (65, 95), (5, 53), (35, 103), (37, 122), (76, 95), (87, 141), (5, 62), (65, 113), (38, 96), (76, 113), (65, 122), (76, 122), (87, 139), (37, 149), (26, 112), (5, 89), (7, 108), (38, 123), (7, 117), (26, 130), (26, 139), (94, 112), (39, 87), (39, 96), (94, 130), (103, 108), (13, 53), (35, 53), (72, 102), (94, 139), (103, 117), (13, 62), (35, 62), (60, 146), (72, 111), (87, 100), (7, 9), (65, 81), (72, 129), (76, 81), (13, 89), (35, 89), (37, 108), (87, 127), (37, 117), (47, 72), (65, 108), (76, 108), (5, 66), (65, 117), (38, 100), (76, 117), (26, 107), (89, 145), (7, 103), (26, 116), (7, 112), (38, 127), (113, 130), (113, 139), (7, 130), (101, 146), (39, 73), (7, 139), (94, 107), (39, 82), (94, 116), (13, 39), (35, 39), (60, 123), (72, 88), (72, 97), (103, 112), (87, 95), (60, 141), (72, 106), (13, 66), (35, 66), (60, 150), (72, 115), (87, 113), (65, 76), (72, 124), (93, 147), (87, 122), (37, 103), (5, 43), (37, 112), (65, 94), (76, 94), (5, 52), (65, 103), (76, 103), (37, 130), (26, 93), (38, 95), (65, 112), (7, 89), (37, 139), (26, 102), (76, 112), (26, 111), (38, 113), (89, 149), (7, 107), (113, 116), (101, 123), (7, 116), (26, 129), (39, 59), (101, 141), (60, 100), (94, 102), (101, 150), (94, 111), (123, 147), (146, 149), (35, 43), (13, 43), (60, 127), (72, 92), (94, 129), (13, 52), (35, 52), (72, 101), (103, 107), (87, 108), (37, 89), (5, 29), (5, 38), (37, 107), (38, 72), (65, 89), (5, 47), (76, 89), (37, 116), (38, 81), (26, 88), (26, 97), (7, 93), (26, 106), (38, 108), (7, 102), (26, 115), (7, 111), (47, 147), (101, 127), (113, 129), (5, 150), (60, 95), (94, 97), (39, 72), (94, 106), (13, 29), (60, 113), (94, 115), (115, 147), (35, 38), (13, 38), (60, 122), (72, 87), (94, 124), (13, 47), (35, 47), (72, 96), (107, 113), (87, 94), (87, 103), (65, 66), (5, 24), (93, 146), (37, 93), (37, 102), (38, 67), (37, 111), (38, 76), (65, 93), (13, 141), (66, 147), (76, 93), (89, 112), (13, 150), (35, 150), (26, 92), (38, 94), (89, 130), (7, 88), (47, 124), (26, 101), (89, 139), (7, 97), (101, 113), (39, 40), (7, 106), (111, 145), (113, 115), (101, 122), (60, 81), (5, 145), (39, 67), (94, 101), (13, 24), (60, 108), (72, 73), (123, 146), (60, 117), (72, 82), (87, 89), (93, 123), (72, 100), (38, 44), (5, 19), (93, 141), (37, 88), (38, 53), (66, 124), (93, 150), (37, 97), (26, 60), (38, 62), (5, 37), (37, 106), (89, 107), (7, 65), (89, 116), (13, 145), (35, 145), (26, 87), (26, 96), (7, 92), (101, 108), (7, 101), (101, 117), (39, 44), (47, 146), (111, 149), (60, 76), (39, 53), (5, 149), (60, 94), (94, 96), (13, 19), (60, 103), (123, 141), (60, 112), (123, 150), (115, 146), (13, 37), (35, 37), (145, 147), (37, 65), (39, 147), (93, 127), (38, 39), (93, 145), (37, 92), (89, 93), (5, 32), (13, 122), (37, 101), (38, 66), (89, 102), (7, 60), (66, 146), (26, 73), (89, 111), (107, 147), (26, 82), (13, 149), (35, 149), (89, 129), (7, 87), (47, 123), (5, 117), (101, 103), (60, 62), (101, 112), (47, 141), (60, 89), (123, 127), (115, 123), (93, 95), (123, 145), (115, 141), (72, 81), (115, 150), (93, 113), (37, 60), (93, 122), (5, 9), (26, 41), (38, 43), (37, 87), (38, 52), (66, 123), (13, 117), (35, 117), (26, 59), (89, 97), (66, 141), (89, 106), (47, 100), (89, 115), (7, 73), (65, 145), (89, 124), (7, 82), (5, 112), (47, 127), (111, 130), (111, 139), (60, 66), (5, 130), (141, 149), (5, 139), (60, 93), (115, 127), (93, 108), (145, 146), (93, 117), (66, 100), (26, 27), (39, 146), (103, 149), (37, 73), (26, 36), (5, 13), (7, 32), (13, 103), (38, 47), (13, 112), (7, 41), (35, 112), (66, 127), (87, 150), (89, 92), (89, 101), (13, 130), (7, 59), (35, 130), (47, 95), (107, 146), (13, 139), (35, 139), (47, 113), (65, 149), (76, 149), (5, 107), (111, 116), (47, 122), (38, 141), (5, 116), (38, 150), (115, 122), (93, 94), (37, 41), (39, 123), (93, 103), (93, 112), (37, 59), (39, 141), (66, 95), (145, 150), (26, 31), (39, 150), (7, 27), (66, 113), (26, 40), (72, 147), (13, 107), (7, 36), (35, 107), (66, 122), (87, 145), (13, 116), (35, 116), (47, 81), (89, 96), (107, 123), (107, 141), (107, 150), (5, 93), (47, 108), (5, 102), (47, 117), (5, 111), (38, 145), (111, 129), (60, 65), (5, 129), (39, 100), (115, 117), (66, 72), (66, 81), (39, 127), (103, 130), (93, 107), (103, 139), (7, 13), (35, 93), (13, 93), (7, 22), (26, 35), (66, 108), (13, 102), (7, 31), (35, 102), (26, 44), (47, 67), (13, 111), (7, 40), (35, 111), (47, 76), (87, 149), (107, 127), (47, 94), (65, 130), (76, 130), (5, 88), (107, 145), (47, 103), (38, 122), (65, 139), (5, 97), (76, 139), (111, 115), (5, 106), (111, 124), (5, 115), (26, 147), (38, 149), (39, 95), (66, 67), (39, 113), (103, 116), (60, 145), (37, 40), (39, 122), (66, 76), (94, 147), (87, 117), (66, 94)]"
94,Anti-Plurality,ATVA_1,150,3,"{'C': 104, 'A': 101, 'B': 95}","[1.0, 0.52, 0.43, 1.0, 1.0, 0.52, 0.52, 1.0, 0.52, 1.0, 0.52, 1.0, 1.0, 0.52, 1.0, 1.0, 0.52, 1.0, 0.52, 1.0, 0.43, 0.43, 0.81, 0.52, 0.52, 0.43, 0.52, 0.52, 0.52, 1.0, 1.0, 0.52, 0.81, 0.43, 1.0, 1.0, 0.43, 0.81, 0.81, 1.0, 0.52, 0.52, 1.0, 0.81, 0.43, 0.43, 0.81, 1.0, 0.81, 0.52, 1.0, 0.43, 0.81, 1.0, 0.43, 0.43, 1.0, 1.0, 0.81, 0.52, 0.43, 1.0, 0.81, 1.0, 0.43, 0.43, 1.0, 0.81, 0.81, 0.81, 0.43, 1.0, 1.0, 0.52, 0.52, 1.0, 0.52, 0.52, 1.0, 0.52, 0.43, 0.52, 0.43, 0.81, 1.0, 1.0, 1.0, 1.0, 1.0, 0.52, 0.52, 0.81, 0.81, 0.43, 0.81, 0.43, 1.0, 0.81, 1.0, 0.52, 1.0, 0.52, 0.81, 1.0, 1.0, 0.43, 0.52, 0.52, 0.81, 1.0, 1.0, 1.0, 1.0, 0.81, 1.0, 1.0, 1.0, 0.52, 1.0, 1.0, 1.0, 0.43, 1.0, 1.0, 1.0, 0.52, 0.81, 1.0, 0.52, 0.52, 0.43, 0.52, 0.81, 0.52, 1.0, 0.43, 0.52, 0.81, 1.0, 0.81, 0.52, 0.52, 0.52, 1.0, 0.52, 0.52, 1.0, 1.0, 1.0, 0.43]",111.41,[],"[0.01, 0.03, 0.04, 0.0, 0.0, 0.03, 0.03, 0.0, 0.03, 0.01, 0.03, 0.01, 0.0, 0.03, 0.0, 0.01, 0.03, 0.01, 0.03, 0.0, 0.04, 0.04, 0.01, 0.03, 0.03, 0.04, 0.03, 0.03, 0.03, 0.01, 0.01, 0.03, 0.01, 0.04, 0.0, 0.01, 0.04, 0.01, 0.01, 0.01, 0.03, 0.03, 0.01, 0.01, 0.04, 0.04, 0.01, 0.0, 0.01, 0.03, 0.01, 0.04, 0.01, 0.01, 0.04, 0.04, 0.01, 0.0, 0.01, 0.03, 0.04, 0.0, 0.01, 0.0, 0.04, 0.04, 0.0, 0.01, 0.01, 0.01, 0.04, 0.01, 0.0, 0.03, 0.03, 0.01, 0.03, 0.03, 0.0, 0.03, 0.04, 0.03, 0.04, 0.01, 0.0, 0.0, 0.01, 0.0, 0.0, 0.03, 0.03, 0.01, 0.01, 0.04, 0.01, 0.04, 0.01, 0.01, 0.01, 0.03, 0.0, 0.03, 0.01, 0.0, 0.0, 0.04, 0.03, 0.03, 0.01, 0.01, 0.0, 0.01, 0.01, 0.01, 0.01, 0.0, 0.0, 0.03, 0.0, 0.0, 0.01, 0.04, 0.01, 0.0, 0.01, 0.03, 0.01, 0.01, 0.03, 0.03, 0.04, 0.03, 0.01, 0.03, 0.0, 0.04, 0.03, 0.01, 0.01, 0.01, 0.03, 0.03, 0.03, 0.01, 0.03, 0.03, 0.01, 0.0, 0.0, 0.04]",0,
95,Anti-Plurality,ATVA_1,150,3,"{'C': 102, 'B': 100, 'A': 98}","[0.43, 0.52, 1.0, 1.0, 0.81, 0.43, 0.52, 0.52, 0.43, 0.81, 0.52, 0.43, 0.52, 1.0, 1.0, 0.52, 0.52, 0.81, 0.52, 0.52, 0.52, 1.0, 0.52, 0.52, 0.52, 1.0, 1.0, 1.0, 0.81, 0.52, 0.52, 0.81, 0.43, 1.0, 1.0, 1.0, 1.0, 0.43, 1.0, 0.52, 1.0, 0.43, 0.52, 1.0, 0.81, 0.81, 1.0, 1.0, 0.43, 0.43, 0.81, 0.52, 1.0, 0.43, 0.43, 0.43, 1.0, 1.0, 1.0, 1.0, 1.0, 1.0, 0.81, 0.81, 0.43, 1.0, 0.81, 0.52, 0.81, 1.0, 0.52, 0.52, 0.52, 0.43, 1.0, 1.0, 0.81, 0.52, 0.52, 0.43, 1.0, 1.0, 1.0, 0.43, 0.52, 1.0, 0.81, 0.81, 0.43, 0.52, 0.81, 0.52, 0.52, 0.52, 1.0, 1.0, 1.0, 1.0, 0.81, 0.81, 0.52, 0.52, 0.43, 0.52, 0.52, 0.81, 0.52, 0.43, 0.52, 1.0, 1.0, 0.81, 0.52, 0.52, 0.52, 0.43, 1.0, 0.52, 1.0, 0.52, 0.43, 0.52, 0.52, 1.0, 1.0, 0.52, 0.81, 0.81, 0.43, 0.52, 0.52, 0.43, 0.52, 0.52, 0.52, 0.52, 1.0, 1.0, 1.0, 1.0, 0.52, 0.81, 0.43, 0.52, 0.52, 1.0, 0.43, 0.81, 0.52, 0.81]",105.56000000000002,[],"[0.04, 0.03, 0.0, 0.01, 0.01, 0.04, 0.03, 0.03, 0.04, 0.01, 0.03, 0.04, 0.03, 0.0, 0.0, 0.03, 0.03, 0.01, 0.03, 0.03, 0.03, 0.01, 0.03, 0.03, 0.03, 0.0, 0.01, 0.0, 0.01, 0.03, 0.03, 0.01, 0.04, 0.01, 0.01, 0.01, 0.0, 0.04, 0.0, 0.03, 0.01, 0.04, 0.03, 0.0, 0.01, 0.01, 0.0, 0.01, 0.04, 0.04, 0.01, 0.03, 0.0, 0.04, 0.04, 0.04, 0.0, 0.0, 0.0, 0.0, 0.0, 0.01, 0.01, 0.01, 0.04, 0.0, 0.01, 0.03, 0.01, 0.01, 0.03, 0.03, 0.03, 0.04, 0.0, 0.0, 0.01, 0.03, 0.03, 0.04, 0.0, 0.0, 0.0, 0.04, 0.03, 0.01, 0.01, 0.01, 0.04, 0.03, 0.01, 0.03, 0.03, 0.03, 0.0, 0.01, 0.01, 0.01, 0.01, 0.01, 0.03, 0.03, 0.04, 0.03, 0.03, 0.01, 0.03, 0.04, 0.03, 0.0, 0.01, 0.01, 0.03, 0.03, 0.03, 0.04, 0.01, 0.03, 0.01, 0.03, 0.04, 0.03, 0.03, 0.0, 0.01, 0.03, 0.01, 0.01, 0.04, 0.03, 0.03, 0.04, 0.03, 0.03, 0.03, 0.03, 0.01, 0.0, 0.01, 0.0, 0.03, 0.01, 0.04, 0.03, 0.03, 0.0, 0.04, 0.01, 0.03, 0.01]",0,
96,Anti-Plurality,ATVA_1,150,3,"{'A': 102, 'B': 100, 'C': 98}","[0.52, 0.52, 0.81, 1.0, 1.0, 0.43, 0.43, 0.52, 0.52, 0.52, 0.52, 0.52, 0.52, 1.0, 1.0, 0.81, 0.81, 0.52, 0.81, 0.81, 1.0, 0.81, 1.0, 0.52, 1.0, 0.52, 0.52, 1.0, 0.52, 0.81, 0.52, 0.52, 0.43, 1.0, 0.81, 0.52, 0.52, 1.0, 0.52, 1.0, 0.52, 0.52, 0.43, 0.43, 0.52, 1.0, 1.0, 0.52, 1.0, 0.52, 0.43, 0.43, 0.52, 0.52, 0.43, 0.52, 0.81, 0.52, 0.43, 0.43, 1.0, 0.43, 1.0, 1.0, 1.0, 1.0, 0.81, 1.0, 0.81, 0.52, 0.52, 0.81, 1.0, 0.52, 0.81, 0.52, 1.0, 1.0, 0.52, 0.52, 1.0, 0.81, 0.43, 0.52, 0.81, 1.0, 1.0, 1.0, 1.0, 1.0, 1.0, 1.0, 0.81, 0.81, 0.43, 1.0, 0.43, 0.52, 0.52, 0.52, 1.0, 0.43, 0.52, 0.43, 0.81, 0.43, 1.0, 1.0, 0.52, 1.0, 1.0, 1.0, 1.0, 1.0, 0.81, 1.0, 0.52, 1.0, 0.81, 0.81, 1.0, 1.0, 0.52, 0.81, 0.52, 1.0, 0.43, 1.0, 0.52, 0.52, 0.81, 1.0, 1.0, 0.52, 1.0, 0.52, 0.43, 0.43, 0.52, 0.43, 1.0, 0.52, 0.43, 0.52, 1.0, 0.43, 1.0, 1.0, 0.43, 1.0]",108.43,[],"[0.03, 0.03, 0.01, 0.01, 0.0, 0.04, 0.04, 0.03, 0.03, 0.03, 0.03, 0.03, 0.03, 0.0, 0.01, 0.01, 0.01, 0.03, 0.01, 0.01, 0.0, 0.01, 0.0, 0.03, 0.0, 0.03, 0.03, 0.01, 0.03, 0.01, 0.03, 0.03, 0.04, 0.0, 0.01, 0.03, 0.03, 0.01, 0.03, 0.01, 0.03, 0.03, 0.04, 0.04, 0.03, 0.0, 0.0, 0.03, 0.01, 0.03, 0.04, 0.04, 0.03, 0.03, 0.04, 0.03, 0.01, 0.03, 0.04, 0.04, 0.0, 0.04, 0.01, 0.0, 0.01, 0.0, 0.01, 0.0, 0.01, 0.03, 0.03, 0.01, 0.0, 0.03, 0.01, 0.03, 0.01, 0.0, 0.03, 0.03, 0.01, 0.01, 0.04, 0.03, 0.01, 0.01, 0.01, 0.0, 0.0, 0.0, 0.0, 0.0, 0.01, 0.01, 0.04, 0.0, 0.04, 0.03, 0.03, 0.03, 0.0, 0.04, 0.03, 0.04, 0.01, 0.04, 0.01, 0.01, 0.03, 0.01, 0.01, 0.01, 0.01, 0.0, 0.01, 0.0, 0.03, 0.0, 0.01, 0.01, 0.0, 0.01, 0.03, 0.01, 0.03, 0.0, 0.04, 0.01, 0.03, 0.03, 0.01, 0.01, 0.0, 0.03, 0.0, 0.03, 0.04, 0.04, 0.03, 0.04, 0.0, 0.03, 0.04, 0.03, 0.01, 0.04, 0.01, 0.01, 0.04, 0.01]",0,
97,Anti-Plurality,ATVA_1,150,3,"{'A': 107, 'B': 98, 'C': 95}","[0.52, 1.0, 0.52, 0.81, 1.0, 0.81, 0.52, 0.43, 1.0, 0.81, 1.0, 1.0, 0.52, 1.0, 1.0, 1.0, 1.0, 0.52, 1.0, 0.43, 0.52, 0.81, 0.81, 0.52, 0.52, 0.81, 1.0, 0.43, 0.52, 0.43, 0.52, 0.52, 1.0, 1.0, 0.52, 0.52, 0.81, 0.43, 1.0, 0.81, 1.0, 0.52, 0.81, 1.0, 0.52, 0.52, 0.52, 0.81, 0.52, 0.43, 0.81, 1.0, 0.81, 0.52, 0.43, 1.0, 0.52, 0.43, 0.81, 1.0, 0.43, 1.0, 1.0, 0.43, 0.43, 1.0, 0.52, 0.81, 1.0, 0.52, 0.52, 0.43, 0.81, 1.0, 0.81, 0.52, 0.52, 0.52, 0.52, 0.43, 0.43, 0.52, 0.52, 1.0, 1.0, 1.0, 0.81, 0.43, 1.0, 1.0, 0.81, 0.52, 1.0, 0.43, 1.0, 0.43, 0.43, 0.43, 1.0, 0.43, 1.0, 1.0, 1.0, 1.0, 1.0, 1.0, 0.52, 1.0, 1.0, 0.81, 0.81, 1.0, 1.0, 1.0, 0.52, 1.0, 0.43, 0.43, 0.43, 0.43, 1.0, 1.0, 0.81, 0.52, 1.0, 0.81, 1.0, 0.52, 1.0, 1.0, 1.0, 0.81, 1.0, 0.81, 0.43, 0.43, 1.0, 0.43, 0.81, 0.81, 1.0, 0.81, 0.52, 1.0, 1.0, 1.0, 1.0, 0.52, 0.81, 0.52]",111.53,[],"[0.03, 0.01, 0.03, 0.01, 0.0, 0.01, 0.03, 0.04, 0.0, 0.01, 0.01, 0.01, 0.03, 0.01, 0.01, 0.0, 0.01, 0.03, 0.0, 0.04, 0.03, 0.01, 0.01, 0.03, 0.03, 0.01, 0.01, 0.04, 0.03, 0.04, 0.03, 0.03, 0.0, 0.01, 0.03, 0.03, 0.01, 0.04, 0.01, 0.01, 0.01, 0.03, 0.01, 0.0, 0.03, 0.03, 0.03, 0.01, 0.03, 0.04, 0.01, 0.0, 0.01, 0.03, 0.04, 0.0, 0.03, 0.04, 0.01, 0.01, 0.04, 0.0, 0.0, 0.04, 0.04, 0.0, 0.03, 0.01, 0.0, 0.03, 0.03, 0.04, 0.01, 0.0, 0.01, 0.03, 0.03, 0.03, 0.03, 0.04, 0.04, 0.03, 0.03, 0.0, 0.01, 0.01, 0.01, 0.04, 0.0, 0.0, 0.01, 0.03, 0.0, 0.04, 0.01, 0.04, 0.04, 0.04, 0.01, 0.04, 0.0, 0.01, 0.01, 0.01, 0.0, 0.01, 0.03, 0.01, 0.0, 0.01, 0.01, 0.0, 0.0, 0.01, 0.03, 0.0, 0.04, 0.04, 0.04, 0.04, 0.01, 0.01, 0.01, 0.03, 0.01, 0.01, 0.0, 0.03, 0.01, 0.01, 0.0, 0.01, 0.0, 0.01, 0.04, 0.04, 0.01, 0.04, 0.01, 0.01, 0.01, 0.01, 0.03, 0.01, 0.01, 0.0, 0.01, 0.03, 0.01, 0.03]",0,
98,Anti-Plurality,ATVA_1,150,3,"{'B': 104, 'A': 99, 'C': 97}","[1.0, 0.52, 1.0, 0.81, 0.52, 1.0, 0.52, 0.52, 0.81, 0.52, 1.0, 0.52, 1.0, 0.52, 1.0, 1.0, 0.52, 0.81, 0.43, 1.0, 0.52, 0.81, 1.0, 1.0, 1.0, 0.52, 0.52, 0.43, 1.0, 1.0, 0.52, 1.0, 1.0, 0.52, 0.52, 0.81, 0.81, 1.0, 0.81, 0.81, 1.0, 0.81, 0.81, 1.0, 0.52, 0.52, 1.0, 0.43, 0.81, 0.52, 0.52, 0.43, 0.43, 0.43, 1.0, 0.52, 0.81, 0.52, 0.52, 0.52, 0.52, 1.0, 1.0, 0.52, 1.0, 0.52, 0.81, 0.52, 1.0, 0.52, 0.81, 0.52, 0.52, 0.43, 1.0, 0.81, 0.81, 1.0, 1.0, 0.43, 0.81, 1.0, 0.81, 0.52, 0.43, 0.43, 0.52, 0.43, 1.0, 0.52, 1.0, 0.43, 0.81, 0.81, 0.43, 0.81, 0.52, 1.0, 0.52, 0.52, 1.0, 0.52, 1.0, 0.81, 0.52, 0.52, 1.0, 0.52, 0.52, 1.0, 1.0, 1.0, 0.52, 0.52, 0.43, 1.0, 0.52, 0.43, 0.43, 0.52, 0.43, 0.43, 0.52, 0.81, 1.0, 0.52, 0.52, 0.52, 1.0, 0.52, 1.0, 1.0, 0.52, 0.52, 0.81, 1.0, 1.0, 0.52, 1.0, 0.81, 0.52, 0.52, 1.0, 1.0, 1.0, 0.81, 0.52, 1.0, 0.52, 1.0]",107.92000000000002,[],"[0.01, 0.03, 0.0, 0.01, 0.03, 0.01, 0.03, 0.03, 0.01, 0.03, 0.0, 0.03, 0.01, 0.03, 0.0, 0.0, 0.03, 0.01, 0.04, 0.0, 0.03, 0.01, 0.0, 0.01, 0.01, 0.03, 0.03, 0.04, 0.01, 0.0, 0.03, 0.01, 0.01, 0.03, 0.03, 0.01, 0.01, 0.0, 0.01, 0.01, 0.0, 0.01, 0.01, 0.01, 0.03, 0.03, 0.0, 0.04, 0.01, 0.03, 0.03, 0.04, 0.04, 0.04, 0.01, 0.03, 0.01, 0.03, 0.03, 0.03, 0.03, 0.0, 0.01, 0.03, 0.0, 0.03, 0.01, 0.03, 0.01, 0.03, 0.01, 0.03, 0.03, 0.04, 0.0, 0.01, 0.01, 0.0, 0.0, 0.04, 0.01, 0.01, 0.01, 0.03, 0.04, 0.04, 0.03, 0.04, 0.0, 0.03, 0.01, 0.04, 0.01, 0.01, 0.04, 0.01, 0.03, 0.0, 0.03, 0.03, 0.0, 0.03, 0.01, 0.01, 0.03, 0.03, 0.01, 0.03, 0.03, 0.0, 0.0, 0.0, 0.03, 0.03, 0.04, 0.01, 0.03, 0.04, 0.04, 0.03, 0.04, 0.04, 0.03, 0.01, 0.0, 0.03, 0.03, 0.03, 0.0, 0.03, 0.01, 0.0, 0.03, 0.03, 0.01, 0.01, 0.0, 0.03, 0.0, 0.01, 0.03, 0.03, 0.01, 0.01, 0.01, 0.01, 0.03, 0.0, 0.03, 0.01]",0,
99,Anti-Plurality,ATVA_1,150,3,"{'B': 106, 'A': 102, 'C': 92}","[0.81, 1.0, 0.81, 0.81, 0.52, 1.0, 1.0, 0.81, 0.52, 0.52, 0.52, 0.81, 0.81, 1.0, 0.52, 0.81, 0.52, 0.52, 1.0, 1.0, 0.52, 1.0, 1.0, 1.0, 1.0, 0.52, 0.52, 1.0, 0.52, 1.0, 0.52, 1.0, 1.0, 0.52, 0.52, 0.81, 1.0, 0.81, 0.52, 0.81, 0.52, 0.52, 0.43, 0.43, 0.81, 1.0, 0.52, 1.0, 1.0, 1.0, 0.81, 0.43, 0.52, 0.52, 0.43, 0.52, 1.0, 0.52, 0.81, 0.52, 0.81, 0.43, 0.52, 0.52, 1.0, 0.81, 0.52, 0.43, 0.52, 0.52, 0.52, 0.43, 0.43, 0.43, 0.52, 1.0, 0.52, 0.52, 1.0, 0.52, 1.0, 1.0, 0.52, 1.0, 1.0, 0.52, 0.52, 1.0, 1.0, 1.0, 0.43, 0.52, 0.43, 1.0, 1.0, 0.81, 0.43, 0.81, 1.0, 1.0, 0.43, 0.81, 1.0, 1.0, 0.52, 0.52, 0.43, 0.52, 0.52, 1.0, 0.81, 0.52, 1.0, 0.52, 0.81, 0.52, 1.0, 0.81, 0.43, 0.81, 1.0, 0.52, 1.0, 1.0, 0.81, 1.0, 0.52, 1.0, 0.43, 1.0, 0.52, 0.52, 1.0, 1.0, 0.52, 0.81, 1.0, 0.52, 1.0, 1.0, 0.52, 1.0, 1.0, 0.43, 0.81, 0.52, 0.81, 1.0, 0.52, 0.43]",109.36000000000001,[],"[0.01, 0.0, 0.01, 0.01, 0.03, 0.01, 0.0, 0.01, 0.03, 0.03, 0.03, 0.01, 0.01, 0.0, 0.03, 0.01, 0.03, 0.03, 0.0, 0.01, 0.03, 0.0, 0.0, 0.0, 0.0, 0.03, 0.03, 0.01, 0.03, 0.0, 0.03, 0.01, 0.01, 0.03, 0.03, 0.01, 0.0, 0.01, 0.03, 0.01, 0.03, 0.03, 0.04, 0.04, 0.01, 0.01, 0.03, 0.0, 0.0, 0.0, 0.01, 0.04, 0.03, 0.03, 0.04, 0.03, 0.01, 0.03, 0.01, 0.03, 0.01, 0.04, 0.03, 0.03, 0.0, 0.01, 0.03, 0.04, 0.03, 0.03, 0.03, 0.04, 0.04, 0.04, 0.03, 0.0, 0.03, 0.03, 0.01, 0.03, 0.01, 0.0, 0.03, 0.0, 0.01, 0.03, 0.03, 0.0, 0.0, 0.01, 0.04, 0.03, 0.04, 0.01, 0.0, 0.01, 0.04, 0.01, 0.0, 0.0, 0.04, 0.01, 0.01, 0.01, 0.03, 0.03, 0.04, 0.03, 0.03, 0.0, 0.01, 0.03, 0.0, 0.03, 0.01, 0.03, 0.0, 0.01, 0.04, 0.01, 0.01, 0.03, 0.01, 0.01, 0.01, 0.0, 0.03, 0.01, 0.04, 0.01, 0.03, 0.03, 0.0, 0.0, 0.03, 0.01, 0.01, 0.03, 0.0, 0.0, 0.03, 0.01, 0.0, 0.04, 0.01, 0.03, 0.01, 0.0, 0.03, 0.04]",0,
100,Anti-Plurality,ATVA_3,150,3,"{'B': 52, 'C': 51, 'A': 47}","[0.81, 1.0, 1.0, 0.43, 1.0, 0.52, 0.43, 0.43, 1.0, 1.0, 1.0, 0.81, 1.0, 0.52, 0.52, 1.0, 1.0, 0.52, 0.52, 1.0, 0.52, 1.0, 1.0, 0.81, 1.0, 0.52, 0.81, 1.0, 0.81, 0.52, 0.43, 0.81, 0.52, 0.52, 0.52, 1.0, 0.52, 0.52, 1.0, 1.0, 1.0, 0.52, 0.52, 1.0, 1.0, 0.81, 0.52, 0.52, 1.0, 0.81, 0.43, 0.81, 0.52, 0.43, 0.43, 1.0, 0.81, 0.81, 0.52, 1.0, 0.52, 0.52, 0.52, 0.43, 0.52, 0.52, 1.0, 1.0, 1.0, 0.52, 0.52, 0.52, 0.52, 0.81, 1.0, 1.0, 1.0, 1.0, 1.0, 0.52, 0.52, 0.81, 0.43, 0.43, 0.81, 1.0, 0.52, 1.0, 0.52, 0.43, 1.0, 1.0, 0.52, 0.52, 0.81, 1.0, 1.0, 1.0, 0.52, 0.43, 1.0, 0.52, 0.52, 1.0, 0.52, 0.81, 0.52, 0.52, 0.52, 0.52, 0.43, 0.52, 0.43, 0.43, 0.52, 0.81, 0.81, 1.0, 0.81, 0.43, 0.43, 1.0, 1.0, 1.0, 0.52, 1.0, 0.52, 1.0, 0.52, 1.0, 0.52, 0.43, 0.43, 0.43, 0.52, 1.0, 0.52, 0.81, 1.0, 0.81, 0.52, 0.52, 0.43, 0.81, 0.81, 1.0, 1.0, 0.43, 0.43, 0.81]",107.37,"[1, 4, 7, 8, 12, 14, 18, 19, 21, 24, 27, 29, 30, 31, 32, 34, 37, 38, 43, 46, 47, 48, 50, 51, 52, 53, 54, 55, 57, 58, 61, 63, 64, 65, 70, 71, 72, 73, 74, 80, 81, 82, 83, 84, 85, 87, 89, 90, 93, 94, 95, 100, 102, 103, 105, 106, 107, 108, 109, 110, 111, 112, 113, 114, 115, 116, 117, 119, 120, 121, 125, 127, 129, 131, 132, 133, 134, 135, 138, 140, 141, 142, 143, 144, 145, 148, 149, 150]","[0.03, 0.03, 0.01, 0.0, 0.03, 0.0, 0.01, 0.01, 0.01, 0.03, 0.03, 0.03, 0.01, 0.01, 0.0, 0.03, 0.03, 0.03, 0.01, 0.03, 0.03, 0.01, 0.03, 0.03, 0.01, 0.0, 0.03, 0.03, 0.03, 0.04, 0.01, 0.03, 0.0, 0.04, 0.0, 0.01, 0.01, 0.01, 0.03, 0.03, 0.01, 0.0, 0.01, 0.01, 0.03, 0.04, 0.03, 0.03, 0.03, 0.04, 0.01, 0.03, 0.03, 0.0, 0.01, 0.03, 0.04, 0.04, 0.0, 0.03, 0.01, 0.0, 0.03, 0.01, 0.01, 0.0, 0.03, 0.03, 0.01, 0.04, 0.01, 0.03, 0.01, 0.03, 0.03, 0.01, 0.01, 0.01, 0.03, 0.01, 0.03, 0.04, 0.0, 0.01, 0.04, 0.03, 0.01, 0.03, 0.03, 0.01, 0.03, 0.03, 0.03, 0.01, 0.03, 0.03, 0.03, 0.03, 0.0, 0.01, 0.03, 0.03, 0.03, 0.03, 0.03, 0.03, 0.01, 0.03, 0.01, 0.01, 0.0, 0.03, 0.01, 0.01, 0.01, 0.03, 0.03, 0.03, 0.03, 0.0, 0.01, 0.01, 0.01, 0.03, 0.03, 0.03, 0.01, 0.01, 0.04, 0.01, 0.04, 0.01, 0.0, 0.0, 0.03, 0.01, 0.0, 0.04, 0.03, 0.03, 0.01, 0.04, 0.0, 0.03, 0.03, 0.01, 0.03, 0.01, 0.01, 0.03]",0,
101,Anti-Plurality,ATVA_3,150,3,"{'C': 57, 'A': 51, 'B': 42}","[0.81, 0.81, 0.81, 0.81, 0.52, 0.81, 0.81, 1.0, 0.81, 0.52, 0.43, 0.52, 0.81, 1.0, 0.52, 0.52, 0.52, 0.52, 1.0, 1.0, 0.52, 1.0, 0.52, 0.43, 0.81, 0.52, 0.52, 0.43, 1.0, 0.81, 0.43, 1.0, 0.81, 1.0, 1.0, 1.0, 0.43, 0.52, 0.52, 0.52, 1.0, 1.0, 0.81, 1.0, 1.0, 0.81, 0.52, 0.43, 0.81, 0.43, 0.52, 1.0, 0.81, 0.81, 0.52, 1.0, 0.81, 1.0, 0.43, 1.0, 1.0, 0.43, 0.81, 0.52, 0.52, 0.52, 1.0, 1.0, 0.43, 1.0, 0.52, 0.52, 0.52, 1.0, 0.52, 0.52, 0.52, 1.0, 1.0, 0.81, 0.52, 0.43, 1.0, 0.52, 0.81, 0.52, 0.52, 1.0, 0.81, 0.52, 0.81, 0.81, 1.0, 0.81, 1.0, 0.52, 0.81, 1.0, 0.81, 1.0, 0.52, 1.0, 0.52, 0.81, 1.0, 0.52, 1.0, 1.0, 1.0, 0.52, 0.52, 0.52, 0.81, 0.81, 0.81, 0.52, 0.52, 1.0, 1.0, 0.43, 1.0, 0.43, 0.52, 0.81, 0.81, 0.52, 0.81, 1.0, 0.52, 0.81, 1.0, 1.0, 1.0, 1.0, 1.0, 0.52, 0.43, 1.0, 1.0, 0.81, 0.81, 1.0, 0.52, 1.0, 0.43, 0.43, 0.81, 1.0, 1.0, 0.52]",111.77000000000001,"[5, 11, 12, 15, 21, 23, 24, 27, 28, 31, 37, 38, 40, 48, 50, 51, 59, 62, 64, 69, 81, 82, 87, 90, 103, 111, 116, 120, 122, 123, 137, 145, 146]","[0.0, 0.0, 0.01, 0.01, 0.04, 0.0, 0.0, 0.03, 0.0, 0.01, 0.04, 0.04, 0.0, 0.01, 0.04, 0.01, 0.01, 0.0, 0.03, 0.03, 0.04, 0.03, 0.04, 0.04, 0.0, 0.0, 0.04, 0.04, 0.01, 0.01, 0.04, 0.01, 0.01, 0.03, 0.03, 0.01, 0.04, 0.04, 0.03, 0.04, 0.03, 0.03, 0.0, 0.01, 0.03, 0.01, 0.0, 0.04, 0.01, 0.04, 0.04, 0.01, 0.0, 0.01, 0.03, 0.03, 0.0, 0.01, 0.04, 0.03, 0.03, 0.04, 0.0, 0.04, 0.0, 0.03, 0.03, 0.01, 0.04, 0.03, 0.01, 0.0, 0.03, 0.03, 0.0, 0.0, 0.0, 0.03, 0.03, 0.0, 0.04, 0.04, 0.03, 0.03, 0.0, 0.0, 0.04, 0.03, 0.0, 0.04, 0.0, 0.01, 0.03, 0.01, 0.01, 0.03, 0.0, 0.01, 0.01, 0.01, 0.0, 0.01, 0.04, 0.0, 0.03, 0.0, 0.01, 0.03, 0.03, 0.03, 0.04, 0.01, 0.0, 0.0, 0.0, 0.04, 0.03, 0.03, 0.01, 0.04, 0.03, 0.04, 0.04, 0.0, 0.01, 0.0, 0.0, 0.03, 0.0, 0.0, 0.03, 0.03, 0.03, 0.01, 0.01, 0.0, 0.04, 0.03, 0.01, 0.0, 0.0, 0.01, 0.03, 0.03, 0.04, 0.04, 0.0, 0.03, 0.03, 0.0]",0,
102,Anti-Plurality,ATVA_3,150,3,"{'C': 55, 'A': 48, 'B': 47}","[1.0, 0.52, 0.81, 1.0, 0.43, 0.43, 0.52, 1.0, 1.0, 0.52, 1.0, 1.0, 0.52, 0.81, 0.52, 0.52, 0.81, 0.52, 0.43, 0.52, 1.0, 0.52, 0.43, 0.43, 0.52, 0.81, 0.81, 0.52, 1.0, 1.0, 0.43, 1.0, 0.81, 0.81, 0.43, 0.43, 0.43, 1.0, 0.52, 1.0, 0.52, 0.43, 0.52, 0.81, 0.52, 1.0, 0.81, 1.0, 0.52, 1.0, 1.0, 0.43, 0.52, 1.0, 1.0, 0.52, 0.81, 0.81, 0.43, 0.43, 0.52, 1.0, 0.52, 0.43, 0.52, 0.52, 1.0, 0.43, 0.52, 1.0, 1.0, 0.43, 0.81, 1.0, 0.52, 0.81, 1.0, 1.0, 1.0, 0.81, 0.52, 1.0, 0.52, 1.0, 0.81, 0.52, 0.52, 0.81, 1.0, 0.52, 0.52, 1.0, 0.52, 1.0, 0.52, 1.0, 1.0, 1.0, 1.0, 0.43, 0.81, 1.0, 1.0, 1.0, 0.81, 0.52, 0.81, 0.52, 0.52, 0.52, 1.0, 0.52, 0.81, 0.81, 0.43, 0.81, 0.43, 0.43, 0.81, 0.52, 0.81, 0.43, 1.0, 1.0, 0.81, 0.52, 0.52, 0.52, 0.52, 0.52, 0.52, 1.0, 0.52, 0.52, 0.52, 0.81, 1.0, 0.52, 0.52, 1.0, 1.0, 0.43, 1.0, 1.0, 0.43, 0.43, 0.52, 0.52, 1.0, 0.81]",106.71000000000001,"[5, 6, 10, 13, 18, 19, 20, 22, 23, 31, 36, 37, 42, 52, 59, 65, 68, 75, 86, 91, 100, 106, 110, 115, 131, 133, 139, 142, 145, 146]","[0.03, 0.0, 0.03, 0.03, 0.0, 0.0, 0.01, 0.03, 0.03, 0.04, 0.03, 0.03, 0.04, 0.03, 0.0, 0.0, 0.04, 0.04, 0.0, 0.04, 0.01, 0.04, 0.0, 0.01, 0.01, 0.03, 0.03, 0.0, 0.03, 0.03, 0.0, 0.03, 0.04, 0.04, 0.01, 0.0, 0.0, 0.03, 0.0, 0.03, 0.0, 0.0, 0.03, 0.04, 0.0, 0.03, 0.04, 0.01, 0.01, 0.01, 0.01, 0.0, 0.0, 0.03, 0.03, 0.01, 0.04, 0.04, 0.0, 0.01, 0.0, 0.03, 0.0, 0.01, 0.04, 0.0, 0.03, 0.0, 0.0, 0.03, 0.03, 0.01, 0.04, 0.01, 0.04, 0.04, 0.03, 0.03, 0.01, 0.03, 0.03, 0.03, 0.0, 0.03, 0.04, 0.04, 0.01, 0.03, 0.01, 0.0, 0.04, 0.03, 0.01, 0.03, 0.03, 0.03, 0.03, 0.01, 0.03, 0.0, 0.04, 0.03, 0.03, 0.03, 0.04, 0.04, 0.04, 0.0, 0.03, 0.04, 0.03, 0.03, 0.04, 0.04, 0.0, 0.04, 0.01, 0.01, 0.04, 0.0, 0.04, 0.01, 0.01, 0.03, 0.04, 0.0, 0.0, 0.01, 0.0, 0.0, 0.04, 0.03, 0.04, 0.01, 0.01, 0.04, 0.01, 0.03, 0.04, 0.03, 0.01, 0.0, 0.03, 0.01, 0.0, 0.0, 0.0, 0.01, 0.03, 0.04]",0.09000000000000002,
103,Anti-Plurality,ATVA_3,150,3,"{'A': 61, 'C': 49, 'B': 40}","[0.81, 0.52, 0.52, 0.52, 0.52, 1.0, 1.0, 1.0, 0.81, 0.81, 0.52, 0.43, 1.0, 1.0, 1.0, 1.0, 0.43, 0.43, 0.52, 1.0, 0.81, 1.0, 1.0, 1.0, 0.52, 0.52, 0.81, 0.52, 1.0, 0.43, 0.52, 0.43, 0.43, 1.0, 0.81, 0.52, 1.0, 1.0, 1.0, 1.0, 0.81, 1.0, 1.0, 0.81, 0.52, 1.0, 0.52, 0.52, 0.52, 0.43, 1.0, 0.52, 0.52, 0.81, 0.52, 1.0, 0.52, 0.43, 0.43, 1.0, 0.52, 1.0, 1.0, 0.43, 0.81, 1.0, 1.0, 0.52, 0.43, 0.52, 0.43, 1.0, 1.0, 0.81, 1.0, 0.81, 0.52, 0.52, 0.52, 0.52, 0.52, 1.0, 0.43, 1.0, 0.52, 1.0, 0.52, 1.0, 0.43, 1.0, 0.52, 1.0, 1.0, 1.0, 1.0, 0.52, 0.52, 1.0, 1.0, 0.52, 1.0, 0.52, 1.0, 1.0, 1.0, 1.0, 1.0, 1.0, 0.43, 0.43, 0.52, 0.52, 1.0, 0.81, 1.0, 1.0, 0.43, 1.0, 0.81, 0.52, 0.52, 0.52, 0.52, 1.0, 0.43, 1.0, 0.43, 0.43, 0.81, 0.52, 0.52, 0.52, 0.52, 1.0, 0.43, 1.0, 1.0, 0.81, 1.0, 1.0, 0.43, 0.52, 0.43, 0.52, 0.52, 0.52, 0.52, 1.0, 0.81, 1.0]",110.14,"[18, 25, 26, 28, 32, 36, 45, 47, 50, 52, 55, 57, 64, 71, 83, 85, 89, 91, 97, 102, 110, 121, 123, 127, 128, 133, 147]","[0.04, 0.04, 0.01, 0.01, 0.01, 0.01, 0.01, 0.01, 0.04, 0.03, 0.01, 0.03, 0.01, 0.0, 0.01, 0.01, 0.03, 0.01, 0.01, 0.01, 0.04, 0.0, 0.01, 0.0, 0.03, 0.03, 0.04, 0.03, 0.01, 0.03, 0.01, 0.01, 0.03, 0.01, 0.04, 0.03, 0.0, 0.01, 0.0, 0.01, 0.03, 0.01, 0.01, 0.04, 0.03, 0.01, 0.03, 0.01, 0.03, 0.01, 0.0, 0.03, 0.01, 0.03, 0.03, 0.01, 0.03, 0.03, 0.03, 0.01, 0.04, 0.0, 0.01, 0.01, 0.04, 0.01, 0.01, 0.01, 0.03, 0.04, 0.01, 0.01, 0.0, 0.03, 0.01, 0.03, 0.01, 0.01, 0.01, 0.04, 0.01, 0.01, 0.01, 0.01, 0.03, 0.0, 0.03, 0.0, 0.01, 0.01, 0.03, 0.01, 0.01, 0.01, 0.01, 0.01, 0.03, 0.01, 0.01, 0.01, 0.01, 0.03, 0.0, 0.01, 0.01, 0.0, 0.0, 0.0, 0.03, 0.01, 0.01, 0.01, 0.01, 0.03, 0.01, 0.0, 0.03, 0.01, 0.03, 0.01, 0.03, 0.03, 0.03, 0.0, 0.03, 0.0, 0.01, 0.01, 0.04, 0.04, 0.03, 0.01, 0.03, 0.01, 0.03, 0.01, 0.01, 0.03, 0.0, 0.01, 0.03, 0.03, 0.03, 0.04, 0.01, 0.01, 0.03, 0.01, 0.03, 0.0]",0,
104,Anti-Plurality,ATVA_3,150,3,"{'C': 66, 'B': 46, 'A': 38}","[0.81, 0.81, 0.81, 1.0, 1.0, 1.0, 0.52, 1.0, 0.52, 1.0, 1.0, 1.0, 0.52, 0.81, 0.81, 0.52, 0.81, 0.81, 0.52, 1.0, 1.0, 0.52, 1.0, 0.43, 0.52, 0.52, 1.0, 0.52, 0.52, 0.52, 1.0, 1.0, 1.0, 1.0, 1.0, 1.0, 0.52, 0.52, 0.52, 1.0, 1.0, 0.81, 0.81, 0.52, 0.52, 0.81, 0.81, 0.81, 1.0, 1.0, 0.43, 1.0, 0.81, 0.52, 0.43, 0.81, 1.0, 0.43, 0.52, 0.81, 1.0, 0.52, 0.43, 0.52, 0.43, 0.52, 1.0, 0.52, 0.43, 1.0, 1.0, 1.0, 0.81, 0.52, 1.0, 1.0, 0.52, 1.0, 0.52, 1.0, 1.0, 1.0, 0.52, 0.52, 1.0, 1.0, 1.0, 1.0, 1.0, 1.0, 0.43, 0.52, 1.0, 1.0, 1.0, 0.52, 0.81, 0.81, 0.43, 1.0, 1.0, 1.0, 1.0, 1.0, 0.43, 1.0, 1.0, 0.52, 0.81, 0.52, 1.0, 0.52, 0.52, 0.81, 0.81, 0.81, 1.0, 0.52, 0.43, 0.52, 1.0, 0.52, 0.52, 0.43, 1.0, 1.0, 0.81, 1.0, 0.52, 1.0, 1.0, 1.0, 1.0, 1.0, 0.52, 0.81, 0.43, 1.0, 1.0, 0.52, 0.43, 1.0, 0.81, 0.52, 0.52, 0.52, 0.52, 0.43, 1.0, 1.0]",115.58000000000001,"[7, 9, 13, 16, 19, 22, 24, 25, 26, 28, 29, 37, 38, 44, 45, 51, 54, 55, 58, 59, 62, 63, 64, 65, 66, 68, 69, 77, 79, 83, 84, 91, 92, 96, 99, 105, 108, 110, 113, 118, 119, 120, 122, 124, 129, 137, 140, 141, 144, 145, 146, 147, 148]","[0.03, 0.03, 0.01, 0.01, 0.01, 0.01, 0.03, 0.01, 0.03, 0.01, 0.01, 0.01, 0.03, 0.03, 0.03, 0.03, 0.03, 0.03, 0.03, 0.01, 0.01, 0.03, 0.01, 0.04, 0.03, 0.03, 0.01, 0.04, 0.03, 0.01, 0.0, 0.01, 0.0, 0.01, 0.01, 0.0, 0.04, 0.03, 0.01, 0.01, 0.0, 0.01, 0.03, 0.04, 0.04, 0.01, 0.03, 0.03, 0.0, 0.01, 0.04, 0.01, 0.01, 0.04, 0.04, 0.03, 0.01, 0.04, 0.03, 0.01, 0.01, 0.03, 0.04, 0.03, 0.04, 0.03, 0.0, 0.03, 0.04, 0.0, 0.01, 0.01, 0.03, 0.01, 0.0, 0.01, 0.03, 0.0, 0.03, 0.01, 0.0, 0.01, 0.04, 0.04, 0.01, 0.0, 0.01, 0.0, 0.0, 0.01, 0.04, 0.04, 0.01, 0.01, 0.01, 0.03, 0.01, 0.03, 0.04, 0.01, 0.01, 0.01, 0.0, 0.01, 0.03, 0.01, 0.0, 0.04, 0.03, 0.04, 0.01, 0.01, 0.03, 0.01, 0.01, 0.03, 0.01, 0.04, 0.04, 0.03, 0.01, 0.04, 0.01, 0.03, 0.01, 0.01, 0.03, 0.01, 0.04, 0.0, 0.01, 0.0, 0.0, 0.01, 0.01, 0.01, 0.04, 0.01, 0.01, 0.03, 0.04, 0.01, 0.03, 0.03, 0.04, 0.04, 0.03, 0.04, 0.01, 0.01]",0,
105,Anti-Plurality,ATVA_3,150,3,"{'C': 58, 'A': 49, 'B': 43}","[0.52, 0.43, 1.0, 0.43, 1.0, 1.0, 0.81, 0.81, 0.52, 1.0, 0.52, 0.43, 0.52, 0.52, 0.81, 1.0, 1.0, 0.52, 0.43, 0.81, 1.0, 0.43, 0.81, 0.81, 0.81, 1.0, 0.52, 0.43, 0.81, 0.43, 1.0, 0.81, 1.0, 0.52, 0.81, 0.81, 0.43, 0.52, 0.81, 1.0, 0.52, 0.81, 0.81, 1.0, 0.52, 0.52, 0.81, 0.43, 0.52, 0.52, 1.0, 0.81, 1.0, 0.81, 1.0, 0.52, 0.52, 0.81, 0.52, 0.43, 1.0, 1.0, 0.81, 1.0, 0.81, 1.0, 0.81, 0.43, 0.52, 0.43, 0.81, 1.0, 0.52, 0.52, 0.81, 0.43, 0.52, 0.81, 0.43, 0.81, 1.0, 0.52, 0.81, 1.0, 1.0, 0.52, 0.81, 1.0, 0.52, 1.0, 0.81, 1.0, 0.81, 0.43, 0.43, 1.0, 0.52, 0.52, 0.81, 0.81, 0.52, 0.52, 1.0, 0.43, 0.43, 0.52, 1.0, 0.52, 0.52, 1.0, 1.0, 0.81, 0.52, 0.43, 1.0, 0.81, 0.52, 0.81, 1.0, 0.81, 1.0, 0.81, 0.81, 0.52, 0.52, 1.0, 0.52, 1.0, 0.43, 0.52, 1.0, 0.52, 0.52, 0.52, 0.81, 0.52, 0.52, 1.0, 0.43, 1.0, 1.0, 1.0, 1.0, 1.0, 0.52, 0.43, 0.52, 0.43, 0.52, 0.52]",107.59000000000002,"[2, 4, 9, 12, 19, 22, 27, 28, 30, 37, 38, 45, 46, 48, 50, 60, 68, 69, 70, 73, 74, 76, 77, 79, 89, 94, 95, 97, 98, 101, 104, 105, 113, 114, 117, 124, 125, 129, 130, 132, 133, 136, 137, 139, 145, 146, 147, 148, 149]","[0.01, 0.03, 0.04, 0.03, 0.04, 0.04, 0.0, 0.0, 0.03, 0.03, 0.0, 0.01, 0.0, 0.01, 0.0, 0.04, 0.04, 0.0, 0.03, 0.01, 0.04, 0.03, 0.0, 0.0, 0.0, 0.04, 0.03, 0.03, 0.01, 0.03, 0.03, 0.0, 0.04, 0.0, 0.01, 0.0, 0.03, 0.01, 0.0, 0.04, 0.01, 0.0, 0.01, 0.04, 0.01, 0.03, 0.0, 0.01, 0.0, 0.03, 0.04, 0.0, 0.04, 0.0, 0.04, 0.0, 0.0, 0.0, 0.0, 0.01, 0.04, 0.04, 0.01, 0.04, 0.01, 0.04, 0.01, 0.03, 0.03, 0.03, 0.0, 0.04, 0.01, 0.03, 0.01, 0.01, 0.03, 0.0, 0.03, 0.0, 0.04, 0.0, 0.0, 0.04, 0.04, 0.0, 0.01, 0.04, 0.03, 0.03, 0.01, 0.03, 0.0, 0.01, 0.01, 0.04, 0.01, 0.03, 0.01, 0.0, 0.03, 0.0, 0.03, 0.01, 0.01, 0.0, 0.03, 0.0, 0.0, 0.04, 0.04, 0.0, 0.03, 0.01, 0.04, 0.0, 0.03, 0.0, 0.04, 0.0, 0.04, 0.01, 0.01, 0.01, 0.03, 0.04, 0.01, 0.04, 0.03, 0.03, 0.03, 0.03, 0.03, 0.01, 0.0, 0.03, 0.03, 0.04, 0.03, 0.03, 0.04, 0.03, 0.03, 0.04, 0.03, 0.03, 0.03, 0.03, 0.03, 0.0]",0,
106,Anti-Plurality,ATVA_3,150,3,"{'C': 55, 'B': 54, 'A': 41}","[1.0, 0.43, 1.0, 0.43, 1.0, 0.81, 1.0, 0.81, 0.52, 1.0, 0.81, 0.81, 0.52, 0.52, 0.52, 1.0, 0.81, 0.52, 1.0, 0.52, 0.43, 0.52, 1.0, 1.0, 0.43, 1.0, 0.81, 0.81, 0.81, 0.81, 0.81, 0.52, 0.43, 0.81, 0.43, 0.52, 0.81, 0.52, 0.52, 1.0, 1.0, 1.0, 1.0, 1.0, 0.43, 1.0, 1.0, 1.0, 1.0, 1.0, 0.43, 0.52, 1.0, 1.0, 1.0, 0.52, 1.0, 0.52, 1.0, 0.52, 1.0, 1.0, 0.52, 0.81, 0.52, 0.81, 0.52, 0.81, 0.52, 0.43, 0.52, 0.52, 0.52, 1.0, 0.52, 0.81, 0.52, 0.52, 1.0, 0.81, 0.43, 0.81, 0.52, 0.81, 1.0, 1.0, 1.0, 1.0, 0.52, 0.52, 1.0, 1.0, 1.0, 0.52, 0.52, 0.43, 0.81, 0.43, 1.0, 0.52, 1.0, 1.0, 1.0, 1.0, 1.0, 0.81, 1.0, 0.52, 0.52, 0.81, 1.0, 1.0, 0.81, 0.52, 0.52, 0.81, 1.0, 0.43, 0.43, 0.43, 0.81, 1.0, 0.81, 0.81, 0.81, 0.52, 0.52, 0.43, 1.0, 0.52, 0.52, 1.0, 1.0, 0.81, 0.43, 1.0, 0.52, 1.0, 0.43, 0.52, 0.43, 0.81, 0.43, 0.81, 0.43, 0.52, 1.0, 1.0, 0.52, 1.0]",111.5,"[2, 4, 9, 13, 14, 15, 20, 21, 22, 25, 32, 33, 35, 36, 38, 39, 45, 51, 58, 60, 63, 65, 67, 69, 70, 72, 73, 75, 77, 78, 81, 89, 90, 94, 95, 96, 98, 100, 109, 114, 115, 118, 119, 120, 126, 127, 128, 130, 131, 135, 137, 139, 140, 141, 143, 145, 146, 149]","[0.0, 0.03, 0.0, 0.03, 0.0, 0.03, 0.01, 0.03, 0.04, 0.0, 0.03, 0.01, 0.04, 0.03, 0.03, 0.01, 0.03, 0.01, 0.0, 0.04, 0.04, 0.03, 0.01, 0.0, 0.03, 0.01, 0.03, 0.03, 0.03, 0.01, 0.01, 0.03, 0.04, 0.03, 0.04, 0.04, 0.03, 0.03, 0.03, 0.01, 0.01, 0.0, 0.01, 0.0, 0.03, 0.01, 0.01, 0.01, 0.01, 0.0, 0.04, 0.01, 0.0, 0.01, 0.01, 0.01, 0.01, 0.03, 0.01, 0.04, 0.0, 0.0, 0.03, 0.03, 0.04, 0.03, 0.04, 0.03, 0.03, 0.04, 0.01, 0.04, 0.04, 0.01, 0.03, 0.01, 0.03, 0.03, 0.0, 0.03, 0.03, 0.03, 0.01, 0.03, 0.01, 0.01, 0.0, 0.0, 0.04, 0.03, 0.01, 0.0, 0.0, 0.04, 0.03, 0.04, 0.03, 0.03, 0.01, 0.04, 0.01, 0.01, 0.01, 0.01, 0.01, 0.01, 0.01, 0.01, 0.03, 0.03, 0.0, 0.01, 0.03, 0.03, 0.04, 0.03, 0.0, 0.04, 0.03, 0.03, 0.01, 0.01, 0.03, 0.03, 0.03, 0.03, 0.03, 0.04, 0.0, 0.03, 0.03, 0.0, 0.0, 0.03, 0.03, 0.01, 0.03, 0.01, 0.04, 0.04, 0.04, 0.03, 0.04, 0.03, 0.04, 0.04, 0.01, 0.01, 0.03, 0.01]",0,
107,Anti-Plurality,ATVA_3,150,3,"{'B': 53, 'A': 51, 'C': 46}","[0.81, 0.81, 0.52, 0.43, 1.0, 0.43, 1.0, 0.81, 1.0, 0.43, 0.43, 0.52, 0.52, 0.43, 0.43, 0.52, 0.81, 1.0, 0.52, 0.43, 1.0, 0.43, 1.0, 0.81, 0.43, 0.43, 0.52, 1.0, 1.0, 0.81, 1.0, 1.0, 0.52, 0.52, 1.0, 0.81, 1.0, 1.0, 0.43, 0.81, 1.0, 0.43, 0.52, 0.52, 0.52, 1.0, 1.0, 0.43, 0.52, 0.81, 0.81, 0.52, 1.0, 0.52, 0.81, 0.52, 0.81, 0.52, 0.81, 0.52, 1.0, 0.43, 0.81, 0.52, 1.0, 1.0, 0.52, 0.52, 0.43, 1.0, 0.52, 0.43, 1.0, 1.0, 0.81, 0.81, 1.0, 0.43, 1.0, 0.43, 1.0, 0.81, 0.52, 0.52, 0.52, 1.0, 0.81, 1.0, 1.0, 0.52, 1.0, 0.52, 0.52, 0.52, 0.81, 1.0, 0.43, 1.0, 1.0, 0.52, 0.52, 0.43, 0.43, 0.52, 1.0, 0.43, 1.0, 0.52, 0.81, 0.81, 1.0, 1.0, 0.81, 0.52, 0.43, 1.0, 1.0, 0.52, 0.81, 0.81, 0.52, 0.81, 0.43, 1.0, 0.43, 0.52, 1.0, 0.52, 1.0, 1.0, 1.0, 0.81, 0.81, 1.0, 0.81, 1.0, 0.52, 0.81, 1.0, 0.52, 0.43, 1.0, 1.0, 1.0, 1.0, 0.43, 0.52, 0.52, 0.81, 0.43]",108.66000000000001,"[4, 6, 10, 11, 14, 15, 16, 20, 22, 25, 26, 34, 39, 42, 43, 45, 48, 49, 52, 56, 62, 67, 69, 71, 72, 78, 80, 85, 94, 97, 100, 101, 102, 103, 106, 114, 115, 123, 125, 128, 140, 141, 146, 147, 150]","[0.03, 0.04, 0.04, 0.0, 0.03, 0.01, 0.03, 0.04, 0.03, 0.0, 0.0, 0.04, 0.03, 0.01, 0.0, 0.0, 0.04, 0.03, 0.04, 0.01, 0.03, 0.01, 0.01, 0.04, 0.01, 0.0, 0.03, 0.03, 0.01, 0.03, 0.03, 0.01, 0.04, 0.0, 0.01, 0.03, 0.03, 0.01, 0.01, 0.04, 0.03, 0.01, 0.0, 0.01, 0.0, 0.03, 0.03, 0.01, 0.0, 0.04, 0.03, 0.0, 0.01, 0.04, 0.04, 0.0, 0.04, 0.04, 0.04, 0.04, 0.01, 0.0, 0.04, 0.01, 0.01, 0.03, 0.0, 0.01, 0.0, 0.01, 0.0, 0.0, 0.01, 0.03, 0.04, 0.04, 0.03, 0.0, 0.01, 0.01, 0.01, 0.04, 0.03, 0.01, 0.0, 0.03, 0.04, 0.03, 0.03, 0.04, 0.01, 0.03, 0.01, 0.0, 0.04, 0.01, 0.01, 0.03, 0.01, 0.0, 0.0, 0.0, 0.0, 0.01, 0.01, 0.0, 0.01, 0.04, 0.04, 0.03, 0.01, 0.03, 0.03, 0.0, 0.0, 0.03, 0.01, 0.04, 0.04, 0.03, 0.01, 0.04, 0.0, 0.01, 0.01, 0.04, 0.03, 0.0, 0.01, 0.03, 0.01, 0.04, 0.04, 0.01, 0.03, 0.01, 0.04, 0.03, 0.03, 0.0, 0.01, 0.01, 0.01, 0.01, 0.01, 0.0, 0.0, 0.01, 0.04, 0.0]",0,
108,Anti-Plurality,ATVA_3,150,3,"{'C': 52, 'A': 49, 'B': 49}","[1.0, 0.52, 0.43, 0.81, 0.52, 0.81, 1.0, 0.43, 0.43, 1.0, 0.43, 1.0, 0.52, 0.81, 1.0, 1.0, 0.52, 0.43, 0.52, 0.52, 0.43, 1.0, 0.43, 1.0, 0.43, 1.0, 0.52, 0.81, 0.52, 1.0, 0.81, 1.0, 1.0, 0.81, 1.0, 1.0, 1.0, 0.43, 0.43, 0.43, 0.81, 0.52, 1.0, 0.52, 0.81, 0.52, 1.0, 1.0, 0.81, 0.52, 0.52, 0.52, 0.52, 0.52, 0.52, 0.52, 0.52, 1.0, 1.0, 0.52, 0.52, 1.0, 0.43, 1.0, 1.0, 0.52, 0.81, 0.52, 0.43, 0.81, 0.43, 1.0, 0.81, 0.43, 0.81, 0.52, 1.0, 0.52, 1.0, 1.0, 0.52, 0.43, 0.81, 0.52, 0.81, 1.0, 0.43, 1.0, 0.52, 0.52, 1.0, 0.52, 1.0, 0.81, 1.0, 0.43, 0.52, 0.81, 0.43, 0.52, 0.81, 0.81, 0.52, 0.81, 0.43, 0.52, 0.81, 1.0, 0.52, 1.0, 0.52, 0.43, 0.81, 0.52, 1.0, 0.52, 1.0, 0.43, 0.81, 1.0, 0.81, 1.0, 0.52, 0.52, 0.52, 0.52, 1.0, 1.0, 0.81, 1.0, 0.43, 0.43, 0.81, 1.0, 0.81, 0.52, 0.81, 0.52, 1.0, 1.0, 0.81, 1.0, 1.0, 1.0, 0.52, 1.0, 0.81, 0.52, 0.81, 1.0]",108.35000000000001,"[3, 8, 17, 18, 19, 21, 23, 40, 42, 44, 53, 57, 61, 69, 74, 76, 82, 84, 87, 89, 96, 99, 112, 114, 118, 132]","[0.01, 0.0, 0.0, 0.04, 0.0, 0.03, 0.03, 0.0, 0.01, 0.03, 0.01, 0.03, 0.0, 0.04, 0.03, 0.01, 0.04, 0.0, 0.04, 0.0, 0.0, 0.03, 0.0, 0.03, 0.01, 0.03, 0.0, 0.03, 0.03, 0.03, 0.03, 0.03, 0.03, 0.03, 0.03, 0.03, 0.01, 0.01, 0.01, 0.0, 0.04, 0.04, 0.01, 0.04, 0.03, 0.0, 0.01, 0.03, 0.03, 0.0, 0.01, 0.0, 0.04, 0.0, 0.03, 0.0, 0.04, 0.03, 0.01, 0.0, 0.04, 0.03, 0.01, 0.01, 0.03, 0.01, 0.03, 0.01, 0.0, 0.03, 0.01, 0.03, 0.03, 0.0, 0.03, 0.04, 0.03, 0.03, 0.03, 0.01, 0.01, 0.0, 0.04, 0.04, 0.04, 0.03, 0.0, 0.01, 0.04, 0.0, 0.01, 0.0, 0.01, 0.04, 0.03, 0.0, 0.0, 0.04, 0.0, 0.01, 0.03, 0.03, 0.0, 0.04, 0.01, 0.0, 0.04, 0.03, 0.0, 0.01, 0.01, 0.0, 0.04, 0.04, 0.03, 0.01, 0.01, 0.0, 0.04, 0.01, 0.04, 0.01, 0.0, 0.03, 0.01, 0.03, 0.03, 0.03, 0.04, 0.03, 0.01, 0.0, 0.04, 0.03, 0.03, 0.03, 0.03, 0.03, 0.03, 0.03, 0.03, 0.03, 0.03, 0.01, 0.01, 0.03, 0.04, 0.01, 0.04, 0.03]",0,
109,Anti-Plurality,ATVA_3,150,3,"{'A': 58, 'B': 55, 'C': 37}","[1.0, 1.0, 0.43, 0.81, 1.0, 1.0, 0.81, 0.81, 1.0, 1.0, 0.43, 0.43, 0.81, 0.52, 0.52, 1.0, 0.81, 0.52, 0.81, 0.52, 1.0, 1.0, 0.52, 0.81, 1.0, 1.0, 1.0, 0.81, 0.52, 0.81, 0.52, 0.81, 0.43, 0.43, 0.43, 0.43, 1.0, 1.0, 1.0, 0.81, 0.52, 0.52, 0.52, 1.0, 1.0, 1.0, 0.52, 0.52, 1.0, 0.52, 0.81, 1.0, 0.52, 1.0, 1.0, 0.81, 0.52, 1.0, 1.0, 0.52, 0.52, 1.0, 0.81, 1.0, 0.43, 1.0, 0.81, 1.0, 1.0, 1.0, 1.0, 0.43, 1.0, 1.0, 0.81, 1.0, 0.43, 0.43, 0.81, 1.0, 0.81, 1.0, 0.52, 0.81, 0.81, 1.0, 1.0, 1.0, 0.52, 1.0, 1.0, 0.52, 0.52, 1.0, 0.81, 0.52, 0.52, 0.43, 0.52, 0.43, 0.52, 0.81, 0.52, 1.0, 1.0, 1.0, 0.43, 0.52, 0.52, 0.52, 1.0, 0.43, 0.81, 0.52, 0.52, 0.81, 0.81, 0.52, 0.81, 0.52, 0.52, 0.52, 0.43, 0.52, 0.43, 1.0, 0.52, 1.0, 0.52, 0.81, 0.81, 1.0, 0.52, 1.0, 1.0, 0.52, 1.0, 1.0, 0.52, 0.43, 0.52, 1.0, 1.0, 1.0, 1.0, 0.81, 0.81, 0.43, 1.0, 0.52]",112.83000000000001,"[3, 12, 14, 20, 29, 33, 34, 35, 41, 42, 43, 48, 53, 77, 78, 83, 89, 93, 97, 98, 99, 100, 107, 108, 112, 120, 122, 123, 129, 133, 139, 140, 150]","[0.0, 0.0, 0.03, 0.01, 0.0, 0.01, 0.01, 0.01, 0.0, 0.01, 0.04, 0.03, 0.03, 0.01, 0.03, 0.0, 0.03, 0.04, 0.01, 0.01, 0.01, 0.0, 0.03, 0.01, 0.0, 0.0, 0.0, 0.01, 0.01, 0.01, 0.03, 0.01, 0.03, 0.03, 0.03, 0.04, 0.0, 0.0, 0.0, 0.01, 0.01, 0.01, 0.01, 0.0, 0.0, 0.0, 0.03, 0.01, 0.0, 0.03, 0.03, 0.0, 0.01, 0.01, 0.0, 0.01, 0.03, 0.01, 0.01, 0.04, 0.03, 0.0, 0.03, 0.0, 0.04, 0.0, 0.03, 0.0, 0.0, 0.01, 0.01, 0.04, 0.01, 0.01, 0.01, 0.0, 0.03, 0.03, 0.01, 0.0, 0.01, 0.0, 0.01, 0.03, 0.01, 0.0, 0.0, 0.0, 0.01, 0.0, 0.01, 0.03, 0.01, 0.01, 0.01, 0.03, 0.01, 0.03, 0.01, 0.03, 0.03, 0.01, 0.03, 0.01, 0.01, 0.01, 0.03, 0.01, 0.04, 0.03, 0.0, 0.03, 0.01, 0.03, 0.03, 0.01, 0.01, 0.03, 0.01, 0.01, 0.04, 0.01, 0.03, 0.04, 0.04, 0.0, 0.03, 0.01, 0.01, 0.03, 0.03, 0.0, 0.01, 0.0, 0.0, 0.03, 0.01, 0.01, 0.01, 0.03, 0.03, 0.0, 0.01, 0.0, 0.0, 0.03, 0.03, 0.04, 0.01, 0.01]",0,
110,Anti-Plurality,ATVA_4,150,3,"{'C': 107, 'B': 102, 'A': 91}","[0.81, 1.0, 1.0, 0.52, 0.81, 1.0, 0.43, 0.43, 1.0, 0.52, 1.0, 1.0, 0.52, 0.43, 0.52, 0.81, 0.43, 0.52, 0.81, 0.43, 1.0, 0.43, 1.0, 0.52, 1.0, 0.52, 1.0, 0.81, 0.52, 1.0, 1.0, 0.43, 0.81, 0.52, 0.52, 0.52, 0.52, 0.43, 0.81, 1.0, 1.0, 0.52, 0.81, 0.52, 0.43, 0.81, 0.52, 1.0, 0.52, 0.81, 0.52, 0.81, 1.0, 0.81, 1.0, 1.0, 0.43, 1.0, 1.0, 0.52, 0.81, 0.43, 1.0, 0.52, 1.0, 0.81, 1.0, 1.0, 1.0, 1.0, 1.0, 0.52, 0.81, 0.52, 0.43, 1.0, 0.81, 0.52, 1.0, 0.52, 1.0, 0.43, 1.0, 0.52, 1.0, 1.0, 1.0, 0.43, 0.81, 0.81, 1.0, 0.81, 1.0, 0.52, 0.81, 1.0, 0.43, 0.43, 1.0, 0.52, 1.0, 1.0, 1.0, 1.0, 0.81, 0.81, 1.0, 1.0, 0.52, 0.52, 0.52, 0.43, 1.0, 1.0, 1.0, 1.0, 0.52, 1.0, 0.43, 0.52, 0.81, 0.81, 0.81, 1.0, 0.52, 0.52, 0.52, 0.43, 1.0, 1.0, 0.52, 0.52, 0.43, 0.43, 0.52, 0.43, 1.0, 0.43, 0.52, 0.52, 0.52, 0.81, 1.0, 0.52, 0.52, 0.81, 1.0, 1.0, 1.0, 0.81]",111.41,[],"[0.01, 0.01, 0.0, 0.03, 0.01, 0.01, 0.04, 0.04, 0.01, 0.03, 0.0, 0.0, 0.03, 0.04, 0.03, 0.01, 0.04, 0.03, 0.01, 0.04, 0.0, 0.04, 0.0, 0.03, 0.0, 0.03, 0.0, 0.01, 0.03, 0.0, 0.01, 0.04, 0.01, 0.03, 0.03, 0.03, 0.03, 0.04, 0.01, 0.0, 0.01, 0.03, 0.01, 0.03, 0.04, 0.01, 0.03, 0.0, 0.03, 0.01, 0.03, 0.01, 0.01, 0.01, 0.01, 0.01, 0.04, 0.0, 0.0, 0.03, 0.01, 0.04, 0.01, 0.03, 0.0, 0.01, 0.01, 0.01, 0.0, 0.0, 0.01, 0.03, 0.01, 0.03, 0.04, 0.01, 0.01, 0.03, 0.0, 0.03, 0.01, 0.04, 0.0, 0.03, 0.0, 0.0, 0.01, 0.04, 0.01, 0.01, 0.01, 0.01, 0.01, 0.03, 0.01, 0.0, 0.04, 0.04, 0.0, 0.03, 0.01, 0.0, 0.01, 0.0, 0.01, 0.01, 0.0, 0.01, 0.03, 0.03, 0.03, 0.04, 0.01, 0.0, 0.01, 0.0, 0.03, 0.0, 0.04, 0.03, 0.01, 0.01, 0.01, 0.0, 0.03, 0.03, 0.03, 0.04, 0.01, 0.0, 0.03, 0.03, 0.04, 0.04, 0.03, 0.04, 0.01, 0.04, 0.03, 0.03, 0.03, 0.01, 0.0, 0.03, 0.03, 0.01, 0.0, 0.01, 0.01, 0.01]",0,
111,Anti-Plurality,ATVA_4,150,3,"{'C': 102, 'B': 101, 'A': 97}","[0.81, 0.43, 1.0, 0.43, 0.81, 1.0, 0.52, 0.52, 0.81, 0.81, 1.0, 0.43, 1.0, 0.81, 0.81, 0.43, 0.43, 0.43, 0.43, 1.0, 1.0, 1.0, 0.43, 1.0, 0.81, 0.52, 0.52, 0.52, 0.52, 1.0, 1.0, 1.0, 0.52, 0.52, 1.0, 0.52, 0.81, 0.52, 0.52, 0.81, 0.52, 1.0, 0.81, 0.43, 0.81, 0.81, 0.81, 0.52, 0.43, 1.0, 1.0, 0.81, 0.81, 1.0, 0.52, 0.52, 0.81, 1.0, 0.81, 1.0, 0.52, 0.52, 1.0, 1.0, 0.52, 0.52, 1.0, 1.0, 0.52, 1.0, 1.0, 0.52, 1.0, 0.43, 0.52, 0.81, 0.81, 0.81, 0.81, 0.52, 0.52, 1.0, 1.0, 0.43, 0.52, 1.0, 0.43, 0.52, 1.0, 0.52, 1.0, 0.52, 1.0, 0.43, 0.52, 1.0, 0.52, 1.0, 1.0, 0.43, 0.52, 0.52, 1.0, 0.52, 0.52, 0.43, 0.81, 0.52, 1.0, 1.0, 0.81, 1.0, 0.43, 0.43, 0.52, 1.0, 0.43, 1.0, 0.43, 1.0, 0.81, 1.0, 1.0, 0.52, 0.52, 1.0, 0.81, 0.52, 0.52, 0.52, 0.81, 0.52, 0.52, 0.52, 1.0, 0.52, 1.0, 0.43, 0.81, 1.0, 1.0, 1.0, 0.52, 0.81, 0.43, 0.52, 1.0, 1.0, 0.81, 0.52]",108.91000000000001,"[1, 5, 9, 10, 14, 15, 25, 37, 40, 43, 45, 46, 47, 52, 53, 57, 59, 76, 77, 78, 79, 107, 111, 121, 127, 131, 139, 144, 149]","[0.01, 0.04, 0.0, 0.04, 0.01, 0.0, 0.03, 0.03, 0.01, 0.01, 0.0, 0.04, 0.0, 0.01, 0.01, 0.04, 0.04, 0.04, 0.04, 0.01, 0.01, 0.01, 0.04, 0.0, 0.01, 0.03, 0.03, 0.03, 0.03, 0.01, 0.0, 0.0, 0.03, 0.03, 0.01, 0.03, 0.01, 0.03, 0.03, 0.01, 0.03, 0.01, 0.01, 0.04, 0.01, 0.01, 0.01, 0.03, 0.04, 0.0, 0.01, 0.01, 0.01, 0.01, 0.03, 0.03, 0.01, 0.0, 0.01, 0.01, 0.03, 0.03, 0.01, 0.01, 0.03, 0.03, 0.01, 0.0, 0.03, 0.0, 0.01, 0.03, 0.0, 0.04, 0.03, 0.01, 0.01, 0.01, 0.01, 0.03, 0.03, 0.01, 0.01, 0.04, 0.03, 0.01, 0.04, 0.03, 0.01, 0.03, 0.0, 0.03, 0.0, 0.04, 0.03, 0.0, 0.03, 0.01, 0.0, 0.04, 0.03, 0.03, 0.01, 0.03, 0.03, 0.04, 0.01, 0.03, 0.0, 0.0, 0.01, 0.01, 0.04, 0.04, 0.03, 0.01, 0.04, 0.01, 0.04, 0.0, 0.01, 0.0, 0.01, 0.03, 0.03, 0.0, 0.01, 0.03, 0.03, 0.03, 0.01, 0.03, 0.03, 0.03, 0.01, 0.03, 0.0, 0.04, 0.01, 0.01, 0.01, 0.01, 0.03, 0.01, 0.04, 0.03, 0.0, 0.0, 0.01, 0.03]",0.18999999999999995,
112,Anti-Plurality,ATVA_4,150,3,"{'C': 107, 'B': 98, 'A': 95}","[0.52, 1.0, 1.0, 0.52, 1.0, 1.0, 1.0, 0.81, 0.81, 1.0, 1.0, 1.0, 0.81, 0.52, 0.52, 0.81, 0.81, 1.0, 0.52, 1.0, 0.81, 0.81, 0.52, 0.81, 0.43, 1.0, 0.81, 0.52, 0.43, 1.0, 0.81, 0.52, 0.43, 0.52, 1.0, 0.43, 0.43, 1.0, 0.43, 1.0, 0.43, 0.52, 1.0, 0.52, 1.0, 0.52, 0.43, 1.0, 0.52, 0.52, 0.43, 0.52, 1.0, 0.52, 0.52, 1.0, 1.0, 1.0, 1.0, 0.43, 0.43, 0.52, 0.52, 0.81, 1.0, 1.0, 0.52, 0.81, 0.52, 0.52, 1.0, 0.52, 0.43, 1.0, 0.81, 1.0, 0.81, 0.81, 0.81, 1.0, 0.43, 0.43, 0.52, 1.0, 0.43, 1.0, 1.0, 1.0, 0.81, 0.52, 1.0, 1.0, 0.52, 0.81, 1.0, 0.52, 1.0, 0.52, 0.52, 0.52, 1.0, 1.0, 1.0, 0.43, 1.0, 1.0, 0.52, 0.81, 0.81, 0.43, 1.0, 0.81, 0.43, 0.81, 1.0, 1.0, 0.52, 0.52, 0.81, 0.52, 0.81, 0.81, 0.43, 1.0, 1.0, 1.0, 0.52, 1.0, 1.0, 0.81, 0.81, 0.43, 0.52, 1.0, 0.52, 0.52, 1.0, 1.0, 0.43, 0.43, 0.81, 0.52, 0.43, 1.0, 1.0, 0.52, 0.52, 1.0, 0.52, 0.81]",111.22,[],"[0.03, 0.01, 0.0, 0.03, 0.0, 0.01, 0.0, 0.01, 0.01, 0.0, 0.0, 0.01, 0.01, 0.03, 0.03, 0.01, 0.01, 0.0, 0.03, 0.01, 0.01, 0.01, 0.03, 0.01, 0.04, 0.0, 0.01, 0.03, 0.04, 0.01, 0.01, 0.03, 0.04, 0.03, 0.0, 0.04, 0.04, 0.01, 0.04, 0.01, 0.04, 0.03, 0.01, 0.03, 0.01, 0.03, 0.04, 0.01, 0.03, 0.03, 0.04, 0.03, 0.0, 0.03, 0.03, 0.0, 0.0, 0.0, 0.01, 0.04, 0.04, 0.03, 0.03, 0.01, 0.0, 0.01, 0.03, 0.01, 0.03, 0.03, 0.01, 0.03, 0.04, 0.01, 0.01, 0.01, 0.01, 0.01, 0.01, 0.01, 0.04, 0.04, 0.03, 0.01, 0.04, 0.0, 0.01, 0.0, 0.01, 0.03, 0.0, 0.01, 0.03, 0.01, 0.01, 0.03, 0.01, 0.03, 0.03, 0.03, 0.01, 0.0, 0.01, 0.04, 0.0, 0.01, 0.03, 0.01, 0.01, 0.04, 0.01, 0.01, 0.04, 0.01, 0.0, 0.0, 0.03, 0.03, 0.01, 0.03, 0.01, 0.01, 0.04, 0.0, 0.0, 0.01, 0.03, 0.01, 0.01, 0.01, 0.01, 0.04, 0.03, 0.01, 0.03, 0.03, 0.0, 0.0, 0.04, 0.04, 0.01, 0.03, 0.04, 0.0, 0.01, 0.03, 0.03, 0.0, 0.03, 0.01]",0,
113,Anti-Plurality,ATVA_4,150,3,"{'B': 103, 'C': 102, 'A': 95}","[1.0, 0.43, 0.81, 0.52, 0.81, 0.52, 0.43, 0.43, 0.81, 0.81, 1.0, 0.52, 1.0, 0.43, 0.52, 1.0, 1.0, 0.43, 0.81, 0.52, 0.52, 0.43, 1.0, 0.52, 1.0, 1.0, 0.52, 0.43, 1.0, 0.52, 0.52, 0.81, 1.0, 0.81, 0.52, 0.52, 0.52, 1.0, 0.43, 1.0, 0.52, 0.81, 0.81, 0.52, 1.0, 0.52, 1.0, 0.81, 0.52, 0.52, 1.0, 1.0, 0.81, 0.52, 0.81, 0.43, 1.0, 0.43, 1.0, 1.0, 0.43, 0.52, 0.52, 0.81, 1.0, 0.43, 0.52, 0.52, 1.0, 1.0, 0.52, 0.43, 0.52, 0.43, 1.0, 1.0, 1.0, 0.43, 1.0, 0.52, 0.43, 1.0, 1.0, 1.0, 1.0, 0.81, 1.0, 0.43, 0.81, 0.43, 0.43, 0.52, 1.0, 0.81, 0.81, 1.0, 1.0, 0.43, 0.81, 1.0, 1.0, 0.43, 0.52, 0.52, 1.0, 0.81, 1.0, 0.81, 0.81, 0.52, 0.81, 1.0, 0.81, 1.0, 0.52, 0.43, 0.52, 1.0, 1.0, 1.0, 0.43, 0.43, 0.52, 0.43, 0.52, 0.43, 0.81, 0.52, 0.52, 0.52, 1.0, 0.81, 1.0, 0.43, 0.81, 0.81, 0.81, 0.81, 1.0, 0.81, 0.43, 0.43, 0.52, 0.81, 0.52, 0.43, 1.0, 0.52, 0.52, 1.0]",107.33000000000001,[],"[0.0, 0.04, 0.01, 0.03, 0.01, 0.03, 0.04, 0.04, 0.01, 0.01, 0.0, 0.03, 0.0, 0.04, 0.03, 0.0, 0.0, 0.04, 0.01, 0.03, 0.03, 0.04, 0.01, 0.03, 0.01, 0.0, 0.03, 0.04, 0.01, 0.03, 0.03, 0.01, 0.0, 0.01, 0.03, 0.03, 0.03, 0.0, 0.04, 0.01, 0.03, 0.01, 0.01, 0.03, 0.01, 0.03, 0.0, 0.01, 0.03, 0.03, 0.01, 0.0, 0.01, 0.03, 0.01, 0.04, 0.01, 0.04, 0.01, 0.0, 0.04, 0.03, 0.03, 0.01, 0.01, 0.04, 0.03, 0.03, 0.01, 0.01, 0.03, 0.04, 0.03, 0.04, 0.01, 0.0, 0.0, 0.04, 0.01, 0.03, 0.04, 0.0, 0.01, 0.0, 0.0, 0.01, 0.0, 0.04, 0.01, 0.04, 0.04, 0.03, 0.01, 0.01, 0.01, 0.0, 0.01, 0.04, 0.01, 0.0, 0.0, 0.04, 0.03, 0.03, 0.01, 0.01, 0.01, 0.01, 0.01, 0.03, 0.01, 0.01, 0.01, 0.01, 0.03, 0.04, 0.03, 0.0, 0.0, 0.0, 0.04, 0.04, 0.03, 0.04, 0.03, 0.04, 0.01, 0.03, 0.03, 0.03, 0.01, 0.01, 0.01, 0.04, 0.01, 0.01, 0.01, 0.01, 0.0, 0.01, 0.04, 0.04, 0.03, 0.01, 0.03, 0.04, 0.01, 0.03, 0.03, 0.01]",0,
114,Anti-Plurality,ATVA_4,150,3,"{'A': 102, 'B': 101, 'C': 97}","[0.52, 1.0, 0.81, 0.43, 0.43, 0.52, 1.0, 0.52, 0.52, 0.52, 0.52, 0.43, 1.0, 1.0, 0.81, 1.0, 0.43, 0.43, 1.0, 0.52, 0.81, 1.0, 1.0, 0.52, 1.0, 1.0, 0.52, 0.81, 1.0, 1.0, 1.0, 0.52, 0.81, 1.0, 0.52, 0.43, 0.81, 0.52, 0.81, 0.43, 0.52, 1.0, 0.52, 0.81, 0.52, 0.43, 1.0, 0.52, 0.43, 0.81, 0.52, 1.0, 0.81, 0.43, 1.0, 0.52, 1.0, 1.0, 1.0, 0.52, 1.0, 0.43, 0.43, 0.81, 0.52, 0.43, 1.0, 0.52, 1.0, 0.43, 1.0, 1.0, 0.43, 1.0, 0.81, 0.52, 0.52, 0.81, 1.0, 0.52, 0.52, 1.0, 1.0, 0.43, 0.43, 0.81, 0.52, 1.0, 1.0, 0.43, 1.0, 0.81, 1.0, 0.52, 1.0, 0.81, 0.43, 0.43, 0.81, 1.0, 1.0, 0.52, 0.43, 0.43, 0.52, 1.0, 1.0, 1.0, 0.81, 1.0, 0.81, 1.0, 0.43, 0.43, 0.52, 0.81, 0.52, 0.52, 1.0, 0.52, 0.43, 1.0, 1.0, 0.52, 0.52, 0.81, 0.81, 0.52, 1.0, 1.0, 1.0, 0.81, 1.0, 1.0, 0.81, 1.0, 1.0, 0.52, 1.0, 0.52, 0.52, 0.81, 0.52, 0.52, 1.0, 1.0, 0.43, 1.0, 0.52, 0.52]",109.79000000000002,[],"[0.03, 0.01, 0.01, 0.04, 0.04, 0.03, 0.01, 0.03, 0.03, 0.03, 0.03, 0.04, 0.0, 0.01, 0.01, 0.01, 0.04, 0.04, 0.0, 0.03, 0.01, 0.01, 0.01, 0.03, 0.01, 0.01, 0.03, 0.01, 0.0, 0.01, 0.01, 0.03, 0.01, 0.0, 0.03, 0.04, 0.01, 0.03, 0.01, 0.04, 0.03, 0.0, 0.03, 0.01, 0.03, 0.04, 0.0, 0.03, 0.04, 0.01, 0.03, 0.01, 0.01, 0.04, 0.01, 0.03, 0.0, 0.0, 0.01, 0.03, 0.0, 0.04, 0.04, 0.01, 0.03, 0.04, 0.01, 0.03, 0.01, 0.04, 0.01, 0.0, 0.04, 0.01, 0.01, 0.03, 0.03, 0.01, 0.0, 0.03, 0.03, 0.0, 0.0, 0.04, 0.04, 0.01, 0.03, 0.01, 0.01, 0.04, 0.01, 0.01, 0.0, 0.03, 0.01, 0.01, 0.04, 0.04, 0.01, 0.0, 0.01, 0.03, 0.04, 0.04, 0.03, 0.0, 0.01, 0.0, 0.01, 0.01, 0.01, 0.01, 0.04, 0.04, 0.03, 0.01, 0.03, 0.03, 0.01, 0.03, 0.04, 0.0, 0.0, 0.03, 0.03, 0.01, 0.01, 0.03, 0.0, 0.0, 0.0, 0.01, 0.01, 0.0, 0.01, 0.0, 0.0, 0.03, 0.0, 0.03, 0.03, 0.01, 0.03, 0.03, 0.0, 0.01, 0.04, 0.0, 0.03, 0.03]",0,
115,Anti-Plurality,ATVA_4,150,3,"{'C': 110, 'B': 98, 'A': 92}","[1.0, 1.0, 0.52, 0.52, 0.52, 0.81, 0.81, 1.0, 0.81, 1.0, 0.81, 0.52, 0.52, 1.0, 0.52, 0.81, 0.52, 1.0, 1.0, 0.81, 0.52, 0.81, 1.0, 0.52, 0.52, 1.0, 0.52, 1.0, 0.52, 0.52, 0.52, 1.0, 0.52, 1.0, 0.81, 0.81, 0.81, 1.0, 0.81, 1.0, 0.81, 0.52, 1.0, 1.0, 1.0, 1.0, 0.52, 1.0, 0.81, 0.52, 0.52, 0.52, 0.43, 0.81, 0.52, 0.43, 0.52, 0.52, 1.0, 0.81, 0.81, 0.81, 1.0, 1.0, 0.81, 0.52, 0.52, 1.0, 0.52, 0.52, 1.0, 0.52, 0.43, 0.81, 0.81, 1.0, 0.52, 1.0, 0.43, 0.52, 0.52, 0.52, 0.52, 0.43, 0.81, 0.81, 1.0, 0.52, 0.81, 0.81, 0.81, 0.52, 0.52, 1.0, 0.81, 0.81, 1.0, 0.52, 0.52, 1.0, 0.81, 0.52, 1.0, 1.0, 0.52, 0.52, 0.52, 0.43, 1.0, 1.0, 0.52, 0.52, 0.81, 1.0, 0.52, 0.81, 0.43, 0.52, 0.52, 0.52, 0.52, 0.43, 0.81, 1.0, 0.52, 0.43, 0.81, 0.81, 0.43, 0.52, 1.0, 0.52, 0.52, 0.52, 0.52, 0.81, 0.52, 0.81, 0.52, 1.0, 0.43, 1.0, 0.52, 1.0, 0.81, 0.52, 1.0, 1.0, 1.0, 1.0]",108.57,[],"[0.01, 0.0, 0.03, 0.03, 0.03, 0.01, 0.01, 0.01, 0.01, 0.01, 0.01, 0.03, 0.03, 0.01, 0.03, 0.01, 0.03, 0.01, 0.0, 0.01, 0.03, 0.01, 0.0, 0.03, 0.03, 0.01, 0.03, 0.0, 0.03, 0.03, 0.03, 0.01, 0.03, 0.0, 0.01, 0.01, 0.01, 0.01, 0.01, 0.0, 0.01, 0.03, 0.01, 0.0, 0.01, 0.01, 0.03, 0.0, 0.01, 0.03, 0.03, 0.03, 0.04, 0.01, 0.03, 0.04, 0.03, 0.03, 0.01, 0.01, 0.01, 0.01, 0.0, 0.0, 0.01, 0.03, 0.03, 0.01, 0.03, 0.03, 0.01, 0.03, 0.04, 0.01, 0.01, 0.0, 0.03, 0.0, 0.04, 0.03, 0.03, 0.03, 0.03, 0.04, 0.01, 0.01, 0.0, 0.03, 0.01, 0.01, 0.01, 0.03, 0.03, 0.01, 0.01, 0.01, 0.01, 0.03, 0.03, 0.0, 0.01, 0.03, 0.01, 0.0, 0.03, 0.03, 0.03, 0.04, 0.0, 0.01, 0.03, 0.03, 0.01, 0.0, 0.03, 0.01, 0.04, 0.03, 0.03, 0.03, 0.03, 0.04, 0.01, 0.0, 0.03, 0.04, 0.01, 0.01, 0.04, 0.03, 0.01, 0.03, 0.03, 0.03, 0.03, 0.01, 0.03, 0.01, 0.03, 0.0, 0.04, 0.0, 0.03, 0.0, 0.01, 0.03, 0.01, 0.01, 0.01, 0.0]",0,
116,Anti-Plurality,ATVA_4,150,3,"{'B': 106, 'C': 104, 'A': 90}","[1.0, 1.0, 0.81, 0.43, 0.81, 1.0, 0.52, 0.81, 0.52, 1.0, 0.81, 0.52, 1.0, 0.43, 1.0, 0.43, 1.0, 1.0, 0.43, 0.43, 1.0, 0.43, 0.52, 0.52, 1.0, 0.52, 1.0, 1.0, 0.81, 0.81, 1.0, 1.0, 0.81, 1.0, 0.52, 1.0, 0.81, 1.0, 0.52, 0.43, 0.52, 0.52, 0.81, 0.52, 0.81, 1.0, 1.0, 0.81, 0.81, 1.0, 0.81, 1.0, 0.52, 0.81, 1.0, 0.52, 0.81, 0.81, 1.0, 0.52, 0.81, 0.52, 0.81, 0.52, 1.0, 0.81, 1.0, 0.81, 1.0, 1.0, 0.52, 0.52, 0.52, 1.0, 0.52, 0.43, 0.52, 0.52, 0.52, 1.0, 0.81, 1.0, 1.0, 0.43, 1.0, 0.81, 0.43, 0.43, 0.81, 0.81, 1.0, 0.43, 1.0, 1.0, 0.43, 0.52, 1.0, 1.0, 0.52, 1.0, 0.43, 0.52, 0.81, 0.52, 1.0, 0.52, 0.52, 0.81, 0.52, 0.52, 0.81, 1.0, 0.52, 0.43, 0.43, 0.52, 0.52, 1.0, 0.52, 0.52, 0.43, 0.52, 0.52, 0.52, 0.81, 1.0, 0.81, 1.0, 0.52, 0.81, 0.81, 1.0, 1.0, 1.0, 0.52, 0.52, 0.81, 0.52, 1.0, 0.52, 0.81, 1.0, 1.0, 1.0, 0.43, 0.52, 0.43, 1.0, 0.43, 0.52]",110.25,[],"[0.01, 0.0, 0.01, 0.04, 0.01, 0.01, 0.03, 0.01, 0.03, 0.0, 0.01, 0.03, 0.01, 0.04, 0.01, 0.04, 0.0, 0.0, 0.04, 0.04, 0.0, 0.04, 0.03, 0.03, 0.01, 0.03, 0.01, 0.01, 0.01, 0.01, 0.01, 0.01, 0.01, 0.01, 0.03, 0.01, 0.01, 0.0, 0.03, 0.04, 0.03, 0.03, 0.01, 0.03, 0.01, 0.0, 0.01, 0.01, 0.01, 0.01, 0.01, 0.0, 0.03, 0.01, 0.01, 0.03, 0.01, 0.01, 0.0, 0.03, 0.01, 0.03, 0.01, 0.03, 0.01, 0.01, 0.0, 0.01, 0.0, 0.0, 0.03, 0.03, 0.03, 0.0, 0.03, 0.04, 0.03, 0.03, 0.03, 0.0, 0.01, 0.0, 0.01, 0.04, 0.01, 0.01, 0.04, 0.04, 0.01, 0.01, 0.0, 0.04, 0.01, 0.0, 0.04, 0.03, 0.0, 0.0, 0.03, 0.0, 0.04, 0.03, 0.01, 0.03, 0.01, 0.03, 0.03, 0.01, 0.03, 0.03, 0.01, 0.0, 0.03, 0.04, 0.04, 0.03, 0.03, 0.0, 0.03, 0.03, 0.04, 0.03, 0.03, 0.03, 0.01, 0.0, 0.01, 0.0, 0.03, 0.01, 0.01, 0.0, 0.0, 0.01, 0.03, 0.03, 0.01, 0.03, 0.01, 0.03, 0.01, 0.01, 0.01, 0.01, 0.04, 0.03, 0.04, 0.0, 0.04, 0.03]",0,
117,Anti-Plurality,ATVA_4,150,3,"{'B': 109, 'C': 98, 'A': 93}","[1.0, 0.52, 0.52, 0.81, 1.0, 1.0, 0.52, 0.52, 1.0, 0.81, 1.0, 0.43, 1.0, 0.43, 1.0, 1.0, 1.0, 1.0, 0.52, 0.52, 0.81, 0.81, 0.52, 0.43, 0.43, 0.81, 1.0, 0.43, 1.0, 0.43, 0.52, 1.0, 0.43, 1.0, 1.0, 1.0, 1.0, 0.52, 1.0, 0.52, 0.81, 0.52, 0.43, 0.52, 0.52, 1.0, 0.52, 1.0, 0.52, 0.52, 1.0, 0.81, 1.0, 0.52, 0.52, 0.52, 0.52, 1.0, 0.43, 0.43, 1.0, 0.43, 1.0, 0.43, 1.0, 0.43, 0.81, 0.43, 1.0, 0.43, 0.52, 0.52, 1.0, 0.81, 0.52, 0.43, 1.0, 1.0, 0.81, 0.52, 1.0, 0.81, 0.81, 0.52, 1.0, 0.81, 0.81, 1.0, 0.52, 0.81, 0.43, 0.81, 0.52, 0.52, 1.0, 1.0, 0.81, 1.0, 0.52, 0.81, 0.81, 0.81, 0.81, 0.52, 0.81, 1.0, 1.0, 0.43, 1.0, 1.0, 0.52, 0.52, 0.52, 0.52, 0.81, 0.52, 0.43, 0.52, 1.0, 0.81, 0.52, 0.52, 1.0, 1.0, 1.0, 0.81, 1.0, 0.81, 1.0, 0.43, 1.0, 1.0, 1.0, 0.43, 1.0, 0.43, 0.81, 0.52, 1.0, 1.0, 0.81, 0.52, 0.81, 1.0, 0.81, 1.0, 1.0, 0.52, 1.0, 0.81]",111.89,[],"[0.01, 0.03, 0.03, 0.01, 0.01, 0.0, 0.03, 0.03, 0.0, 0.01, 0.0, 0.04, 0.01, 0.04, 0.0, 0.0, 0.0, 0.01, 0.03, 0.03, 0.01, 0.01, 0.03, 0.04, 0.04, 0.01, 0.01, 0.04, 0.0, 0.04, 0.03, 0.01, 0.04, 0.0, 0.01, 0.0, 0.01, 0.03, 0.01, 0.03, 0.01, 0.03, 0.04, 0.03, 0.03, 0.0, 0.03, 0.01, 0.03, 0.03, 0.0, 0.01, 0.0, 0.03, 0.03, 0.03, 0.03, 0.01, 0.04, 0.04, 0.0, 0.04, 0.01, 0.04, 0.01, 0.04, 0.01, 0.04, 0.01, 0.04, 0.03, 0.03, 0.01, 0.01, 0.03, 0.04, 0.0, 0.01, 0.01, 0.03, 0.01, 0.01, 0.01, 0.03, 0.01, 0.01, 0.01, 0.0, 0.03, 0.01, 0.04, 0.01, 0.03, 0.03, 0.0, 0.01, 0.01, 0.0, 0.03, 0.01, 0.01, 0.01, 0.01, 0.03, 0.01, 0.01, 0.0, 0.04, 0.01, 0.01, 0.03, 0.03, 0.03, 0.03, 0.01, 0.03, 0.04, 0.03, 0.0, 0.01, 0.03, 0.03, 0.0, 0.0, 0.01, 0.01, 0.01, 0.01, 0.0, 0.04, 0.01, 0.0, 0.01, 0.04, 0.01, 0.04, 0.01, 0.03, 0.01, 0.0, 0.01, 0.03, 0.01, 0.01, 0.01, 0.0, 0.0, 0.03, 0.01, 0.01]",0,
118,Anti-Plurality,ATVA_4,150,3,"{'C': 107, 'B': 100, 'A': 93}","[1.0, 0.52, 1.0, 1.0, 0.52, 1.0, 0.43, 1.0, 0.52, 1.0, 0.52, 1.0, 0.52, 0.43, 0.81, 0.52, 0.43, 0.81, 0.81, 0.43, 1.0, 0.43, 0.52, 0.43, 0.43, 0.81, 1.0, 0.81, 1.0, 0.52, 0.52, 0.43, 1.0, 0.52, 1.0, 1.0, 1.0, 0.43, 1.0, 0.81, 1.0, 1.0, 0.81, 0.81, 1.0, 0.52, 1.0, 0.43, 0.81, 1.0, 1.0, 0.52, 1.0, 0.52, 0.52, 1.0, 0.43, 1.0, 0.52, 0.43, 1.0, 0.52, 0.52, 0.52, 1.0, 0.52, 0.52, 1.0, 0.52, 0.52, 0.43, 1.0, 1.0, 0.52, 0.81, 1.0, 0.52, 0.52, 0.81, 0.52, 1.0, 1.0, 0.81, 0.52, 0.81, 1.0, 0.52, 1.0, 0.52, 1.0, 0.43, 0.43, 0.43, 1.0, 0.81, 0.81, 0.81, 1.0, 0.43, 0.52, 1.0, 0.43, 0.52, 0.52, 0.43, 0.52, 0.52, 0.43, 0.81, 1.0, 1.0, 1.0, 1.0, 0.43, 0.52, 0.81, 0.52, 0.43, 0.81, 0.81, 1.0, 0.52, 0.81, 0.43, 0.52, 1.0, 0.43, 0.52, 1.0, 0.52, 0.52, 1.0, 0.52, 0.43, 0.52, 0.52, 1.0, 0.81, 1.0, 0.81, 0.52, 0.52, 1.0, 1.0, 0.81, 0.52, 1.0, 1.0, 0.43, 1.0]",108.06,[],"[0.0, 0.03, 0.01, 0.0, 0.03, 0.01, 0.04, 0.0, 0.03, 0.01, 0.03, 0.01, 0.03, 0.04, 0.01, 0.03, 0.04, 0.01, 0.01, 0.04, 0.01, 0.04, 0.03, 0.04, 0.04, 0.01, 0.01, 0.01, 0.0, 0.03, 0.03, 0.04, 0.0, 0.03, 0.0, 0.0, 0.01, 0.04, 0.01, 0.01, 0.0, 0.01, 0.01, 0.01, 0.0, 0.03, 0.0, 0.04, 0.01, 0.0, 0.0, 0.03, 0.0, 0.03, 0.03, 0.0, 0.04, 0.0, 0.03, 0.04, 0.01, 0.03, 0.03, 0.03, 0.01, 0.03, 0.03, 0.0, 0.03, 0.03, 0.04, 0.01, 0.0, 0.03, 0.01, 0.01, 0.03, 0.03, 0.01, 0.03, 0.0, 0.0, 0.01, 0.03, 0.01, 0.0, 0.03, 0.0, 0.03, 0.01, 0.04, 0.04, 0.04, 0.0, 0.01, 0.01, 0.01, 0.01, 0.04, 0.03, 0.0, 0.04, 0.03, 0.03, 0.04, 0.03, 0.03, 0.04, 0.01, 0.0, 0.0, 0.0, 0.0, 0.04, 0.03, 0.01, 0.03, 0.04, 0.01, 0.01, 0.0, 0.03, 0.01, 0.04, 0.03, 0.0, 0.04, 0.03, 0.0, 0.03, 0.03, 0.0, 0.03, 0.04, 0.03, 0.03, 0.01, 0.01, 0.01, 0.01, 0.03, 0.03, 0.01, 0.0, 0.01, 0.03, 0.01, 0.01, 0.04, 0.0]",0,
119,Anti-Plurality,ATVA_4,150,3,"{'C': 102, 'B': 101, 'A': 97}","[1.0, 1.0, 1.0, 1.0, 0.52, 0.52, 0.52, 0.81, 0.81, 0.52, 0.52, 0.81, 0.81, 1.0, 0.43, 0.43, 0.52, 0.52, 0.43, 1.0, 0.81, 0.81, 0.52, 1.0, 1.0, 0.43, 0.52, 0.81, 0.81, 0.81, 1.0, 0.43, 0.81, 0.81, 0.43, 1.0, 1.0, 0.52, 0.81, 0.52, 0.52, 0.52, 0.81, 1.0, 0.52, 0.81, 1.0, 1.0, 1.0, 0.52, 1.0, 0.81, 0.43, 0.52, 0.43, 0.43, 0.52, 1.0, 1.0, 1.0, 1.0, 0.43, 0.52, 0.81, 0.52, 0.52, 0.52, 0.52, 1.0, 0.52, 1.0, 0.52, 1.0, 0.52, 0.43, 0.81, 0.43, 0.43, 0.81, 1.0, 0.52, 0.52, 0.81, 0.43, 0.52, 0.43, 1.0, 0.43, 0.52, 0.43, 1.0, 0.81, 0.52, 1.0, 1.0, 0.43, 1.0, 1.0, 1.0, 0.52, 1.0, 0.52, 0.52, 1.0, 1.0, 0.52, 1.0, 1.0, 0.81, 0.81, 0.81, 0.52, 1.0, 1.0, 0.81, 0.52, 1.0, 0.43, 0.52, 1.0, 1.0, 1.0, 1.0, 0.52, 1.0, 1.0, 1.0, 0.52, 0.52, 0.43, 1.0, 0.52, 1.0, 0.52, 1.0, 1.0, 0.52, 0.52, 0.43, 0.52, 1.0, 0.81, 1.0, 1.0, 1.0, 0.52, 0.43, 0.43, 0.43, 1.0]",109.49,"[8, 9, 12, 13, 21, 22, 28, 29, 30, 33, 34, 39, 43, 46, 52, 64, 76, 79, 83, 92, 109, 110, 111, 115, 142]","[0.0, 0.01, 0.01, 0.0, 0.03, 0.03, 0.03, 0.01, 0.01, 0.03, 0.03, 0.01, 0.01, 0.0, 0.04, 0.04, 0.03, 0.03, 0.04, 0.01, 0.01, 0.01, 0.03, 0.01, 0.01, 0.04, 0.03, 0.01, 0.01, 0.01, 0.01, 0.04, 0.01, 0.01, 0.04, 0.01, 0.01, 0.03, 0.01, 0.03, 0.03, 0.03, 0.01, 0.01, 0.03, 0.01, 0.01, 0.0, 0.0, 0.03, 0.01, 0.01, 0.04, 0.03, 0.04, 0.04, 0.03, 0.01, 0.01, 0.01, 0.0, 0.04, 0.03, 0.01, 0.03, 0.03, 0.03, 0.03, 0.01, 0.03, 0.0, 0.03, 0.01, 0.03, 0.04, 0.01, 0.04, 0.04, 0.01, 0.0, 0.03, 0.03, 0.01, 0.04, 0.03, 0.04, 0.01, 0.04, 0.03, 0.04, 0.01, 0.01, 0.03, 0.0, 0.0, 0.04, 0.0, 0.01, 0.0, 0.03, 0.0, 0.03, 0.03, 0.0, 0.0, 0.03, 0.01, 0.01, 0.01, 0.01, 0.01, 0.03, 0.01, 0.01, 0.01, 0.03, 0.0, 0.04, 0.03, 0.0, 0.0, 0.0, 0.01, 0.03, 0.01, 0.0, 0.0, 0.03, 0.03, 0.04, 0.0, 0.03, 0.0, 0.03, 0.01, 0.0, 0.03, 0.03, 0.04, 0.03, 0.01, 0.01, 0.0, 0.0, 0.0, 0.03, 0.04, 0.04, 0.04, 0.0]",0.18999999999999995,
120,Borda,BTVA,150,3,"{'A': 170, 'B': 152, 'C': 128}","[1.0, 0.52, 0.52, 1.0, 1.0, 0.52, 1.0, 1.0, 0.81, 0.52, 0.52, 0.52, 0.81, 0.43, 0.43, 1.0, 1.0, 0.81, 0.52, 0.81, 0.43, 0.43, 0.52, 1.0, 0.52, 1.0, 0.43, 0.52, 1.0, 0.81, 1.0, 1.0, 1.0, 0.52, 0.81, 1.0, 0.52, 0.81, 1.0, 0.81, 0.81, 0.52, 0.81, 0.43, 1.0, 1.0, 0.52, 0.52, 1.0, 1.0, 0.52, 0.81, 1.0, 1.0, 0.81, 0.81, 1.0, 1.0, 0.81, 0.81, 0.43, 0.52, 0.43, 0.52, 1.0, 0.43, 0.81, 0.43, 1.0, 1.0, 1.0, 0.52, 1.0, 0.52, 0.43, 1.0, 1.0, 1.0, 1.0, 0.52, 0.81, 0.52, 1.0, 1.0, 1.0, 1.0, 0.52, 0.81, 0.52, 0.52, 0.52, 0.52, 1.0, 1.0, 1.0, 0.43, 0.81, 0.52, 0.81, 0.81, 1.0, 0.52, 0.43, 1.0, 1.0, 0.81, 0.52, 1.0, 1.0, 0.43, 1.0, 1.0, 1.0, 0.81, 0.81, 1.0, 1.0, 1.0, 1.0, 0.52, 0.81, 0.52, 1.0, 1.0, 1.0, 1.0, 0.52, 0.52, 0.52, 0.52, 0.81, 0.52, 0.52, 0.43, 0.81, 0.52, 0.43, 0.52, 0.52, 1.0, 0.52, 1.0, 0.52, 0.81, 0.52, 0.52, 0.52, 1.0, 1.0, 1.0]",113.48000000000002,[],"[0.01, 0.03, 0.03, 0.0, 0.01, 0.03, 0.01, 0.0, 0.01, 0.03, 0.03, 0.03, 0.01, 0.04, 0.04, 0.0, 0.01, 0.01, 0.03, 0.01, 0.04, 0.04, 0.03, 0.0, 0.03, 0.0, 0.04, 0.03, 0.0, 0.01, 0.0, 0.01, 0.0, 0.03, 0.01, 0.0, 0.03, 0.01, 0.01, 0.01, 0.01, 0.03, 0.01, 0.04, 0.01, 0.0, 0.03, 0.03, 0.01, 0.0, 0.03, 0.01, 0.0, 0.01, 0.01, 0.01, 0.0, 0.0, 0.01, 0.01, 0.04, 0.03, 0.04, 0.03, 0.01, 0.04, 0.01, 0.04, 0.0, 0.01, 0.0, 0.03, 0.01, 0.03, 0.04, 0.01, 0.01, 0.0, 0.0, 0.03, 0.01, 0.03, 0.01, 0.0, 0.0, 0.01, 0.03, 0.01, 0.03, 0.03, 0.03, 0.03, 0.0, 0.01, 0.0, 0.04, 0.01, 0.03, 0.01, 0.01, 0.01, 0.03, 0.04, 0.01, 0.01, 0.01, 0.03, 0.0, 0.0, 0.04, 0.0, 0.0, 0.01, 0.01, 0.01, 0.01, 0.01, 0.01, 0.01, 0.03, 0.01, 0.03, 0.01, 0.0, 0.0, 0.0, 0.03, 0.03, 0.03, 0.03, 0.01, 0.03, 0.03, 0.04, 0.01, 0.03, 0.04, 0.03, 0.03, 0.0, 0.03, 0.01, 0.03, 0.01, 0.03, 0.03, 0.03, 0.01, 0.0, 0.0]",0,
121,Borda,BTVA,150,3,"{'A': 162, 'C': 148, 'B': 140}","[0.81, 1.0, 0.52, 0.43, 1.0, 0.81, 0.81, 0.81, 1.0, 0.52, 1.0, 1.0, 0.52, 0.43, 1.0, 0.43, 1.0, 0.52, 1.0, 0.52, 1.0, 0.81, 0.52, 0.43, 1.0, 0.81, 0.52, 1.0, 1.0, 1.0, 1.0, 0.81, 1.0, 0.52, 0.52, 0.52, 0.81, 0.81, 1.0, 0.52, 0.81, 1.0, 0.81, 0.81, 1.0, 0.52, 0.81, 0.52, 0.52, 1.0, 0.52, 0.81, 0.81, 0.52, 0.52, 0.43, 1.0, 0.81, 0.52, 0.52, 1.0, 1.0, 1.0, 0.52, 0.52, 1.0, 1.0, 0.52, 0.52, 0.43, 1.0, 0.81, 1.0, 1.0, 0.52, 0.81, 0.81, 0.52, 0.52, 0.52, 1.0, 0.43, 1.0, 1.0, 1.0, 0.52, 1.0, 1.0, 0.43, 0.52, 0.52, 0.81, 0.81, 1.0, 0.52, 0.52, 0.52, 0.52, 1.0, 0.52, 1.0, 1.0, 1.0, 0.52, 0.43, 0.52, 0.43, 0.52, 0.52, 0.52, 0.52, 1.0, 1.0, 0.52, 0.52, 0.52, 0.81, 0.52, 0.81, 1.0, 0.43, 1.0, 1.0, 0.52, 0.52, 0.43, 1.0, 0.52, 0.43, 1.0, 0.81, 1.0, 0.52, 1.0, 0.52, 0.52, 0.52, 0.81, 1.0, 0.81, 1.0, 0.52, 1.0, 0.81, 0.43, 0.52, 0.52, 0.52, 0.81, 0.43]",109.25000000000001,[],"[0.01, 0.01, 0.03, 0.04, 0.01, 0.01, 0.01, 0.01, 0.0, 0.03, 0.01, 0.01, 0.03, 0.04, 0.0, 0.04, 0.0, 0.03, 0.01, 0.03, 0.01, 0.01, 0.03, 0.04, 0.0, 0.01, 0.03, 0.01, 0.0, 0.01, 0.0, 0.01, 0.0, 0.03, 0.03, 0.03, 0.01, 0.01, 0.0, 0.03, 0.01, 0.0, 0.01, 0.01, 0.0, 0.03, 0.01, 0.03, 0.03, 0.0, 0.03, 0.01, 0.01, 0.03, 0.03, 0.04, 0.0, 0.01, 0.03, 0.03, 0.0, 0.01, 0.0, 0.03, 0.03, 0.01, 0.0, 0.03, 0.03, 0.04, 0.0, 0.01, 0.0, 0.0, 0.03, 0.01, 0.01, 0.03, 0.03, 0.03, 0.0, 0.04, 0.0, 0.01, 0.0, 0.03, 0.0, 0.0, 0.04, 0.03, 0.03, 0.01, 0.01, 0.01, 0.03, 0.03, 0.03, 0.03, 0.01, 0.03, 0.01, 0.01, 0.01, 0.03, 0.04, 0.03, 0.04, 0.03, 0.03, 0.03, 0.03, 0.01, 0.0, 0.03, 0.03, 0.03, 0.01, 0.03, 0.01, 0.0, 0.04, 0.01, 0.01, 0.03, 0.03, 0.04, 0.01, 0.03, 0.04, 0.0, 0.01, 0.0, 0.03, 0.0, 0.03, 0.03, 0.03, 0.01, 0.01, 0.01, 0.0, 0.03, 0.01, 0.01, 0.04, 0.03, 0.03, 0.03, 0.01, 0.04]",0,
122,Borda,BTVA,150,3,"{'A': 166, 'C': 143, 'B': 141}","[1.0, 1.0, 1.0, 0.52, 0.81, 0.52, 1.0, 1.0, 1.0, 0.52, 1.0, 0.52, 1.0, 0.52, 0.81, 0.52, 0.52, 1.0, 0.81, 0.43, 1.0, 1.0, 1.0, 1.0, 0.81, 0.52, 0.52, 0.43, 0.52, 0.81, 1.0, 0.43, 0.43, 1.0, 1.0, 1.0, 0.52, 1.0, 0.43, 1.0, 1.0, 1.0, 1.0, 1.0, 0.52, 0.52, 0.52, 0.52, 1.0, 1.0, 0.52, 1.0, 0.43, 0.52, 1.0, 0.52, 1.0, 0.43, 0.81, 0.43, 1.0, 0.52, 0.52, 1.0, 0.52, 0.52, 0.43, 1.0, 1.0, 0.43, 0.43, 0.52, 1.0, 0.52, 1.0, 0.81, 1.0, 0.43, 0.43, 1.0, 0.81, 0.81, 0.52, 1.0, 1.0, 1.0, 0.43, 0.52, 0.52, 0.81, 1.0, 1.0, 0.52, 1.0, 0.43, 0.43, 0.43, 0.43, 1.0, 1.0, 1.0, 0.43, 1.0, 0.52, 0.52, 0.52, 1.0, 0.52, 1.0, 0.81, 1.0, 1.0, 0.52, 1.0, 0.81, 0.81, 0.52, 0.43, 0.52, 1.0, 0.43, 1.0, 1.0, 1.0, 0.52, 1.0, 1.0, 0.81, 0.52, 0.43, 0.52, 1.0, 0.52, 1.0, 1.0, 0.81, 0.43, 0.81, 1.0, 0.81, 0.43, 0.81, 0.52, 1.0, 1.0, 1.0, 0.81, 0.52, 1.0, 0.43]",112.46000000000001,[],"[0.0, 0.01, 0.0, 0.03, 0.01, 0.03, 0.01, 0.01, 0.0, 0.03, 0.01, 0.03, 0.0, 0.03, 0.01, 0.03, 0.03, 0.01, 0.01, 0.04, 0.0, 0.01, 0.0, 0.01, 0.01, 0.03, 0.03, 0.04, 0.03, 0.01, 0.0, 0.04, 0.04, 0.01, 0.01, 0.0, 0.03, 0.01, 0.04, 0.01, 0.01, 0.01, 0.0, 0.01, 0.03, 0.03, 0.03, 0.03, 0.0, 0.0, 0.03, 0.01, 0.04, 0.03, 0.01, 0.03, 0.01, 0.04, 0.01, 0.04, 0.01, 0.03, 0.03, 0.0, 0.03, 0.03, 0.04, 0.0, 0.0, 0.04, 0.04, 0.03, 0.0, 0.03, 0.0, 0.01, 0.01, 0.04, 0.04, 0.01, 0.01, 0.01, 0.03, 0.0, 0.01, 0.01, 0.04, 0.03, 0.03, 0.01, 0.01, 0.0, 0.03, 0.01, 0.04, 0.04, 0.04, 0.04, 0.0, 0.01, 0.01, 0.04, 0.0, 0.03, 0.03, 0.03, 0.01, 0.03, 0.0, 0.01, 0.0, 0.0, 0.03, 0.01, 0.01, 0.01, 0.03, 0.04, 0.03, 0.0, 0.04, 0.0, 0.0, 0.0, 0.03, 0.01, 0.01, 0.01, 0.03, 0.04, 0.03, 0.0, 0.03, 0.0, 0.01, 0.01, 0.04, 0.01, 0.0, 0.01, 0.04, 0.01, 0.03, 0.01, 0.01, 0.0, 0.01, 0.03, 0.0, 0.04]",0,
123,Borda,BTVA,150,3,"{'A': 165, 'B': 143, 'C': 142}","[0.43, 1.0, 1.0, 0.43, 1.0, 1.0, 0.52, 1.0, 0.81, 0.52, 0.52, 0.52, 0.81, 1.0, 0.52, 1.0, 1.0, 0.52, 0.43, 0.81, 0.43, 1.0, 0.43, 1.0, 0.81, 0.43, 1.0, 1.0, 1.0, 0.52, 0.43, 1.0, 0.52, 0.43, 1.0, 0.52, 0.81, 0.52, 1.0, 0.52, 1.0, 1.0, 0.43, 0.52, 0.52, 1.0, 1.0, 0.81, 1.0, 1.0, 0.52, 1.0, 0.52, 1.0, 1.0, 0.43, 0.52, 1.0, 0.52, 0.81, 0.81, 0.81, 1.0, 0.52, 1.0, 0.52, 0.52, 0.81, 0.81, 0.52, 0.52, 0.43, 1.0, 0.43, 0.52, 0.81, 0.81, 1.0, 1.0, 0.52, 1.0, 0.43, 0.43, 1.0, 0.81, 0.81, 1.0, 1.0, 0.52, 0.52, 1.0, 0.43, 1.0, 0.52, 1.0, 0.81, 1.0, 0.52, 1.0, 0.81, 0.52, 0.52, 0.43, 1.0, 0.81, 0.52, 1.0, 1.0, 0.81, 1.0, 0.52, 1.0, 0.43, 0.52, 1.0, 0.52, 0.81, 0.81, 0.43, 0.81, 0.52, 0.43, 0.52, 1.0, 0.43, 0.52, 0.81, 1.0, 1.0, 1.0, 0.81, 0.52, 0.81, 0.52, 0.52, 0.81, 1.0, 1.0, 1.0, 1.0, 0.52, 0.52, 0.81, 0.52, 0.81, 1.0, 1.0, 1.0, 0.52, 0.43]",111.59,[],"[0.04, 0.01, 0.0, 0.04, 0.0, 0.01, 0.03, 0.0, 0.01, 0.03, 0.03, 0.03, 0.01, 0.0, 0.03, 0.0, 0.01, 0.03, 0.04, 0.01, 0.04, 0.01, 0.04, 0.0, 0.01, 0.04, 0.0, 0.01, 0.01, 0.03, 0.04, 0.0, 0.03, 0.04, 0.0, 0.03, 0.01, 0.03, 0.0, 0.03, 0.01, 0.01, 0.04, 0.03, 0.03, 0.01, 0.01, 0.01, 0.01, 0.01, 0.03, 0.0, 0.03, 0.01, 0.01, 0.04, 0.03, 0.0, 0.03, 0.01, 0.01, 0.01, 0.0, 0.03, 0.0, 0.03, 0.03, 0.01, 0.01, 0.03, 0.03, 0.04, 0.01, 0.04, 0.03, 0.01, 0.01, 0.0, 0.0, 0.03, 0.0, 0.04, 0.04, 0.0, 0.01, 0.01, 0.01, 0.01, 0.03, 0.03, 0.01, 0.04, 0.01, 0.03, 0.01, 0.01, 0.0, 0.03, 0.0, 0.01, 0.03, 0.03, 0.04, 0.01, 0.01, 0.03, 0.01, 0.01, 0.01, 0.0, 0.03, 0.01, 0.04, 0.03, 0.0, 0.03, 0.01, 0.01, 0.04, 0.01, 0.03, 0.04, 0.03, 0.01, 0.04, 0.03, 0.01, 0.0, 0.0, 0.01, 0.01, 0.03, 0.01, 0.03, 0.03, 0.01, 0.01, 0.01, 0.01, 0.01, 0.03, 0.03, 0.01, 0.03, 0.01, 0.01, 0.01, 0.01, 0.03, 0.04]",0,
124,Borda,BTVA,150,3,"{'B': 157, 'C': 147, 'A': 146}","[0.43, 1.0, 0.81, 1.0, 1.0, 0.52, 1.0, 1.0, 1.0, 1.0, 0.52, 0.52, 0.52, 0.81, 0.52, 0.52, 1.0, 0.43, 1.0, 0.81, 1.0, 1.0, 0.52, 0.81, 1.0, 0.43, 1.0, 1.0, 0.52, 1.0, 1.0, 0.52, 0.52, 0.81, 0.52, 0.43, 0.52, 0.43, 0.52, 0.81, 1.0, 0.81, 0.81, 0.52, 0.52, 0.81, 1.0, 1.0, 0.81, 0.81, 1.0, 1.0, 0.52, 1.0, 0.81, 0.52, 1.0, 1.0, 1.0, 0.81, 0.52, 1.0, 1.0, 1.0, 0.81, 0.43, 0.43, 0.52, 0.52, 1.0, 0.52, 0.43, 1.0, 0.52, 0.52, 0.52, 0.52, 1.0, 0.52, 0.81, 1.0, 0.43, 0.81, 1.0, 0.43, 1.0, 0.81, 0.43, 1.0, 0.52, 1.0, 0.81, 0.81, 0.52, 0.43, 0.43, 1.0, 1.0, 1.0, 0.43, 0.43, 0.52, 0.52, 1.0, 0.52, 1.0, 0.52, 1.0, 0.52, 0.52, 1.0, 1.0, 1.0, 0.52, 1.0, 1.0, 1.0, 0.81, 0.52, 0.81, 0.52, 0.43, 0.52, 0.52, 0.81, 0.43, 0.52, 1.0, 0.81, 1.0, 0.43, 1.0, 0.43, 0.43, 0.52, 1.0, 1.0, 1.0, 0.52, 0.52, 1.0, 0.52, 0.52, 0.52, 0.43, 0.52, 0.52, 0.81, 0.52, 0.81]",109.76000000000002,"[18, 26, 36, 38, 66, 67, 72, 82, 85, 88, 95, 96, 100, 101, 122, 126, 131, 133, 134, 145]","[0.04, 0.01, 0.01, 0.01, 0.0, 0.03, 0.01, 0.0, 0.01, 0.0, 0.03, 0.03, 0.03, 0.01, 0.03, 0.03, 0.01, 0.04, 0.01, 0.01, 0.01, 0.01, 0.03, 0.01, 0.0, 0.04, 0.01, 0.01, 0.03, 0.01, 0.0, 0.03, 0.03, 0.01, 0.03, 0.04, 0.03, 0.04, 0.03, 0.01, 0.0, 0.01, 0.01, 0.03, 0.03, 0.01, 0.0, 0.01, 0.01, 0.01, 0.01, 0.0, 0.03, 0.01, 0.01, 0.03, 0.0, 0.01, 0.0, 0.01, 0.03, 0.0, 0.01, 0.0, 0.01, 0.04, 0.04, 0.03, 0.03, 0.01, 0.03, 0.04, 0.01, 0.03, 0.03, 0.03, 0.03, 0.0, 0.03, 0.01, 0.01, 0.04, 0.01, 0.01, 0.04, 0.0, 0.01, 0.04, 0.01, 0.03, 0.01, 0.01, 0.01, 0.03, 0.04, 0.04, 0.01, 0.01, 0.01, 0.04, 0.04, 0.03, 0.03, 0.01, 0.03, 0.0, 0.03, 0.01, 0.03, 0.03, 0.0, 0.0, 0.01, 0.03, 0.01, 0.01, 0.0, 0.01, 0.03, 0.01, 0.03, 0.04, 0.03, 0.03, 0.01, 0.04, 0.03, 0.0, 0.01, 0.0, 0.04, 0.01, 0.04, 0.04, 0.03, 0.0, 0.0, 0.01, 0.03, 0.03, 0.01, 0.03, 0.03, 0.03, 0.04, 0.03, 0.03, 0.01, 0.03, 0.01]",0.09000000000000002,
125,Borda,BTVA,150,3,"{'B': 156, 'C': 150, 'A': 144}","[0.52, 1.0, 1.0, 1.0, 0.52, 0.52, 0.81, 0.43, 1.0, 1.0, 0.43, 1.0, 1.0, 1.0, 0.52, 0.43, 1.0, 0.43, 1.0, 0.52, 1.0, 0.52, 1.0, 0.52, 0.52, 0.43, 0.43, 0.81, 1.0, 0.81, 0.52, 0.81, 0.43, 1.0, 1.0, 1.0, 0.52, 0.43, 1.0, 1.0, 0.52, 1.0, 0.43, 0.52, 1.0, 0.52, 0.52, 1.0, 0.43, 0.43, 0.52, 1.0, 1.0, 0.52, 0.43, 0.81, 0.81, 0.43, 1.0, 0.52, 0.52, 0.43, 0.52, 0.52, 0.52, 0.81, 0.81, 0.52, 0.43, 0.81, 0.43, 0.52, 1.0, 0.81, 0.81, 0.52, 0.43, 1.0, 0.52, 0.81, 0.43, 1.0, 0.81, 0.52, 0.43, 1.0, 1.0, 1.0, 1.0, 0.52, 0.81, 0.81, 0.52, 0.52, 0.52, 0.52, 1.0, 1.0, 1.0, 1.0, 0.52, 1.0, 1.0, 0.52, 0.52, 1.0, 1.0, 0.43, 0.52, 0.81, 1.0, 1.0, 1.0, 0.52, 0.81, 0.52, 0.52, 0.81, 0.52, 1.0, 0.52, 0.43, 1.0, 0.81, 0.52, 0.43, 1.0, 0.81, 0.52, 1.0, 0.52, 0.81, 0.81, 0.81, 0.52, 1.0, 0.52, 0.52, 0.81, 0.81, 1.0, 0.81, 1.0, 0.52, 1.0, 1.0, 1.0, 0.81, 0.52, 0.52]",108.81,[],"[0.03, 0.0, 0.0, 0.01, 0.03, 0.03, 0.01, 0.04, 0.01, 0.01, 0.04, 0.0, 0.0, 0.0, 0.03, 0.04, 0.01, 0.04, 0.01, 0.03, 0.0, 0.03, 0.01, 0.03, 0.03, 0.04, 0.04, 0.01, 0.01, 0.01, 0.03, 0.01, 0.04, 0.0, 0.0, 0.01, 0.03, 0.04, 0.01, 0.0, 0.03, 0.01, 0.04, 0.03, 0.0, 0.03, 0.03, 0.0, 0.04, 0.04, 0.03, 0.0, 0.01, 0.03, 0.04, 0.01, 0.01, 0.04, 0.0, 0.03, 0.03, 0.04, 0.03, 0.03, 0.03, 0.01, 0.01, 0.03, 0.04, 0.01, 0.04, 0.03, 0.01, 0.01, 0.01, 0.03, 0.04, 0.01, 0.03, 0.01, 0.04, 0.0, 0.01, 0.03, 0.04, 0.01, 0.0, 0.01, 0.0, 0.03, 0.01, 0.01, 0.03, 0.03, 0.03, 0.03, 0.0, 0.01, 0.0, 0.0, 0.03, 0.0, 0.01, 0.03, 0.03, 0.0, 0.0, 0.04, 0.03, 0.01, 0.01, 0.0, 0.01, 0.03, 0.01, 0.03, 0.03, 0.01, 0.03, 0.01, 0.03, 0.04, 0.01, 0.01, 0.03, 0.04, 0.0, 0.01, 0.03, 0.01, 0.03, 0.01, 0.01, 0.01, 0.03, 0.01, 0.03, 0.03, 0.01, 0.01, 0.01, 0.01, 0.0, 0.03, 0.0, 0.01, 0.01, 0.01, 0.03, 0.03]",0,
126,Borda,BTVA,150,3,"{'A': 150, 'B': 150, 'C': 150}","[0.52, 0.43, 0.52, 0.43, 0.52, 0.52, 0.81, 0.52, 1.0, 1.0, 0.81, 1.0, 0.52, 1.0, 0.43, 1.0, 1.0, 0.43, 0.52, 0.52, 0.81, 0.81, 0.52, 0.52, 1.0, 1.0, 1.0, 0.52, 1.0, 0.43, 0.52, 0.43, 0.43, 1.0, 1.0, 0.52, 0.43, 0.43, 0.81, 1.0, 0.43, 1.0, 0.43, 1.0, 0.52, 0.81, 0.52, 1.0, 0.52, 1.0, 1.0, 1.0, 1.0, 0.43, 1.0, 0.52, 1.0, 0.52, 0.52, 1.0, 0.52, 0.52, 0.81, 1.0, 1.0, 0.52, 1.0, 1.0, 1.0, 1.0, 1.0, 0.52, 0.43, 1.0, 0.52, 0.52, 0.52, 1.0, 0.52, 0.52, 0.43, 0.52, 0.52, 0.52, 0.52, 1.0, 1.0, 1.0, 0.52, 1.0, 0.52, 1.0, 0.52, 1.0, 0.81, 1.0, 1.0, 0.81, 0.81, 0.52, 0.43, 1.0, 0.52, 0.43, 0.43, 0.52, 1.0, 0.81, 0.52, 0.81, 0.43, 0.43, 0.52, 0.43, 0.52, 0.43, 0.81, 1.0, 0.52, 0.52, 1.0, 0.52, 1.0, 0.52, 1.0, 0.52, 1.0, 0.52, 1.0, 1.0, 0.52, 1.0, 0.81, 0.43, 0.52, 1.0, 0.81, 0.43, 0.81, 0.43, 0.81, 0.52, 0.52, 0.52, 0.81, 0.52, 0.43, 0.81, 0.52, 0.43]",105.65,"[2, 4, 7, 11, 15, 18, 21, 22, 30, 32, 33, 37, 38, 39, 41, 43, 46, 54, 63, 73, 81, 95, 98, 99, 101, 104, 105, 108, 110, 111, 112, 114, 116, 117, 133, 134, 137, 138, 139, 140, 141, 145, 147, 148, 150]","[0.03, 0.04, 0.03, 0.04, 0.03, 0.03, 0.01, 0.03, 0.0, 0.0, 0.01, 0.0, 0.03, 0.01, 0.04, 0.0, 0.0, 0.04, 0.03, 0.03, 0.01, 0.01, 0.03, 0.03, 0.0, 0.01, 0.0, 0.03, 0.01, 0.04, 0.03, 0.04, 0.04, 0.0, 0.0, 0.03, 0.04, 0.04, 0.01, 0.01, 0.04, 0.0, 0.04, 0.0, 0.03, 0.01, 0.03, 0.0, 0.03, 0.0, 0.0, 0.0, 0.01, 0.04, 0.01, 0.03, 0.0, 0.03, 0.03, 0.0, 0.03, 0.03, 0.01, 0.01, 0.01, 0.03, 0.0, 0.01, 0.0, 0.01, 0.0, 0.03, 0.04, 0.0, 0.03, 0.03, 0.03, 0.0, 0.03, 0.03, 0.04, 0.03, 0.03, 0.03, 0.03, 0.01, 0.0, 0.01, 0.03, 0.0, 0.03, 0.0, 0.03, 0.0, 0.01, 0.0, 0.01, 0.01, 0.01, 0.03, 0.04, 0.0, 0.03, 0.04, 0.04, 0.03, 0.0, 0.01, 0.03, 0.01, 0.04, 0.04, 0.03, 0.04, 0.03, 0.04, 0.01, 0.0, 0.03, 0.03, 0.01, 0.03, 0.0, 0.03, 0.0, 0.03, 0.0, 0.03, 0.0, 0.01, 0.03, 0.0, 0.01, 0.04, 0.03, 0.0, 0.01, 0.04, 0.01, 0.04, 0.01, 0.03, 0.03, 0.03, 0.01, 0.03, 0.04, 0.01, 0.03, 0.04]",0.18999999999999995,
127,Borda,BTVA,150,3,"{'B': 163, 'C': 152, 'A': 135}","[1.0, 0.43, 0.52, 0.52, 1.0, 0.81, 1.0, 1.0, 1.0, 0.52, 0.52, 1.0, 1.0, 0.81, 0.52, 0.52, 0.52, 0.52, 1.0, 0.52, 0.81, 1.0, 0.52, 0.52, 0.52, 0.81, 0.81, 0.81, 0.52, 0.81, 0.52, 0.52, 1.0, 1.0, 1.0, 0.81, 1.0, 0.81, 1.0, 0.52, 1.0, 1.0, 1.0, 0.52, 1.0, 0.52, 0.43, 1.0, 0.43, 1.0, 1.0, 0.43, 0.43, 1.0, 0.81, 1.0, 0.81, 1.0, 1.0, 0.52, 1.0, 1.0, 1.0, 1.0, 0.81, 0.81, 0.52, 0.52, 1.0, 0.52, 0.52, 0.52, 0.52, 0.81, 0.43, 0.52, 1.0, 0.43, 0.81, 0.52, 1.0, 0.43, 1.0, 0.52, 0.43, 0.81, 0.52, 0.52, 0.52, 1.0, 0.81, 0.81, 0.52, 0.52, 0.81, 1.0, 0.81, 0.52, 0.52, 0.43, 0.52, 0.81, 1.0, 1.0, 0.43, 1.0, 0.81, 1.0, 0.52, 0.52, 0.52, 0.81, 1.0, 1.0, 0.52, 1.0, 1.0, 0.43, 0.81, 0.52, 1.0, 0.52, 1.0, 0.52, 0.81, 0.81, 0.43, 0.52, 0.43, 1.0, 1.0, 0.52, 0.52, 0.81, 1.0, 1.0, 0.81, 0.52, 1.0, 0.81, 0.52, 0.52, 1.0, 0.81, 0.81, 0.52, 0.52, 0.43, 0.43, 1.0]",110.51,[],"[0.0, 0.04, 0.03, 0.03, 0.0, 0.01, 0.01, 0.0, 0.01, 0.03, 0.03, 0.0, 0.0, 0.01, 0.03, 0.03, 0.03, 0.03, 0.01, 0.03, 0.01, 0.01, 0.03, 0.03, 0.03, 0.01, 0.01, 0.01, 0.03, 0.01, 0.03, 0.03, 0.0, 0.0, 0.01, 0.01, 0.01, 0.01, 0.01, 0.03, 0.01, 0.0, 0.01, 0.03, 0.0, 0.03, 0.04, 0.0, 0.04, 0.01, 0.0, 0.04, 0.04, 0.01, 0.01, 0.0, 0.01, 0.0, 0.01, 0.03, 0.0, 0.0, 0.0, 0.01, 0.01, 0.01, 0.03, 0.03, 0.01, 0.03, 0.03, 0.03, 0.03, 0.01, 0.04, 0.03, 0.0, 0.04, 0.01, 0.03, 0.01, 0.04, 0.01, 0.03, 0.04, 0.01, 0.03, 0.03, 0.03, 0.01, 0.01, 0.01, 0.03, 0.03, 0.01, 0.0, 0.01, 0.03, 0.03, 0.04, 0.03, 0.01, 0.01, 0.01, 0.04, 0.0, 0.01, 0.0, 0.03, 0.03, 0.03, 0.01, 0.01, 0.0, 0.03, 0.01, 0.0, 0.04, 0.01, 0.03, 0.01, 0.03, 0.01, 0.03, 0.01, 0.01, 0.04, 0.03, 0.04, 0.0, 0.0, 0.03, 0.03, 0.01, 0.01, 0.0, 0.01, 0.03, 0.0, 0.01, 0.03, 0.03, 0.0, 0.01, 0.01, 0.03, 0.03, 0.04, 0.04, 0.0]",0,
128,Borda,BTVA,150,3,"{'A': 159, 'C': 157, 'B': 134}","[1.0, 0.52, 0.52, 1.0, 0.81, 0.43, 0.52, 1.0, 0.81, 0.81, 0.52, 1.0, 1.0, 1.0, 0.81, 0.81, 0.52, 1.0, 1.0, 1.0, 0.81, 1.0, 0.52, 0.43, 1.0, 1.0, 0.81, 0.81, 0.81, 0.52, 0.43, 1.0, 0.81, 0.81, 0.52, 1.0, 1.0, 0.81, 0.52, 0.43, 0.43, 1.0, 0.43, 1.0, 1.0, 0.52, 0.52, 1.0, 1.0, 0.52, 1.0, 0.81, 0.81, 0.43, 0.81, 0.81, 0.81, 1.0, 0.81, 0.52, 0.52, 0.81, 0.52, 0.43, 0.81, 1.0, 0.52, 1.0, 1.0, 0.81, 0.52, 0.52, 0.81, 1.0, 0.43, 1.0, 1.0, 0.52, 1.0, 1.0, 0.43, 0.52, 1.0, 0.52, 0.52, 0.43, 0.52, 0.52, 0.81, 0.52, 1.0, 0.52, 0.52, 0.52, 0.52, 0.43, 0.52, 0.52, 0.43, 0.52, 1.0, 0.52, 1.0, 0.81, 0.81, 1.0, 0.52, 0.43, 1.0, 1.0, 1.0, 1.0, 1.0, 0.52, 0.43, 1.0, 1.0, 0.43, 0.52, 0.81, 0.81, 0.52, 1.0, 1.0, 0.52, 0.81, 1.0, 0.52, 0.43, 0.52, 1.0, 0.43, 1.0, 0.81, 0.52, 0.52, 0.81, 0.52, 1.0, 0.52, 1.0, 0.81, 0.52, 0.52, 0.52, 0.81, 1.0, 1.0, 0.43, 1.0]",110.53,[],"[0.0, 0.03, 0.03, 0.0, 0.01, 0.04, 0.03, 0.0, 0.01, 0.01, 0.03, 0.0, 0.01, 0.0, 0.01, 0.01, 0.03, 0.01, 0.0, 0.0, 0.01, 0.01, 0.03, 0.04, 0.0, 0.0, 0.01, 0.01, 0.01, 0.03, 0.04, 0.01, 0.01, 0.01, 0.03, 0.0, 0.0, 0.01, 0.03, 0.04, 0.04, 0.0, 0.04, 0.0, 0.01, 0.03, 0.03, 0.0, 0.01, 0.03, 0.01, 0.01, 0.01, 0.04, 0.01, 0.01, 0.01, 0.0, 0.01, 0.03, 0.03, 0.01, 0.03, 0.04, 0.01, 0.0, 0.03, 0.01, 0.0, 0.01, 0.03, 0.03, 0.01, 0.01, 0.04, 0.01, 0.01, 0.03, 0.01, 0.01, 0.04, 0.03, 0.01, 0.03, 0.03, 0.04, 0.03, 0.03, 0.01, 0.03, 0.01, 0.03, 0.03, 0.03, 0.03, 0.04, 0.03, 0.03, 0.04, 0.03, 0.01, 0.03, 0.0, 0.01, 0.01, 0.0, 0.03, 0.04, 0.0, 0.0, 0.01, 0.01, 0.01, 0.03, 0.04, 0.0, 0.0, 0.04, 0.03, 0.01, 0.01, 0.03, 0.0, 0.01, 0.03, 0.01, 0.0, 0.03, 0.04, 0.03, 0.01, 0.04, 0.01, 0.01, 0.03, 0.03, 0.01, 0.03, 0.0, 0.03, 0.01, 0.01, 0.03, 0.03, 0.03, 0.01, 0.01, 0.01, 0.04, 0.01]",0,
129,Borda,BTVA,150,3,"{'C': 155, 'B': 149, 'A': 146}","[0.52, 0.43, 0.43, 1.0, 1.0, 0.52, 0.52, 0.43, 0.52, 0.81, 0.52, 0.52, 0.52, 1.0, 1.0, 0.81, 0.43, 1.0, 0.81, 0.81, 0.52, 1.0, 0.43, 1.0, 1.0, 1.0, 0.52, 0.81, 0.43, 0.81, 0.52, 1.0, 0.43, 0.43, 0.43, 0.81, 0.81, 0.52, 1.0, 0.52, 1.0, 0.43, 0.52, 0.81, 0.81, 0.52, 1.0, 1.0, 0.81, 0.81, 0.43, 0.81, 1.0, 0.52, 0.81, 1.0, 0.81, 0.52, 1.0, 0.52, 0.81, 0.52, 1.0, 1.0, 1.0, 0.81, 1.0, 0.81, 1.0, 1.0, 0.43, 0.43, 0.52, 0.52, 0.81, 0.43, 0.52, 1.0, 0.52, 0.81, 0.43, 0.43, 1.0, 0.43, 1.0, 1.0, 0.81, 0.52, 0.81, 1.0, 0.43, 0.43, 0.52, 0.52, 1.0, 0.52, 0.52, 0.43, 1.0, 0.52, 0.52, 0.52, 0.81, 1.0, 1.0, 0.52, 0.43, 0.52, 1.0, 1.0, 0.52, 1.0, 0.81, 1.0, 1.0, 0.52, 1.0, 0.52, 1.0, 0.52, 0.52, 1.0, 1.0, 1.0, 1.0, 0.52, 0.52, 0.52, 1.0, 0.52, 0.43, 0.52, 1.0, 0.52, 0.81, 1.0, 0.52, 1.0, 1.0, 0.81, 0.43, 0.43, 1.0, 1.0, 0.43, 0.52, 0.81, 0.81, 1.0, 0.52]",108.35000000000001,[],"[0.03, 0.04, 0.04, 0.0, 0.0, 0.03, 0.03, 0.04, 0.03, 0.01, 0.03, 0.03, 0.03, 0.0, 0.0, 0.01, 0.04, 0.01, 0.01, 0.01, 0.03, 0.01, 0.04, 0.01, 0.01, 0.01, 0.03, 0.01, 0.04, 0.01, 0.03, 0.0, 0.04, 0.04, 0.04, 0.01, 0.01, 0.03, 0.0, 0.03, 0.0, 0.04, 0.03, 0.01, 0.01, 0.03, 0.01, 0.0, 0.01, 0.01, 0.04, 0.01, 0.01, 0.03, 0.01, 0.01, 0.01, 0.03, 0.0, 0.03, 0.01, 0.03, 0.0, 0.0, 0.01, 0.01, 0.01, 0.01, 0.0, 0.0, 0.04, 0.04, 0.03, 0.03, 0.01, 0.04, 0.03, 0.0, 0.03, 0.01, 0.04, 0.04, 0.0, 0.04, 0.01, 0.01, 0.01, 0.03, 0.01, 0.01, 0.04, 0.04, 0.03, 0.03, 0.0, 0.03, 0.03, 0.04, 0.01, 0.03, 0.03, 0.03, 0.01, 0.01, 0.0, 0.03, 0.04, 0.03, 0.0, 0.01, 0.03, 0.01, 0.01, 0.0, 0.01, 0.03, 0.01, 0.03, 0.0, 0.03, 0.03, 0.01, 0.01, 0.0, 0.01, 0.03, 0.03, 0.03, 0.0, 0.03, 0.04, 0.03, 0.0, 0.03, 0.01, 0.01, 0.03, 0.0, 0.0, 0.01, 0.04, 0.04, 0.01, 0.0, 0.04, 0.03, 0.01, 0.01, 0.01, 0.03]",0,
130,Borda,ATVA_1,150,3,"{'C': 154, 'B': 150, 'A': 146}","[1.0, 0.43, 1.0, 0.81, 0.52, 0.52, 0.43, 1.0, 1.0, 0.52, 0.43, 0.52, 0.52, 0.81, 1.0, 1.0, 0.52, 0.43, 0.81, 1.0, 0.81, 0.81, 0.43, 1.0, 0.43, 0.43, 1.0, 0.43, 0.52, 0.52, 0.52, 0.43, 0.52, 0.52, 1.0, 0.52, 0.43, 0.52, 0.52, 1.0, 1.0, 1.0, 1.0, 0.81, 0.52, 1.0, 1.0, 1.0, 0.43, 1.0, 1.0, 1.0, 1.0, 1.0, 0.52, 0.52, 0.43, 0.52, 0.81, 0.52, 0.81, 1.0, 0.81, 0.52, 0.52, 0.43, 0.52, 0.81, 1.0, 0.52, 1.0, 1.0, 0.43, 0.43, 0.52, 0.81, 0.52, 1.0, 0.43, 0.81, 0.52, 0.52, 0.52, 1.0, 1.0, 1.0, 0.52, 0.81, 0.81, 1.0, 0.52, 0.43, 0.52, 0.81, 1.0, 0.52, 0.52, 0.52, 1.0, 0.81, 0.52, 0.52, 0.52, 0.81, 0.52, 1.0, 1.0, 0.52, 1.0, 1.0, 0.43, 0.81, 1.0, 0.43, 1.0, 0.52, 0.52, 0.52, 0.52, 0.43, 1.0, 0.81, 0.43, 0.81, 0.43, 1.0, 0.52, 0.43, 1.0, 0.52, 0.81, 0.81, 0.52, 1.0, 0.81, 0.81, 0.52, 1.0, 0.52, 1.0, 1.0, 0.52, 0.81, 1.0, 0.52, 1.0, 1.0, 0.81, 0.81, 0.81]",107.57000000000001,[],"[0.01, 0.04, 0.01, 0.01, 0.03, 0.03, 0.04, 0.0, 0.0, 0.03, 0.04, 0.03, 0.03, 0.01, 0.0, 0.01, 0.03, 0.04, 0.01, 0.0, 0.01, 0.01, 0.04, 0.01, 0.04, 0.04, 0.0, 0.04, 0.03, 0.03, 0.03, 0.04, 0.03, 0.03, 0.0, 0.03, 0.04, 0.03, 0.03, 0.0, 0.0, 0.01, 0.0, 0.01, 0.03, 0.01, 0.0, 0.0, 0.04, 0.01, 0.01, 0.0, 0.0, 0.0, 0.03, 0.03, 0.04, 0.03, 0.01, 0.03, 0.01, 0.0, 0.01, 0.03, 0.03, 0.04, 0.03, 0.01, 0.01, 0.03, 0.01, 0.0, 0.04, 0.04, 0.03, 0.01, 0.03, 0.0, 0.04, 0.01, 0.03, 0.03, 0.03, 0.01, 0.0, 0.01, 0.03, 0.01, 0.01, 0.01, 0.03, 0.04, 0.03, 0.01, 0.01, 0.03, 0.03, 0.03, 0.01, 0.01, 0.03, 0.03, 0.03, 0.01, 0.03, 0.0, 0.0, 0.03, 0.01, 0.0, 0.04, 0.01, 0.0, 0.04, 0.0, 0.03, 0.03, 0.03, 0.03, 0.04, 0.0, 0.01, 0.04, 0.01, 0.04, 0.0, 0.03, 0.04, 0.0, 0.03, 0.01, 0.01, 0.03, 0.01, 0.01, 0.01, 0.03, 0.01, 0.03, 0.01, 0.0, 0.03, 0.01, 0.01, 0.03, 0.01, 0.01, 0.01, 0.01, 0.01]",0,
131,Borda,ATVA_1,150,3,"{'B': 158, 'C': 152, 'A': 140}","[0.52, 0.43, 0.52, 0.43, 0.81, 1.0, 0.52, 0.43, 1.0, 0.81, 0.81, 0.52, 0.52, 0.52, 0.81, 0.52, 0.81, 0.43, 1.0, 0.52, 0.52, 0.52, 1.0, 0.52, 1.0, 0.43, 1.0, 0.52, 0.52, 1.0, 1.0, 0.81, 1.0, 1.0, 0.43, 0.52, 0.52, 1.0, 1.0, 1.0, 1.0, 0.81, 1.0, 0.52, 0.81, 0.43, 1.0, 0.81, 0.52, 0.52, 1.0, 1.0, 0.81, 0.52, 0.81, 1.0, 0.81, 0.52, 1.0, 1.0, 1.0, 1.0, 1.0, 0.52, 0.52, 0.43, 0.43, 0.52, 0.43, 1.0, 0.52, 1.0, 0.81, 0.52, 1.0, 1.0, 1.0, 0.43, 0.52, 0.81, 0.81, 0.81, 0.52, 0.52, 1.0, 1.0, 0.52, 0.81, 0.43, 1.0, 0.52, 0.43, 1.0, 0.52, 1.0, 1.0, 1.0, 0.43, 0.52, 1.0, 0.81, 0.52, 1.0, 1.0, 0.52, 0.43, 1.0, 1.0, 0.52, 0.52, 1.0, 1.0, 0.52, 1.0, 0.81, 0.43, 0.52, 0.52, 1.0, 0.52, 0.81, 0.52, 1.0, 0.81, 0.52, 1.0, 0.52, 0.43, 1.0, 1.0, 0.43, 1.0, 1.0, 0.81, 0.81, 0.43, 0.81, 0.52, 0.52, 1.0, 1.0, 0.81, 0.52, 0.81, 0.52, 1.0, 0.52, 0.43, 0.52, 0.43]",109.57000000000002,[],"[0.03, 0.04, 0.03, 0.04, 0.01, 0.0, 0.03, 0.04, 0.0, 0.01, 0.01, 0.03, 0.03, 0.03, 0.01, 0.03, 0.01, 0.04, 0.0, 0.03, 0.03, 0.03, 0.0, 0.03, 0.0, 0.04, 0.0, 0.03, 0.03, 0.01, 0.0, 0.01, 0.01, 0.0, 0.04, 0.03, 0.03, 0.0, 0.0, 0.01, 0.01, 0.01, 0.01, 0.03, 0.01, 0.04, 0.01, 0.01, 0.03, 0.03, 0.0, 0.01, 0.01, 0.03, 0.01, 0.0, 0.01, 0.03, 0.01, 0.0, 0.0, 0.0, 0.01, 0.03, 0.03, 0.04, 0.04, 0.03, 0.04, 0.01, 0.03, 0.0, 0.01, 0.03, 0.01, 0.01, 0.01, 0.04, 0.03, 0.01, 0.01, 0.01, 0.03, 0.03, 0.0, 0.01, 0.03, 0.01, 0.04, 0.01, 0.03, 0.04, 0.0, 0.03, 0.0, 0.0, 0.01, 0.04, 0.03, 0.0, 0.01, 0.03, 0.01, 0.0, 0.03, 0.04, 0.0, 0.01, 0.03, 0.03, 0.0, 0.0, 0.03, 0.0, 0.01, 0.04, 0.03, 0.03, 0.01, 0.03, 0.01, 0.03, 0.0, 0.01, 0.03, 0.0, 0.03, 0.04, 0.01, 0.01, 0.04, 0.01, 0.01, 0.01, 0.01, 0.04, 0.01, 0.03, 0.03, 0.01, 0.0, 0.01, 0.03, 0.01, 0.03, 0.01, 0.03, 0.04, 0.03, 0.04]",0,
132,Borda,ATVA_1,150,3,"{'B': 165, 'C': 155, 'A': 130}","[0.52, 0.52, 1.0, 1.0, 0.52, 0.81, 0.52, 1.0, 1.0, 1.0, 0.52, 0.81, 0.81, 0.52, 1.0, 1.0, 0.81, 1.0, 1.0, 1.0, 1.0, 1.0, 1.0, 1.0, 0.43, 0.43, 0.52, 1.0, 1.0, 0.52, 0.81, 0.43, 0.52, 1.0, 0.52, 0.81, 1.0, 0.81, 1.0, 1.0, 1.0, 0.52, 0.52, 0.52, 0.43, 0.81, 0.81, 0.43, 1.0, 0.52, 0.43, 1.0, 0.43, 1.0, 1.0, 1.0, 0.52, 0.52, 0.52, 0.43, 0.52, 1.0, 1.0, 0.81, 0.52, 0.52, 1.0, 0.43, 1.0, 1.0, 0.43, 0.52, 0.52, 0.52, 0.81, 1.0, 0.52, 0.52, 1.0, 0.81, 0.52, 1.0, 1.0, 1.0, 0.43, 1.0, 0.52, 1.0, 0.52, 0.43, 1.0, 0.81, 1.0, 0.52, 1.0, 0.52, 0.81, 0.52, 0.52, 1.0, 1.0, 0.81, 1.0, 1.0, 0.52, 0.52, 0.52, 0.81, 0.52, 0.52, 0.52, 1.0, 0.52, 1.0, 1.0, 1.0, 0.43, 1.0, 0.81, 0.52, 1.0, 1.0, 0.52, 1.0, 0.52, 0.52, 0.43, 0.43, 0.81, 1.0, 0.43, 0.43, 0.52, 1.0, 0.52, 0.81, 1.0, 1.0, 0.52, 1.0, 1.0, 1.0, 0.52, 1.0, 0.43, 0.43, 0.52, 1.0, 0.81, 0.81]",112.13999999999999,[],"[0.03, 0.03, 0.0, 0.0, 0.03, 0.01, 0.03, 0.0, 0.0, 0.01, 0.03, 0.01, 0.01, 0.03, 0.01, 0.01, 0.01, 0.0, 0.01, 0.0, 0.01, 0.01, 0.0, 0.01, 0.04, 0.04, 0.03, 0.0, 0.0, 0.03, 0.01, 0.04, 0.03, 0.0, 0.03, 0.01, 0.0, 0.01, 0.0, 0.0, 0.0, 0.03, 0.03, 0.03, 0.04, 0.01, 0.01, 0.04, 0.0, 0.03, 0.04, 0.0, 0.04, 0.01, 0.0, 0.01, 0.03, 0.03, 0.03, 0.04, 0.03, 0.0, 0.01, 0.01, 0.03, 0.03, 0.0, 0.04, 0.0, 0.01, 0.04, 0.03, 0.03, 0.03, 0.01, 0.0, 0.03, 0.03, 0.01, 0.01, 0.03, 0.0, 0.0, 0.01, 0.04, 0.01, 0.03, 0.0, 0.03, 0.04, 0.0, 0.01, 0.01, 0.03, 0.0, 0.03, 0.01, 0.03, 0.03, 0.01, 0.0, 0.01, 0.0, 0.01, 0.03, 0.03, 0.03, 0.01, 0.03, 0.03, 0.03, 0.01, 0.03, 0.0, 0.01, 0.0, 0.04, 0.0, 0.01, 0.03, 0.0, 0.01, 0.03, 0.0, 0.03, 0.03, 0.04, 0.04, 0.01, 0.0, 0.04, 0.04, 0.03, 0.01, 0.03, 0.01, 0.0, 0.0, 0.03, 0.01, 0.01, 0.01, 0.03, 0.0, 0.04, 0.04, 0.03, 0.0, 0.01, 0.01]",0,
133,Borda,ATVA_1,150,3,"{'C': 160, 'A': 145, 'B': 145}","[0.52, 0.81, 0.81, 0.52, 0.52, 0.81, 0.52, 0.52, 0.52, 1.0, 0.52, 0.43, 1.0, 0.52, 0.52, 0.52, 0.81, 0.52, 0.81, 0.43, 0.52, 0.52, 1.0, 0.52, 1.0, 0.43, 1.0, 0.81, 1.0, 1.0, 0.43, 0.52, 0.52, 0.43, 1.0, 1.0, 0.43, 1.0, 1.0, 0.81, 1.0, 1.0, 0.81, 0.52, 1.0, 0.43, 0.52, 0.52, 0.81, 1.0, 0.52, 1.0, 0.52, 0.43, 0.52, 1.0, 1.0, 0.52, 0.52, 1.0, 1.0, 1.0, 1.0, 0.52, 1.0, 0.81, 1.0, 0.43, 1.0, 0.52, 1.0, 1.0, 0.43, 0.52, 1.0, 0.43, 0.81, 0.81, 0.52, 0.52, 0.52, 1.0, 0.52, 1.0, 0.52, 0.81, 0.43, 1.0, 1.0, 1.0, 0.52, 1.0, 1.0, 0.81, 0.52, 1.0, 0.52, 0.52, 0.52, 0.52, 0.52, 0.43, 0.81, 1.0, 0.52, 1.0, 0.52, 0.81, 0.52, 1.0, 1.0, 0.81, 1.0, 0.52, 1.0, 0.43, 0.81, 1.0, 0.52, 0.43, 0.52, 1.0, 0.52, 0.43, 0.52, 0.52, 1.0, 0.43, 0.81, 0.81, 1.0, 0.43, 0.81, 0.52, 0.81, 0.81, 1.0, 1.0, 1.0, 0.52, 1.0, 1.0, 1.0, 0.52, 1.0, 1.0, 0.52, 0.52, 0.52, 0.81]",109.26,"[12, 20, 26, 31, 34, 37, 46, 54, 68, 73, 76, 87, 102, 116, 120, 124, 128, 132]","[0.03, 0.01, 0.01, 0.03, 0.03, 0.01, 0.03, 0.03, 0.03, 0.01, 0.03, 0.04, 0.01, 0.03, 0.03, 0.03, 0.01, 0.03, 0.01, 0.04, 0.03, 0.03, 0.01, 0.03, 0.01, 0.04, 0.01, 0.01, 0.01, 0.01, 0.04, 0.03, 0.03, 0.04, 0.0, 0.0, 0.04, 0.0, 0.0, 0.01, 0.01, 0.01, 0.01, 0.03, 0.01, 0.04, 0.03, 0.03, 0.01, 0.01, 0.03, 0.0, 0.03, 0.04, 0.03, 0.0, 0.0, 0.03, 0.03, 0.01, 0.0, 0.0, 0.0, 0.03, 0.01, 0.01, 0.0, 0.04, 0.01, 0.03, 0.01, 0.0, 0.04, 0.03, 0.0, 0.04, 0.01, 0.01, 0.03, 0.03, 0.03, 0.01, 0.03, 0.0, 0.03, 0.01, 0.04, 0.0, 0.01, 0.01, 0.03, 0.0, 0.0, 0.01, 0.03, 0.01, 0.03, 0.03, 0.03, 0.03, 0.03, 0.04, 0.01, 0.01, 0.03, 0.0, 0.03, 0.01, 0.03, 0.01, 0.01, 0.01, 0.0, 0.03, 0.01, 0.04, 0.01, 0.0, 0.03, 0.04, 0.03, 0.0, 0.03, 0.04, 0.03, 0.03, 0.01, 0.04, 0.01, 0.01, 0.0, 0.04, 0.01, 0.03, 0.01, 0.01, 0.01, 0.0, 0.0, 0.03, 0.0, 0.0, 0.01, 0.03, 0.0, 0.01, 0.03, 0.03, 0.03, 0.01]",0.09000000000000002,"[(12, 123), (12, 132), (37, 134), (76, 116), (46, 121), (68, 121), (76, 134), (26, 124), (54, 79), (102, 128), (54, 97), (12, 100), (87, 121), (34, 124), (76, 102), (128, 140), (46, 98), (76, 120), (46, 116), (68, 116), (46, 134), (68, 134), (26, 128), (102, 114), (73, 87), (102, 123), (20, 81), (31, 81), (102, 132), (87, 98), (87, 116), (87, 134), (76, 97), (34, 128), (37, 124), (46, 102), (68, 102), (120, 140), (76, 124), (46, 120), (68, 120), (26, 114), (26, 123), (26, 132), (20, 76), (31, 76), (20, 85), (31, 85), (54, 87), (12, 81), (87, 102), (87, 120), (34, 114), (46, 79), (34, 123), (34, 132), (46, 97), (68, 97), (37, 128), (26, 100), (68, 124), (20, 53), (31, 53), (12, 58), (54, 73), (20, 80), (31, 80), (12, 76), (124, 128), (12, 85), (87, 97), (34, 100), (76, 87), (120, 121), (37, 114), (128, 134), (37, 123), (37, 132), (20, 48), (31, 48), (12, 44), (12, 53), (54, 68), (12, 80), (124, 132), (116, 128), (37, 100), (68, 87), (46, 87), (76, 100), (26, 81), (120, 134), (20, 34), (31, 34), (12, 48), (20, 70), (31, 70), (116, 123), (34, 81), (116, 132), (46, 73), (68, 73), (26, 76), (26, 85), (12, 34), (20, 47), (31, 47), (34, 58), (34, 76), (124, 140), (34, 85), (37, 81), (26, 53), (46, 68), (120, 124), (26, 80), (12, 20), (12, 47), (73, 124), (34, 53), (37, 58), (34, 80), (37, 76), (46, 54), (37, 85), (26, 48), (12, 15), (20, 37), (31, 37), (34, 48), (37, 44), (73, 128), (54, 124), (37, 53), (20, 140), (31, 140), (26, 34), (37, 80), (46, 58), (26, 70), (20, 32), (31, 32), (12, 37), (73, 114), (73, 123), (37, 48), (73, 132), (54, 128), (34, 70), (12, 140), (26, 47), (73, 100), (34, 47), (54, 114), (20, 121), (31, 121), (54, 123), (54, 132), (76, 128), (46, 124), (102, 140), (20, 98), (31, 98), (54, 100), (20, 116), (31, 116), (37, 47), (12, 121), (87, 124), (20, 134), (31, 134), (26, 37), (26, 46), (76, 114), (76, 123), (76, 132), (46, 128), (68, 128), (132, 140), (26, 140), (73, 81), (34, 37), (20, 102), (31, 102), (12, 98), (20, 120), (31, 120), (12, 116), (87, 128), (26, 32), (34, 140), (46, 114), (68, 114), (46, 123), (68, 123), (46, 132), (68, 132), (73, 76), (73, 85), (102, 121), (20, 79), (31, 79), (54, 81), (20, 97), (31, 97), (12, 102), (87, 114), (12, 120), (87, 123), (87, 132), (46, 100), (68, 100), (37, 140), (26, 121), (54, 58), (73, 80), (102, 116), (54, 76), (12, 70), (54, 85), (73, 98), (12, 79), (102, 134), (12, 97), (87, 100), (76, 81), (34, 121), (26, 98), (26, 116), (132, 134), (26, 134), (102, 120), (54, 80), (20, 87), (31, 87), (116, 140), (34, 98), (76, 85), (34, 116), (46, 81), (68, 81), (128, 132), (120, 128), (37, 121), (34, 134), (26, 102), (26, 120), (20, 46), (31, 46), (20, 73), (31, 73), (102, 124), (12, 87), (34, 102), (37, 98), (76, 80), (46, 76), (68, 76), (34, 120), (46, 85), (68, 85), (37, 116), (26, 79), (76, 98), (120, 123), (120, 132), (26, 97), (12, 46), (20, 68), (31, 68), (54, 70), (12, 73), (116, 121), (124, 134), (34, 79), (46, 53), (34, 97), (37, 102), (46, 80), (68, 80), (37, 120), (68, 98), (12, 32), (20, 54), (31, 54), (12, 68), (37, 70), (46, 48), (116, 134), (37, 79), (37, 97), (76, 79), (26, 87), (12, 18), (20, 31), (20, 58), (31, 58), (12, 54), (73, 140), (116, 120), (34, 87), (46, 70), (68, 70), (68, 79), (26, 73), (20, 26), (12, 31), (20, 44), (31, 44), (34, 46), (34, 73), (54, 140), (116, 124), (12, 134), (46, 47), (37, 87), (26, 68), (12, 26), (73, 121), (37, 46), (20, 124), (31, 124), (34, 68), (37, 73), (26, 54), (76, 140), (73, 116), (34, 54), (54, 121), (73, 134), (20, 128), (31, 128), (12, 124), (37, 68), (26, 31), (26, 58), (46, 140), (68, 140), (12, 16), (73, 102), (54, 98), (73, 120), (20, 114), (31, 114), (54, 116), (20, 123), (31, 123), (37, 54), (20, 132), (31, 132), (54, 134), (12, 128), (87, 140), (26, 44), (76, 121), (73, 79), (73, 97), (20, 100), (31, 100), (54, 102), (34, 44), (54, 120), (12, 114)]"
134,Borda,ATVA_1,150,3,"{'A': 159, 'C': 151, 'B': 140}","[1.0, 1.0, 0.43, 0.52, 0.52, 0.52, 0.52, 0.43, 1.0, 0.43, 1.0, 1.0, 0.52, 1.0, 0.43, 0.52, 1.0, 0.52, 1.0, 1.0, 1.0, 0.81, 0.81, 0.52, 1.0, 0.43, 1.0, 1.0, 0.52, 1.0, 1.0, 1.0, 1.0, 0.81, 0.81, 0.52, 0.81, 0.43, 0.52, 0.52, 1.0, 0.52, 0.52, 1.0, 0.52, 1.0, 0.81, 0.52, 0.43, 1.0, 1.0, 0.81, 1.0, 0.52, 1.0, 0.81, 0.52, 0.81, 0.43, 0.81, 0.52, 0.81, 1.0, 1.0, 1.0, 1.0, 0.43, 0.43, 0.52, 0.52, 1.0, 0.52, 1.0, 0.43, 0.81, 0.43, 0.52, 1.0, 1.0, 0.81, 1.0, 0.43, 0.43, 1.0, 0.52, 0.52, 0.81, 1.0, 1.0, 0.52, 1.0, 0.52, 0.81, 0.52, 0.81, 0.52, 0.81, 1.0, 1.0, 0.52, 0.52, 0.43, 0.52, 1.0, 0.52, 0.81, 0.81, 1.0, 0.52, 0.52, 0.81, 0.52, 0.81, 1.0, 1.0, 0.43, 0.52, 1.0, 0.52, 1.0, 0.52, 0.81, 0.52, 0.81, 0.52, 0.52, 0.52, 0.52, 1.0, 0.52, 0.52, 0.43, 1.0, 1.0, 0.81, 1.0, 1.0, 0.81, 0.43, 0.52, 1.0, 0.52, 0.52, 0.81, 1.0, 1.0, 0.52, 0.43, 1.0, 0.52]",109.75,[],"[0.0, 0.01, 0.04, 0.03, 0.03, 0.03, 0.03, 0.04, 0.0, 0.04, 0.0, 0.01, 0.03, 0.0, 0.04, 0.03, 0.01, 0.03, 0.01, 0.0, 0.0, 0.01, 0.01, 0.03, 0.01, 0.04, 0.01, 0.01, 0.03, 0.01, 0.01, 0.0, 0.01, 0.01, 0.01, 0.03, 0.01, 0.04, 0.03, 0.03, 0.01, 0.03, 0.03, 0.01, 0.03, 0.0, 0.01, 0.03, 0.04, 0.0, 0.01, 0.01, 0.0, 0.03, 0.01, 0.01, 0.03, 0.01, 0.04, 0.01, 0.03, 0.01, 0.0, 0.0, 0.01, 0.01, 0.04, 0.04, 0.03, 0.03, 0.01, 0.03, 0.0, 0.04, 0.01, 0.04, 0.03, 0.0, 0.01, 0.01, 0.0, 0.04, 0.04, 0.0, 0.03, 0.03, 0.01, 0.01, 0.01, 0.03, 0.0, 0.03, 0.01, 0.03, 0.01, 0.03, 0.01, 0.0, 0.0, 0.03, 0.03, 0.04, 0.03, 0.01, 0.03, 0.01, 0.01, 0.01, 0.03, 0.03, 0.01, 0.03, 0.01, 0.01, 0.0, 0.04, 0.03, 0.01, 0.03, 0.01, 0.03, 0.01, 0.03, 0.01, 0.03, 0.03, 0.03, 0.03, 0.0, 0.03, 0.03, 0.04, 0.01, 0.0, 0.01, 0.0, 0.0, 0.01, 0.04, 0.03, 0.0, 0.03, 0.03, 0.01, 0.0, 0.0, 0.03, 0.04, 0.0, 0.03]",0,
135,Borda,ATVA_1,150,3,"{'A': 150, 'B': 150, 'C': 150}","[1.0, 0.52, 1.0, 0.52, 1.0, 0.52, 1.0, 0.43, 1.0, 0.52, 0.43, 1.0, 0.81, 0.52, 0.52, 0.52, 0.52, 0.52, 0.81, 0.52, 0.43, 1.0, 0.52, 0.43, 0.81, 0.81, 1.0, 0.81, 1.0, 0.52, 1.0, 0.43, 1.0, 1.0, 0.52, 0.43, 1.0, 1.0, 0.52, 0.52, 0.43, 0.81, 0.52, 0.52, 1.0, 1.0, 1.0, 1.0, 0.81, 1.0, 0.52, 1.0, 1.0, 0.81, 1.0, 1.0, 1.0, 1.0, 0.81, 1.0, 0.81, 1.0, 0.52, 0.43, 0.81, 0.43, 0.81, 0.81, 0.43, 0.81, 0.52, 1.0, 0.81, 0.52, 1.0, 1.0, 1.0, 0.52, 0.81, 0.52, 0.43, 1.0, 0.81, 1.0, 0.52, 1.0, 1.0, 0.81, 1.0, 1.0, 0.52, 1.0, 0.43, 0.43, 0.52, 0.52, 0.43, 0.81, 1.0, 0.43, 0.81, 0.81, 0.43, 0.81, 0.52, 0.43, 0.43, 0.43, 1.0, 1.0, 1.0, 1.0, 1.0, 0.81, 0.52, 0.52, 0.52, 0.43, 1.0, 0.52, 0.43, 1.0, 1.0, 0.52, 0.81, 0.52, 0.43, 1.0, 0.52, 0.52, 0.43, 1.0, 0.43, 0.52, 0.81, 0.43, 1.0, 0.52, 0.43, 0.52, 0.52, 0.43, 0.43, 0.52, 0.52, 0.81, 0.52, 0.81, 0.52, 0.52]",107.31000000000002,"[8, 11, 13, 19, 21, 24, 25, 26, 28, 32, 36, 41, 42, 49, 54, 59, 61, 64, 65, 66, 67, 68, 69, 70, 73, 79, 81, 83, 88, 93, 94, 97, 98, 100, 101, 102, 103, 104, 106, 107, 108, 114, 118, 121, 125, 127, 131, 133, 135, 136, 139, 142, 143, 146, 148]","[0.01, 0.03, 0.0, 0.03, 0.0, 0.03, 0.0, 0.04, 0.0, 0.03, 0.04, 0.01, 0.01, 0.03, 0.03, 0.03, 0.03, 0.03, 0.01, 0.03, 0.04, 0.01, 0.03, 0.04, 0.01, 0.01, 0.01, 0.01, 0.01, 0.03, 0.0, 0.04, 0.01, 0.0, 0.03, 0.04, 0.01, 0.01, 0.03, 0.03, 0.04, 0.01, 0.03, 0.03, 0.0, 0.0, 0.01, 0.01, 0.01, 0.0, 0.03, 0.01, 0.0, 0.01, 0.0, 0.0, 0.0, 0.01, 0.01, 0.0, 0.01, 0.01, 0.03, 0.04, 0.01, 0.04, 0.01, 0.01, 0.04, 0.01, 0.03, 0.01, 0.01, 0.03, 0.0, 0.0, 0.0, 0.03, 0.01, 0.03, 0.04, 0.01, 0.01, 0.01, 0.03, 0.01, 0.01, 0.01, 0.0, 0.0, 0.03, 0.01, 0.04, 0.04, 0.03, 0.03, 0.04, 0.01, 0.01, 0.04, 0.01, 0.01, 0.04, 0.01, 0.03, 0.04, 0.04, 0.04, 0.01, 0.0, 0.0, 0.0, 0.01, 0.01, 0.03, 0.03, 0.03, 0.04, 0.01, 0.03, 0.04, 0.01, 0.0, 0.03, 0.01, 0.03, 0.04, 0.0, 0.03, 0.03, 0.04, 0.01, 0.04, 0.03, 0.01, 0.04, 0.01, 0.03, 0.04, 0.03, 0.03, 0.04, 0.04, 0.03, 0.03, 0.01, 0.03, 0.01, 0.03, 0.03]",0.18999999999999995,"[(13, 88), (32, 101), (24, 97), (64, 133), (36, 71), (28, 67), (88, 118), (107, 131), (11, 14), (68, 139), (69, 104), (21, 64), (61, 100), (41, 42), (26, 142), (19, 103), (83, 124), (8, 130), (54, 97), (94, 133), (19, 139), (66, 71), (11, 135), (106, 107), (13, 65), (32, 78), (24, 74), (103, 138), (106, 143), (107, 108), (13, 101), (59, 68), (64, 146), (49, 103), (28, 80), (68, 116), (69, 81), (21, 41), (100, 105), (79, 131), (49, 139), (69, 117), (42, 100), (102, 114), (8, 107), (81, 91), (19, 116), (133, 138), (103, 115), (94, 146), (41, 140), (114, 124), (106, 120), (13, 78), (32, 91), (65, 88), (36, 61), (136, 148), (68, 93), (88, 108), (65, 124), (98, 121), (49, 116), (68, 129), (69, 94), (21, 54), (121, 141), (19, 93), (83, 114), (102, 127), (8, 120), (41, 117), (11, 125), (32, 68), (24, 64), (64, 100), (108, 143), (64, 136), (65, 101), (97, 133), (49, 93), (68, 106), (69, 71), (61, 67), (59, 143), (79, 121), (61, 103), (101, 139), (102, 104), (8, 97), (54, 64), (94, 100), (19, 106), (11, 102), (13, 32), (24, 41), (83, 127), (103, 105), (94, 136), (41, 130), (127, 133), (13, 68), (93, 140), (65, 78), (36, 51), (136, 138), (68, 83), (88, 98), (139, 143), (67, 124), (97, 146), (70, 129), (49, 106), (36, 136), (42, 67), (61, 80), (101, 116), (121, 131), (8, 74), (19, 83), (11, 79), (131, 144), (83, 104), (21, 129), (41, 107), (24, 54), (108, 133), (127, 146), (25, 135), (66, 136), (32, 143), (65, 91), (49, 83), (8, 51), (59, 133), (70, 142), (98, 124), (36, 149), (42, 80), (101, 129), (32, 35), (64, 67), (21, 142), (41, 120), (93, 130), (64, 103), (65, 68), (108, 146), (68, 73), (66, 149), (67, 114), (13, 143), (79, 88), (97, 136), (98, 101), (36, 126), (61, 70), (101, 106), (142, 144), (8, 64), (59, 146), (19, 73), (100, 147), (79, 124), (11, 69), (131, 134), (83, 94), (94, 103), (41, 97), (81, 133), (24, 44), (64, 80), (127, 136), (25, 125), (66, 126), (93, 143), (32, 133), (24, 129), (49, 73), (8, 41), (67, 127), (79, 101), (36, 139), (28, 135), (21, 96), (41, 74), (131, 147), (104, 130), (81, 146), (54, 129), (73, 142), (25, 102), (93, 120), (108, 136), (66, 139), (26, 66), (67, 104), (13, 133), (59, 100), (32, 146), (107, 140), (118, 149), (24, 142), (97, 126), (36, 116), (8, 54), (11, 59), (104, 107), (69, 149), (19, 148), (25, 79), (93, 97), (104, 143), (64, 70), (103, 147), (54, 142), (93, 133), (66, 116), (26, 43), (67, 81), (97, 103), (36, 93), (13, 146), (100, 114), (79, 91), (11, 36), (36, 129), (49, 148), (28, 125), (69, 126), (41, 64), (100, 150), (133, 147), (81, 136), (66, 93), (32, 100), (66, 129), (67, 94), (107, 130), (32, 136), (118, 139), (11, 13), (65, 133), (36, 106), (28, 102), (68, 138), (8, 44), (21, 63), (100, 127), (11, 49), (69, 139), (61, 135), (8, 129), (19, 138), (25, 69), (11, 134), (114, 146), (66, 106), (106, 142), (13, 100), (59, 67), (64, 145), (36, 83), (28, 79), (88, 130), (8, 21), (107, 143), (19, 30), (100, 104), (11, 26), (65, 146), (49, 138), (69, 116), (41, 54), (125, 133), (42, 135), (61, 148), (103, 114), (8, 142), (94, 145), (93, 100), (66, 83), (11, 147), (103, 150), (88, 107), (107, 120), (59, 80), (118, 129), (36, 96), (69, 93), (88, 143), (121, 140), (26, 131), (100, 117), (69, 129), (61, 125), (81, 103), (133, 150), (25, 59), (11, 124), (125, 146), (32, 67), (103, 127), (114, 136), (66, 96), (32, 103), (64, 135), (65, 100), (36, 73), (28, 69), (8, 11), (11, 16), (65, 136), (68, 141), (69, 106), (21, 66), (61, 102), (8, 96), (41, 44), (25, 36), (11, 101), (42, 125), (102, 139), (103, 104), (94, 135), (19, 141), (66, 73), (13, 67), (32, 80), (88, 97), (59, 70), (139, 142), (64, 148), (68, 118), (69, 83), (21, 43), (61, 79), (121, 130), (26, 121), (79, 133), (98, 146), (42, 102), (61, 115), (102, 116), (81, 93), (19, 118), (11, 114), (125, 136), (83, 139), (103, 117), (94, 148), (41, 142), (13, 80), (64, 125), (36, 63), (136, 150), (28, 59), (26, 98), (49, 118), (69, 96), (42, 79), (121, 143), (25, 26), (79, 146), (11, 91), (83, 116), (102, 129), (21, 141), (94, 125), (32, 70), (24, 66), (64, 102), (36, 40), (108, 145), (28, 36), (65, 103), (97, 135), (68, 108), (69, 73), (61, 69), (98, 136), (83, 93), (101, 141), (102, 106), (54, 66), (94, 102), (19, 108), (11, 104), (24, 43), (83, 129), (103, 107), (135, 139), (127, 135), (25, 124), (93, 142), (64, 115), (65, 80), (136, 140), (28, 49), (139, 145), (26, 88), (79, 100), (97, 148), (70, 131), (49, 108), (36, 138), (42, 69), (101, 118), (79, 136), (11, 81), (131, 146), (83, 106), (21, 131), (94, 115), (25, 101), (108, 135), (127, 148), (66, 138), (32, 145), (65, 93), (97, 125), (68, 98), (21, 23), (26, 101), (67, 139), (59, 135), (101, 131), (21, 108), (11, 94), (13, 24), (104, 142), (64, 69), (21, 144), (54, 141), (25, 114), (64, 105), (65, 70), (97, 102), (108, 148), (26, 78), (67, 116), (19, 39), (97, 138), (70, 121), (98, 103), (42, 59), (28, 124), (101, 108), (142, 146), (8, 66), (100, 149), (11, 71), (131, 136), (21, 121), (94, 105), (81, 135), (73, 131), (25, 91), (108, 125), (127, 138), (93, 145), (67, 93), (32, 135), (24, 131), (70, 98), (97, 115), (36, 105), (8, 43), (26, 91), (67, 129), (59, 125), (100, 126), (79, 103), (36, 141), (69, 138), (21, 98), (13, 14), (25, 68), (81, 148), (54, 131), (25, 104), (66, 105), (8, 20), (26, 68), (66, 141), (13, 135), (59, 102), (32, 148), (67, 106), (79, 80), (11, 25), (24, 144), (107, 142), (36, 118), (42, 49), (28, 114), (100, 139), (11, 61), (8, 141), (81, 125), (73, 121), (106, 130), (25, 81), (11, 146), (103, 149), (108, 115), (66, 118), (67, 83), (59, 79), (32, 125), (24, 121), (70, 88), (97, 105), (36, 95), (28, 91), (88, 142), (59, 115), (19, 42), (100, 116), (28, 127), (21, 88), (61, 124), (41, 66), (81, 102), (133, 149), (81, 138), (54, 121), (114, 135), (66, 95), (32, 102), (24, 98), (8, 10), (13, 125), (118, 141), (11, 15), (24, 134), (65, 135), (70, 101), (36, 108), (28, 104), (21, 65), (41, 43), (26, 143), (100, 129), (69, 141), (42, 124), (8, 131), (54, 98), (81, 115), (11, 136), (32, 79), (103, 139), (114, 148), (66, 108), (67, 73), (106, 144), (13, 102), (59, 69), (32, 115), (64, 147), (70, 78), (36, 85), (28, 81), (8, 23), (107, 145), (100, 106), (11, 28), (65, 148), (69, 118), (21, 78), (61, 114), (73, 88), (133, 139), (125, 135), (83, 138), (103, 116), (8, 144), (94, 147), (114, 125), (66, 85), (11, 149), (106, 121), (13, 79), (24, 88), (136, 149), (118, 131), (65, 125), (28, 94), (68, 130), (69, 95), (61, 91), (121, 142), (26, 133), (69, 131), (42, 114), (61, 127), (8, 121), (54, 88), (81, 105), (73, 101), (19, 130), (25, 61), (11, 126), (125, 148), (32, 69), (24, 65), (103, 129), (114, 138), (106, 134), (25, 146), (24, 101), (65, 102), (68, 107), (21, 32), (65, 138), (98, 135), (49, 130), (68, 143), (69, 108), (42, 91), (21, 68), (61, 104), (8, 98), (26, 146), (54, 65), (73, 78), (19, 107), (11, 103), (102, 141), (103, 106), (8, 134), (54, 101), (41, 131), (114, 115), (11, 139), (13, 69), (24, 78), (64, 114), (136, 139), (139, 144), (64, 150), (65, 115), (97, 147), (49, 107), (69, 85), (61, 81), (79, 135), (98, 148), (42, 104), (102, 118), (54, 78), (94, 114), (73, 91), (11, 116), (32, 59), (83, 141), (94, 150), (41, 144), (127, 147), (106, 124), (25, 136), (64, 127), (36, 65), (28, 61), (68, 97), (26, 100), (67, 138), (70, 143), (98, 125), (36, 150), (42, 81), (69, 98), (61, 94), (101, 130), (8, 88), (19, 97), (25, 28), (79, 148), (11, 93), (32, 36), (24, 32), (83, 118), (102, 131), (21, 143), (94, 127), (41, 121), (13, 59), (24, 68), (64, 104), (65, 69), (36, 42), (108, 147), (66, 150), (98, 102), (49, 97), (21, 35), (101, 107), (8, 65), (79, 125), (11, 70), (98, 138), (131, 135), (42, 94), (101, 143), (102, 108), (8, 101), (21, 120), (54, 68), (94, 104), (41, 98), (11, 106), (13, 36), (32, 49), (64, 81), (143, 145), (135, 141), (108, 124), (41, 134), (93, 144), (64, 117), (97, 114), (59, 124), (79, 102), (97, 150), (70, 133), (98, 115), (36, 140), (28, 136), (8, 78), (11, 83), (131, 148), (104, 131), (83, 108), (21, 133), (94, 117), (81, 147), (13, 49), (25, 103), (93, 121), (64, 94), (49, 51), (127, 150), (66, 140), (26, 67), (32, 147), (24, 143), (97, 127), (36, 117), (26, 103), (67, 141), (19, 64), (100, 138), (79, 115), (70, 146), (41, 88), (13, 26), (32, 39), (24, 35), (64, 71), (108, 114), (54, 143), (25, 116), (66, 117), (93, 134), (32, 124), (97, 104), (49, 64), (8, 32), (26, 80), (67, 118), (59, 114), (19, 41), (36, 130), (42, 61), (142, 148), (8, 68), (11, 73), (131, 138), (104, 121), (83, 98), (41, 101), (73, 133), (25, 93), (108, 127), (66, 130), (13, 124), (59, 91), (118, 140), (24, 133), (70, 100), (97, 117), (36, 107), (28, 103), (59, 127), (19, 54), (28, 139), (69, 140), (21, 100), (61, 136), (41, 78), (81, 114), (13, 16), (25, 70), (24, 25), (81, 150), (54, 133), (73, 146), (25, 106), (66, 107), (93, 124), (32, 114), (49, 54), (88, 131), (26, 70), (67, 108), (107, 144), (59, 104), (24, 146), (36, 120), (28, 116), (100, 141), (42, 136), (8, 143), (81, 127), (25, 83), (93, 101), (11, 148), (108, 117), (54, 146), (66, 120), (107, 121), (13, 114), (59, 81), (32, 127), (118, 130), (36, 97), (28, 93), (8, 35), (100, 118), (11, 40), (69, 130), (41, 68), (81, 104), (73, 100), (19, 129), (104, 124), (73, 136), (93, 114), (66, 97), (106, 133), (13, 91), (32, 104), (24, 100), (36, 74), (28, 70), (88, 121), (107, 134), (13, 127), (59, 94), (19, 21), (118, 143), (11, 17), (49, 129), (28, 106), (68, 142), (69, 107), (21, 67), (100, 131), (69, 143), (61, 139), (8, 133), (54, 100), (81, 117), (19, 142), (25, 73), (66, 74), (11, 138), (32, 81), (103, 141), (106, 146), (13, 104), (32, 117), (118, 120), (64, 149), (65, 114), (70, 80), (28, 83), (21, 44), (100, 108), (11, 30), (49, 142), (69, 120), (42, 103), (21, 80), (61, 116), (81, 94), (133, 141), (11, 115), (42, 139), (103, 118), (8, 146), (94, 149), (41, 143), (114, 127), (13, 81), (32, 94), (64, 126), (36, 64), (107, 124), (118, 133), (65, 127), (69, 97), (61, 93), (121, 144), (26, 135), (42, 116), (61, 129), (102, 130), (94, 126), (73, 103), (32, 71), (24, 67), (103, 131), (36, 41), (106, 136), (13, 94), (25, 148), (59, 61), (64, 139), (65, 104), (28, 73), (69, 74), (42, 93), (61, 106), (101, 142), (102, 107), (8, 100), (26, 148), (54, 67), (73, 80), (11, 105), (125, 127), (83, 130), (102, 143), (103, 108), (143, 144), (94, 139), (41, 133), (24, 80), (64, 116), (65, 81), (36, 54), (136, 141), (88, 101), (139, 146), (97, 149), (98, 114), (42, 70), (61, 83), (121, 134), (26, 125), (42, 106), (83, 107), (54, 80), (94, 116), (11, 118), (32, 61), (64, 93), (83, 143), (41, 146), (127, 149), (25, 138), (64, 129), (65, 94), (21, 24), (26, 102), (59, 136), (79, 114), (98, 127), (42, 83), (28, 148), (11, 95), (13, 25), (21, 145), (94, 129), (13, 61), (25, 115), (24, 70), (64, 106), (36, 44), (108, 149), (88, 91), (26, 79), (97, 139), (98, 104), (61, 73), (142, 147), (121, 124), (8, 67), (26, 115), (79, 127), (83, 97), (54, 70), (94, 106), (41, 100), (32, 51), (64, 83), (143, 147), (135, 143), (108, 126), (127, 139), (93, 146), (97, 116), (67, 130), (79, 104), (70, 135), (36, 142), (42, 73), (28, 138), (8, 80), (11, 85), (13, 15), (131, 150), (104, 133), (21, 135), (81, 149), (64, 96), (108, 139), (28, 30), (66, 142), (26, 69), (67, 107), (13, 136), (59, 103), (32, 149), (79, 81), (24, 145), (97, 129), (28, 115), (59, 139), (19, 66), (100, 140), (94, 96), (81, 126), (13, 28), (104, 146), (64, 73), (108, 116), (127, 129), (25, 118), (93, 136), (32, 126), (97, 106), (49, 66), (68, 79), (59, 116), (19, 43), (79, 94), (11, 39), (70, 125), (98, 107), (142, 150), (41, 67), (131, 140), (42, 148), (21, 125), (41, 103), (81, 139), (73, 135), (108, 129), (26, 59), (67, 97), (107, 133), (59, 93), (32, 139), (118, 142), (24, 135), (70, 102), (100, 130), (69, 142), (21, 102), (61, 138), (41, 80), (81, 116), (13, 18), (104, 136), (103, 140), (54, 135), (73, 148), (93, 126), (106, 145), (26, 36), (13, 103), (32, 116), (70, 79), (88, 133), (8, 24), (107, 146), (13, 139), (59, 106), (100, 107), (70, 115), (49, 141), (28, 118), (21, 79), (100, 143), (133, 140), (25, 49), (42, 138), (8, 145), (81, 129), (73, 125), (93, 103), (11, 150), (32, 93), (26, 49), (13, 116), (59, 83), (32, 129), (24, 125), (68, 131), (88, 146), (100, 120), (11, 42), (42, 115), (41, 70), (81, 106), (73, 102), (19, 131), (11, 127), (103, 130), (54, 125), (114, 139), (106, 135), (13, 93), (32, 106), (24, 102), (64, 138), (8, 14), (107, 136), (118, 145), (11, 19), (65, 139), (49, 131), (28, 108), (21, 69), (81, 83), (73, 79), (25, 39), (61, 141), (102, 142), (8, 135), (54, 102), (94, 138), (73, 115), (114, 116), (11, 140), (13, 70), (32, 83), (24, 79), (103, 143), (88, 100), (106, 148), (26, 39), (13, 106), (59, 73), (24, 115), (65, 116), (68, 121), (88, 136), (121, 133), (26, 124), (61, 118), (81, 96), (54, 79), (19, 121), (133, 143), (11, 117), (125, 139), (83, 142), (103, 120), (54, 115), (41, 145), (114, 129), (106, 125), (13, 83), (32, 96), (36, 66), (107, 126), (65, 129), (49, 121), (21, 59), (121, 146), (19, 98), (42, 118), (8, 125), (11, 130), (32, 73), (24, 69), (103, 133), (36, 43), (28, 39), (106, 138), (64, 141), (65, 106), (49, 98), (21, 36), (26, 114), (59, 148), (98, 139), (61, 108), (8, 102), (54, 69), (25, 42), (11, 107), (125, 129), (143, 146), (94, 141), (135, 142), (41, 135), (106, 115), (13, 73), (25, 127), (64, 118), (65, 83), (136, 143), (68, 88), (88, 103), (139, 148), (98, 116), (68, 124), (21, 49), (101, 121), (121, 136), (8, 79), (26, 127), (19, 88), (79, 139), (131, 149), (21, 134), (94, 118), (11, 120), (32, 63), (24, 59), (64, 95), (108, 138), (41, 148), (64, 131), (49, 88), (68, 101), (21, 26), (26, 104), (67, 142), (59, 138), (19, 65), (79, 116), (98, 129), (54, 59), (94, 95), (19, 101), (11, 97), (32, 40), (24, 36), (21, 147), (41, 125), (93, 135), (64, 108), (65, 73), (49, 65), (28, 42), (68, 78), (26, 81), (13, 148), (79, 93), (97, 141), (70, 124), (98, 106), (49, 101), (36, 131), (69, 79), (142, 149), (8, 69), (19, 78), (79, 129), (11, 74), (131, 139), (21, 124), (94, 108), (41, 102), (25, 94), (24, 49), (64, 85), (127, 141), (25, 130), (66, 131), (93, 148), (32, 138), (97, 118), (49, 78), (68, 91), (26, 94), (79, 106), (11, 51), (36, 144), (101, 124), (21, 101), (41, 79), (13, 17), (104, 135), (24, 26), (41, 115), (25, 107), (93, 125), (64, 98), (108, 141), (66, 144), (13, 138), (19, 32), (79, 83), (24, 147), (70, 114), (97, 131), (36, 121), (8, 59), (19, 68), (100, 142), (11, 64), (21, 114), (94, 98), (73, 124), (13, 30), (93, 102), (104, 148), (108, 118), (127, 131), (93, 138), (66, 121), (13, 115), (24, 124), (70, 91), (97, 108), (49, 68), (36, 98), (8, 36), (59, 118), (11, 41), (70, 127), (36, 134), (28, 130), (21, 91), (41, 69), (104, 125), (81, 141), (54, 124), (25, 97), (66, 98), (93, 115), (32, 105), (8, 13), (26, 61), (66, 134), (107, 135), (32, 141), (118, 144), (11, 18), (70, 104), (28, 107), (8, 49), (11, 54), (69, 144), (42, 127), (21, 104), (81, 118), (73, 114), (19, 143), (64, 65), (103, 142), (106, 147), (32, 118), (118, 121), (24, 114), (70, 81), (97, 98), (36, 88), (88, 135), (8, 26), (107, 148), (59, 108), (49, 143), (69, 121), (21, 81), (41, 59), (81, 95), (133, 142), (25, 51), (125, 138), (104, 115), (8, 147), (54, 114), (81, 131), (73, 127), (93, 105), (66, 88), (32, 95), (24, 91), (26, 51), (107, 125), (13, 118), (118, 134), (24, 127), (70, 94), (36, 101), (28, 97), (68, 133), (88, 148), (121, 145), (26, 136), (69, 134), (21, 94), (61, 130), (8, 124), (54, 91), (81, 108), (73, 104), (19, 133), (25, 64), (11, 129), (54, 127), (114, 141), (66, 101), (26, 28), (32, 108), (24, 104), (64, 140), (36, 78), (88, 125), (8, 16), (107, 138), (19, 25), (11, 21), (65, 141), (49, 133), (68, 146), (21, 71), (61, 107), (41, 49), (81, 85), (73, 81), (25, 41), (42, 130), (83, 131), (54, 104), (94, 140), (114, 118), (19, 146), (66, 78), (11, 142), (106, 114), (32, 85), (24, 81), (103, 145), (136, 142), (28, 51), (88, 102), (106, 150), (107, 115), (13, 108), (139, 147), (118, 124), (65, 118), (69, 88), (121, 135), (79, 138), (49, 146), (69, 124), (42, 107), (102, 121), (8, 114), (54, 81), (81, 98), (73, 94), (133, 145), (25, 54), (125, 141), (41, 147), (114, 131), (106, 127), (25, 139), (24, 94), (64, 130), (36, 68), (28, 64), (68, 100), (88, 115), (21, 25), (65, 131), (68, 136), (69, 101), (21, 61), (61, 97), (101, 133), (8, 91), (26, 139), (121, 148), (19, 100), (11, 96), (83, 121), (8, 127), (21, 146), (54, 94), (94, 130), (41, 124), (66, 68), (24, 71), (64, 107), (108, 150), (28, 41), (64, 143), (65, 108), (97, 140), (49, 100), (69, 78), (121, 125), (26, 116), (98, 141), (42, 97), (101, 146), (8, 104), (94, 107), (125, 131), (13, 39), (143, 148), (94, 143), (127, 140), (106, 117), (25, 129), (93, 147), (64, 120), (136, 145), (28, 54), (139, 150), (26, 93), (67, 131), (70, 136), (98, 118), (36, 143), (69, 91), (121, 138), (8, 81), (26, 129), (79, 141), (102, 124), (21, 136), (94, 120), (41, 114), (32, 65), (24, 61), (64, 97), (108, 140), (25, 142), (66, 143), (32, 150), (65, 98), (97, 130), (68, 103), (42, 51), (21, 28), (61, 64), (26, 106), (19, 67), (79, 118), (11, 63), (98, 131), (83, 88), (101, 136), (8, 94), (54, 61), (94, 97), (41, 91), (32, 42), (64, 74), (21, 149), (41, 127), (127, 130), (97, 107), (49, 67), (68, 80), (139, 140), (26, 83), (67, 121), (97, 143), (98, 108), (36, 133), (42, 64), (28, 129), (8, 71), (19, 80), (131, 141), (83, 101), (21, 126), (41, 104), (81, 140), (13, 42), (24, 51), (108, 130), (127, 143), (93, 150), (66, 133), (67, 98), (32, 140), (24, 136), (70, 103), (97, 120), (49, 80), (59, 130), (79, 108), (70, 139), (36, 146), (28, 142), (21, 103), (41, 81), (13, 19), (24, 28), (21, 139), (54, 136), (93, 127), (68, 70), (8, 25), (26, 73), (66, 146), (107, 147), (59, 107), (24, 149), (70, 116), (42, 54), (101, 103), (8, 61), (19, 70), (100, 144), (11, 66), (104, 114), (83, 91), (21, 116), (41, 94), (81, 130), (93, 104), (108, 120), (67, 88), (32, 130), (24, 126), (70, 93), (49, 70), (36, 100), (100, 121), (79, 98), (11, 43), (69, 133), (21, 93), (41, 71), (81, 107), (104, 127), (81, 143), (73, 139), (93, 117), (66, 100), (32, 107), (24, 103), (88, 124), (8, 15), (67, 101), (13, 130), (59, 97), (19, 24), (118, 146), (11, 20), (24, 139), (70, 106), (21, 70), (100, 134), (69, 146), (42, 129), (21, 106), (61, 142), (8, 136), (54, 103), (81, 120), (73, 116), (93, 94), (11, 141), (103, 144), (54, 139), (106, 149), (67, 78), (107, 114), (13, 107), (32, 120), (24, 116), (70, 83), (97, 100), (8, 28), (107, 150), (21, 83), (41, 61), (81, 97), (73, 93), (133, 144), (42, 142), (103, 121), (8, 149), (54, 116), (73, 129), (114, 130), (93, 107), (106, 126), (32, 97), (24, 93), (36, 67), (88, 114), (67, 91), (107, 127), (118, 136), (65, 130), (36, 103), (68, 135), (69, 100), (121, 147), (26, 138), (100, 124), (25, 30), (69, 136), (102, 133), (8, 126), (54, 93), (73, 106), (19, 135), (25, 66), (66, 67), (11, 131), (32, 74), (103, 134), (114, 143), (66, 103), (26, 30), (67, 68), (13, 97), (59, 64), (106, 139), (24, 106), (64, 142), (65, 107), (70, 73), (36, 80), (88, 127), (8, 18), (100, 101), (11, 23), (65, 143), (49, 135), (68, 148), (21, 73), (8, 103), (41, 51), (73, 83), (133, 134), (25, 43), (11, 108), (125, 130), (83, 133), (102, 146), (8, 139), (54, 106), (94, 142), (41, 136), (66, 80), (11, 144), (106, 116), (24, 83), (136, 144), (88, 104), (107, 117), (139, 149), (118, 126), (68, 125), (8, 116), (54, 83), (81, 100), (19, 125), (11, 121), (125, 143), (13, 51), (32, 64), (83, 146), (103, 124), (41, 149), (114, 133), (106, 129), (25, 141), (24, 96), (65, 97), (36, 70), (28, 66), (68, 102), (67, 143), (70, 148), (98, 130), (49, 125), (69, 103), (101, 135), (121, 150), (8, 93), (26, 141), (19, 102), (11, 98), (32, 41), (102, 136), (21, 148), (41, 126), (66, 70), (13, 64), (24, 73), (28, 43), (88, 94), (97, 142), (49, 102), (68, 115), (69, 80), (21, 40), (121, 127), (8, 70), (26, 118), (19, 79), (79, 130), (98, 143), (83, 100), (101, 148), (8, 106), (54, 73), (19, 115), (13, 41), (32, 54), (83, 136), (143, 150), (135, 146), (41, 139), (127, 142), (25, 131), (93, 149), (49, 79), (136, 147), (67, 133), (59, 129), (79, 107), (70, 138), (49, 115), (36, 145), (28, 141), (101, 125), (8, 83), (79, 143), (11, 88), (21, 138), (41, 116), (13, 54), (25, 108), (24, 63), (108, 142), (68, 69), (66, 145), (24, 148), (69, 70), (21, 30), (61, 66), (101, 102), (26, 108), (67, 146), (59, 142), (19, 69), (11, 65), (98, 133), (101, 138), (102, 103), (21, 115), (41, 93), (32, 44), (24, 40), (135, 136), (41, 129), (54, 148), (25, 121), (93, 139), (49, 69), (79, 97), (97, 145), (36, 135), (42, 66), (28, 131), (101, 115), (8, 73), (11, 78), (131, 143), (83, 103), (41, 106), (81, 142), (73, 138), (25, 98), (93, 116), (127, 145), (66, 135), (67, 100), (13, 129), (32, 142), (24, 138), (42, 43), (67, 136), (19, 59), (100, 133), (70, 141), (36, 148), (69, 145), (21, 105), (41, 83), (13, 21), (104, 139), (24, 30), (64, 66), (54, 138), (93, 129), (65, 67), (49, 59), (66, 148), (107, 149), (13, 142), (19, 36), (11, 32), (70, 118), (98, 100), (36, 125), (28, 121), (142, 143), (8, 63), (100, 146), (11, 68), (131, 133), (104, 116), (42, 141), (21, 118), (8, 148), (41, 96), (25, 88), (93, 106), (64, 79), (66, 125), (118, 135), (36, 102), (28, 98), (8, 40), (19, 49), (69, 135), (21, 95), (61, 131), (41, 73), (25, 65), (104, 129), (81, 145), (73, 141), (114, 142), (66, 102), (24, 105), (36, 79), (8, 17), (26, 65), (67, 103), (107, 139), (19, 26), (118, 148), (24, 141), (65, 142), (70, 108), (36, 115), (100, 136), (104, 106), (69, 148), (42, 131), (8, 138), (73, 118), (25, 78), (66, 79), (11, 143), (93, 96), (103, 146), (66, 115), (26, 42), (67, 80), (107, 116), (118, 125), (24, 118), (28, 88), (88, 139), (8, 30), (11, 35), (69, 125), (42, 108), (21, 85), (61, 121), (8, 115), (41, 63), (19, 124), (133, 146), (125, 142), (54, 118), (24, 95), (36, 69), (28, 65), (88, 116), (107, 129), (118, 138), (49, 124), (28, 101), (69, 102), (61, 98), (121, 149), (25, 32), (42, 121), (102, 135), (94, 131), (73, 108), (66, 69), (11, 133), (103, 136), (88, 93), (106, 141), (26, 32), (67, 70), (59, 66), (24, 108), (64, 144), (28, 78), (68, 114), (88, 129), (21, 39), (121, 126), (100, 103), (98, 142), (69, 115), (42, 98), (8, 105), (19, 114), (133, 136), (83, 135), (102, 148), (143, 149), (54, 108), (94, 144), (41, 138), (106, 118), (24, 85), (64, 121), (36, 59), (136, 146), (88, 106), (49, 114), (68, 127), (61, 88), (121, 139), (26, 130), (19, 91), (79, 142), (102, 125), (8, 118), (94, 121), (73, 98), (19, 127), (32, 66), (83, 148), (103, 126), (28, 32), (106, 131), (25, 143), (64, 134), (49, 91), (28, 68), (68, 104), (61, 65), (26, 107), (59, 141), (49, 127), (69, 105), (42, 88), (61, 101), (8, 95), (19, 104), (11, 100), (32, 43), (24, 39), (83, 125), (102, 138), (21, 150), (94, 134), (106, 108), (13, 66), (36, 49), (68, 81), (139, 141), (97, 144), (49, 104), (42, 65), (21, 42), (61, 78), (101, 114), (121, 129), (19, 81), (131, 142), (42, 101), (83, 102), (102, 115), (8, 108), (21, 127), (41, 105), (13, 43), (64, 88), (135, 148), (108, 131), (41, 141), (127, 144), (25, 133), (64, 124), (97, 121), (49, 81), (68, 94), (26, 97), (67, 135), (59, 131), (36, 147), (42, 78), (28, 143), (101, 127), (8, 85), (19, 94), (104, 138), (83, 115), (21, 140), (94, 124), (41, 118), (64, 101), (65, 66), (36, 39), (108, 144), (66, 147), (13, 141), (24, 150), (97, 134), (49, 94), (36, 124), (61, 68), (101, 104), (67, 148), (100, 145), (11, 67), (21, 117), (94, 101), (41, 95), (146, 148), (24, 42), (64, 78), (135, 138), (108, 121), (127, 134), (93, 141), (66, 124), (32, 131), (65, 79), (8, 39), (67, 125), (59, 121), (11, 44), (70, 130), (42, 68), (28, 133), (11, 80), (131, 145), (21, 130), (41, 108), (81, 144), (25, 100), (93, 118), (64, 91), (108, 134), (26, 64), (67, 102), (13, 131), (59, 98), (32, 144), (118, 147), (24, 140), (70, 107), (97, 124), (36, 114), (19, 61), (100, 135), (28, 146), (69, 147), (21, 107), (61, 143), (41, 85), (81, 121), (93, 95), (104, 141), (64, 68), (93, 131), (66, 114), (26, 41), (67, 79), (32, 121), (24, 117), (97, 101), (49, 61), (36, 91), (88, 138), (67, 115), (36, 127), (142, 145), (100, 148), (104, 118), (42, 143), (8, 150), (81, 134), (73, 130), (93, 108), (66, 91), (32, 98), (66, 127), (26, 54), (13, 121), (59, 88), (32, 134), (24, 130), (70, 97), (36, 104), (28, 100), (8, 42), (19, 51), (100, 125), (21, 97), (61, 133), (73, 107), (19, 136), (25, 67), (103, 135), (54, 130), (73, 143), (66, 104), (67, 69), (106, 140), (13, 98), (59, 65), (24, 107), (36, 81), (8, 19), (107, 141), (59, 101), (19, 28), (100, 102), (118, 150), (11, 24), (49, 136), (69, 114), (21, 74), (81, 88), (133, 135), (104, 108), (69, 150), (42, 133), (61, 146), (8, 140), (54, 107), (81, 124), (114, 121), (25, 80), (66, 81), (11, 145), (93, 98), (32, 88), (103, 148), (107, 118), (59, 78), (118, 127), (24, 120), (65, 121), (36, 94), (88, 141), (21, 51), (100, 115), (69, 127), (8, 117), (41, 65), (81, 101), (73, 97), (133, 148), (42, 146), (103, 125), (41, 150), (66, 94)]"
136,Borda,ATVA_1,150,3,"{'C': 165, 'B': 146, 'A': 139}","[1.0, 1.0, 0.52, 0.52, 0.81, 0.81, 1.0, 1.0, 1.0, 1.0, 1.0, 1.0, 1.0, 1.0, 0.81, 0.52, 0.43, 1.0, 1.0, 1.0, 0.81, 0.43, 1.0, 0.43, 0.52, 1.0, 0.43, 1.0, 0.52, 0.52, 1.0, 0.43, 0.52, 0.52, 0.81, 0.43, 0.81, 1.0, 0.81, 0.52, 1.0, 0.52, 0.52, 1.0, 0.52, 0.81, 0.52, 0.52, 1.0, 1.0, 0.52, 0.52, 0.43, 1.0, 0.43, 1.0, 0.43, 1.0, 1.0, 0.43, 1.0, 0.52, 0.43, 0.52, 0.52, 0.52, 1.0, 0.81, 0.52, 0.52, 1.0, 1.0, 1.0, 0.81, 1.0, 0.52, 0.52, 0.52, 1.0, 1.0, 0.52, 0.43, 0.81, 0.52, 1.0, 0.43, 0.81, 0.52, 0.52, 0.52, 1.0, 1.0, 1.0, 1.0, 1.0, 0.81, 0.52, 0.52, 0.43, 0.52, 1.0, 0.81, 0.52, 1.0, 1.0, 0.43, 1.0, 0.81, 1.0, 0.43, 0.52, 0.52, 1.0, 0.81, 0.81, 1.0, 0.52, 1.0, 0.81, 0.52, 1.0, 0.52, 0.52, 1.0, 1.0, 1.0, 1.0, 0.81, 0.43, 0.52, 0.52, 0.52, 0.43, 0.52, 0.52, 0.81, 0.81, 0.52, 1.0, 0.81, 0.52, 0.43, 0.52, 0.43, 0.52, 1.0, 1.0, 1.0, 1.0, 0.81]",110.71000000000001,[],"[0.01, 0.0, 0.03, 0.03, 0.01, 0.01, 0.0, 0.0, 0.0, 0.01, 0.0, 0.01, 0.0, 0.01, 0.01, 0.03, 0.04, 0.01, 0.01, 0.01, 0.01, 0.04, 0.0, 0.04, 0.03, 0.01, 0.04, 0.0, 0.03, 0.03, 0.0, 0.04, 0.03, 0.03, 0.01, 0.04, 0.01, 0.01, 0.01, 0.03, 0.01, 0.03, 0.03, 0.01, 0.03, 0.01, 0.03, 0.03, 0.0, 0.0, 0.03, 0.03, 0.04, 0.0, 0.04, 0.0, 0.04, 0.0, 0.01, 0.04, 0.0, 0.03, 0.04, 0.03, 0.03, 0.03, 0.01, 0.01, 0.03, 0.03, 0.0, 0.01, 0.0, 0.01, 0.0, 0.03, 0.03, 0.03, 0.0, 0.0, 0.03, 0.04, 0.01, 0.03, 0.01, 0.04, 0.01, 0.03, 0.03, 0.03, 0.0, 0.01, 0.01, 0.0, 0.01, 0.01, 0.03, 0.03, 0.04, 0.03, 0.0, 0.01, 0.03, 0.01, 0.0, 0.04, 0.0, 0.01, 0.0, 0.04, 0.03, 0.03, 0.01, 0.01, 0.01, 0.01, 0.03, 0.0, 0.01, 0.03, 0.01, 0.03, 0.03, 0.01, 0.0, 0.0, 0.0, 0.01, 0.04, 0.03, 0.03, 0.03, 0.04, 0.03, 0.03, 0.01, 0.01, 0.03, 0.0, 0.01, 0.03, 0.04, 0.03, 0.04, 0.03, 0.01, 0.0, 0.0, 0.0, 0.01]",0,
137,Borda,ATVA_1,150,3,"{'B': 159, 'C': 150, 'A': 141}","[1.0, 0.81, 1.0, 0.52, 0.81, 0.81, 1.0, 0.52, 0.52, 0.52, 1.0, 0.52, 0.43, 0.43, 0.52, 0.43, 0.43, 0.52, 0.52, 1.0, 1.0, 1.0, 0.81, 1.0, 0.43, 0.52, 1.0, 0.52, 0.43, 1.0, 1.0, 0.52, 0.43, 1.0, 1.0, 0.81, 0.43, 0.52, 0.52, 1.0, 1.0, 0.81, 0.52, 0.43, 0.52, 1.0, 0.52, 0.52, 0.52, 0.52, 0.52, 0.52, 1.0, 0.43, 1.0, 1.0, 0.52, 1.0, 0.81, 1.0, 1.0, 1.0, 1.0, 0.43, 0.81, 0.52, 1.0, 0.81, 0.52, 0.52, 0.81, 1.0, 1.0, 1.0, 1.0, 1.0, 1.0, 1.0, 0.81, 1.0, 0.81, 1.0, 0.52, 0.43, 1.0, 1.0, 0.52, 0.81, 0.81, 1.0, 0.81, 1.0, 1.0, 0.52, 0.81, 0.52, 1.0, 0.52, 0.52, 0.81, 1.0, 1.0, 1.0, 0.43, 0.43, 1.0, 0.52, 1.0, 1.0, 0.43, 0.43, 0.81, 1.0, 0.43, 0.43, 1.0, 0.52, 0.52, 0.52, 0.43, 0.52, 0.81, 0.81, 0.81, 0.52, 0.81, 1.0, 1.0, 1.0, 0.43, 1.0, 0.52, 0.52, 1.0, 0.52, 0.43, 0.52, 1.0, 0.43, 1.0, 0.81, 0.81, 1.0, 0.81, 0.43, 0.52, 0.52, 1.0, 0.43, 0.43]",110.36000000000001,[],"[0.01, 0.01, 0.0, 0.03, 0.01, 0.01, 0.01, 0.03, 0.03, 0.03, 0.01, 0.03, 0.04, 0.04, 0.03, 0.04, 0.04, 0.03, 0.03, 0.01, 0.0, 0.0, 0.01, 0.01, 0.04, 0.03, 0.0, 0.03, 0.04, 0.01, 0.01, 0.03, 0.04, 0.01, 0.0, 0.01, 0.04, 0.03, 0.03, 0.01, 0.0, 0.01, 0.03, 0.04, 0.03, 0.0, 0.03, 0.03, 0.03, 0.03, 0.03, 0.03, 0.0, 0.04, 0.01, 0.01, 0.03, 0.01, 0.01, 0.0, 0.0, 0.0, 0.0, 0.04, 0.01, 0.03, 0.0, 0.01, 0.03, 0.03, 0.01, 0.01, 0.0, 0.0, 0.01, 0.0, 0.01, 0.0, 0.01, 0.0, 0.01, 0.01, 0.03, 0.04, 0.01, 0.0, 0.03, 0.01, 0.01, 0.01, 0.01, 0.0, 0.0, 0.03, 0.01, 0.03, 0.01, 0.03, 0.03, 0.01, 0.01, 0.0, 0.01, 0.04, 0.04, 0.0, 0.03, 0.0, 0.01, 0.04, 0.04, 0.01, 0.0, 0.04, 0.04, 0.01, 0.03, 0.03, 0.03, 0.04, 0.03, 0.01, 0.01, 0.01, 0.03, 0.01, 0.0, 0.0, 0.01, 0.04, 0.01, 0.03, 0.03, 0.01, 0.03, 0.04, 0.03, 0.01, 0.04, 0.0, 0.01, 0.01, 0.01, 0.01, 0.04, 0.03, 0.03, 0.0, 0.04, 0.04]",0,
138,Borda,ATVA_1,150,3,"{'B': 163, 'C': 156, 'A': 131}","[0.52, 0.81, 1.0, 0.81, 1.0, 0.81, 0.81, 0.52, 0.52, 0.43, 0.43, 1.0, 0.81, 0.81, 0.52, 1.0, 0.81, 1.0, 0.52, 0.52, 0.43, 0.52, 0.52, 0.43, 0.52, 0.52, 1.0, 0.52, 0.81, 0.52, 1.0, 0.52, 1.0, 0.43, 1.0, 0.81, 1.0, 0.52, 0.52, 1.0, 1.0, 0.52, 1.0, 1.0, 0.43, 1.0, 1.0, 0.52, 0.52, 0.52, 0.52, 1.0, 0.52, 0.52, 0.81, 1.0, 0.81, 0.81, 0.81, 0.81, 0.81, 1.0, 0.81, 0.81, 0.52, 0.81, 1.0, 1.0, 0.52, 1.0, 0.81, 0.52, 0.52, 0.52, 0.52, 0.81, 0.43, 0.43, 1.0, 1.0, 0.81, 0.43, 1.0, 0.43, 0.52, 1.0, 0.43, 0.52, 1.0, 0.81, 0.81, 0.43, 1.0, 1.0, 0.52, 1.0, 1.0, 1.0, 0.81, 0.52, 0.81, 0.43, 0.52, 1.0, 1.0, 0.81, 0.52, 0.52, 0.81, 1.0, 1.0, 0.52, 0.81, 0.81, 0.43, 1.0, 0.81, 0.43, 0.81, 0.52, 0.81, 0.81, 0.81, 0.52, 1.0, 0.81, 0.52, 0.52, 0.52, 1.0, 0.52, 1.0, 0.52, 0.52, 0.52, 1.0, 1.0, 0.52, 0.52, 1.0, 1.0, 0.52, 0.81, 1.0, 0.81, 1.0, 1.0, 1.0, 1.0, 0.52]",110.9,[],"[0.03, 0.01, 0.0, 0.01, 0.0, 0.01, 0.01, 0.03, 0.03, 0.04, 0.04, 0.01, 0.01, 0.01, 0.03, 0.0, 0.01, 0.0, 0.03, 0.03, 0.04, 0.03, 0.03, 0.04, 0.03, 0.03, 0.0, 0.03, 0.01, 0.03, 0.0, 0.03, 0.01, 0.04, 0.01, 0.01, 0.0, 0.03, 0.03, 0.01, 0.01, 0.03, 0.01, 0.0, 0.04, 0.0, 0.0, 0.03, 0.03, 0.03, 0.03, 0.01, 0.03, 0.03, 0.01, 0.01, 0.01, 0.01, 0.01, 0.01, 0.01, 0.01, 0.01, 0.01, 0.03, 0.01, 0.01, 0.01, 0.03, 0.0, 0.01, 0.03, 0.03, 0.03, 0.03, 0.01, 0.04, 0.04, 0.0, 0.01, 0.01, 0.04, 0.0, 0.04, 0.03, 0.01, 0.04, 0.03, 0.0, 0.01, 0.01, 0.04, 0.01, 0.01, 0.03, 0.01, 0.01, 0.0, 0.01, 0.03, 0.01, 0.04, 0.03, 0.0, 0.0, 0.01, 0.03, 0.03, 0.01, 0.0, 0.0, 0.03, 0.01, 0.01, 0.04, 0.01, 0.01, 0.04, 0.01, 0.03, 0.01, 0.01, 0.01, 0.03, 0.01, 0.01, 0.03, 0.03, 0.03, 0.01, 0.03, 0.01, 0.03, 0.03, 0.03, 0.0, 0.0, 0.03, 0.03, 0.01, 0.0, 0.03, 0.01, 0.0, 0.01, 0.01, 0.01, 0.0, 0.0, 0.03]",0,
139,Borda,ATVA_1,150,3,"{'B': 158, 'A': 149, 'C': 143}","[1.0, 1.0, 0.52, 0.52, 0.81, 0.52, 1.0, 1.0, 0.52, 1.0, 0.52, 0.43, 0.81, 0.43, 1.0, 0.43, 1.0, 0.81, 0.52, 1.0, 1.0, 0.43, 0.43, 1.0, 0.43, 0.81, 0.81, 0.43, 0.43, 1.0, 1.0, 0.52, 1.0, 0.52, 0.52, 1.0, 0.52, 1.0, 1.0, 1.0, 0.81, 0.81, 1.0, 0.43, 0.43, 0.52, 0.52, 0.52, 1.0, 0.43, 1.0, 0.52, 1.0, 0.43, 0.52, 0.52, 1.0, 0.81, 0.43, 0.52, 0.52, 0.52, 0.52, 1.0, 0.52, 0.43, 1.0, 0.52, 1.0, 0.81, 1.0, 1.0, 0.52, 1.0, 0.81, 1.0, 0.52, 0.81, 0.52, 1.0, 0.43, 0.52, 0.43, 0.81, 0.81, 0.52, 1.0, 1.0, 0.52, 0.81, 0.52, 0.81, 0.52, 1.0, 1.0, 1.0, 1.0, 0.81, 0.81, 0.81, 0.52, 0.52, 0.52, 0.43, 0.81, 0.43, 0.52, 0.81, 1.0, 0.81, 0.43, 1.0, 1.0, 0.81, 0.52, 0.43, 0.52, 1.0, 0.52, 0.52, 1.0, 1.0, 0.81, 0.52, 1.0, 1.0, 0.81, 1.0, 1.0, 1.0, 0.43, 0.81, 0.52, 1.0, 1.0, 1.0, 0.52, 0.43, 0.52, 0.81, 0.81, 0.52, 0.52, 1.0, 0.81, 0.43, 1.0, 0.43, 1.0, 0.81]",109.69,[],"[0.01, 0.0, 0.03, 0.03, 0.01, 0.03, 0.01, 0.0, 0.03, 0.01, 0.03, 0.04, 0.01, 0.04, 0.0, 0.04, 0.01, 0.01, 0.03, 0.01, 0.01, 0.04, 0.04, 0.01, 0.04, 0.01, 0.01, 0.04, 0.04, 0.01, 0.01, 0.03, 0.0, 0.03, 0.03, 0.0, 0.03, 0.0, 0.0, 0.0, 0.01, 0.01, 0.01, 0.04, 0.04, 0.03, 0.03, 0.03, 0.01, 0.04, 0.01, 0.03, 0.01, 0.04, 0.03, 0.03, 0.0, 0.01, 0.04, 0.03, 0.03, 0.03, 0.03, 0.0, 0.03, 0.04, 0.01, 0.03, 0.0, 0.01, 0.01, 0.0, 0.03, 0.0, 0.01, 0.01, 0.03, 0.01, 0.03, 0.01, 0.04, 0.03, 0.04, 0.01, 0.01, 0.03, 0.01, 0.0, 0.03, 0.01, 0.03, 0.01, 0.03, 0.0, 0.0, 0.01, 0.0, 0.01, 0.01, 0.01, 0.03, 0.03, 0.03, 0.04, 0.01, 0.04, 0.03, 0.01, 0.0, 0.01, 0.04, 0.0, 0.01, 0.01, 0.03, 0.04, 0.03, 0.0, 0.03, 0.03, 0.01, 0.0, 0.01, 0.03, 0.01, 0.01, 0.01, 0.0, 0.0, 0.01, 0.04, 0.01, 0.03, 0.01, 0.0, 0.01, 0.03, 0.04, 0.03, 0.01, 0.01, 0.03, 0.03, 0.0, 0.01, 0.04, 0.01, 0.04, 0.01, 0.01]",0,
140,Borda,ATVA_3,150,3,"{'A': 51, 'C': 50, 'B': 49}","[0.52, 1.0, 0.81, 1.0, 0.52, 0.81, 0.81, 1.0, 1.0, 0.43, 0.81, 1.0, 1.0, 1.0, 1.0, 0.43, 1.0, 0.81, 0.52, 0.43, 1.0, 0.81, 1.0, 0.81, 1.0, 0.81, 0.52, 0.52, 0.43, 0.43, 0.81, 0.52, 0.81, 1.0, 0.81, 1.0, 1.0, 1.0, 0.52, 0.81, 0.52, 0.52, 0.43, 1.0, 0.52, 0.81, 1.0, 0.52, 1.0, 0.81, 0.81, 0.52, 0.43, 1.0, 0.52, 0.52, 0.52, 0.52, 1.0, 1.0, 0.52, 0.52, 0.52, 1.0, 1.0, 1.0, 1.0, 1.0, 0.52, 0.81, 0.52, 0.52, 0.52, 0.52, 1.0, 0.43, 0.52, 0.52, 1.0, 0.52, 1.0, 0.52, 0.81, 0.52, 0.52, 0.43, 0.52, 0.43, 1.0, 1.0, 0.43, 0.52, 1.0, 0.52, 0.43, 0.43, 1.0, 0.52, 0.43, 1.0, 0.43, 1.0, 1.0, 0.52, 1.0, 0.52, 1.0, 0.52, 1.0, 0.52, 0.52, 0.52, 1.0, 1.0, 0.43, 0.52, 0.43, 1.0, 0.81, 0.52, 0.52, 0.52, 1.0, 0.81, 1.0, 0.52, 0.52, 0.81, 1.0, 0.52, 0.81, 0.52, 0.43, 0.52, 1.0, 0.43, 0.81, 0.52, 0.43, 0.52, 0.52, 0.52, 1.0, 0.52, 0.81, 0.52, 1.0, 1.0, 0.81, 0.81]",107.45000000000002,"[5, 10, 16, 19, 20, 29, 30, 32, 39, 41, 42, 43, 45, 48, 52, 53, 55, 56, 57, 58, 61, 62, 63, 69, 71, 72, 73, 74, 76, 77, 78, 80, 82, 85, 86, 87, 88, 91, 92, 95, 96, 98, 99, 101, 104, 106, 110, 111, 112, 115, 117, 120, 122, 126, 127, 130, 132, 133, 136, 138, 139, 140, 142, 144, 146]","[0.04, 0.03, 0.03, 0.03, 0.03, 0.04, 0.04, 0.03, 0.03, 0.0, 0.04, 0.03, 0.01, 0.03, 0.03, 0.01, 0.01, 0.03, 0.03, 0.01, 0.01, 0.03, 0.01, 0.03, 0.01, 0.03, 0.04, 0.04, 0.0, 0.01, 0.03, 0.01, 0.03, 0.01, 0.03, 0.01, 0.03, 0.03, 0.03, 0.04, 0.03, 0.01, 0.01, 0.03, 0.0, 0.03, 0.03, 0.01, 0.03, 0.03, 0.04, 0.01, 0.01, 0.01, 0.0, 0.01, 0.0, 0.01, 0.01, 0.01, 0.01, 0.01, 0.03, 0.01, 0.01, 0.03, 0.01, 0.01, 0.03, 0.03, 0.03, 0.01, 0.03, 0.03, 0.03, 0.0, 0.01, 0.01, 0.01, 0.01, 0.01, 0.03, 0.03, 0.04, 0.01, 0.0, 0.01, 0.01, 0.01, 0.03, 0.01, 0.01, 0.01, 0.04, 0.01, 0.01, 0.01, 0.03, 0.01, 0.01, 0.01, 0.01, 0.01, 0.01, 0.01, 0.01, 0.03, 0.04, 0.03, 0.01, 0.03, 0.01, 0.01, 0.01, 0.01, 0.04, 0.0, 0.01, 0.04, 0.03, 0.04, 0.0, 0.01, 0.03, 0.03, 0.0, 0.01, 0.03, 0.01, 0.0, 0.03, 0.0, 0.0, 0.04, 0.01, 0.0, 0.04, 0.03, 0.01, 0.01, 0.04, 0.01, 0.03, 0.01, 0.03, 0.01, 0.01, 0.03, 0.03, 0.03]",0,
141,Borda,ATVA_3,150,3,"{'B': 52, 'A': 50, 'C': 48}","[1.0, 1.0, 1.0, 0.81, 0.52, 1.0, 0.81, 0.52, 1.0, 1.0, 0.52, 0.52, 0.43, 1.0, 0.52, 0.52, 1.0, 0.52, 0.52, 0.52, 0.81, 0.43, 0.81, 0.81, 0.43, 1.0, 0.81, 1.0, 1.0, 0.52, 0.81, 0.52, 1.0, 1.0, 0.43, 0.52, 1.0, 1.0, 0.52, 0.52, 0.43, 0.43, 0.43, 1.0, 0.81, 0.52, 1.0, 1.0, 0.81, 0.81, 0.81, 0.52, 1.0, 1.0, 0.52, 0.52, 0.52, 0.81, 0.81, 1.0, 0.52, 0.52, 0.52, 0.52, 0.81, 1.0, 0.52, 1.0, 0.43, 1.0, 1.0, 0.52, 1.0, 1.0, 1.0, 1.0, 1.0, 0.52, 1.0, 0.52, 0.52, 1.0, 0.52, 1.0, 0.52, 1.0, 1.0, 0.43, 0.81, 0.43, 0.52, 0.81, 0.52, 1.0, 0.52, 1.0, 0.52, 0.52, 0.52, 0.52, 0.81, 1.0, 0.52, 0.52, 1.0, 0.52, 0.52, 1.0, 1.0, 0.43, 1.0, 0.43, 0.81, 0.52, 0.52, 0.52, 0.52, 1.0, 0.52, 1.0, 0.43, 0.81, 0.52, 0.52, 0.81, 1.0, 0.52, 1.0, 1.0, 1.0, 0.81, 0.52, 0.52, 0.81, 0.52, 1.0, 0.81, 1.0, 1.0, 0.81, 0.43, 0.81, 0.52, 0.81, 0.52, 0.52, 0.52, 0.81, 1.0, 0.81]",109.82000000000002,"[4, 7, 12, 13, 15, 16, 18, 19, 21, 22, 23, 24, 25, 27, 30, 31, 35, 36, 39, 41, 42, 43, 45, 49, 50, 51, 52, 55, 56, 58, 59, 61, 65, 67, 69, 72, 80, 83, 88, 89, 90, 92, 95, 100, 101, 110, 112, 113, 117, 119, 121, 122, 125, 127, 131, 133, 134, 137, 140, 141, 142, 144, 148, 150]","[0.01, 0.0, 0.0, 0.01, 0.04, 0.0, 0.01, 0.04, 0.0, 0.0, 0.04, 0.03, 0.04, 0.01, 0.03, 0.01, 0.01, 0.01, 0.01, 0.03, 0.01, 0.03, 0.01, 0.01, 0.04, 0.0, 0.01, 0.0, 0.0, 0.01, 0.01, 0.04, 0.0, 0.01, 0.04, 0.01, 0.0, 0.0, 0.01, 0.03, 0.03, 0.04, 0.03, 0.0, 0.03, 0.04, 0.01, 0.0, 0.01, 0.03, 0.01, 0.03, 0.0, 0.01, 0.01, 0.01, 0.03, 0.03, 0.03, 0.01, 0.01, 0.03, 0.04, 0.04, 0.01, 0.01, 0.03, 0.0, 0.04, 0.0, 0.0, 0.03, 0.01, 0.0, 0.01, 0.0, 0.01, 0.04, 0.0, 0.03, 0.04, 0.0, 0.01, 0.0, 0.03, 0.0, 0.0, 0.03, 0.03, 0.04, 0.03, 0.01, 0.03, 0.0, 0.01, 0.01, 0.04, 0.04, 0.03, 0.03, 0.01, 0.01, 0.04, 0.03, 0.0, 0.03, 0.03, 0.01, 0.01, 0.04, 0.0, 0.04, 0.01, 0.04, 0.04, 0.03, 0.01, 0.01, 0.01, 0.01, 0.04, 0.01, 0.04, 0.04, 0.01, 0.0, 0.01, 0.0, 0.0, 0.01, 0.03, 0.03, 0.03, 0.01, 0.03, 0.0, 0.01, 0.01, 0.01, 0.01, 0.03, 0.03, 0.04, 0.01, 0.04, 0.04, 0.03, 0.01, 0.01, 0.01]",0,
142,Borda,ATVA_3,150,3,"{'B': 55, 'A': 48, 'C': 47}","[1.0, 1.0, 0.81, 0.43, 0.52, 1.0, 1.0, 1.0, 0.52, 0.52, 0.52, 0.52, 0.81, 0.52, 0.81, 0.52, 1.0, 1.0, 0.52, 0.43, 0.43, 1.0, 0.52, 0.52, 1.0, 1.0, 0.52, 0.52, 0.43, 1.0, 1.0, 0.81, 0.81, 0.81, 1.0, 0.81, 1.0, 0.43, 0.81, 0.43, 0.52, 1.0, 0.81, 0.52, 0.81, 0.52, 1.0, 0.43, 0.81, 1.0, 0.81, 0.52, 1.0, 0.52, 0.52, 0.81, 1.0, 0.81, 0.81, 1.0, 0.43, 0.43, 1.0, 1.0, 0.81, 1.0, 0.52, 0.43, 0.52, 0.52, 0.52, 1.0, 0.52, 1.0, 0.43, 1.0, 0.52, 0.43, 1.0, 1.0, 1.0, 0.43, 1.0, 1.0, 0.52, 0.43, 1.0, 1.0, 1.0, 1.0, 1.0, 1.0, 0.43, 0.43, 0.81, 0.43, 0.52, 0.52, 0.43, 0.81, 1.0, 1.0, 0.52, 0.43, 1.0, 0.81, 0.43, 0.43, 0.52, 1.0, 1.0, 0.52, 1.0, 0.81, 0.43, 0.52, 1.0, 0.43, 0.81, 1.0, 0.43, 1.0, 1.0, 1.0, 0.52, 0.43, 0.52, 0.52, 1.0, 0.43, 0.81, 1.0, 0.81, 1.0, 0.52, 1.0, 0.52, 0.43, 0.52, 0.81, 1.0, 0.43, 0.81, 1.0, 1.0, 0.52, 0.52, 0.81, 0.81, 0.52]",109.71000000000001,"[4, 16, 20, 21, 28, 29, 38, 40, 41, 48, 54, 55, 61, 62, 67, 68, 70, 73, 75, 77, 78, 82, 86, 93, 94, 96, 97, 99, 104, 107, 108, 109, 115, 118, 121, 126, 130, 135, 138, 142, 146, 147, 150]","[0.01, 0.0, 0.04, 0.01, 0.03, 0.01, 0.0, 0.01, 0.04, 0.03, 0.03, 0.03, 0.04, 0.04, 0.04, 0.01, 0.01, 0.0, 0.04, 0.01, 0.03, 0.0, 0.04, 0.04, 0.01, 0.0, 0.03, 0.01, 0.01, 0.0, 0.0, 0.03, 0.04, 0.04, 0.0, 0.04, 0.01, 0.03, 0.04, 0.03, 0.01, 0.01, 0.04, 0.04, 0.04, 0.04, 0.01, 0.03, 0.04, 0.0, 0.04, 0.03, 0.0, 0.01, 0.01, 0.04, 0.01, 0.03, 0.03, 0.0, 0.01, 0.03, 0.01, 0.01, 0.04, 0.0, 0.01, 0.01, 0.03, 0.01, 0.03, 0.0, 0.01, 0.01, 0.01, 0.0, 0.01, 0.03, 0.0, 0.0, 0.01, 0.03, 0.01, 0.01, 0.03, 0.03, 0.01, 0.0, 0.0, 0.0, 0.0, 0.0, 0.01, 0.01, 0.04, 0.01, 0.01, 0.03, 0.03, 0.04, 0.0, 0.01, 0.04, 0.01, 0.01, 0.04, 0.01, 0.03, 0.01, 0.01, 0.0, 0.04, 0.01, 0.04, 0.03, 0.04, 0.0, 0.01, 0.04, 0.01, 0.01, 0.01, 0.01, 0.0, 0.03, 0.01, 0.04, 0.03, 0.0, 0.01, 0.03, 0.0, 0.03, 0.01, 0.01, 0.01, 0.03, 0.03, 0.03, 0.03, 0.01, 0.03, 0.04, 0.01, 0.0, 0.01, 0.01, 0.03, 0.04, 0.01]",0,
143,Borda,ATVA_3,150,3,"{'B': 59, 'C': 52, 'A': 39}","[0.52, 0.52, 0.52, 0.81, 0.52, 1.0, 0.43, 0.43, 1.0, 1.0, 0.52, 0.52, 0.81, 0.52, 1.0, 0.81, 0.81, 1.0, 0.81, 0.81, 1.0, 0.52, 0.81, 0.81, 0.52, 0.43, 1.0, 1.0, 0.43, 1.0, 1.0, 0.52, 0.43, 0.81, 1.0, 1.0, 0.43, 0.52, 0.81, 0.52, 0.81, 0.52, 0.81, 1.0, 0.43, 0.52, 1.0, 1.0, 0.81, 0.81, 0.43, 0.52, 1.0, 1.0, 0.52, 0.81, 0.52, 0.81, 1.0, 0.52, 0.52, 1.0, 0.43, 0.52, 0.81, 1.0, 0.81, 0.43, 0.43, 0.81, 0.43, 0.81, 1.0, 0.52, 1.0, 0.52, 1.0, 0.43, 1.0, 0.52, 0.81, 0.52, 0.52, 0.43, 1.0, 0.81, 1.0, 0.81, 0.52, 0.81, 0.81, 1.0, 1.0, 1.0, 0.81, 1.0, 0.81, 0.81, 1.0, 1.0, 1.0, 0.52, 0.52, 1.0, 1.0, 0.52, 1.0, 0.81, 1.0, 0.43, 1.0, 1.0, 1.0, 0.81, 1.0, 0.52, 1.0, 0.43, 1.0, 0.52, 0.52, 0.52, 0.52, 0.81, 0.52, 1.0, 0.52, 0.81, 0.52, 0.52, 0.43, 1.0, 0.81, 1.0, 1.0, 0.43, 0.52, 1.0, 0.52, 0.52, 1.0, 0.81, 1.0, 0.52, 0.52, 0.52, 1.0, 0.52, 1.0, 0.52]",111.20000000000002,"[1, 2, 3, 4, 7, 8, 11, 13, 14, 16, 17, 19, 20, 22, 23, 24, 25, 26, 29, 32, 33, 34, 37, 39, 40, 41, 42, 43, 45, 46, 49, 50, 51, 52, 55, 56, 57, 58, 60, 61, 63, 64, 65, 67, 68, 69, 70, 71, 72, 76, 78, 81, 82, 83, 84, 86, 88, 89, 90, 91, 95, 97, 98, 102, 103, 106, 108, 110, 114, 116, 118, 120, 121, 122, 123, 124, 125, 127, 128, 129, 130, 131, 133, 136, 137, 139, 140, 142, 144, 145, 146, 150]","[0.03, 0.01, 0.01, 0.01, 0.04, 0.01, 0.03, 0.03, 0.01, 0.01, 0.01, 0.04, 0.01, 0.0, 0.03, 0.01, 0.01, 0.03, 0.01, 0.01, 0.01, 0.01, 0.01, 0.0, 0.01, 0.03, 0.03, 0.03, 0.03, 0.03, 0.03, 0.03, 0.03, 0.01, 0.03, 0.03, 0.03, 0.04, 0.01, 0.0, 0.01, 0.01, 0.01, 0.03, 0.03, 0.03, 0.01, 0.03, 0.01, 0.01, 0.03, 0.03, 0.03, 0.01, 0.01, 0.01, 0.03, 0.0, 0.01, 0.01, 0.01, 0.01, 0.03, 0.0, 0.0, 0.03, 0.0, 0.04, 0.04, 0.01, 0.03, 0.01, 0.03, 0.04, 0.03, 0.03, 0.03, 0.03, 0.03, 0.04, 0.0, 0.01, 0.01, 0.04, 0.03, 0.01, 0.03, 0.01, 0.03, 0.0, 0.01, 0.03, 0.03, 0.03, 0.01, 0.01, 0.01, 0.0, 0.01, 0.03, 0.03, 0.03, 0.03, 0.03, 0.03, 0.03, 0.03, 0.0, 0.03, 0.03, 0.03, 0.03, 0.03, 0.0, 0.03, 0.01, 0.03, 0.04, 0.01, 0.03, 0.0, 0.03, 0.01, 0.0, 0.01, 0.03, 0.01, 0.01, 0.01, 0.03, 0.04, 0.03, 0.01, 0.01, 0.01, 0.03, 0.03, 0.01, 0.01, 0.0, 0.01, 0.01, 0.03, 0.01, 0.01, 0.01, 0.01, 0.04, 0.03, 0.03]",0,
144,Borda,ATVA_3,150,3,"{'B': 55, 'C': 48, 'A': 47}","[0.81, 1.0, 0.52, 0.52, 1.0, 0.52, 0.81, 0.52, 0.43, 0.43, 0.43, 0.52, 0.43, 0.52, 0.52, 0.52, 1.0, 0.52, 0.81, 0.52, 0.52, 1.0, 1.0, 1.0, 1.0, 0.43, 0.52, 1.0, 0.52, 0.43, 0.52, 1.0, 0.81, 0.81, 1.0, 0.43, 0.43, 0.52, 1.0, 1.0, 0.52, 1.0, 1.0, 0.43, 0.43, 1.0, 0.52, 0.81, 0.43, 0.81, 1.0, 1.0, 0.43, 1.0, 0.52, 0.43, 1.0, 1.0, 0.52, 0.52, 0.52, 1.0, 0.52, 0.43, 1.0, 0.52, 0.81, 1.0, 1.0, 1.0, 1.0, 1.0, 0.52, 1.0, 0.52, 1.0, 0.52, 0.81, 1.0, 1.0, 0.81, 0.81, 0.52, 0.52, 0.52, 1.0, 1.0, 0.43, 0.81, 0.81, 0.43, 0.81, 0.81, 0.52, 0.52, 1.0, 0.43, 1.0, 0.43, 0.52, 0.43, 0.81, 0.81, 0.52, 1.0, 1.0, 0.52, 0.81, 1.0, 1.0, 0.52, 0.52, 1.0, 1.0, 1.0, 1.0, 0.81, 1.0, 0.81, 0.43, 1.0, 1.0, 0.81, 1.0, 0.52, 0.52, 1.0, 0.81, 1.0, 0.81, 0.81, 0.43, 1.0, 0.52, 1.0, 0.52, 0.52, 1.0, 0.81, 0.43, 0.52, 0.52, 0.43, 0.81, 1.0, 1.0, 1.0, 0.52, 0.52, 0.52]",109.87,"[3, 4, 6, 9, 10, 11, 12, 13, 18, 20, 21, 26, 30, 31, 36, 37, 38, 44, 45, 47, 49, 53, 56, 59, 60, 61, 63, 64, 77, 88, 91, 94, 97, 99, 100, 101, 104, 112, 120, 125, 126, 132, 134, 140, 141, 143, 148]","[0.03, 0.0, 0.03, 0.03, 0.01, 0.04, 0.01, 0.01, 0.03, 0.03, 0.03, 0.04, 0.03, 0.01, 0.03, 0.01, 0.01, 0.04, 0.03, 0.03, 0.03, 0.01, 0.01, 0.01, 0.01, 0.03, 0.03, 0.01, 0.03, 0.03, 0.03, 0.01, 0.01, 0.03, 0.01, 0.03, 0.04, 0.04, 0.0, 0.0, 0.03, 0.01, 0.01, 0.03, 0.04, 0.01, 0.03, 0.01, 0.03, 0.03, 0.01, 0.01, 0.04, 0.0, 0.01, 0.03, 0.0, 0.01, 0.04, 0.03, 0.03, 0.01, 0.03, 0.03, 0.0, 0.03, 0.01, 0.0, 0.0, 0.01, 0.01, 0.01, 0.01, 0.0, 0.03, 0.0, 0.04, 0.03, 0.01, 0.01, 0.01, 0.03, 0.01, 0.03, 0.03, 0.01, 0.0, 0.03, 0.03, 0.03, 0.03, 0.01, 0.03, 0.03, 0.03, 0.01, 0.03, 0.0, 0.04, 0.04, 0.04, 0.03, 0.03, 0.04, 0.0, 0.01, 0.03, 0.03, 0.01, 0.01, 0.03, 0.03, 0.0, 0.01, 0.01, 0.0, 0.03, 0.01, 0.03, 0.03, 0.01, 0.01, 0.03, 0.0, 0.03, 0.03, 0.0, 0.03, 0.01, 0.01, 0.01, 0.04, 0.0, 0.03, 0.01, 0.01, 0.01, 0.01, 0.03, 0.03, 0.03, 0.01, 0.04, 0.03, 0.01, 0.01, 0.01, 0.03, 0.03, 0.03]",0,
145,Borda,ATVA_3,150,3,"{'A': 54, 'C': 51, 'B': 45}","[0.81, 0.81, 0.81, 1.0, 1.0, 0.81, 1.0, 1.0, 0.81, 0.81, 1.0, 0.52, 0.43, 0.52, 0.52, 0.52, 1.0, 1.0, 0.81, 0.52, 0.52, 1.0, 0.43, 0.52, 1.0, 0.52, 0.52, 0.43, 1.0, 0.52, 0.52, 1.0, 1.0, 0.81, 1.0, 0.81, 0.81, 0.52, 1.0, 0.43, 0.43, 1.0, 0.52, 1.0, 1.0, 0.52, 0.52, 0.43, 0.81, 1.0, 0.52, 0.52, 1.0, 1.0, 0.81, 0.81, 0.81, 1.0, 0.52, 0.81, 0.52, 0.52, 0.52, 1.0, 1.0, 0.43, 1.0, 0.43, 1.0, 1.0, 0.81, 0.52, 0.81, 1.0, 0.43, 1.0, 1.0, 0.52, 0.52, 1.0, 0.52, 0.52, 0.81, 0.43, 0.43, 0.52, 0.43, 1.0, 0.81, 0.52, 0.43, 0.52, 0.52, 0.81, 0.43, 1.0, 0.43, 1.0, 1.0, 0.52, 0.52, 0.81, 1.0, 0.52, 1.0, 0.52, 1.0, 0.43, 0.52, 0.43, 1.0, 1.0, 0.81, 1.0, 0.43, 0.81, 0.52, 1.0, 0.52, 0.81, 1.0, 0.52, 0.81, 1.0, 1.0, 1.0, 0.52, 1.0, 1.0, 1.0, 0.81, 0.81, 0.52, 1.0, 1.0, 0.52, 0.43, 0.43, 1.0, 0.81, 1.0, 0.52, 0.52, 0.52, 0.52, 0.52, 0.81, 0.52, 1.0, 1.0]",110.53,"[12, 13, 16, 21, 23, 24, 28, 31, 40, 41, 43, 48, 66, 68, 75, 79, 84, 85, 86, 87, 90, 91, 93, 95, 97, 100, 104, 106, 108, 109, 110, 115, 117, 127, 133, 137, 138, 142, 143]","[0.03, 0.01, 0.01, 0.01, 0.01, 0.01, 0.0, 0.01, 0.01, 0.01, 0.01, 0.03, 0.03, 0.03, 0.01, 0.03, 0.01, 0.01, 0.01, 0.04, 0.03, 0.01, 0.04, 0.03, 0.01, 0.01, 0.01, 0.03, 0.01, 0.01, 0.03, 0.01, 0.01, 0.01, 0.01, 0.03, 0.03, 0.01, 0.01, 0.03, 0.04, 0.0, 0.03, 0.01, 0.0, 0.03, 0.04, 0.03, 0.03, 0.01, 0.04, 0.01, 0.0, 0.01, 0.01, 0.03, 0.03, 0.0, 0.01, 0.03, 0.01, 0.03, 0.01, 0.0, 0.01, 0.03, 0.0, 0.03, 0.0, 0.0, 0.03, 0.04, 0.01, 0.01, 0.03, 0.0, 0.01, 0.03, 0.03, 0.01, 0.03, 0.01, 0.01, 0.04, 0.03, 0.03, 0.03, 0.01, 0.01, 0.03, 0.03, 0.01, 0.03, 0.01, 0.03, 0.01, 0.03, 0.0, 0.01, 0.03, 0.03, 0.01, 0.0, 0.03, 0.01, 0.03, 0.01, 0.04, 0.03, 0.03, 0.01, 0.0, 0.03, 0.0, 0.03, 0.03, 0.03, 0.01, 0.01, 0.01, 0.0, 0.04, 0.01, 0.01, 0.0, 0.0, 0.03, 0.01, 0.01, 0.0, 0.01, 0.01, 0.03, 0.0, 0.01, 0.01, 0.03, 0.03, 0.01, 0.01, 0.01, 0.03, 0.03, 0.01, 0.04, 0.01, 0.03, 0.03, 0.01, 0.01]",0,
146,Borda,ATVA_3,150,3,"{'C': 54, 'A': 51, 'B': 45}","[1.0, 0.43, 0.81, 1.0, 1.0, 0.52, 1.0, 0.43, 1.0, 0.81, 0.52, 0.52, 0.43, 1.0, 0.52, 1.0, 0.52, 0.52, 0.81, 0.52, 0.52, 1.0, 1.0, 0.43, 0.81, 1.0, 0.52, 0.52, 0.52, 0.52, 1.0, 0.81, 0.52, 1.0, 1.0, 0.43, 0.43, 1.0, 0.52, 1.0, 0.81, 0.43, 0.81, 0.52, 1.0, 0.52, 0.52, 0.81, 0.52, 0.81, 0.52, 1.0, 1.0, 1.0, 0.81, 0.52, 0.52, 1.0, 0.52, 0.81, 0.52, 1.0, 0.43, 0.52, 0.81, 1.0, 1.0, 1.0, 1.0, 0.81, 0.52, 1.0, 0.81, 0.43, 0.81, 0.43, 0.52, 0.43, 1.0, 1.0, 0.81, 0.52, 1.0, 1.0, 0.52, 0.81, 1.0, 0.52, 1.0, 0.81, 0.81, 0.43, 0.52, 0.52, 0.81, 1.0, 0.52, 0.81, 0.52, 0.52, 1.0, 0.52, 1.0, 0.43, 1.0, 0.52, 1.0, 0.81, 0.43, 1.0, 0.52, 1.0, 0.52, 1.0, 0.52, 1.0, 0.52, 1.0, 0.52, 0.52, 0.52, 1.0, 0.43, 0.81, 0.43, 1.0, 0.81, 0.81, 0.43, 0.52, 0.52, 1.0, 0.52, 0.81, 1.0, 0.43, 1.0, 0.52, 0.81, 0.43, 0.81, 1.0, 0.52, 0.52, 0.81, 1.0, 0.52, 0.81, 1.0, 1.0]",109.47,"[2, 6, 8, 12, 13, 18, 24, 36, 37, 42, 46, 49, 51, 63, 74, 76, 78, 92, 93, 102, 104, 106, 109, 111, 117, 123, 125, 129, 130, 133, 136, 138, 140, 143, 147]","[0.03, 0.04, 0.0, 0.01, 0.03, 0.04, 0.01, 0.04, 0.03, 0.0, 0.01, 0.04, 0.03, 0.01, 0.0, 0.03, 0.0, 0.04, 0.0, 0.0, 0.0, 0.03, 0.03, 0.04, 0.01, 0.01, 0.0, 0.03, 0.0, 0.0, 0.03, 0.0, 0.03, 0.03, 0.01, 0.03, 0.04, 0.03, 0.03, 0.03, 0.0, 0.04, 0.01, 0.03, 0.03, 0.04, 0.0, 0.01, 0.04, 0.0, 0.04, 0.01, 0.03, 0.03, 0.0, 0.01, 0.03, 0.03, 0.0, 0.01, 0.03, 0.03, 0.04, 0.03, 0.01, 0.03, 0.03, 0.01, 0.03, 0.0, 0.03, 0.03, 0.0, 0.03, 0.0, 0.04, 0.01, 0.04, 0.01, 0.03, 0.0, 0.0, 0.03, 0.01, 0.0, 0.01, 0.03, 0.03, 0.03, 0.01, 0.01, 0.04, 0.04, 0.03, 0.01, 0.03, 0.01, 0.0, 0.0, 0.0, 0.03, 0.04, 0.01, 0.03, 0.01, 0.04, 0.01, 0.0, 0.03, 0.03, 0.04, 0.03, 0.01, 0.03, 0.0, 0.03, 0.04, 0.03, 0.0, 0.0, 0.0, 0.03, 0.04, 0.01, 0.04, 0.03, 0.0, 0.0, 0.04, 0.04, 0.0, 0.03, 0.04, 0.0, 0.01, 0.04, 0.03, 0.04, 0.01, 0.04, 0.01, 0.03, 0.04, 0.01, 0.0, 0.03, 0.04, 0.0, 0.01, 0.03]",0,
147,Borda,ATVA_3,150,3,"{'A': 51, 'B': 51, 'C': 48}","[0.43, 1.0, 0.52, 0.81, 0.52, 1.0, 1.0, 0.52, 0.81, 1.0, 0.52, 0.81, 0.43, 0.81, 1.0, 0.52, 1.0, 0.43, 1.0, 1.0, 0.43, 0.52, 0.52, 1.0, 1.0, 0.43, 0.81, 1.0, 0.81, 0.52, 0.81, 0.52, 0.43, 0.81, 1.0, 0.52, 0.52, 1.0, 0.43, 0.52, 0.43, 1.0, 0.52, 1.0, 1.0, 0.43, 0.52, 0.81, 1.0, 0.52, 0.81, 1.0, 0.43, 1.0, 0.52, 0.52, 1.0, 1.0, 0.52, 0.81, 1.0, 0.52, 1.0, 0.52, 1.0, 0.52, 1.0, 0.52, 0.43, 1.0, 0.43, 0.43, 0.81, 1.0, 0.81, 0.52, 0.43, 1.0, 0.43, 0.81, 0.52, 1.0, 0.81, 0.81, 0.81, 0.52, 0.52, 0.81, 0.43, 1.0, 0.43, 0.43, 0.81, 0.52, 0.43, 0.81, 1.0, 0.43, 1.0, 0.43, 0.43, 0.81, 1.0, 1.0, 1.0, 0.52, 1.0, 1.0, 0.52, 1.0, 0.52, 0.81, 0.81, 0.52, 0.52, 1.0, 0.81, 1.0, 0.81, 1.0, 1.0, 1.0, 0.52, 1.0, 1.0, 0.81, 0.81, 1.0, 0.81, 0.52, 0.52, 0.81, 0.43, 0.43, 0.52, 0.81, 1.0, 0.81, 0.43, 0.81, 1.0, 1.0, 1.0, 0.52, 0.52, 0.81, 1.0, 0.81, 0.52, 0.52]",110.09,"[1, 4, 5, 8, 9, 12, 14, 18, 21, 22, 27, 29, 31, 34, 39, 46, 48, 50, 51, 53, 56, 59, 60, 62, 64, 68, 73, 75, 77, 79, 80, 83, 84, 85, 87, 88, 92, 93, 95, 96, 98, 100, 101, 102, 112, 113, 114, 117, 119, 123, 126, 127, 129, 131, 132, 133, 134, 135, 136, 138, 139, 140, 145, 146, 148, 149, 150]","[0.03, 0.01, 0.03, 0.01, 0.0, 0.01, 0.01, 0.0, 0.0, 0.03, 0.03, 0.0, 0.04, 0.01, 0.01, 0.03, 0.01, 0.03, 0.03, 0.03, 0.03, 0.01, 0.03, 0.01, 0.01, 0.04, 0.0, 0.03, 0.01, 0.04, 0.0, 0.03, 0.04, 0.01, 0.01, 0.04, 0.04, 0.01, 0.03, 0.04, 0.04, 0.01, 0.04, 0.01, 0.01, 0.03, 0.03, 0.01, 0.01, 0.01, 0.01, 0.03, 0.03, 0.01, 0.03, 0.0, 0.01, 0.01, 0.01, 0.0, 0.01, 0.0, 0.01, 0.01, 0.01, 0.04, 0.01, 0.0, 0.04, 0.01, 0.04, 0.04, 0.01, 0.01, 0.0, 0.03, 0.03, 0.03, 0.03, 0.0, 0.03, 0.03, 0.0, 0.01, 0.01, 0.04, 0.0, 0.01, 0.04, 0.01, 0.04, 0.03, 0.0, 0.03, 0.03, 0.01, 0.01, 0.03, 0.03, 0.03, 0.03, 0.0, 0.01, 0.01, 0.03, 0.03, 0.03, 0.01, 0.03, 0.01, 0.04, 0.0, 0.0, 0.0, 0.03, 0.03, 0.01, 0.01, 0.0, 0.01, 0.03, 0.01, 0.0, 0.01, 0.01, 0.0, 0.0, 0.03, 0.0, 0.04, 0.01, 0.01, 0.03, 0.03, 0.01, 0.0, 0.01, 0.01, 0.03, 0.0, 0.01, 0.03, 0.03, 0.04, 0.01, 0.0, 0.01, 0.0, 0.0, 0.0]",0,
148,Borda,ATVA_3,150,3,"{'A': 53, 'B': 50, 'C': 47}","[1.0, 0.81, 1.0, 0.52, 0.52, 0.52, 0.81, 0.81, 1.0, 0.81, 1.0, 0.81, 1.0, 0.81, 0.52, 1.0, 0.52, 0.52, 0.43, 0.52, 0.81, 0.43, 1.0, 0.52, 0.52, 1.0, 0.43, 0.81, 0.52, 1.0, 0.81, 0.81, 1.0, 1.0, 0.52, 1.0, 1.0, 1.0, 1.0, 1.0, 0.52, 0.52, 0.52, 0.52, 0.81, 0.81, 1.0, 0.81, 1.0, 1.0, 0.52, 0.52, 0.43, 1.0, 0.81, 0.43, 1.0, 0.81, 0.52, 1.0, 1.0, 1.0, 0.81, 1.0, 1.0, 0.52, 0.81, 0.43, 0.52, 0.52, 0.81, 1.0, 1.0, 0.43, 0.52, 0.81, 0.52, 0.43, 0.52, 1.0, 0.52, 1.0, 0.52, 0.52, 0.81, 0.52, 1.0, 0.81, 0.43, 0.43, 1.0, 0.81, 0.81, 0.43, 0.81, 0.43, 0.43, 1.0, 0.43, 0.43, 0.52, 1.0, 0.43, 0.81, 1.0, 0.81, 0.43, 0.52, 0.52, 1.0, 1.0, 0.52, 0.81, 0.52, 0.81, 0.43, 0.52, 0.81, 0.81, 1.0, 0.52, 1.0, 0.43, 1.0, 1.0, 0.43, 1.0, 1.0, 0.81, 1.0, 1.0, 0.43, 0.52, 0.43, 0.52, 0.52, 1.0, 0.43, 0.81, 0.52, 0.43, 0.52, 0.81, 0.52, 0.52, 1.0, 1.0, 1.0, 1.0, 0.81]",109.7,"[2, 4, 6, 7, 8, 10, 12, 14, 15, 21, 22, 24, 27, 28, 29, 31, 32, 41, 44, 45, 46, 48, 52, 53, 55, 56, 58, 63, 66, 67, 68, 70, 71, 74, 75, 76, 77, 78, 81, 84, 85, 88, 92, 93, 94, 95, 96, 97, 99, 100, 103, 104, 106, 108, 112, 113, 115, 116, 117, 118, 119, 123, 129, 132, 133, 136, 138, 139, 141, 143, 150]","[0.03, 0.0, 0.03, 0.0, 0.03, 0.0, 0.0, 0.01, 0.03, 0.0, 0.01, 0.0, 0.01, 0.0, 0.0, 0.01, 0.04, 0.03, 0.04, 0.03, 0.01, 0.03, 0.01, 0.0, 0.04, 0.01, 0.03, 0.0, 0.0, 0.01, 0.0, 0.01, 0.03, 0.03, 0.04, 0.03, 0.03, 0.01, 0.01, 0.01, 0.01, 0.03, 0.04, 0.0, 0.01, 0.0, 0.01, 0.0, 0.01, 0.01, 0.04, 0.0, 0.03, 0.01, 0.0, 0.03, 0.03, 0.01, 0.03, 0.01, 0.01, 0.01, 0.0, 0.01, 0.01, 0.0, 0.0, 0.03, 0.04, 0.0, 0.01, 0.03, 0.01, 0.03, 0.0, 0.01, 0.01, 0.03, 0.03, 0.01, 0.0, 0.01, 0.04, 0.0, 0.0, 0.03, 0.01, 0.01, 0.04, 0.04, 0.01, 0.0, 0.0, 0.03, 0.0, 0.03, 0.03, 0.01, 0.03, 0.03, 0.03, 0.01, 0.03, 0.0, 0.03, 0.01, 0.04, 0.0, 0.03, 0.01, 0.03, 0.0, 0.01, 0.03, 0.0, 0.03, 0.01, 0.01, 0.01, 0.03, 0.03, 0.03, 0.03, 0.01, 0.01, 0.04, 0.01, 0.03, 0.0, 0.03, 0.01, 0.03, 0.0, 0.04, 0.03, 0.0, 0.01, 0.03, 0.0, 0.03, 0.03, 0.04, 0.01, 0.03, 0.03, 0.01, 0.03, 0.03, 0.01, 0.0]",0,
149,Borda,ATVA_3,150,3,"{'A': 54, 'C': 50, 'B': 46}","[0.52, 0.52, 0.81, 1.0, 0.52, 1.0, 1.0, 1.0, 1.0, 1.0, 0.43, 0.52, 0.52, 1.0, 1.0, 1.0, 0.52, 1.0, 0.52, 1.0, 0.81, 1.0, 0.52, 0.52, 0.52, 0.81, 0.43, 1.0, 0.81, 1.0, 0.52, 0.81, 0.52, 0.52, 0.52, 1.0, 1.0, 1.0, 0.52, 0.81, 0.81, 0.52, 0.43, 1.0, 0.52, 0.81, 0.52, 1.0, 0.52, 1.0, 1.0, 1.0, 1.0, 1.0, 1.0, 1.0, 0.43, 0.52, 1.0, 0.52, 1.0, 0.52, 0.43, 0.81, 0.43, 1.0, 1.0, 0.43, 0.52, 0.81, 0.52, 0.43, 0.81, 0.52, 0.81, 0.52, 0.52, 1.0, 0.52, 1.0, 0.43, 0.52, 0.52, 0.52, 0.52, 0.81, 0.52, 0.81, 0.52, 1.0, 0.52, 0.81, 0.52, 1.0, 1.0, 1.0, 1.0, 1.0, 0.52, 1.0, 1.0, 0.43, 1.0, 0.52, 0.81, 0.52, 0.52, 1.0, 0.43, 0.52, 0.52, 1.0, 0.43, 0.81, 1.0, 0.43, 0.43, 1.0, 1.0, 0.52, 0.43, 0.52, 0.52, 0.43, 0.43, 0.81, 0.43, 1.0, 1.0, 0.52, 0.52, 0.52, 0.43, 0.52, 1.0, 1.0, 0.52, 0.52, 1.0, 1.0, 0.52, 0.52, 0.43, 1.0, 0.52, 0.81, 0.52, 0.52, 0.52, 1.0]",107.63000000000001,"[11, 13, 25, 33, 34, 43, 47, 49, 57, 63, 65, 69, 72, 79, 82, 85, 93, 99, 102, 104, 109, 113, 116, 117, 121, 122, 124, 125, 127, 131, 133, 145]","[0.01, 0.04, 0.03, 0.0, 0.04, 0.0, 0.01, 0.01, 0.01, 0.0, 0.01, 0.04, 0.03, 0.01, 0.01, 0.0, 0.01, 0.0, 0.01, 0.01, 0.04, 0.0, 0.03, 0.01, 0.03, 0.03, 0.03, 0.0, 0.04, 0.0, 0.01, 0.04, 0.03, 0.03, 0.03, 0.01, 0.01, 0.01, 0.01, 0.03, 0.03, 0.04, 0.01, 0.0, 0.04, 0.03, 0.03, 0.01, 0.03, 0.01, 0.01, 0.0, 0.01, 0.0, 0.01, 0.01, 0.01, 0.04, 0.0, 0.04, 0.01, 0.04, 0.01, 0.04, 0.01, 0.01, 0.0, 0.03, 0.03, 0.03, 0.03, 0.01, 0.03, 0.01, 0.04, 0.04, 0.03, 0.0, 0.03, 0.0, 0.03, 0.03, 0.01, 0.03, 0.03, 0.03, 0.01, 0.03, 0.03, 0.01, 0.03, 0.03, 0.03, 0.01, 0.01, 0.0, 0.0, 0.01, 0.03, 0.01, 0.01, 0.01, 0.0, 0.03, 0.04, 0.01, 0.04, 0.01, 0.01, 0.01, 0.03, 0.01, 0.01, 0.03, 0.01, 0.01, 0.01, 0.01, 0.0, 0.01, 0.01, 0.03, 0.03, 0.01, 0.01, 0.03, 0.01, 0.0, 0.01, 0.01, 0.03, 0.01, 0.01, 0.03, 0.01, 0.01, 0.04, 0.03, 0.01, 0.01, 0.01, 0.03, 0.03, 0.0, 0.03, 0.03, 0.01, 0.03, 0.01, 0.01]",0,
150,Borda,ATVA_4,150,3,"{'A': 158, 'C': 157, 'B': 135}","[0.52, 0.81, 1.0, 1.0, 0.52, 0.81, 1.0, 0.81, 1.0, 0.52, 0.52, 0.52, 0.81, 0.52, 0.43, 1.0, 0.52, 1.0, 1.0, 0.43, 0.81, 0.52, 0.81, 1.0, 1.0, 1.0, 1.0, 0.81, 1.0, 1.0, 0.81, 0.52, 0.52, 0.52, 0.81, 0.52, 1.0, 0.43, 1.0, 1.0, 0.81, 1.0, 0.43, 0.52, 0.81, 1.0, 0.52, 0.52, 0.81, 0.52, 0.81, 0.52, 1.0, 0.81, 0.52, 0.43, 0.52, 1.0, 1.0, 0.52, 0.43, 0.81, 1.0, 0.52, 1.0, 0.52, 1.0, 0.81, 0.52, 1.0, 0.43, 0.43, 0.52, 0.43, 1.0, 0.43, 1.0, 0.81, 1.0, 1.0, 0.52, 0.52, 0.52, 1.0, 0.52, 0.81, 0.81, 0.52, 0.52, 1.0, 1.0, 0.52, 1.0, 1.0, 1.0, 1.0, 0.52, 1.0, 0.52, 1.0, 1.0, 0.81, 0.81, 0.52, 1.0, 0.52, 0.81, 0.52, 0.81, 0.52, 1.0, 1.0, 0.52, 1.0, 1.0, 1.0, 1.0, 0.81, 0.43, 0.52, 1.0, 0.43, 0.52, 0.81, 0.52, 0.52, 1.0, 0.43, 0.43, 1.0, 0.52, 0.43, 0.52, 0.52, 0.52, 0.52, 1.0, 0.81, 1.0, 1.0, 0.52, 0.81, 1.0, 0.43, 1.0, 0.52, 1.0, 0.52, 0.43, 0.43]",110.61,[],"[0.03, 0.01, 0.0, 0.0, 0.03, 0.01, 0.0, 0.01, 0.01, 0.03, 0.03, 0.03, 0.01, 0.03, 0.04, 0.0, 0.03, 0.01, 0.01, 0.04, 0.01, 0.03, 0.01, 0.01, 0.0, 0.01, 0.01, 0.01, 0.01, 0.0, 0.01, 0.03, 0.03, 0.03, 0.01, 0.03, 0.01, 0.04, 0.0, 0.0, 0.01, 0.0, 0.04, 0.03, 0.01, 0.0, 0.03, 0.03, 0.01, 0.03, 0.01, 0.03, 0.0, 0.01, 0.03, 0.04, 0.03, 0.01, 0.0, 0.03, 0.04, 0.01, 0.01, 0.03, 0.01, 0.03, 0.01, 0.01, 0.03, 0.01, 0.04, 0.04, 0.03, 0.04, 0.0, 0.04, 0.01, 0.01, 0.01, 0.0, 0.03, 0.03, 0.03, 0.0, 0.03, 0.01, 0.01, 0.03, 0.03, 0.0, 0.01, 0.03, 0.01, 0.01, 0.0, 0.0, 0.03, 0.01, 0.03, 0.0, 0.01, 0.01, 0.01, 0.03, 0.0, 0.03, 0.01, 0.03, 0.01, 0.03, 0.01, 0.01, 0.03, 0.01, 0.01, 0.0, 0.0, 0.01, 0.04, 0.03, 0.0, 0.04, 0.03, 0.01, 0.03, 0.03, 0.0, 0.04, 0.04, 0.0, 0.03, 0.04, 0.03, 0.03, 0.03, 0.03, 0.0, 0.01, 0.0, 0.01, 0.03, 0.01, 0.01, 0.04, 0.01, 0.03, 0.01, 0.03, 0.04, 0.04]",0,
151,Borda,ATVA_4,150,3,"{'B': 158, 'C': 147, 'A': 145}","[0.43, 1.0, 1.0, 1.0, 0.52, 1.0, 0.81, 0.81, 0.81, 1.0, 0.52, 0.52, 0.52, 1.0, 0.81, 1.0, 0.52, 1.0, 0.52, 0.52, 1.0, 0.52, 0.52, 1.0, 0.52, 1.0, 0.43, 1.0, 1.0, 0.81, 0.52, 0.52, 1.0, 0.43, 0.81, 0.52, 0.81, 1.0, 0.43, 0.43, 0.52, 0.43, 1.0, 0.43, 1.0, 0.43, 0.52, 1.0, 1.0, 0.43, 1.0, 1.0, 1.0, 0.43, 0.81, 1.0, 1.0, 0.43, 0.43, 1.0, 1.0, 0.43, 1.0, 1.0, 1.0, 1.0, 0.52, 1.0, 0.81, 0.43, 0.81, 1.0, 0.52, 1.0, 1.0, 0.81, 1.0, 1.0, 1.0, 0.52, 0.81, 0.43, 0.52, 0.43, 0.52, 0.52, 0.43, 0.81, 1.0, 1.0, 0.43, 1.0, 1.0, 0.52, 1.0, 0.52, 0.52, 0.52, 0.52, 0.43, 0.52, 1.0, 0.81, 0.52, 1.0, 0.52, 1.0, 0.81, 1.0, 0.52, 1.0, 0.52, 1.0, 0.43, 0.52, 1.0, 0.52, 0.43, 0.81, 0.52, 0.52, 1.0, 1.0, 0.52, 0.52, 0.52, 1.0, 1.0, 0.52, 0.43, 0.52, 0.43, 1.0, 0.52, 0.43, 0.81, 0.52, 0.52, 0.43, 0.81, 1.0, 1.0, 1.0, 0.52, 0.81, 1.0, 1.0, 0.43, 0.52, 1.0]",109.97,[],"[0.04, 0.0, 0.01, 0.01, 0.03, 0.01, 0.01, 0.01, 0.01, 0.01, 0.03, 0.03, 0.03, 0.0, 0.01, 0.0, 0.03, 0.01, 0.03, 0.03, 0.01, 0.03, 0.03, 0.01, 0.03, 0.01, 0.04, 0.0, 0.0, 0.01, 0.03, 0.03, 0.0, 0.04, 0.01, 0.03, 0.01, 0.01, 0.04, 0.04, 0.03, 0.04, 0.01, 0.04, 0.0, 0.04, 0.03, 0.0, 0.0, 0.04, 0.0, 0.0, 0.0, 0.04, 0.01, 0.0, 0.0, 0.04, 0.04, 0.01, 0.01, 0.04, 0.0, 0.01, 0.0, 0.0, 0.03, 0.0, 0.01, 0.04, 0.01, 0.01, 0.03, 0.0, 0.01, 0.01, 0.0, 0.0, 0.01, 0.03, 0.01, 0.04, 0.03, 0.04, 0.03, 0.03, 0.04, 0.01, 0.0, 0.01, 0.04, 0.01, 0.0, 0.03, 0.01, 0.03, 0.03, 0.03, 0.03, 0.04, 0.03, 0.0, 0.01, 0.03, 0.0, 0.03, 0.01, 0.01, 0.01, 0.03, 0.01, 0.03, 0.01, 0.04, 0.03, 0.01, 0.03, 0.04, 0.01, 0.03, 0.03, 0.0, 0.0, 0.03, 0.03, 0.03, 0.01, 0.01, 0.03, 0.04, 0.03, 0.04, 0.01, 0.03, 0.04, 0.01, 0.03, 0.03, 0.04, 0.01, 0.0, 0.01, 0.0, 0.03, 0.01, 0.0, 0.01, 0.04, 0.03, 0.0]",0,
152,Borda,ATVA_4,150,3,"{'A': 161, 'C': 148, 'B': 141}","[1.0, 0.52, 0.43, 0.81, 0.81, 0.52, 1.0, 0.81, 0.43, 0.52, 0.43, 0.43, 0.43, 0.81, 0.52, 0.52, 1.0, 1.0, 1.0, 0.52, 0.52, 1.0, 0.52, 0.52, 0.81, 1.0, 0.43, 1.0, 1.0, 0.43, 0.81, 0.52, 0.81, 1.0, 1.0, 0.43, 0.43, 0.81, 0.43, 1.0, 1.0, 1.0, 1.0, 1.0, 1.0, 0.52, 1.0, 1.0, 1.0, 0.81, 1.0, 0.52, 1.0, 1.0, 0.52, 0.81, 1.0, 1.0, 0.81, 0.43, 1.0, 0.81, 1.0, 0.81, 0.81, 1.0, 0.43, 0.52, 0.52, 1.0, 1.0, 0.52, 1.0, 0.52, 0.52, 0.52, 0.81, 0.52, 0.52, 0.43, 0.52, 0.43, 0.52, 0.81, 0.52, 0.43, 0.43, 1.0, 1.0, 0.43, 1.0, 1.0, 0.81, 1.0, 0.52, 1.0, 0.52, 0.52, 0.43, 0.52, 0.52, 0.52, 1.0, 0.52, 0.81, 0.81, 0.52, 1.0, 0.81, 0.81, 0.52, 1.0, 1.0, 0.43, 0.81, 0.81, 0.43, 0.81, 1.0, 0.52, 1.0, 0.43, 0.52, 1.0, 0.81, 0.43, 0.52, 1.0, 0.52, 1.0, 0.81, 0.52, 1.0, 0.52, 0.52, 1.0, 0.52, 0.81, 1.0, 0.81, 0.52, 1.0, 1.0, 1.0, 1.0, 0.52, 1.0, 0.43, 1.0, 0.52]",110.45,[],"[0.01, 0.03, 0.04, 0.01, 0.01, 0.03, 0.0, 0.01, 0.04, 0.03, 0.04, 0.04, 0.04, 0.01, 0.03, 0.03, 0.01, 0.0, 0.0, 0.03, 0.03, 0.0, 0.03, 0.03, 0.01, 0.01, 0.04, 0.01, 0.01, 0.04, 0.01, 0.03, 0.01, 0.0, 0.0, 0.04, 0.04, 0.01, 0.04, 0.01, 0.0, 0.0, 0.01, 0.0, 0.01, 0.03, 0.0, 0.0, 0.01, 0.01, 0.01, 0.03, 0.01, 0.01, 0.03, 0.01, 0.01, 0.0, 0.01, 0.04, 0.0, 0.01, 0.0, 0.01, 0.01, 0.0, 0.04, 0.03, 0.03, 0.01, 0.0, 0.03, 0.01, 0.03, 0.03, 0.03, 0.01, 0.03, 0.03, 0.04, 0.03, 0.04, 0.03, 0.01, 0.03, 0.04, 0.04, 0.01, 0.0, 0.04, 0.0, 0.01, 0.01, 0.0, 0.03, 0.01, 0.03, 0.03, 0.04, 0.03, 0.03, 0.03, 0.01, 0.03, 0.01, 0.01, 0.03, 0.0, 0.01, 0.01, 0.03, 0.01, 0.0, 0.04, 0.01, 0.01, 0.04, 0.01, 0.0, 0.03, 0.01, 0.04, 0.03, 0.01, 0.01, 0.04, 0.03, 0.0, 0.03, 0.01, 0.01, 0.03, 0.01, 0.03, 0.03, 0.01, 0.03, 0.01, 0.0, 0.01, 0.03, 0.01, 0.01, 0.0, 0.0, 0.03, 0.01, 0.04, 0.0, 0.03]",0,
153,Borda,ATVA_4,150,3,"{'A': 159, 'B': 158, 'C': 133}","[1.0, 0.81, 1.0, 0.81, 1.0, 1.0, 0.52, 0.81, 0.52, 1.0, 0.43, 0.52, 0.81, 1.0, 1.0, 0.81, 0.81, 0.52, 0.81, 0.43, 1.0, 1.0, 0.52, 1.0, 0.81, 0.43, 0.81, 0.52, 0.81, 0.52, 0.52, 0.52, 1.0, 1.0, 0.52, 0.52, 0.81, 1.0, 0.81, 1.0, 0.52, 0.43, 1.0, 0.43, 0.43, 0.43, 0.81, 0.52, 0.52, 0.52, 0.52, 0.81, 1.0, 0.52, 0.43, 0.52, 0.52, 1.0, 1.0, 1.0, 0.81, 0.52, 0.81, 0.52, 1.0, 1.0, 1.0, 0.52, 0.43, 0.43, 1.0, 0.52, 0.52, 1.0, 1.0, 0.81, 1.0, 0.52, 1.0, 0.52, 0.43, 0.81, 0.81, 0.43, 0.81, 1.0, 1.0, 0.52, 1.0, 0.52, 0.43, 1.0, 0.52, 1.0, 0.43, 1.0, 0.52, 0.81, 0.43, 0.52, 0.81, 0.52, 1.0, 1.0, 1.0, 0.43, 1.0, 1.0, 1.0, 1.0, 1.0, 0.81, 0.43, 0.43, 0.52, 1.0, 1.0, 0.52, 0.52, 1.0, 1.0, 0.52, 1.0, 1.0, 1.0, 1.0, 0.43, 0.52, 0.52, 0.81, 1.0, 0.52, 1.0, 0.81, 1.0, 1.0, 1.0, 0.52, 0.43, 0.43, 0.52, 0.43, 0.81, 1.0, 0.81, 0.52, 0.81, 0.81, 0.81, 0.81]",111.41000000000001,[],"[0.0, 0.01, 0.0, 0.01, 0.01, 0.0, 0.03, 0.01, 0.03, 0.0, 0.04, 0.03, 0.01, 0.01, 0.01, 0.01, 0.01, 0.03, 0.01, 0.04, 0.01, 0.01, 0.03, 0.0, 0.01, 0.04, 0.01, 0.03, 0.01, 0.03, 0.03, 0.03, 0.0, 0.0, 0.03, 0.03, 0.01, 0.01, 0.01, 0.0, 0.03, 0.04, 0.01, 0.04, 0.04, 0.04, 0.01, 0.03, 0.03, 0.03, 0.03, 0.01, 0.0, 0.03, 0.04, 0.03, 0.03, 0.0, 0.01, 0.0, 0.01, 0.03, 0.01, 0.03, 0.0, 0.0, 0.0, 0.03, 0.04, 0.04, 0.01, 0.03, 0.03, 0.0, 0.0, 0.01, 0.01, 0.03, 0.0, 0.03, 0.04, 0.01, 0.01, 0.04, 0.01, 0.0, 0.01, 0.03, 0.01, 0.03, 0.04, 0.0, 0.03, 0.01, 0.04, 0.01, 0.03, 0.01, 0.04, 0.03, 0.01, 0.03, 0.01, 0.01, 0.01, 0.04, 0.01, 0.01, 0.0, 0.0, 0.01, 0.01, 0.04, 0.04, 0.03, 0.01, 0.0, 0.03, 0.03, 0.0, 0.01, 0.03, 0.01, 0.0, 0.01, 0.01, 0.04, 0.03, 0.03, 0.01, 0.01, 0.03, 0.01, 0.01, 0.0, 0.0, 0.01, 0.03, 0.04, 0.04, 0.03, 0.04, 0.01, 0.01, 0.01, 0.03, 0.01, 0.01, 0.01, 0.01]",0,
154,Borda,ATVA_4,150,3,"{'B': 153, 'C': 153, 'A': 144}","[1.0, 1.0, 1.0, 1.0, 0.81, 0.52, 0.81, 0.43, 0.52, 1.0, 0.52, 1.0, 1.0, 0.81, 0.52, 0.52, 0.52, 1.0, 0.52, 0.52, 1.0, 0.52, 0.81, 1.0, 1.0, 1.0, 0.43, 0.52, 0.52, 0.81, 1.0, 0.43, 1.0, 1.0, 0.81, 0.52, 0.52, 0.52, 0.52, 1.0, 0.81, 1.0, 0.81, 0.52, 0.43, 0.52, 0.43, 0.81, 1.0, 0.52, 0.81, 0.43, 0.52, 0.81, 0.43, 1.0, 1.0, 0.52, 1.0, 0.52, 0.52, 0.52, 0.43, 0.52, 1.0, 0.81, 1.0, 0.52, 1.0, 0.81, 0.52, 0.52, 0.81, 0.43, 0.43, 0.43, 0.52, 1.0, 0.52, 1.0, 0.81, 0.52, 0.81, 1.0, 0.52, 0.43, 0.52, 0.81, 0.81, 0.52, 0.52, 0.81, 1.0, 0.52, 1.0, 0.52, 0.52, 0.52, 0.43, 1.0, 0.43, 0.43, 1.0, 1.0, 0.81, 0.52, 1.0, 1.0, 1.0, 1.0, 0.43, 1.0, 0.43, 0.81, 1.0, 1.0, 0.81, 1.0, 1.0, 0.43, 0.52, 0.43, 1.0, 1.0, 0.52, 1.0, 0.81, 1.0, 1.0, 0.81, 1.0, 0.52, 0.81, 0.52, 0.81, 0.52, 1.0, 1.0, 1.0, 0.43, 1.0, 0.43, 0.52, 0.81, 0.52, 0.81, 0.52, 0.81, 1.0, 0.43]",109.39000000000001,"[5, 7, 8, 14, 23, 27, 30, 32, 35, 41, 43, 45, 47, 48, 51, 52, 54, 55, 63, 66, 70, 73, 74, 75, 76, 81, 83, 86, 88, 89, 92, 99, 101, 102, 105, 111, 113, 114, 117, 120, 122, 127, 130, 133, 135, 140, 142, 144, 146, 148, 150]","[0.01, 0.01, 0.01, 0.0, 0.01, 0.03, 0.01, 0.04, 0.03, 0.01, 0.03, 0.01, 0.01, 0.01, 0.03, 0.03, 0.03, 0.0, 0.03, 0.03, 0.0, 0.03, 0.01, 0.01, 0.0, 0.0, 0.04, 0.03, 0.03, 0.01, 0.01, 0.04, 0.01, 0.01, 0.01, 0.03, 0.03, 0.03, 0.03, 0.01, 0.01, 0.01, 0.01, 0.03, 0.04, 0.03, 0.04, 0.01, 0.01, 0.03, 0.01, 0.04, 0.03, 0.01, 0.04, 0.01, 0.0, 0.03, 0.01, 0.03, 0.03, 0.03, 0.04, 0.03, 0.01, 0.01, 0.0, 0.03, 0.01, 0.01, 0.03, 0.03, 0.01, 0.04, 0.04, 0.04, 0.03, 0.01, 0.03, 0.0, 0.01, 0.03, 0.01, 0.01, 0.03, 0.04, 0.03, 0.01, 0.01, 0.03, 0.03, 0.01, 0.0, 0.03, 0.01, 0.03, 0.03, 0.03, 0.04, 0.01, 0.04, 0.04, 0.01, 0.01, 0.01, 0.03, 0.0, 0.0, 0.0, 0.0, 0.04, 0.01, 0.04, 0.01, 0.01, 0.0, 0.01, 0.01, 0.0, 0.04, 0.03, 0.04, 0.01, 0.01, 0.03, 0.01, 0.01, 0.0, 0.0, 0.01, 0.01, 0.03, 0.01, 0.03, 0.01, 0.03, 0.0, 0.01, 0.0, 0.04, 0.01, 0.04, 0.03, 0.01, 0.03, 0.01, 0.03, 0.01, 0.01, 0.04]",0.18999999999999995,
155,Borda,ATVA_4,150,3,"{'A': 176, 'B': 147, 'C': 127}","[0.81, 0.52, 0.52, 1.0, 1.0, 0.81, 0.52, 0.81, 0.52, 0.43, 0.81, 0.52, 0.43, 1.0, 0.52, 1.0, 1.0, 0.52, 1.0, 0.52, 0.52, 0.52, 1.0, 1.0, 0.52, 0.52, 0.52, 0.43, 0.43, 1.0, 1.0, 0.81, 0.43, 1.0, 0.43, 1.0, 1.0, 1.0, 1.0, 1.0, 1.0, 0.43, 0.43, 1.0, 1.0, 1.0, 0.81, 1.0, 0.52, 0.43, 0.52, 0.52, 0.81, 1.0, 1.0, 0.43, 1.0, 0.81, 0.81, 0.81, 1.0, 0.52, 0.43, 1.0, 1.0, 0.52, 0.52, 1.0, 0.81, 0.81, 1.0, 1.0, 1.0, 1.0, 1.0, 0.52, 0.52, 1.0, 1.0, 0.81, 0.43, 1.0, 1.0, 0.52, 1.0, 1.0, 1.0, 0.43, 0.81, 0.52, 1.0, 0.81, 1.0, 0.43, 0.52, 0.81, 0.52, 0.81, 0.52, 0.81, 0.81, 0.52, 1.0, 1.0, 0.52, 1.0, 1.0, 0.52, 1.0, 1.0, 0.52, 1.0, 0.52, 1.0, 1.0, 0.52, 0.43, 1.0, 1.0, 1.0, 0.43, 0.52, 1.0, 1.0, 1.0, 0.52, 0.81, 1.0, 0.43, 0.52, 1.0, 0.81, 0.52, 1.0, 0.52, 0.43, 0.81, 0.52, 1.0, 0.81, 0.81, 1.0, 1.0, 0.43, 1.0, 1.0, 0.52, 0.81, 1.0, 0.52]",115.22,[],"[0.01, 0.03, 0.03, 0.01, 0.0, 0.01, 0.03, 0.01, 0.03, 0.04, 0.01, 0.03, 0.04, 0.01, 0.03, 0.0, 0.0, 0.03, 0.0, 0.03, 0.03, 0.03, 0.0, 0.01, 0.03, 0.03, 0.03, 0.04, 0.04, 0.0, 0.0, 0.01, 0.04, 0.0, 0.04, 0.01, 0.0, 0.0, 0.01, 0.0, 0.01, 0.04, 0.04, 0.0, 0.01, 0.0, 0.01, 0.01, 0.03, 0.04, 0.03, 0.03, 0.01, 0.0, 0.0, 0.04, 0.01, 0.01, 0.01, 0.01, 0.0, 0.03, 0.04, 0.01, 0.01, 0.03, 0.03, 0.01, 0.01, 0.01, 0.01, 0.0, 0.01, 0.0, 0.0, 0.03, 0.03, 0.0, 0.01, 0.01, 0.04, 0.0, 0.01, 0.03, 0.0, 0.01, 0.01, 0.04, 0.01, 0.03, 0.01, 0.01, 0.01, 0.04, 0.03, 0.01, 0.03, 0.01, 0.03, 0.01, 0.01, 0.03, 0.0, 0.0, 0.03, 0.0, 0.01, 0.03, 0.01, 0.01, 0.03, 0.01, 0.03, 0.0, 0.0, 0.03, 0.04, 0.01, 0.01, 0.0, 0.04, 0.03, 0.01, 0.0, 0.0, 0.03, 0.01, 0.0, 0.04, 0.03, 0.01, 0.01, 0.03, 0.01, 0.03, 0.04, 0.01, 0.03, 0.0, 0.01, 0.01, 0.01, 0.0, 0.04, 0.0, 0.0, 0.03, 0.01, 0.0, 0.03]",0,
156,Borda,ATVA_4,150,3,"{'B': 170, 'C': 146, 'A': 134}","[0.52, 0.52, 1.0, 0.43, 1.0, 0.52, 0.81, 1.0, 1.0, 1.0, 0.81, 0.52, 0.52, 0.81, 0.52, 1.0, 0.43, 0.52, 1.0, 1.0, 1.0, 1.0, 1.0, 0.52, 1.0, 0.43, 0.43, 0.43, 0.52, 0.43, 1.0, 1.0, 0.52, 1.0, 1.0, 1.0, 0.52, 1.0, 0.52, 0.52, 1.0, 1.0, 1.0, 0.81, 1.0, 0.81, 0.81, 1.0, 1.0, 1.0, 1.0, 1.0, 0.81, 0.52, 0.52, 0.43, 1.0, 0.43, 0.52, 1.0, 1.0, 0.52, 1.0, 1.0, 1.0, 0.81, 0.81, 0.81, 1.0, 1.0, 1.0, 0.43, 0.43, 0.52, 0.81, 0.81, 0.81, 0.43, 0.81, 0.52, 0.52, 0.52, 0.52, 0.43, 1.0, 1.0, 0.52, 1.0, 0.43, 1.0, 0.52, 0.81, 0.52, 1.0, 0.81, 1.0, 0.43, 1.0, 0.81, 0.52, 0.52, 0.81, 1.0, 0.43, 0.43, 0.81, 0.81, 0.52, 1.0, 0.43, 1.0, 0.81, 0.81, 1.0, 0.43, 1.0, 1.0, 0.81, 0.81, 0.52, 0.52, 0.81, 0.52, 1.0, 1.0, 0.52, 0.81, 0.52, 0.81, 1.0, 0.43, 1.0, 1.0, 1.0, 1.0, 1.0, 0.52, 0.43, 0.52, 0.43, 0.52, 0.52, 0.81, 0.81, 1.0, 0.43, 0.52, 1.0, 0.81, 1.0]",113.52000000000001,[],"[0.03, 0.03, 0.01, 0.04, 0.0, 0.03, 0.01, 0.01, 0.01, 0.01, 0.01, 0.03, 0.03, 0.01, 0.03, 0.01, 0.04, 0.03, 0.01, 0.01, 0.0, 0.0, 0.01, 0.03, 0.0, 0.04, 0.04, 0.04, 0.03, 0.04, 0.01, 0.0, 0.03, 0.0, 0.01, 0.0, 0.03, 0.0, 0.03, 0.03, 0.0, 0.0, 0.01, 0.01, 0.01, 0.01, 0.01, 0.01, 0.0, 0.0, 0.0, 0.01, 0.01, 0.03, 0.03, 0.04, 0.0, 0.04, 0.03, 0.0, 0.01, 0.03, 0.01, 0.01, 0.0, 0.01, 0.01, 0.01, 0.01, 0.01, 0.0, 0.04, 0.04, 0.03, 0.01, 0.01, 0.01, 0.04, 0.01, 0.03, 0.03, 0.03, 0.03, 0.04, 0.01, 0.01, 0.03, 0.0, 0.04, 0.0, 0.03, 0.01, 0.03, 0.0, 0.01, 0.01, 0.04, 0.01, 0.01, 0.03, 0.03, 0.01, 0.01, 0.04, 0.04, 0.01, 0.01, 0.03, 0.01, 0.04, 0.01, 0.01, 0.01, 0.01, 0.04, 0.01, 0.0, 0.01, 0.01, 0.03, 0.03, 0.01, 0.03, 0.01, 0.0, 0.03, 0.01, 0.03, 0.01, 0.0, 0.04, 0.01, 0.0, 0.01, 0.01, 0.0, 0.03, 0.04, 0.03, 0.04, 0.03, 0.03, 0.01, 0.01, 0.0, 0.04, 0.03, 0.0, 0.01, 0.0]",0,
157,Borda,ATVA_4,150,3,"{'A': 160, 'B': 146, 'C': 144}","[1.0, 0.43, 1.0, 1.0, 1.0, 1.0, 0.52, 1.0, 1.0, 0.81, 0.43, 0.43, 0.43, 0.43, 0.43, 0.52, 0.52, 0.81, 1.0, 0.52, 0.81, 0.52, 1.0, 1.0, 1.0, 0.52, 0.81, 0.43, 0.52, 1.0, 0.52, 1.0, 1.0, 0.52, 0.81, 0.43, 0.52, 1.0, 0.43, 1.0, 1.0, 1.0, 0.81, 1.0, 0.81, 1.0, 0.52, 1.0, 1.0, 0.81, 0.43, 0.52, 1.0, 1.0, 0.81, 0.52, 0.52, 0.52, 0.52, 1.0, 0.52, 0.43, 0.81, 0.52, 0.43, 0.52, 0.52, 0.52, 0.43, 1.0, 0.43, 1.0, 1.0, 0.52, 0.52, 0.81, 1.0, 0.81, 1.0, 1.0, 0.43, 1.0, 0.52, 0.52, 0.52, 1.0, 1.0, 1.0, 1.0, 0.43, 1.0, 1.0, 1.0, 0.52, 1.0, 0.43, 1.0, 0.52, 1.0, 1.0, 0.43, 1.0, 1.0, 0.81, 0.43, 0.43, 1.0, 0.43, 0.52, 1.0, 0.43, 0.52, 0.52, 1.0, 1.0, 1.0, 0.52, 0.81, 0.52, 0.52, 0.81, 0.52, 0.81, 0.43, 0.43, 1.0, 0.52, 1.0, 1.0, 1.0, 0.81, 0.43, 0.81, 0.52, 0.43, 1.0, 0.52, 0.52, 0.81, 0.52, 0.52, 1.0, 1.0, 0.52, 1.0, 0.52, 1.0, 0.52, 1.0, 0.43]",109.88,[],"[0.0, 0.04, 0.01, 0.01, 0.0, 0.0, 0.03, 0.0, 0.0, 0.01, 0.04, 0.04, 0.04, 0.04, 0.04, 0.03, 0.03, 0.01, 0.0, 0.03, 0.01, 0.03, 0.01, 0.01, 0.0, 0.03, 0.01, 0.04, 0.03, 0.0, 0.03, 0.01, 0.01, 0.03, 0.01, 0.04, 0.03, 0.0, 0.04, 0.0, 0.0, 0.0, 0.01, 0.0, 0.01, 0.01, 0.03, 0.01, 0.0, 0.01, 0.04, 0.03, 0.01, 0.01, 0.01, 0.03, 0.03, 0.03, 0.03, 0.01, 0.03, 0.04, 0.01, 0.03, 0.04, 0.03, 0.03, 0.03, 0.04, 0.01, 0.04, 0.0, 0.0, 0.03, 0.03, 0.01, 0.01, 0.01, 0.01, 0.0, 0.04, 0.0, 0.03, 0.03, 0.03, 0.0, 0.01, 0.0, 0.0, 0.04, 0.0, 0.0, 0.0, 0.03, 0.01, 0.04, 0.01, 0.03, 0.0, 0.01, 0.04, 0.01, 0.01, 0.01, 0.04, 0.04, 0.01, 0.04, 0.03, 0.0, 0.04, 0.03, 0.03, 0.0, 0.0, 0.0, 0.03, 0.01, 0.03, 0.03, 0.01, 0.03, 0.01, 0.04, 0.04, 0.0, 0.03, 0.01, 0.0, 0.0, 0.01, 0.04, 0.01, 0.03, 0.04, 0.01, 0.03, 0.03, 0.01, 0.03, 0.03, 0.0, 0.01, 0.03, 0.0, 0.03, 0.01, 0.03, 0.0, 0.04]",0,
158,Borda,ATVA_4,150,3,"{'B': 159, 'A': 154, 'C': 137}","[1.0, 0.81, 1.0, 0.52, 1.0, 1.0, 1.0, 0.52, 0.81, 1.0, 0.52, 0.43, 1.0, 0.81, 0.43, 1.0, 0.52, 1.0, 1.0, 1.0, 1.0, 1.0, 0.43, 1.0, 1.0, 0.43, 0.52, 1.0, 0.43, 0.52, 1.0, 1.0, 1.0, 0.43, 1.0, 1.0, 1.0, 0.81, 0.52, 0.52, 0.81, 1.0, 1.0, 0.43, 0.43, 0.81, 0.52, 0.81, 1.0, 1.0, 1.0, 1.0, 0.43, 0.52, 0.52, 1.0, 0.81, 0.81, 1.0, 0.52, 0.81, 1.0, 0.43, 1.0, 0.43, 1.0, 1.0, 0.52, 0.81, 1.0, 0.43, 0.81, 1.0, 1.0, 0.81, 0.81, 0.52, 0.43, 1.0, 0.52, 1.0, 1.0, 1.0, 1.0, 1.0, 0.43, 0.81, 0.43, 0.43, 0.52, 0.43, 0.52, 1.0, 0.52, 0.43, 0.52, 1.0, 1.0, 0.43, 1.0, 1.0, 1.0, 0.52, 0.81, 0.43, 1.0, 0.52, 0.43, 1.0, 0.81, 0.52, 0.52, 0.81, 0.81, 0.43, 0.52, 1.0, 0.52, 0.81, 0.43, 0.52, 0.52, 1.0, 0.43, 0.52, 0.52, 0.52, 1.0, 1.0, 0.52, 0.52, 0.52, 0.52, 0.81, 0.52, 0.52, 0.81, 0.43, 0.52, 0.52, 1.0, 1.0, 0.43, 0.52, 0.81, 0.81, 0.52, 1.0, 1.0, 0.43]",110.85000000000001,[],"[0.01, 0.01, 0.01, 0.03, 0.01, 0.0, 0.0, 0.03, 0.01, 0.01, 0.03, 0.04, 0.0, 0.01, 0.04, 0.0, 0.03, 0.0, 0.0, 0.0, 0.01, 0.01, 0.04, 0.0, 0.0, 0.04, 0.03, 0.01, 0.04, 0.03, 0.0, 0.0, 0.01, 0.04, 0.0, 0.01, 0.01, 0.01, 0.03, 0.03, 0.01, 0.0, 0.0, 0.04, 0.04, 0.01, 0.03, 0.01, 0.01, 0.01, 0.0, 0.01, 0.04, 0.03, 0.03, 0.0, 0.01, 0.01, 0.01, 0.03, 0.01, 0.0, 0.04, 0.01, 0.04, 0.01, 0.0, 0.03, 0.01, 0.01, 0.04, 0.01, 0.0, 0.0, 0.01, 0.01, 0.03, 0.04, 0.0, 0.03, 0.0, 0.0, 0.0, 0.0, 0.01, 0.04, 0.01, 0.04, 0.04, 0.03, 0.04, 0.03, 0.0, 0.03, 0.04, 0.03, 0.01, 0.0, 0.04, 0.01, 0.01, 0.01, 0.03, 0.01, 0.04, 0.01, 0.03, 0.04, 0.0, 0.01, 0.03, 0.03, 0.01, 0.01, 0.04, 0.03, 0.01, 0.03, 0.01, 0.04, 0.03, 0.03, 0.0, 0.04, 0.03, 0.03, 0.03, 0.0, 0.0, 0.03, 0.03, 0.03, 0.03, 0.01, 0.03, 0.03, 0.01, 0.04, 0.03, 0.03, 0.0, 0.01, 0.04, 0.03, 0.01, 0.01, 0.03, 0.0, 0.01, 0.04]",0,
159,Borda,ATVA_4,150,3,"{'C': 153, 'B': 149, 'A': 148}","[0.52, 0.81, 0.81, 1.0, 1.0, 0.52, 0.52, 1.0, 0.52, 1.0, 0.81, 0.52, 1.0, 0.52, 0.52, 0.52, 0.81, 0.52, 0.52, 1.0, 0.81, 0.81, 1.0, 0.81, 0.81, 0.43, 0.81, 0.81, 0.81, 0.52, 0.52, 1.0, 1.0, 0.81, 1.0, 1.0, 0.81, 0.43, 0.52, 1.0, 1.0, 1.0, 0.81, 1.0, 0.52, 1.0, 1.0, 1.0, 0.81, 1.0, 0.52, 0.52, 0.81, 1.0, 1.0, 1.0, 0.81, 1.0, 0.52, 0.52, 0.81, 0.52, 0.52, 0.52, 0.52, 0.52, 0.43, 0.43, 0.52, 1.0, 1.0, 0.43, 0.52, 1.0, 0.52, 0.52, 1.0, 0.52, 1.0, 1.0, 0.43, 0.52, 0.43, 0.52, 0.43, 0.52, 0.81, 0.43, 0.81, 0.81, 1.0, 1.0, 0.52, 0.81, 0.52, 1.0, 1.0, 0.81, 0.81, 1.0, 1.0, 0.43, 0.81, 0.43, 1.0, 0.43, 1.0, 0.52, 0.43, 0.81, 0.81, 0.43, 0.52, 1.0, 0.43, 1.0, 1.0, 0.52, 0.81, 1.0, 0.43, 0.52, 1.0, 0.52, 0.52, 0.43, 0.52, 0.52, 0.52, 0.52, 1.0, 0.52, 0.43, 0.43, 0.52, 1.0, 0.43, 1.0, 1.0, 0.81, 0.43, 0.52, 0.43, 0.43, 0.81, 1.0, 1.0, 1.0, 0.52, 0.43]",108.06,"[26, 38, 67, 68, 72, 81, 83, 85, 88, 102, 104, 106, 109, 112, 115, 121, 126, 133, 134, 137, 141, 143, 144, 150]","[0.03, 0.01, 0.01, 0.01, 0.0, 0.03, 0.03, 0.0, 0.03, 0.01, 0.01, 0.03, 0.0, 0.03, 0.03, 0.03, 0.01, 0.03, 0.03, 0.0, 0.01, 0.01, 0.0, 0.01, 0.01, 0.04, 0.01, 0.01, 0.01, 0.03, 0.03, 0.0, 0.01, 0.01, 0.0, 0.01, 0.01, 0.04, 0.03, 0.0, 0.01, 0.01, 0.01, 0.01, 0.03, 0.0, 0.01, 0.01, 0.01, 0.01, 0.03, 0.03, 0.01, 0.01, 0.01, 0.01, 0.01, 0.01, 0.03, 0.03, 0.01, 0.03, 0.03, 0.03, 0.03, 0.03, 0.04, 0.04, 0.03, 0.0, 0.0, 0.04, 0.03, 0.01, 0.03, 0.03, 0.01, 0.03, 0.01, 0.0, 0.04, 0.03, 0.04, 0.03, 0.04, 0.03, 0.01, 0.04, 0.01, 0.01, 0.01, 0.0, 0.03, 0.01, 0.03, 0.0, 0.01, 0.01, 0.01, 0.01, 0.01, 0.04, 0.01, 0.04, 0.0, 0.04, 0.0, 0.03, 0.04, 0.01, 0.01, 0.04, 0.03, 0.0, 0.04, 0.0, 0.0, 0.03, 0.01, 0.01, 0.04, 0.03, 0.01, 0.03, 0.03, 0.04, 0.03, 0.03, 0.03, 0.03, 0.01, 0.03, 0.04, 0.04, 0.03, 0.0, 0.04, 0.01, 0.0, 0.01, 0.04, 0.03, 0.04, 0.04, 0.01, 0.01, 0.01, 0.01, 0.03, 0.04]",0.09000000000000002,
