vote_id,voting_scheme,limitation_dropped,num_voters,num_candidates,outcome,hapiness_list,overall_hapiness,strategic_voters,risk_of_strategic_voting,alternative_risk,pairs
0,Plurality,BTVA,50,5,"{'C': 16, 'D': 12, 'A': 11, 'B': 7, 'E': 4}","[1.0, 0.65, 0.55, 0.6, 0.6, 0.86, 1.0, 1.0, 0.39, 1.0, 0.46, 1.0, 1.0, 0.58, 0.74, 0.88, 0.6, 0.58, 1.0, 0.46, 1.0, 0.81, 0.74, 0.74, 1.0, 0.62, 1.0, 0.81, 1.0, 0.6, 0.46, 1.0, 0.53, 1.0, 0.62, 0.76, 0.6, 1.0, 0.72, 0.76, 0.53, 0.62, 0.53, 1.0, 0.44, 0.53, 0.72, 0.65, 0.58, 1.0]",37.31999999999999,"[3, 9, 20, 31, 45]","[0.03, 0.11, 0.12, 0.13, 0.11, 0.04, 0.07, 0.04, 0.2, 0.04, 0.17, 0.01, 0.04, 0.11, 0.04, 0.03, 0.11, 0.11, 0.07, 0.17, 0.03, 0.02, 0.06, 0.06, 0.09, 0.11, 0.06, 0.05, 0.04, 0.13, 0.17, 0.04, 0.15, 0.03, 0.11, 0.07, 0.12, 0.09, 0.08, 0.05, 0.15, 0.1, 0.15, 0.06, 0.18, 0.15, 0.08, 0.09, 0.13, 0.04]",0.07,
1,Plurality,BTVA,50,5,"{'C': 11, 'D': 11, 'A': 10, 'E': 10, 'B': 8}","[1.0, 1.0, 0.48, 0.6, 0.41, 0.74, 0.58, 0.84, 0.74, 0.67, 0.72, 0.53, 0.6, 0.53, 1.0, 0.72, 0.58, 0.81, 0.51, 0.72, 0.86, 1.0, 0.46, 0.51, 1.0, 1.0, 0.81, 0.53, 0.62, 0.67, 0.72, 1.0, 1.0, 1.0, 0.41, 0.44, 0.62, 0.48, 0.55, 0.72, 0.6, 0.48, 0.65, 0.74, 0.67, 0.62, 0.91, 0.51, 1.0, 1.0]",35.36,"[3, 4, 5, 10, 14, 19, 28, 35, 36, 37, 38, 39, 42, 45]","[0.09, 0.02, 0.16, 0.11, 0.19, 0.04, 0.11, 0.03, 0.04, 0.1, 0.09, 0.15, 0.13, 0.15, 0.04, 0.08, 0.11, 0.02, 0.14, 0.09, 0.02, 0.04, 0.17, 0.15, 0.06, 0.03, 0.02, 0.13, 0.08, 0.1, 0.08, 0.04, 0.06, 0.05, 0.19, 0.18, 0.1, 0.16, 0.13, 0.08, 0.12, 0.17, 0.11, 0.04, 0.1, 0.11, 0.01, 0.15, 0.09, 0.03]",0.09999999999999998,
2,Plurality,BTVA,50,5,"{'D': 18, 'B': 10, 'A': 9, 'E': 9, 'C': 4}","[0.48, 0.72, 0.79, 0.91, 0.69, 1.0, 1.0, 0.6, 0.51, 0.53, 0.86, 0.65, 1.0, 0.51, 1.0, 1.0, 1.0, 0.86, 1.0, 1.0, 0.53, 0.55, 1.0, 1.0, 1.0, 0.69, 0.74, 1.0, 0.41, 0.76, 0.67, 0.74, 0.65, 0.81, 1.0, 1.0, 1.0, 0.62, 0.62, 0.62, 0.58, 1.0, 0.6, 0.69, 0.55, 0.58, 0.51, 1.0, 0.86, 1.0]",38.89,"[1, 22, 29, 31, 39, 41, 45]","[0.16, 0.08, 0.04, 0.01, 0.09, 0.07, 0.03, 0.11, 0.15, 0.15, 0.04, 0.11, 0.04, 0.15, 0.1, 0.04, 0.01, 0.02, 0.1, 0.02, 0.15, 0.12, 0.03, 0.06, 0.09, 0.09, 0.04, 0.03, 0.19, 0.05, 0.1, 0.06, 0.09, 0.05, 0.03, 0.03, 0.01, 0.12, 0.12, 0.12, 0.13, 0.03, 0.13, 0.09, 0.12, 0.13, 0.15, 0.05, 0.02, 0.07]",0.09999999999999998,
3,Plurality,BTVA,50,5,"{'B': 16, 'E': 10, 'A': 9, 'C': 8, 'D': 7}","[0.46, 1.0, 0.72, 0.76, 0.58, 0.55, 1.0, 0.62, 0.55, 0.72, 0.86, 1.0, 1.0, 0.81, 0.48, 0.53, 1.0, 0.81, 0.53, 1.0, 0.51, 0.84, 1.0, 0.69, 1.0, 0.6, 0.72, 1.0, 0.48, 0.76, 0.44, 0.79, 0.48, 0.62, 0.51, 0.53, 1.0, 0.62, 0.65, 0.48, 1.0, 0.62, 0.72, 1.0, 1.0, 1.0, 0.76, 1.0, 0.48, 1.0]",37.279999999999994,"[9, 21, 40, 49]","[0.17, 0.03, 0.09, 0.05, 0.13, 0.14, 0.05, 0.08, 0.12, 0.08, 0.04, 0.03, 0.0, 0.02, 0.16, 0.15, 0.03, 0.02, 0.13, 0.03, 0.14, 0.03, 0.07, 0.07, 0.09, 0.11, 0.08, 0.07, 0.17, 0.07, 0.18, 0.04, 0.16, 0.11, 0.15, 0.13, 0.03, 0.11, 0.11, 0.16, 0.07, 0.12, 0.08, 0.01, 0.03, 0.04, 0.05, 0.1, 0.16, 0.03]",0.09999999999999998,
4,Plurality,BTVA,50,5,"{'C': 12, 'B': 11, 'D': 11, 'E': 11, 'A': 5}","[0.72, 0.76, 0.6, 0.6, 1.0, 0.86, 0.58, 0.58, 0.76, 1.0, 0.65, 0.69, 0.41, 0.69, 0.67, 1.0, 1.0, 0.6, 1.0, 0.62, 0.86, 0.62, 0.62, 0.76, 1.0, 0.51, 0.91, 0.51, 0.58, 1.0, 0.79, 0.46, 1.0, 0.58, 0.48, 0.41, 0.65, 0.53, 0.74, 0.69, 0.48, 1.0, 0.74, 0.81, 1.0, 0.74, 1.0, 0.53, 0.76, 1.0]",36.55,"[7, 13, 15, 18, 22, 23, 26, 28, 29, 34, 35, 36, 38, 41, 48]","[0.09, 0.05, 0.12, 0.13, 0.02, 0.04, 0.11, 0.13, 0.05, 0.1, 0.09, 0.09, 0.19, 0.09, 0.1, 0.07, 0.06, 0.11, 0.03, 0.11, 0.02, 0.1, 0.1, 0.07, 0.01, 0.15, 0.01, 0.14, 0.11, 0.04, 0.06, 0.17, 0.03, 0.1, 0.16, 0.19, 0.09, 0.13, 0.04, 0.07, 0.16, 0.04, 0.04, 0.05, 0.01, 0.04, 0.03, 0.15, 0.07, 0.06]",0.07000000000000006,
5,Plurality,BTVA,50,5,"{'C': 15, 'B': 11, 'A': 10, 'E': 9, 'D': 5}","[0.86, 1.0, 0.84, 0.51, 0.51, 1.0, 1.0, 0.69, 0.81, 0.55, 0.69, 0.62, 0.88, 0.58, 1.0, 0.79, 0.48, 0.55, 0.79, 0.46, 0.6, 0.65, 1.0, 1.0, 0.53, 0.53, 0.62, 1.0, 0.76, 0.91, 0.41, 1.0, 1.0, 1.0, 0.86, 0.76, 0.48, 1.0, 0.72, 1.0, 0.44, 0.74, 0.51, 1.0, 0.72, 0.67, 0.53, 1.0, 1.0, 0.69]",37.739999999999995,"[4, 5, 18, 31, 37, 43, 46]","[0.02, 0.0, 0.03, 0.14, 0.14, 0.04, 0.02, 0.09, 0.02, 0.13, 0.09, 0.08, 0.03, 0.13, 0.07, 0.06, 0.16, 0.12, 0.04, 0.17, 0.11, 0.09, 0.04, 0.01, 0.15, 0.16, 0.11, 0.09, 0.05, 0.01, 0.19, 0.07, 0.01, 0.05, 0.02, 0.05, 0.16, 0.07, 0.08, 0.01, 0.18, 0.06, 0.14, 0.03, 0.08, 0.1, 0.13, 0.01, 0.09, 0.07]",0.050000000000000044,
6,Plurality,BTVA,50,5,"{'D': 13, 'C': 12, 'A': 11, 'E': 8, 'B': 6}","[0.81, 0.74, 0.53, 0.62, 1.0, 1.0, 0.91, 0.62, 1.0, 0.81, 0.58, 1.0, 0.74, 0.65, 0.69, 0.55, 0.48, 0.48, 0.55, 1.0, 0.86, 0.58, 1.0, 0.76, 0.44, 0.72, 0.48, 1.0, 0.58, 0.86, 0.6, 0.69, 0.86, 0.6, 1.0, 0.81, 1.0, 0.53, 0.65, 1.0, 0.53, 1.0, 0.74, 1.0, 1.0, 0.39, 0.6, 0.76, 0.62, 0.76]",37.17999999999999,"[2, 3, 13, 15, 16, 17, 25, 26, 27, 31, 34, 38, 41, 43, 46]","[0.05, 0.06, 0.15, 0.1, 0.05, 0.01, 0.01, 0.08, 0.01, 0.02, 0.13, 0.01, 0.04, 0.09, 0.09, 0.14, 0.17, 0.16, 0.14, 0.01, 0.04, 0.13, 0.04, 0.07, 0.18, 0.07, 0.17, 0.06, 0.13, 0.02, 0.12, 0.09, 0.02, 0.11, 0.09, 0.02, 0.09, 0.15, 0.11, 0.03, 0.15, 0.07, 0.06, 0.03, 0.09, 0.2, 0.12, 0.05, 0.11, 0.05]",0.050000000000000044,
7,Plurality,BTVA,50,5,"{'C': 16, 'A': 10, 'E': 9, 'B': 8, 'D': 7}","[1.0, 0.6, 0.62, 1.0, 0.69, 0.91, 1.0, 1.0, 0.74, 0.62, 1.0, 0.6, 1.0, 1.0, 0.55, 0.39, 0.58, 0.48, 0.55, 0.51, 0.6, 1.0, 1.0, 0.76, 0.6, 0.69, 1.0, 0.46, 0.62, 0.46, 1.0, 0.51, 1.0, 0.76, 0.62, 0.48, 0.76, 0.76, 0.74, 1.0, 0.48, 1.0, 0.41, 0.72, 0.44, 0.48, 1.0, 0.69, 0.79, 1.0]",36.67,"[5, 16, 19, 26, 29, 35, 37, 43]","[0.07, 0.12, 0.1, 0.02, 0.09, 0.01, 0.0, 0.09, 0.06, 0.12, 0.09, 0.11, 0.07, 0.06, 0.13, 0.2, 0.13, 0.16, 0.14, 0.15, 0.13, 0.03, 0.09, 0.07, 0.11, 0.09, 0.06, 0.17, 0.11, 0.17, 0.01, 0.14, 0.07, 0.05, 0.11, 0.16, 0.05, 0.07, 0.04, 0.07, 0.16, 0.03, 0.19, 0.08, 0.18, 0.17, 0.07, 0.09, 0.04, 0.01]",0.09999999999999998,
8,Plurality,BTVA,50,5,"{'E': 12, 'A': 10, 'C': 10, 'B': 9, 'D': 9}","[0.58, 0.51, 0.72, 1.0, 0.53, 0.53, 0.58, 0.69, 1.0, 0.51, 0.48, 0.46, 1.0, 1.0, 0.72, 0.51, 0.79, 0.74, 0.58, 0.62, 1.0, 0.76, 0.62, 1.0, 0.55, 0.86, 0.46, 1.0, 1.0, 0.58, 0.41, 0.6, 0.69, 0.72, 1.0, 0.6, 0.69, 0.48, 0.84, 0.88, 0.48, 0.84, 0.79, 0.53, 0.84, 0.62, 0.48, 1.0, 1.0, 1.0]",35.87,"[2, 5, 10, 12, 16, 31, 38, 41]","[0.13, 0.14, 0.08, 0.03, 0.15, 0.16, 0.13, 0.09, 0.05, 0.14, 0.16, 0.17, 0.06, 0.1, 0.08, 0.14, 0.04, 0.04, 0.11, 0.12, 0.07, 0.05, 0.1, 0.03, 0.13, 0.02, 0.17, 0.05, 0.02, 0.13, 0.19, 0.13, 0.09, 0.07, 0.06, 0.11, 0.09, 0.16, 0.03, 0.03, 0.16, 0.03, 0.06, 0.16, 0.03, 0.1, 0.16, 0.06, 0.09, 0.06]",0.07,
9,Plurality,BTVA,50,5,"{'A': 16, 'C': 10, 'D': 9, 'B': 8, 'E': 7}","[0.55, 0.74, 0.46, 1.0, 0.62, 1.0, 0.53, 1.0, 1.0, 1.0, 0.67, 0.55, 0.53, 1.0, 1.0, 0.53, 0.41, 0.55, 1.0, 1.0, 0.46, 1.0, 0.62, 0.53, 0.79, 0.58, 0.69, 0.69, 1.0, 0.79, 0.74, 0.72, 0.76, 0.62, 0.65, 1.0, 0.48, 1.0, 1.0, 1.0, 0.72, 1.0, 0.46, 0.48, 0.6, 0.79, 0.48, 0.51, 0.79, 0.41]",36.49999999999999,"[5, 7, 13, 17, 21, 45, 50]","[0.12, 0.06, 0.17, 0.02, 0.12, 0.05, 0.15, 0.07, 0.07, 0.01, 0.1, 0.14, 0.15, 0.03, 0.05, 0.15, 0.19, 0.13, 0.03, 0.05, 0.17, 0.0, 0.12, 0.13, 0.04, 0.13, 0.09, 0.09, 0.0, 0.04, 0.04, 0.08, 0.05, 0.08, 0.11, 0.09, 0.16, 0.04, 0.04, 0.08, 0.08, 0.07, 0.17, 0.16, 0.11, 0.04, 0.16, 0.15, 0.06, 0.19]",0.07,
10,Plurality,ATVA_1,50,5,"{'C': 16, 'D': 10, 'A': 9, 'E': 9, 'B': 6}","[0.81, 1.0, 0.81, 1.0, 0.81, 1.0, 0.41, 1.0, 0.69, 0.62, 1.0, 1.0, 1.0, 0.69, 0.62, 1.0, 0.72, 1.0, 0.74, 0.6, 0.74, 1.0, 0.41, 0.44, 1.0, 0.6, 0.41, 1.0, 0.76, 0.58, 0.55, 1.0, 0.58, 0.76, 0.69, 1.0, 1.0, 0.86, 0.48, 0.76, 0.91, 0.58, 0.86, 0.65, 1.0, 0.65, 0.69, 0.88, 0.48, 0.86]",38.699999999999996,"[7, 20, 23, 27, 31, 42]","[0.02, 0.01, 0.05, 0.03, 0.05, 0.06, 0.19, 0.03, 0.09, 0.1, 0.05, 0.04, 0.05, 0.07, 0.08, 0.1, 0.08, 0.01, 0.06, 0.11, 0.04, 0.04, 0.19, 0.18, 0.09, 0.13, 0.19, 0.05, 0.07, 0.11, 0.14, 0.03, 0.13, 0.05, 0.09, 0.01, 0.02, 0.02, 0.16, 0.05, 0.01, 0.1, 0.02, 0.09, 0.01, 0.09, 0.07, 0.03, 0.16, 0.02]",0.07,"[(27, 47), (7, 17), (7, 23), (7, 35), (20, 29), (31, 35), (7, 47), (20, 38), (23, 31), (7, 44), (31, 44), (23, 40), (31, 47), (20, 50), (23, 49), (27, 31), (27, 40), (27, 49), (42, 47), (42, 44), (7, 31), (7, 40), (23, 27), (7, 49), (20, 34), (31, 40), (20, 43), (23, 42), (31, 49), (23, 39), (20, 46), (27, 39), (7, 9), (27, 42), (42, 49), (20, 21), (7, 27), (20, 24), (20, 30), (7, 42), (20, 33), (31, 39), (7, 39), (23, 35), (20, 42), (31, 42), (23, 44), (23, 47), (27, 35), (27, 44), (7, 14)]"
11,Plurality,ATVA_1,50,5,"{'B': 14, 'D': 12, 'E': 12, 'A': 9, 'C': 3}","[0.76, 1.0, 1.0, 0.53, 1.0, 0.46, 0.86, 1.0, 1.0, 0.62, 0.62, 0.46, 0.48, 0.6, 1.0, 0.62, 0.72, 0.81, 0.46, 0.65, 1.0, 0.62, 0.46, 0.53, 0.72, 0.62, 1.0, 1.0, 0.55, 0.46, 0.69, 0.69, 0.91, 0.6, 0.6, 0.84, 0.67, 0.69, 0.74, 1.0, 0.76, 1.0, 0.41, 1.0, 0.58, 0.44, 1.0, 1.0, 0.6, 0.72]",36.550000000000004,"[6, 19, 23, 29, 30, 43, 45, 46]","[0.05, 0.03, 0.03, 0.15, 0.08, 0.17, 0.02, 0.08, 0.07, 0.1, 0.11, 0.17, 0.16, 0.13, 0.07, 0.08, 0.08, 0.02, 0.17, 0.09, 0.08, 0.11, 0.17, 0.15, 0.08, 0.1, 0.09, 0.07, 0.12, 0.17, 0.07, 0.07, 0.01, 0.12, 0.11, 0.03, 0.1, 0.09, 0.04, 0.03, 0.05, 0.03, 0.19, 0.09, 0.1, 0.18, 0.07, 0.03, 0.11, 0.08]",0.07,"[(43, 46), (19, 46), (30, 46), (23, 25), (29, 41), (29, 50), (23, 43), (6, 11), (19, 39), (30, 39), (46, 50), (6, 41), (29, 43), (23, 36), (6, 50), (23, 45), (19, 41), (30, 41), (19, 50), (30, 50), (29, 36), (23, 29), (6, 43), (29, 45), (23, 38), (19, 43), (30, 43), (6, 36), (29, 38), (6, 45), (23, 49), (45, 46), (19, 36), (30, 36), (19, 45), (30, 45), (6, 29), (6, 38), (29, 49), (19, 29), (19, 38), (30, 38), (6, 22), (43, 50), (46, 49), (23, 35), (6, 49), (19, 22), (45, 50), (19, 49), (30, 49), (29, 35), (43, 45), (6, 35), (23, 30), (19, 35), (30, 35), (6, 19), (29, 30), (6, 46), (6, 12), (6, 30), (43, 49), (6, 39), (19, 30), (45, 49), (23, 46), (6, 23), (29, 46), (19, 23), (23, 39), (6, 16), (6, 25), (29, 39), (19, 25), (23, 41), (23, 50)]"
12,Plurality,ATVA_1,50,5,"{'A': 13, 'B': 11, 'C': 9, 'D': 9, 'E': 8}","[0.76, 0.76, 1.0, 0.55, 0.51, 0.41, 0.69, 0.91, 0.69, 0.74, 0.44, 0.48, 1.0, 0.74, 1.0, 0.46, 1.0, 0.86, 0.79, 0.74, 0.67, 0.69, 0.81, 0.62, 0.41, 0.48, 0.74, 0.69, 1.0, 0.53, 0.46, 1.0, 1.0, 1.0, 1.0, 0.55, 0.6, 0.41, 0.91, 1.0, 0.62, 0.74, 0.51, 1.0, 0.53, 1.0, 0.51, 1.0, 0.62, 0.55]",36.17999999999999,"[1, 2, 4, 5, 10, 18, 25, 27, 31]","[0.07, 0.05, 0.01, 0.14, 0.14, 0.19, 0.07, 0.01, 0.09, 0.04, 0.18, 0.16, 0.09, 0.06, 0.03, 0.17, 0.07, 0.02, 0.04, 0.04, 0.1, 0.09, 0.02, 0.11, 0.19, 0.16, 0.04, 0.09, 0.06, 0.16, 0.17, 0.07, 0.09, 0.06, 0.07, 0.13, 0.13, 0.19, 0.01, 0.07, 0.12, 0.04, 0.15, 0.03, 0.15, 0.03, 0.14, 0.0, 0.08, 0.14]",0.09000000000000002,"[(1, 31), (10, 43), (1, 49), (5, 10), (31, 38), (2, 11), (5, 28), (31, 47), (10, 27), (27, 43), (10, 36), (18, 28), (25, 43), (5, 12), (2, 4), (31, 49), (27, 36), (2, 25), (25, 27), (10, 38), (25, 36), (10, 47), (2, 43), (5, 14), (4, 25), (1, 10), (4, 43), (27, 38), (10, 31), (1, 28), (27, 47), (2, 27), (2, 36), (25, 38), (10, 49), (25, 47), (4, 18), (5, 25), (4, 27), (4, 36), (1, 12), (27, 31), (27, 49), (25, 31), (2, 38), (2, 47), (4, 11), (5, 18), (1, 5), (4, 38), (1, 14), (4, 47), (2, 31), (2, 49), (5, 11), (4, 31), (10, 28), (1, 25), (10, 12), (27, 28), (1, 18), (5, 43), (25, 28), (18, 25), (25, 49), (18, 43), (1, 2), (10, 14), (1, 11), (2, 10), (5, 27), (5, 36), (2, 28), (4, 10), (18, 27), (18, 36), (4, 28), (1, 4), (2, 12), (10, 25), (5, 38), (5, 47), (4, 49), (4, 12), (1, 43), (18, 38), (18, 47), (2, 5), (10, 18), (2, 14), (5, 31), (5, 49), (1, 27), (4, 5), (1, 36), (4, 14), (18, 31), (18, 49), (10, 11), (31, 43), (1, 38), (1, 47), (31, 36), (2, 18)]"
13,Plurality,ATVA_1,50,5,"{'B': 11, 'D': 11, 'E': 11, 'A': 10, 'C': 7}","[0.55, 1.0, 0.76, 0.46, 0.55, 0.69, 0.58, 0.55, 0.6, 0.55, 0.65, 0.55, 1.0, 1.0, 0.53, 0.76, 0.58, 0.74, 0.41, 0.84, 0.76, 0.69, 0.67, 1.0, 0.48, 0.44, 1.0, 0.65, 1.0, 0.62, 0.46, 1.0, 0.41, 1.0, 0.62, 0.58, 0.44, 0.41, 0.44, 1.0, 0.58, 0.62, 0.44, 1.0, 0.58, 0.48, 0.55, 1.0, 0.6, 0.55]",33.419999999999995,"[4, 5, 12, 15, 19, 25, 26, 31, 33, 37, 38, 39, 41, 42, 43, 45, 46, 47, 50]","[0.14, 0.07, 0.07, 0.17, 0.12, 0.07, 0.13, 0.14, 0.12, 0.14, 0.11, 0.12, 0.07, 0.04, 0.13, 0.05, 0.13, 0.04, 0.19, 0.03, 0.07, 0.09, 0.1, 0.09, 0.16, 0.18, 0.09, 0.09, 0.09, 0.11, 0.17, 0.07, 0.19, 0.04, 0.11, 0.13, 0.18, 0.19, 0.18, 0.06, 0.1, 0.1, 0.18, 0.01, 0.11, 0.16, 0.14, 0.09, 0.11, 0.12]",0.12000000000000005,"[(15, 21), (33, 36), (1, 31), (15, 30), (26, 30), (19, 46), (33, 45), (43, 46), (15, 39), (25, 41), (1, 49), (25, 50), (12, 25), (5, 19), (31, 38), (5, 28), (4, 30), (12, 43), (37, 42), (4, 39), (1, 15), (15, 23), (19, 39), (33, 38), (1, 33), (33, 47), (1, 42), (25, 43), (5, 12), (46, 50), (38, 46), (31, 49), (12, 45), (1, 8), (5, 39), (4, 41), (1, 17), (15, 16), (4, 50), (1, 26), (15, 25), (19, 41), (25, 36), (19, 50), (33, 49), (25, 45), (12, 20), (38, 39), (31, 33), (39, 46), (15, 46), (4, 25), (12, 38), (12, 47), (1, 10), (4, 43), (1, 19), (15, 18), (47, 50), (19, 43), (33, 42), (1, 37), (25, 38), (1, 46), (5, 7), (38, 41), (4, 18), (12, 31), (38, 50), (5, 25), (4, 36), (1, 12), (4, 45), (45, 46), (19, 36), (33, 35), (1, 30), (5, 46), (19, 45), (25, 31), (1, 39), (42, 47), (12, 15), (5, 9), (46, 47), (39, 41), (15, 41), (38, 43), (31, 37), (12, 33), (15, 50), (4, 38), (19, 20), (1, 23), (19, 38), (33, 37), (25, 33), (19, 47), (42, 49), (43, 50), (15, 43), (26, 43), (31, 39), (38, 45), (12, 35), (4, 31), (1, 16), (19, 31), (45, 50), (1, 25), (37, 46), (5, 41), (25, 26), (5, 50), (19, 49), (41, 46), (4, 6), (12, 19), (15, 36), (4, 15), (12, 28), (15, 45), (38, 47), (4, 33), (1, 9), (1, 18), (19, 33), (47, 49), (5, 43), (43, 45), (4, 8), (15, 38), (4, 17), (15, 47), (25, 49), (26, 47), (4, 26), (38, 49), (39, 50), (31, 46), (19, 26), (1, 20), (19, 35), (5, 45), (15, 22), (15, 31), (26, 31), (41, 50), (4, 10), (33, 46), (43, 47), (4, 19), (15, 49), (26, 49), (39, 43), (1, 4), (5, 20), (19, 28), (37, 43), (5, 38), (19, 37), (5, 47), (4, 49), (41, 43), (33, 39), (15, 33), (26, 33), (43, 49), (4, 12), (1, 43), (15, 42), (26, 42), (4, 21), (39, 45), (1, 6), (31, 41), (19, 21), (5, 31), (19, 30), (31, 50), (12, 46), (45, 49), (15, 17), (15, 26), (41, 45), (4, 5), (33, 41), (25, 37), (33, 50), (25, 46), (5, 15), (39, 47), (31, 43), (12, 39), (5, 33), (37, 47), (15, 19), (41, 47), (25, 30), (33, 43), (1, 38), (15, 37), (25, 39), (26, 37), (1, 47), (26, 46), (31, 36), (31, 45), (19, 25), (12, 41), (5, 35), (4, 37), (12, 50), (37, 49), (4, 46), (1, 22)]"
14,Plurality,ATVA_1,50,5,"{'E': 15, 'D': 12, 'B': 10, 'C': 9, 'A': 4}","[0.44, 0.65, 1.0, 0.62, 0.79, 0.79, 1.0, 1.0, 0.76, 0.65, 1.0, 0.53, 0.62, 1.0, 1.0, 0.79, 0.79, 0.65, 0.74, 1.0, 1.0, 0.76, 0.53, 1.0, 0.58, 1.0, 0.58, 0.62, 1.0, 1.0, 0.53, 0.55, 1.0, 0.62, 0.65, 0.48, 0.6, 0.58, 1.0, 0.76, 0.79, 0.72, 0.69, 0.74, 0.46, 1.0, 0.65, 0.51, 0.48, 0.41]",37.10999999999999,[],"[0.18, 0.09, 0.07, 0.12, 0.04, 0.06, 0.03, 0.01, 0.05, 0.11, 0.09, 0.15, 0.11, 0.03, 0.04, 0.04, 0.04, 0.09, 0.04, 0.04, 0.07, 0.07, 0.16, 0.06, 0.13, 0.09, 0.13, 0.12, 0.06, 0.04, 0.13, 0.12, 0.07, 0.11, 0.11, 0.16, 0.11, 0.13, 0.02, 0.05, 0.04, 0.07, 0.09, 0.06, 0.17, 0.07, 0.11, 0.14, 0.16, 0.19]",0,
15,Plurality,ATVA_1,50,5,"{'D': 14, 'B': 12, 'C': 10, 'A': 9, 'E': 5}","[0.65, 1.0, 0.74, 0.72, 0.65, 1.0, 0.69, 0.48, 0.76, 1.0, 0.48, 1.0, 1.0, 0.58, 1.0, 0.65, 0.44, 1.0, 0.48, 0.58, 0.6, 1.0, 1.0, 0.81, 0.69, 1.0, 0.6, 0.41, 1.0, 0.62, 1.0, 0.46, 0.86, 0.51, 0.69, 0.74, 0.62, 0.67, 1.0, 0.65, 0.6, 0.67, 0.6, 0.51, 1.0, 0.91, 0.72, 0.67, 0.41, 0.51]",36.43,"[3, 19, 21, 24, 28, 35, 36, 41, 43]","[0.11, 0.09, 0.04, 0.08, 0.09, 0.06, 0.09, 0.17, 0.07, 0.03, 0.17, 0.08, 0.07, 0.13, 0.03, 0.11, 0.18, 0.07, 0.17, 0.1, 0.11, 0.07, 0.07, 0.05, 0.09, 0.03, 0.13, 0.19, 0.03, 0.08, 0.03, 0.17, 0.04, 0.15, 0.07, 0.04, 0.08, 0.1, 0.05, 0.09, 0.11, 0.1, 0.12, 0.15, 0.05, 0.01, 0.08, 0.1, 0.19, 0.15]",0.10000000000000009,"[(41, 49), (24, 42), (35, 42), (21, 37), (3, 49), (41, 42), (24, 35), (19, 48), (24, 44), (35, 44), (3, 24), (21, 48), (3, 42), (36, 48), (24, 28), (41, 44), (19, 41), (24, 37), (35, 37), (19, 50), (3, 17), (21, 41), (3, 35), (21, 50), (3, 44), (36, 41), (36, 50), (19, 43), (3, 19), (3, 28), (21, 43), (3, 37), (36, 43), (19, 36), (28, 48), (43, 48), (3, 21), (21, 36), (19, 20), (24, 25), (28, 41), (28, 50), (43, 50), (28, 43), (19, 49), (24, 48), (35, 48), (21, 49), (19, 24), (28, 36), (36, 49), (19, 42), (41, 48), (3, 9), (21, 24), (24, 41), (35, 41), (24, 50), (35, 50), (21, 42), (36, 42), (19, 35), (3, 48), (19, 44), (24, 34), (41, 50), (24, 43), (35, 43), (21, 35), (19, 28), (36, 44), (3, 41), (19, 37), (3, 50), (28, 49), (41, 43), (24, 36), (35, 36), (43, 49), (21, 28), (19, 21), (36, 37), (3, 43), (28, 42), (24, 47), (35, 47), (3, 36), (28, 35), (28, 44), (43, 44), (24, 49), (35, 49), (3, 20), (21, 44), (28, 37)]"
16,Plurality,ATVA_1,50,5,"{'E': 13, 'C': 12, 'B': 10, 'D': 9, 'A': 6}","[0.79, 1.0, 0.76, 1.0, 0.48, 0.48, 0.55, 0.6, 0.58, 0.76, 0.58, 0.6, 0.58, 1.0, 0.72, 0.76, 0.79, 0.84, 0.58, 0.53, 1.0, 1.0, 0.48, 1.0, 0.53, 1.0, 1.0, 1.0, 0.69, 1.0, 0.67, 0.76, 0.6, 1.0, 0.53, 0.76, 0.81, 0.53, 0.72, 1.0, 0.48, 0.48, 0.74, 0.67, 0.72, 0.55, 1.0, 0.81, 0.69, 0.62]",36.82,"[5, 7, 18, 25, 31, 41, 43, 44]","[0.04, 0.03, 0.05, 0.01, 0.16, 0.16, 0.14, 0.13, 0.11, 0.07, 0.1, 0.11, 0.11, 0.03, 0.08, 0.05, 0.04, 0.03, 0.13, 0.13, 0.09, 0.06, 0.16, 0.07, 0.15, 0.05, 0.05, 0.03, 0.09, 0.03, 0.1, 0.07, 0.12, 0.07, 0.15, 0.05, 0.02, 0.13, 0.08, 0.03, 0.17, 0.16, 0.06, 0.1, 0.08, 0.14, 0.07, 0.05, 0.07, 0.11]",0.04999999999999993,"[(7, 17), (43, 46), (44, 45), (25, 41), (18, 44), (5, 19), (5, 37), (7, 19), (18, 19), (25, 43), (7, 37), (18, 37), (5, 12), (5, 39), (7, 12), (41, 44), (25, 45), (31, 33), (5, 7), (5, 25), (7, 44), (31, 44), (5, 46), (25, 31), (43, 48), (5, 18), (31, 37), (7, 46), (18, 46), (5, 48), (25, 33), (31, 39), (7, 39), (18, 39), (7, 48), (18, 48), (5, 41), (41, 46), (7, 41), (18, 41), (5, 43), (41, 48), (43, 45), (7, 25), (18, 25), (7, 43), (18, 43), (31, 46), (5, 45), (7, 18), (44, 46), (7, 45), (18, 45), (31, 48), (41, 43), (44, 48), (25, 44), (31, 41), (5, 31), (41, 45), (25, 37), (7, 31), (18, 31), (25, 46), (5, 15), (31, 43), (5, 33), (7, 15), (43, 44), (25, 39), (7, 33), (18, 33), (25, 48), (5, 8), (5, 17), (31, 45), (5, 44), (7, 8)]"
17,Plurality,ATVA_1,50,5,"{'C': 12, 'E': 12, 'B': 11, 'A': 10, 'D': 5}","[0.6, 0.91, 0.48, 0.44, 0.91, 0.72, 0.69, 0.55, 0.46, 0.48, 0.84, 0.81, 0.6, 0.69, 0.46, 1.0, 0.72, 0.86, 0.51, 0.81, 0.76, 0.62, 0.41, 0.62, 0.51, 0.72, 1.0, 0.51, 1.0, 0.51, 1.0, 0.76, 0.65, 1.0, 0.69, 0.53, 0.69, 0.58, 1.0, 1.0, 1.0, 0.44, 0.67, 1.0, 1.0, 1.0, 0.58, 0.88, 0.62, 1.0]",36.29,"[3, 4, 8, 9, 19, 22, 23, 24, 28, 30, 37, 42]","[0.13, 0.01, 0.16, 0.18, 0.01, 0.08, 0.07, 0.14, 0.17, 0.16, 0.03, 0.05, 0.12, 0.09, 0.17, 0.08, 0.08, 0.04, 0.14, 0.05, 0.07, 0.08, 0.19, 0.12, 0.15, 0.08, 0.05, 0.14, 0.08, 0.14, 0.04, 0.05, 0.09, 0.03, 0.09, 0.15, 0.09, 0.11, 0.06, 0.01, 0.03, 0.18, 0.1, 0.03, 0.06, 0.05, 0.11, 0.03, 0.12, 0.03]",0.09999999999999998,"[(24, 33), (42, 48), (4, 9), (24, 42), (1, 49), (8, 9), (22, 26), (23, 25), (8, 18), (9, 17), (28, 30), (9, 26), (23, 43), (37, 42), (9, 35), (1, 15), (3, 49), (4, 48), (8, 48), (1, 42), (3, 6), (3, 15), (8, 11), (9, 10), (4, 23), (9, 19), (23, 36), (4, 32), (9, 28), (1, 8), (3, 42), (1, 17), (8, 32), (19, 32), (1, 26), (24, 28), (42, 43), (24, 37), (9, 49), (3, 8), (9, 12), (23, 38), (3, 35), (1, 10), (4, 43), (8, 25), (1, 19), (1, 28), (24, 30), (8, 43), (1, 37), (9, 42), (3, 10), (22, 23), (3, 19), (22, 32), (9, 14), (3, 28), (1, 3), (3, 37), (4, 36), (23, 49), (1, 12), (8, 36), (19, 36), (1, 30), (30, 36), (4, 11), (4, 20), (3, 30), (23, 42), (1, 5), (8, 20), (19, 20), (1, 14), (28, 32), (1, 23), (8, 38), (19, 38), (1, 32), (9, 37), (30, 38), (19, 47), (30, 47), (42, 49), (4, 13), (23, 26), (3, 23), (4, 22), (23, 35), (8, 13), (8, 22), (19, 22), (22, 48), (9, 30), (8, 49), (19, 49), (9, 48), (30, 49), (3, 7), (4, 15), (23, 28), (3, 25), (23, 37), (8, 15), (1, 9), (19, 24), (9, 23), (28, 36), (19, 33), (30, 33), (9, 32), (8, 42), (19, 42), (30, 42), (24, 32), (3, 9), (4, 8), (3, 18), (4, 17), (1, 48), (23, 30), (4, 26), (1, 2), (8, 17), (1, 11), (8, 26), (22, 43), (1, 20), (9, 25), (28, 38), (8, 35), (19, 35), (30, 35), (28, 47), (9, 43), (3, 11), (4, 10), (8, 10), (1, 4), (8, 19), (22, 36), (1, 13), (9, 18), (8, 28), (19, 28), (8, 37), (19, 37), (9, 36), (30, 37), (28, 49), (4, 49), (3, 4), (4, 12), (1, 43), (8, 12), (9, 11), (19, 21), (9, 20), (28, 33), (8, 30), (19, 30), (28, 42), (4, 42), (9, 38), (4, 5), (1, 36), (4, 14), (24, 47), (8, 14), (9, 13), (8, 23), (19, 23), (9, 22), (3, 36), (28, 35), (22, 49), (30, 32), (23, 48), (37, 38), (9, 15), (23, 32), (19, 25), (22, 42), (3, 38), (28, 37), (4, 37), (37, 49), (1, 22)]"
18,Plurality,ATVA_1,50,5,"{'C': 13, 'D': 13, 'A': 10, 'B': 7, 'E': 7}","[1.0, 0.79, 0.53, 0.6, 1.0, 1.0, 0.62, 0.55, 0.41, 0.6, 0.41, 1.0, 0.72, 0.51, 1.0, 0.72, 0.46, 0.69, 1.0, 0.76, 0.69, 0.65, 1.0, 1.0, 0.55, 1.0, 0.55, 0.76, 0.76, 1.0, 0.65, 0.62, 0.58, 0.58, 0.6, 0.67, 1.0, 0.88, 0.6, 0.48, 0.58, 0.62, 0.46, 0.91, 0.76, 0.84, 1.0, 0.81, 1.0, 0.46]",36.43,"[2, 7, 10, 14, 16, 17, 20, 27, 32, 35, 36, 39, 40, 42, 46, 48]","[0.04, 0.04, 0.15, 0.11, 0.03, 0.03, 0.12, 0.12, 0.19, 0.12, 0.19, 0.03, 0.07, 0.14, 0.03, 0.08, 0.17, 0.09, 0.06, 0.05, 0.09, 0.09, 0.01, 0.09, 0.13, 0.04, 0.14, 0.05, 0.05, 0.0, 0.09, 0.1, 0.13, 0.13, 0.12, 0.1, 0.01, 0.03, 0.12, 0.17, 0.13, 0.12, 0.17, 0.01, 0.07, 0.03, 0.09, 0.02, 0.01, 0.17]",0.09999999999999998,"[(16, 20), (7, 17), (42, 48), (2, 39), (7, 35), (2, 48), (46, 48), (39, 42), (40, 41), (17, 21), (2, 11), (14, 40), (27, 34), (7, 10), (10, 27), (27, 43), (32, 39), (10, 36), (2, 32), (7, 28), (16, 40), (2, 50), (39, 44), (40, 43), (2, 4), (20, 40), (14, 42), (10, 20), (27, 36), (36, 48), (2, 25), (17, 44), (7, 21), (42, 43), (14, 17), (39, 46), (14, 35), (14, 44), (27, 38), (16, 17), (7, 14), (36, 50), (2, 27), (17, 46), (10, 40), (2, 36), (16, 35), (20, 35), (14, 28), (7, 44), (27, 40), (2, 20), (17, 39), (7, 16), (17, 48), (32, 48), (39, 41), (14, 21), (7, 46), (10, 17), (17, 32), (7, 9), (27, 42), (17, 41), (10, 35), (17, 50), (2, 40), (32, 50), (40, 42), (7, 39), (14, 32), (7, 48), (17, 25), (27, 35), (17, 34), (27, 44), (17, 43), (35, 39), (14, 16), (20, 32), (7, 32), (35, 48), (40, 44), (7, 41), (39, 48), (27, 28), (17, 27), (36, 40), (2, 17), (17, 36), (27, 46), (14, 46), (10, 39), (2, 35), (32, 36), (20, 25), (7, 34), (35, 50), (7, 43), (17, 20), (39, 50), (2, 10), (27, 39), (14, 39), (17, 38), (10, 32), (14, 48), (7, 27), (16, 39), (7, 36), (16, 48), (39, 43), (2, 3), (20, 39), (10, 16), (27, 32), (20, 48), (10, 25), (14, 41), (17, 40), (32, 40), (35, 36), (16, 32), (7, 38), (16, 50), (14, 34), (20, 50), (17, 42), (16, 25), (42, 44), (10, 48), (7, 40), (48, 50), (10, 11), (14, 27), (40, 46), (36, 39), (14, 36), (2, 16), (17, 35), (32, 35), (27, 48), (16, 27), (42, 46), (35, 40), (16, 36), (10, 50), (7, 42), (20, 27), (39, 40), (14, 20), (20, 36), (40, 48), (17, 28), (14, 38), (27, 41)]"
19,Plurality,ATVA_1,50,5,"{'D': 12, 'C': 11, 'E': 11, 'A': 8, 'B': 8}","[0.51, 1.0, 0.55, 0.72, 0.76, 1.0, 1.0, 0.53, 1.0, 0.41, 0.55, 0.58, 0.6, 0.41, 0.65, 0.55, 0.79, 0.69, 0.41, 0.46, 0.69, 0.6, 0.69, 0.55, 0.6, 0.6, 0.41, 1.0, 0.46, 1.0, 1.0, 0.58, 0.48, 0.65, 0.69, 0.6, 1.0, 0.65, 0.48, 1.0, 0.6, 0.88, 0.65, 1.0, 0.81, 0.69, 1.0, 0.81, 0.62, 1.0]",34.959999999999994,"[8, 10, 11, 13, 14, 17, 18, 20, 21, 23, 26, 29, 33, 36, 39, 41, 48]","[0.15, 0.05, 0.13, 0.08, 0.05, 0.06, 0.06, 0.13, 0.07, 0.19, 0.13, 0.11, 0.11, 0.19, 0.11, 0.14, 0.04, 0.07, 0.19, 0.17, 0.07, 0.12, 0.09, 0.14, 0.13, 0.11, 0.19, 0.02, 0.17, 0.0, 0.04, 0.11, 0.16, 0.09, 0.07, 0.11, 0.06, 0.09, 0.16, 0.04, 0.12, 0.03, 0.11, 0.07, 0.05, 0.09, 0.02, 0.02, 0.11, 0.01]",0.08999999999999997,"[(10, 34), (13, 33), (33, 36), (41, 49), (18, 26), (20, 29), (14, 22), (17, 21), (20, 38), (29, 41), (11, 23), (14, 49), (10, 27), (41, 42), (10, 36), (1, 33), (8, 48), (14, 15), (29, 34), (23, 27), (14, 24), (29, 43), (23, 36), (21, 48), (23, 45), (1, 8), (14, 42), (10, 20), (1, 17), (13, 19), (10, 29), (36, 48), (8, 41), (10, 38), (18, 21), (11, 46), (14, 17), (20, 33), (29, 36), (21, 32), (23, 29), (14, 26), (21, 41), (14, 35), (1, 10), (36, 41), (13, 21), (1, 19), (11, 39), (1, 46), (21, 25), (14, 19), (29, 38), (26, 48), (21, 43), (23, 49), (8, 27), (36, 43), (1, 21), (13, 23), (17, 39), (8, 36), (10, 33), (17, 48), (8, 45), (1, 39), (11, 41), (39, 41), (23, 24), (26, 41), (21, 36), (23, 42), (1, 5), (8, 29), (36, 45), (1, 23), (17, 41), (11, 34), (20, 21), (29, 33), (13, 46), (23, 26), (14, 23), (23, 35), (18, 48), (17, 25), (8, 22), (10, 19), (13, 18), (11, 18), (17, 34), (11, 27), (17, 43), (11, 36), (8, 49), (26, 27), (20, 23), (13, 39), (21, 22), (14, 16), (26, 36), (18, 32), (26, 45), (18, 41), (17, 18), (8, 15), (39, 48), (8, 24), (10, 21), (1, 18), (11, 20), (17, 36), (36, 49), (11, 29), (8, 42), (10, 39), (11, 38), (26, 29), (41, 48), (18, 25), (13, 41), (21, 24), (1, 48), (21, 33), (18, 43), (17, 20), (8, 17), (1, 11), (11, 13), (17, 29), (8, 26), (10, 23), (1, 20), (20, 46), (17, 38), (8, 35), (36, 42), (14, 48), (13, 34), (1, 41), (21, 26), (18, 36), (26, 49), (39, 43), (20, 39), (8, 19), (1, 13), (14, 41), (11, 33), (13, 27), (41, 43), (18, 20), (1, 34), (13, 36), (10, 46), (33, 48), (26, 42), (20, 41), (10, 18), (17, 33), (13, 20), (13, 29), (1, 27), (41, 45), (18, 22), (1, 36), (13, 38), (26, 35), (33, 41), (20, 34), (8, 14), (10, 11), (14, 27), (8, 23), (11, 19), (14, 36), (23, 48), (14, 45), (1, 29), (10, 41), (1, 38), (18, 24), (33, 43), (18, 33), (20, 27), (29, 39), (20, 36), (8, 16), (10, 13), (14, 29), (29, 48), (23, 41), (11, 21)]"
20,Plurality,ATVA_3,50,5,"{'E': 13, 'A': 12, 'B': 10, 'C': 8, 'D': 7}","[0.62, 0.55, 1.0, 0.86, 0.76, 0.51, 0.76, 0.39, 0.65, 0.48, 0.6, 0.72, 0.46, 0.86, 0.44, 0.6, 1.0, 0.55, 0.69, 0.58, 0.6, 0.79, 1.0, 0.46, 0.6, 0.48, 0.76, 1.0, 1.0, 0.6, 1.0, 1.0, 0.86, 0.67, 1.0, 0.74, 0.79, 0.53, 0.55, 1.0, 1.0, 0.62, 1.0, 0.48, 1.0, 0.46, 0.65, 0.48, 1.0, 0.84]",36.04,"[1, 2, 6, 8, 10, 11, 13, 15, 16, 19, 20, 24, 30, 38, 39, 44, 46, 48]","[0.04, 0.03, 0.03, 0.13, 0.09, 0.13, 0.13, 0.19, 0.13, 0.13, 0.09, 0.08, 0.16, 0.13, 0.07, 0.05, 0.03, 0.17, 0.08, 0.03, 0.11, 0.11, 0.03, 0.13, 0.13, 0.17, 0.15, 0.02, 0.03, 0.08, 0.01, 0.01, 0.11, 0.09, 0.08, 0.17, 0.11, 0.13, 0.13, 0.03, 0.04, 0.15, 0.03, 0.08, 0.0, 0.04, 0.15, 0.16, 0.05, 0.12]",0.040000000000000036,
21,Plurality,ATVA_3,50,5,"{'C': 14, 'E': 11, 'B': 10, 'D': 9, 'A': 6}","[0.69, 0.76, 0.69, 0.72, 0.55, 1.0, 0.65, 0.69, 1.0, 1.0, 0.53, 0.74, 0.53, 0.6, 0.65, 0.55, 0.6, 0.62, 1.0, 0.48, 1.0, 0.62, 1.0, 1.0, 0.74, 1.0, 0.41, 0.6, 0.58, 0.6, 0.53, 0.86, 0.69, 0.84, 0.55, 0.48, 0.6, 0.67, 1.0, 0.72, 1.0, 0.58, 1.0, 1.0, 1.0, 0.46, 1.0, 0.51, 0.62, 0.58]",36.29,"[17, 18, 20, 22, 27, 29, 36, 42, 46, 48, 50]","[0.09, 0.15, 0.15, 0.08, 0.14, 0.07, 0.09, 0.16, 0.07, 0.07, 0.19, 0.11, 0.15, 0.1, 0.16, 0.14, 0.15, 0.05, 0.05, 0.15, 0.09, 0.04, 0.07, 0.1, 0.12, 0.09, 0.14, 0.11, 0.04, 0.1, 0.17, 0.13, 0.09, 0.09, 0.18, 0.15, 0.1, 0.13, 0.07, 0.19, 0.09, 0.14, 0.09, 0.09, 0.07, 0.15, 0.09, 0.14, 0.16, 0.11]",0.08999999999999997,
22,Plurality,ATVA_3,50,5,"{'B': 14, 'A': 11, 'D': 10, 'E': 9, 'C': 6}","[1.0, 0.86, 0.44, 1.0, 0.46, 0.48, 1.0, 0.69, 1.0, 0.69, 0.81, 0.72, 0.6, 0.6, 1.0, 0.6, 1.0, 1.0, 0.6, 0.58, 0.62, 0.53, 0.44, 1.0, 1.0, 0.86, 0.69, 0.58, 0.74, 0.51, 0.62, 0.69, 0.76, 0.6, 1.0, 0.76, 1.0, 0.72, 1.0, 0.62, 0.86, 0.86, 1.0, 1.0, 0.53, 0.62, 0.53, 0.72, 0.53, 0.76]",37.28,"[3, 5, 6, 14, 16, 19, 21, 22, 23, 28, 29, 31, 32, 33, 34, 45, 48, 49]","[0.06, 0.04, 0.09, 0.01, 0.16, 0.09, 0.07, 0.18, 0.01, 0.19, 0.08, 0.1, 0.13, 0.01, 0.01, 0.01, 0.0, 0.04, 0.05, 0.13, 0.09, 0.04, 0.11, 0.07, 0.03, 0.09, 0.1, 0.06, 0.01, 0.18, 0.04, 0.04, 0.03, 0.04, 0.05, 0.07, 0.07, 0.07, 0.01, 0.13, 0.09, 0.08, 0.03, 0.04, 0.11, 0.12, 0.14, 0.04, 0.13, 0.04]",0,
23,Plurality,ATVA_3,50,5,"{'C': 13, 'A': 12, 'E': 10, 'D': 9, 'B': 6}","[0.41, 0.67, 0.53, 0.51, 0.72, 0.76, 1.0, 0.6, 0.6, 0.67, 0.65, 1.0, 0.6, 0.62, 0.62, 1.0, 0.74, 0.65, 0.79, 0.53, 1.0, 0.72, 0.41, 0.62, 1.0, 0.58, 0.62, 0.76, 1.0, 0.41, 0.53, 0.53, 0.51, 1.0, 0.76, 0.69, 1.0, 1.0, 0.46, 0.51, 0.48, 0.48, 0.48, 1.0, 1.0, 0.74, 1.0, 1.0, 0.62, 0.69]",35.269999999999996,"[1, 3, 4, 8, 10, 11, 13, 20, 22, 23, 24, 27, 30, 31, 32, 39, 41, 42, 43, 50]","[0.12, 0.12, 0.11, 0.15, 0.16, 0.07, 0.03, 0.08, 0.09, 0.05, 0.04, 0.02, 0.1, 0.19, 0.13, 0.03, 0.15, 0.12, 0.11, 0.07, 0.01, 0.05, 0.14, 0.08, 0.0, 0.13, 0.07, 0.08, 0.04, 0.13, 0.1, 0.12, 0.18, 0.05, 0.11, 0.12, 0.07, 0.01, 0.12, 0.12, 0.13, 0.15, 0.13, 0.03, 0.01, 0.08, 0.01, 0.06, 0.19, 0.04]",0.09999999999999998,
24,Plurality,ATVA_3,50,5,"{'B': 12, 'D': 12, 'E': 10, 'C': 9, 'A': 7}","[0.41, 0.76, 1.0, 0.65, 0.48, 1.0, 0.81, 0.55, 0.79, 0.6, 1.0, 0.62, 0.74, 0.58, 0.44, 1.0, 1.0, 0.62, 0.86, 1.0, 0.74, 0.58, 0.6, 0.69, 0.81, 1.0, 0.48, 1.0, 0.55, 0.48, 0.76, 0.41, 1.0, 0.62, 0.74, 0.72, 0.69, 0.65, 1.0, 0.76, 0.79, 0.51, 1.0, 0.51, 1.0, 0.53, 0.48, 0.74, 0.79, 0.44]",35.98,"[1, 5, 8, 9, 10, 15, 18, 21, 23, 27, 29, 30, 32, 36, 47, 50]","[0.11, 0.11, 0.06, 0.11, 0.13, 0.06, 0.11, 0.13, 0.01, 0.12, 0.09, 0.15, 0.09, 0.11, 0.15, 0.09, 0.08, 0.11, 0.07, 0.07, 0.04, 0.15, 0.12, 0.14, 0.05, 0.07, 0.13, 0.05, 0.13, 0.07, 0.1, 0.16, 0.03, 0.12, 0.11, 0.04, 0.11, 0.18, 0.09, 0.09, 0.09, 0.13, 0.07, 0.13, 0.1, 0.18, 0.17, 0.08, 0.12, 0.16]",0.09999999999999998,
25,Plurality,ATVA_3,50,5,"{'C': 14, 'A': 11, 'E': 10, 'D': 8, 'B': 7}","[0.46, 1.0, 0.76, 0.72, 0.62, 0.58, 0.65, 0.55, 0.53, 0.41, 0.72, 0.6, 1.0, 0.53, 1.0, 0.53, 1.0, 1.0, 0.6, 0.55, 0.72, 0.41, 0.76, 0.62, 0.62, 0.72, 0.72, 0.65, 0.62, 1.0, 1.0, 1.0, 0.48, 0.6, 1.0, 0.79, 1.0, 0.65, 0.41, 0.74, 0.58, 1.0, 0.48, 0.48, 1.0, 0.58, 1.0, 0.72, 0.58, 1.0]",35.739999999999995,"[1, 7, 8, 9, 10, 16, 19, 20, 21, 22, 24, 25, 33, 34, 36, 38, 39, 41, 43, 46, 49]","[0.13, 0.03, 0.12, 0.15, 0.11, 0.15, 0.12, 0.05, 0.12, 0.16, 0.09, 0.13, 0.09, 0.13, 0.01, 0.13, 0.0, 0.06, 0.05, 0.08, 0.05, 0.13, 0.14, 0.11, 0.12, 0.12, 0.12, 0.12, 0.13, 0.09, 0.02, 0.05, 0.13, 0.08, 0.03, 0.04, 0.07, 0.09, 0.16, 0.11, 0.03, 0.07, 0.04, 0.16, 0.04, 0.05, 0.04, 0.13, 0.04, 0.01]",0.09999999999999998,
26,Plurality,ATVA_3,50,5,"{'E': 16, 'A': 10, 'B': 9, 'C': 9, 'D': 6}","[1.0, 1.0, 0.72, 0.58, 1.0, 0.76, 0.81, 1.0, 0.65, 0.62, 0.58, 0.51, 1.0, 0.62, 0.58, 1.0, 0.69, 0.58, 0.6, 0.76, 0.41, 0.58, 0.51, 0.81, 0.58, 1.0, 1.0, 0.48, 0.44, 0.76, 0.79, 0.65, 1.0, 0.76, 0.6, 1.0, 1.0, 0.55, 1.0, 1.0, 0.65, 1.0, 1.0, 0.81, 1.0, 0.79, 0.51, 0.69, 0.62, 0.44]",37.49,"[3, 4, 7, 21, 22, 23, 24, 25, 29, 38, 47, 48, 50]","[0.08, 0.08, 0.02, 0.1, 0.07, 0.07, 0.05, 0.02, 0.19, 0.16, 0.13, 0.19, 0.04, 0.12, 0.11, 0.01, 0.14, 0.18, 0.16, 0.15, 0.17, 0.1, 0.16, 0.01, 0.13, 0.06, 0.01, 0.16, 0.09, 0.03, 0.08, 0.2, 0.03, 0.18, 0.12, 0.06, 0.01, 0.06, 0.01, 0.01, 0.05, 0.04, 0.0, 0.08, 0.03, 0.06, 0.07, 0.07, 0.14, 0.09]",0.07000000000000006,
27,Plurality,ATVA_3,50,5,"{'C': 13, 'A': 11, 'E': 10, 'B': 8, 'D': 8}","[0.79, 0.48, 1.0, 1.0, 0.76, 0.6, 1.0, 0.81, 0.62, 0.76, 0.6, 0.6, 0.58, 0.55, 0.51, 1.0, 0.58, 0.48, 0.58, 0.53, 1.0, 0.74, 0.6, 0.62, 1.0, 0.79, 1.0, 0.76, 0.6, 0.58, 0.48, 0.53, 0.72, 0.58, 1.0, 0.6, 0.72, 0.74, 1.0, 1.0, 1.0, 0.72, 0.72, 1.0, 0.69, 1.0, 0.86, 0.58, 0.88, 0.79]",37.129999999999995,"[9, 10, 11, 14, 19, 23, 29, 36, 38, 42, 45, 48, 50]","[0.13, 0.14, 0.01, 0.04, 0.11, 0.13, 0.09, 0.06, 0.09, 0.04, 0.05, 0.16, 0.12, 0.06, 0.17, 0.07, 0.15, 0.17, 0.09, 0.15, 0.03, 0.09, 0.05, 0.17, 0.1, 0.09, 0.05, 0.13, 0.07, 0.19, 0.2, 0.17, 0.09, 0.17, 0.09, 0.07, 0.12, 0.07, 0.03, 0.1, 0.0, 0.02, 0.12, 0.03, 0.06, 0.01, 0.04, 0.07, 0.11, 0.01]",0.08999999999999997,
28,Plurality,ATVA_3,50,5,"{'B': 15, 'D': 13, 'A': 10, 'E': 8, 'C': 4}","[0.79, 1.0, 0.74, 0.44, 0.88, 0.65, 1.0, 0.65, 0.55, 0.6, 1.0, 0.55, 0.65, 0.53, 1.0, 0.91, 0.55, 0.62, 1.0, 0.58, 1.0, 1.0, 0.48, 0.79, 0.53, 0.62, 0.67, 1.0, 0.91, 1.0, 0.41, 0.76, 1.0, 0.58, 0.48, 1.0, 0.53, 1.0, 0.58, 0.53, 0.58, 0.69, 1.0, 0.6, 1.0, 0.72, 0.76, 1.0, 0.88, 0.65]",37.440000000000005,"[3, 4, 6, 8, 12, 14, 17, 18, 23, 24, 25, 26, 27, 31, 34, 35, 39, 40, 42, 44, 46]","[0.11, 0.04, 0.04, 0.12, 0.1, 0.04, 0.03, 0.07, 0.12, 0.11, 0.07, 0.1, 0.09, 0.13, 0.07, 0.11, 0.04, 0.08, 0.01, 0.16, 0.02, 0.01, 0.13, 0.03, 0.13, 0.05, 0.02, 0.09, 0.03, 0.09, 0.12, 0.06, 0.05, 0.09, 0.09, 0.05, 0.19, 0.06, 0.09, 0.07, 0.15, 0.04, 0.06, 0.1, 0.07, 0.02, 0.08, 0.02, 0.02, 0.1]",0,
29,Plurality,ATVA_3,50,5,"{'B': 14, 'E': 12, 'A': 10, 'C': 7, 'D': 7}","[0.91, 0.51, 0.44, 0.48, 0.58, 1.0, 0.74, 0.51, 1.0, 1.0, 0.62, 1.0, 0.65, 0.6, 1.0, 1.0, 0.84, 0.72, 0.74, 0.6, 1.0, 0.58, 1.0, 0.74, 0.53, 0.81, 0.69, 0.6, 1.0, 0.48, 0.65, 0.51, 0.72, 0.69, 0.65, 1.0, 0.44, 1.0, 0.58, 1.0, 0.44, 0.6, 0.79, 1.0, 0.74, 1.0, 0.62, 0.55, 0.62, 0.72]",36.68999999999999,"[2, 3, 4, 13, 18, 19, 24, 25, 30, 32, 34, 37, 41, 42, 45, 47, 48, 49]","[0.02, 0.07, 0.14, 0.13, 0.15, 0.03, 0.09, 0.19, 0.04, 0.07, 0.13, 0.03, 0.03, 0.13, 0.01, 0.07, 0.11, 0.07, 0.04, 0.15, 0.01, 0.11, 0.03, 0.06, 0.13, 0.1, 0.11, 0.11, 0.0, 0.15, 0.15, 0.13, 0.09, 0.03, 0.09, 0.0, 0.16, 0.07, 0.17, 0.01, 0.15, 0.03, 0.11, 0.0, 0.07, 0.09, 0.06, 0.04, 0.09, 0.09]",0.08999999999999997,
30,Plurality,ATVA_4,50,5,"{'C': 16, 'B': 12, 'D': 10, 'A': 9, 'E': 3}","[1.0, 1.0, 1.0, 1.0, 0.58, 0.69, 1.0, 0.86, 0.53, 0.72, 1.0, 0.48, 0.55, 0.69, 0.48, 0.69, 0.62, 0.76, 0.41, 0.88, 0.72, 1.0, 0.72, 1.0, 1.0, 0.74, 0.76, 1.0, 0.69, 0.58, 1.0, 0.72, 0.72, 0.6, 1.0, 0.58, 0.67, 0.48, 0.51, 0.91, 0.48, 0.48, 0.53, 1.0, 1.0, 1.0, 0.6, 0.76, 0.58, 1.0]",37.769999999999996,"[5, 8, 14, 16, 26, 27, 34, 42, 48]","[0.05, 0.06, 0.07, 0.02, 0.13, 0.09, 0.07, 0.02, 0.13, 0.09, 0.05, 0.16, 0.12, 0.07, 0.16, 0.07, 0.11, 0.07, 0.19, 0.03, 0.08, 0.07, 0.08, 0.01, 0.01, 0.04, 0.07, 0.06, 0.09, 0.11, 0.09, 0.08, 0.08, 0.11, 0.1, 0.11, 0.1, 0.17, 0.15, 0.01, 0.16, 0.17, 0.13, 0.04, 0.07, 0.07, 0.11, 0.07, 0.11, 0.03]",0.10000000000000009,
31,Plurality,ATVA_4,50,5,"{'D': 14, 'A': 12, 'C': 9, 'E': 9, 'B': 6}","[0.79, 1.0, 0.39, 0.6, 0.55, 0.69, 0.53, 0.46, 1.0, 0.69, 1.0, 0.65, 0.58, 0.74, 0.84, 0.65, 0.69, 0.39, 1.0, 0.69, 0.55, 1.0, 1.0, 0.46, 0.55, 0.72, 0.6, 0.48, 1.0, 0.86, 1.0, 0.55, 1.0, 0.69, 0.6, 1.0, 1.0, 0.58, 0.55, 0.69, 0.79, 0.58, 0.55, 1.0, 1.0, 0.58, 0.67, 0.79, 1.0, 0.51]",36.28,"[3, 6, 8, 14, 17, 18, 20, 25, 28, 30, 34, 42, 50]","[0.04, 0.09, 0.2, 0.12, 0.12, 0.09, 0.15, 0.17, 0.03, 0.09, 0.03, 0.09, 0.13, 0.04, 0.03, 0.09, 0.07, 0.2, 0.0, 0.07, 0.13, 0.03, 0.09, 0.17, 0.14, 0.07, 0.12, 0.17, 0.02, 0.02, 0.07, 0.12, 0.07, 0.09, 0.12, 0.09, 0.02, 0.13, 0.13, 0.09, 0.04, 0.13, 0.13, 0.02, 0.03, 0.13, 0.1, 0.04, 0.02, 0.14]",0.10000000000000009,
32,Plurality,ATVA_4,50,5,"{'A': 16, 'D': 13, 'C': 8, 'E': 7, 'B': 6}","[1.0, 1.0, 0.48, 0.6, 0.72, 0.84, 0.51, 0.74, 1.0, 1.0, 1.0, 0.72, 1.0, 0.74, 1.0, 0.46, 1.0, 1.0, 1.0, 1.0, 0.48, 0.76, 0.65, 0.62, 0.81, 0.62, 0.86, 0.79, 0.48, 1.0, 0.48, 0.46, 0.76, 1.0, 0.53, 0.62, 0.55, 0.88, 1.0, 0.74, 0.79, 0.69, 1.0, 0.65, 0.74, 0.46, 0.48, 0.72, 0.76, 1.0]",38.19,"[5, 12, 14, 24, 26, 28, 36, 40, 41, 48]","[0.06, 0.09, 0.16, 0.13, 0.08, 0.03, 0.14, 0.06, 0.06, 0.06, 0.03, 0.08, 0.07, 0.04, 0.04, 0.17, 0.03, 0.03, 0.05, 0.02, 0.16, 0.05, 0.11, 0.11, 0.05, 0.11, 0.02, 0.04, 0.17, 0.05, 0.17, 0.17, 0.05, 0.09, 0.15, 0.11, 0.14, 0.03, 0.02, 0.04, 0.04, 0.09, 0.02, 0.11, 0.06, 0.17, 0.16, 0.08, 0.05, 0.09]",0.09000000000000008,
33,Plurality,ATVA_4,50,5,"{'E': 14, 'A': 13, 'B': 10, 'D': 8, 'C': 5}","[0.48, 0.48, 1.0, 0.69, 1.0, 1.0, 0.48, 0.58, 1.0, 0.51, 0.91, 1.0, 0.65, 0.48, 0.67, 0.62, 0.69, 0.46, 0.65, 0.53, 1.0, 0.53, 0.62, 0.58, 0.55, 0.6, 0.72, 1.0, 0.55, 1.0, 0.62, 1.0, 0.62, 0.72, 1.0, 0.74, 0.46, 1.0, 0.79, 1.0, 0.88, 1.0, 1.0, 0.6, 0.81, 0.74, 0.55, 0.48, 0.72, 0.55]",36.309999999999995,"[1, 14, 20, 22, 23, 37, 46, 48]","[0.16, 0.16, 0.01, 0.09, 0.03, 0.09, 0.16, 0.13, 0.09, 0.15, 0.01, 0.01, 0.09, 0.16, 0.1, 0.1, 0.09, 0.17, 0.11, 0.13, 0.04, 0.15, 0.08, 0.13, 0.12, 0.12, 0.08, 0.04, 0.14, 0.02, 0.12, 0.04, 0.11, 0.09, 0.04, 0.04, 0.17, 0.06, 0.04, 0.0, 0.03, 0.01, 0.1, 0.11, 0.02, 0.04, 0.13, 0.16, 0.09, 0.12]",0.04999999999999993,
34,Plurality,ATVA_4,50,5,"{'E': 12, 'A': 10, 'C': 10, 'D': 10, 'B': 8}","[0.65, 0.72, 0.69, 0.53, 0.67, 0.76, 0.76, 0.58, 0.55, 0.48, 0.91, 1.0, 0.76, 0.62, 0.46, 1.0, 0.58, 0.6, 0.67, 0.6, 0.55, 0.74, 1.0, 0.58, 1.0, 1.0, 0.65, 0.51, 1.0, 0.79, 1.0, 0.51, 0.79, 1.0, 0.69, 0.46, 0.69, 1.0, 0.46, 0.6, 0.51, 0.55, 0.69, 0.48, 1.0, 0.76, 1.0, 0.44, 0.58, 1.0]",35.62,"[2, 4, 9, 10, 15, 19, 21, 28, 32, 37, 39, 41, 42, 44, 48, 49]","[0.09, 0.08, 0.09, 0.13, 0.1, 0.07, 0.07, 0.13, 0.12, 0.16, 0.01, 0.03, 0.07, 0.1, 0.17, 0.03, 0.11, 0.13, 0.1, 0.11, 0.14, 0.06, 0.0, 0.13, 0.04, 0.03, 0.11, 0.14, 0.01, 0.04, 0.06, 0.14, 0.06, 0.03, 0.07, 0.17, 0.09, 0.03, 0.17, 0.11, 0.15, 0.13, 0.07, 0.16, 0.02, 0.07, 0.09, 0.18, 0.11, 0.05]",0.15999999999999998,
35,Plurality,ATVA_4,50,5,"{'D': 13, 'B': 11, 'E': 11, 'A': 9, 'C': 6}","[0.55, 0.72, 0.69, 1.0, 0.53, 0.91, 1.0, 0.65, 0.58, 0.69, 1.0, 0.69, 0.55, 1.0, 0.88, 1.0, 0.55, 0.74, 0.58, 0.74, 0.58, 1.0, 0.48, 0.74, 0.62, 0.72, 1.0, 0.6, 0.81, 1.0, 1.0, 0.76, 0.55, 0.55, 1.0, 0.55, 0.48, 0.48, 0.58, 0.6, 0.84, 0.41, 0.88, 1.0, 0.69, 0.58, 1.0, 0.53, 1.0, 0.88]",36.96,"[1, 5, 13, 17, 33, 34, 36, 38, 42, 46]","[0.12, 0.08, 0.09, 0.1, 0.15, 0.01, 0.03, 0.11, 0.13, 0.09, 0.01, 0.07, 0.14, 0.02, 0.03, 0.07, 0.12, 0.04, 0.13, 0.04, 0.13, 0.09, 0.16, 0.06, 0.11, 0.08, 0.07, 0.11, 0.02, 0.01, 0.07, 0.07, 0.14, 0.13, 0.07, 0.13, 0.16, 0.16, 0.11, 0.11, 0.03, 0.19, 0.03, 0.04, 0.07, 0.1, 0.03, 0.13, 0.07, 0.03]",0.09999999999999998,
36,Plurality,ATVA_4,50,5,"{'D': 16, 'E': 12, 'A': 10, 'B': 8, 'C': 4}","[0.44, 0.76, 0.48, 1.0, 1.0, 1.0, 0.62, 1.0, 0.58, 0.53, 0.48, 1.0, 0.55, 0.69, 1.0, 0.79, 1.0, 0.58, 1.0, 0.67, 1.0, 1.0, 0.58, 0.44, 0.55, 0.65, 0.69, 0.53, 0.58, 0.69, 0.44, 0.72, 0.79, 1.0, 1.0, 0.76, 0.6, 0.6, 0.6, 1.0, 0.84, 1.0, 0.69, 0.55, 1.0, 0.6, 0.41, 0.53, 0.6, 1.0]",36.61000000000001,[],"[0.18, 0.07, 0.16, 0.09, 0.04, 0.01, 0.11, 0.02, 0.13, 0.13, 0.16, 0.03, 0.14, 0.09, 0.02, 0.04, 0.03, 0.11, 0.05, 0.1, 0.07, 0.05, 0.13, 0.18, 0.14, 0.11, 0.07, 0.16, 0.11, 0.09, 0.18, 0.08, 0.04, 0.01, 0.05, 0.05, 0.11, 0.11, 0.12, 0.04, 0.03, 0.05, 0.07, 0.13, 0.02, 0.13, 0.19, 0.15, 0.12, 0.09]",0,
37,Plurality,ATVA_4,50,5,"{'B': 12, 'D': 12, 'C': 11, 'E': 10, 'A': 5}","[0.51, 0.46, 0.53, 0.62, 1.0, 0.62, 1.0, 1.0, 1.0, 0.48, 0.62, 0.72, 1.0, 1.0, 0.69, 1.0, 0.48, 0.51, 0.62, 0.67, 0.48, 1.0, 0.48, 0.69, 0.58, 0.74, 0.6, 0.72, 0.55, 0.51, 0.62, 0.48, 0.65, 1.0, 0.79, 0.67, 0.51, 0.53, 1.0, 0.91, 0.76, 0.79, 0.44, 0.81, 1.0, 0.76, 0.44, 0.44, 0.79, 1.0]",35.269999999999996,"[2, 3, 10, 17, 19, 20, 21, 23, 25, 29, 36, 37, 43, 47, 48]","[0.15, 0.17, 0.16, 0.11, 0.02, 0.1, 0.0, 0.09, 0.03, 0.16, 0.11, 0.08, 0.03, 0.04, 0.09, 0.09, 0.16, 0.15, 0.1, 0.1, 0.16, 0.05, 0.16, 0.07, 0.1, 0.04, 0.12, 0.09, 0.14, 0.15, 0.1, 0.16, 0.09, 0.03, 0.04, 0.1, 0.14, 0.15, 0.09, 0.01, 0.07, 0.04, 0.18, 0.05, 0.03, 0.05, 0.18, 0.18, 0.06, 0.05]",0.04999999999999993,
38,Plurality,ATVA_4,50,5,"{'C': 16, 'B': 13, 'E': 10, 'D': 8, 'A': 3}","[1.0, 0.48, 1.0, 1.0, 0.62, 0.69, 0.62, 0.53, 0.51, 0.44, 0.48, 0.81, 0.79, 0.53, 0.62, 1.0, 1.0, 1.0, 1.0, 0.65, 0.6, 0.6, 1.0, 1.0, 0.72, 0.6, 0.76, 0.72, 0.6, 0.86, 1.0, 0.88, 0.53, 0.48, 1.0, 0.6, 1.0, 1.0, 0.53, 0.51, 0.6, 1.0, 0.65, 1.0, 0.48, 1.0, 0.48, 0.69, 0.46, 0.48]",36.599999999999994,[],"[0.09, 0.16, 0.08, 0.06, 0.08, 0.09, 0.11, 0.15, 0.14, 0.18, 0.16, 0.02, 0.06, 0.13, 0.1, 0.03, 0.05, 0.08, 0.03, 0.09, 0.11, 0.12, 0.07, 0.02, 0.08, 0.11, 0.07, 0.07, 0.13, 0.02, 0.03, 0.03, 0.15, 0.16, 0.1, 0.13, 0.04, 0.03, 0.16, 0.15, 0.11, 0.02, 0.11, 0.09, 0.16, 0.01, 0.16, 0.07, 0.17, 0.16]",0,
39,Plurality,ATVA_4,50,5,"{'E': 13, 'B': 12, 'A': 10, 'D': 8, 'C': 7}","[0.48, 1.0, 1.0, 0.79, 0.6, 0.69, 1.0, 0.6, 0.6, 0.44, 0.53, 0.76, 1.0, 0.91, 0.41, 0.41, 0.69, 0.76, 1.0, 0.62, 0.44, 0.76, 0.65, 0.81, 0.51, 0.67, 1.0, 0.84, 0.76, 0.58, 0.74, 0.74, 0.53, 0.48, 1.0, 1.0, 1.0, 0.86, 1.0, 0.91, 0.55, 0.72, 0.53, 0.62, 1.0, 0.88, 1.0, 0.48, 1.0, 0.51]",36.86,"[4, 6, 11, 12, 16, 17, 20, 22, 26, 28, 31, 32, 41, 42, 44, 50]","[0.16, 0.07, 0.06, 0.04, 0.11, 0.07, 0.1, 0.11, 0.11, 0.18, 0.13, 0.05, 0.03, 0.01, 0.19, 0.19, 0.07, 0.07, 0.0, 0.12, 0.18, 0.05, 0.11, 0.05, 0.15, 0.1, 0.08, 0.03, 0.07, 0.11, 0.04, 0.04, 0.15, 0.16, 0.05, 0.03, 0.09, 0.02, 0.05, 0.01, 0.14, 0.08, 0.15, 0.1, 0.09, 0.03, 0.06, 0.16, 0.02, 0.14]",0.09999999999999998,
40,Vote For 2,BTVA,50,5,"{'A': 25, 'C': 21, 'E': 20, 'D': 19, 'B': 15}","[1.0, 0.79, 0.41, 0.6, 0.76, 1.0, 0.67, 0.81, 1.0, 0.6, 0.79, 1.0, 0.58, 1.0, 0.6, 0.76, 1.0, 0.76, 1.0, 0.65, 0.44, 0.91, 0.46, 1.0, 0.72, 0.79, 0.76, 0.41, 0.79, 0.48, 0.65, 1.0, 0.55, 0.58, 0.46, 0.72, 0.69, 0.84, 0.58, 0.46, 0.69, 1.0, 1.0, 0.69, 0.48, 0.67, 0.48, 1.0, 0.76, 0.74]",36.58,"[7, 18, 27, 35, 44, 45, 46, 47, 50]","[0.09, 0.04, 0.19, 0.11, 0.05, 0.07, 0.1, 0.02, 0.07, 0.12, 0.04, 0.04, 0.13, 0.07, 0.11, 0.05, 0.07, 0.05, 0.03, 0.11, 0.18, 0.01, 0.17, 0.0, 0.08, 0.06, 0.05, 0.19, 0.04, 0.16, 0.09, 0.07, 0.13, 0.11, 0.17, 0.08, 0.07, 0.03, 0.13, 0.17, 0.07, 0.04, 0.04, 0.09, 0.16, 0.1, 0.17, 0.05, 0.07, 0.04]",0.07000000000000006,
41,Vote For 2,BTVA,50,5,"{'E': 22, 'D': 21, 'A': 20, 'C': 19, 'B': 18}","[0.69, 1.0, 0.58, 0.74, 0.48, 0.62, 0.6, 0.62, 0.41, 0.41, 1.0, 0.69, 1.0, 0.65, 0.55, 0.69, 1.0, 0.76, 0.84, 0.55, 1.0, 0.62, 0.86, 0.86, 0.58, 0.6, 0.51, 0.39, 0.53, 0.86, 0.44, 0.55, 0.72, 1.0, 0.55, 0.76, 0.53, 0.48, 1.0, 0.65, 0.48, 0.48, 1.0, 1.0, 0.58, 0.84, 0.76, 1.0, 0.84, 0.62]",34.97,"[4, 5, 7, 8, 9, 10, 16, 18, 19, 20, 23, 24, 26, 28, 30, 31, 33, 36, 37, 42, 46, 49]","[0.07, 0.04, 0.11, 0.04, 0.16, 0.08, 0.11, 0.1, 0.19, 0.19, 0.07, 0.09, 0.07, 0.09, 0.13, 0.09, 0.03, 0.05, 0.03, 0.14, 0.04, 0.11, 0.04, 0.04, 0.11, 0.12, 0.14, 0.2, 0.15, 0.02, 0.18, 0.14, 0.08, 0.05, 0.13, 0.05, 0.15, 0.17, 0.04, 0.11, 0.17, 0.16, 0.03, 0.05, 0.11, 0.03, 0.05, 0.03, 0.03, 0.11]",0.24,
42,Vote For 2,BTVA,50,5,"{'A': 25, 'D': 20, 'E': 20, 'C': 19, 'B': 16}","[0.62, 0.55, 1.0, 0.46, 0.62, 1.0, 0.55, 0.65, 0.62, 1.0, 0.76, 0.6, 0.79, 0.62, 1.0, 0.65, 1.0, 0.62, 0.62, 1.0, 0.55, 0.76, 0.6, 0.53, 0.76, 1.0, 1.0, 0.48, 0.44, 0.74, 0.48, 0.55, 0.58, 0.67, 1.0, 0.48, 0.6, 0.67, 0.74, 1.0, 0.76, 1.0, 0.53, 0.55, 0.62, 1.0, 0.79, 1.0, 0.58, 0.6]",35.79,"[4, 7, 24, 29, 31, 34]","[0.1, 0.13, 0.03, 0.17, 0.11, 0.04, 0.12, 0.09, 0.12, 0.03, 0.07, 0.12, 0.04, 0.08, 0.04, 0.09, 0.04, 0.11, 0.08, 0.04, 0.13, 0.07, 0.12, 0.13, 0.05, 0.08, 0.06, 0.16, 0.18, 0.04, 0.16, 0.13, 0.11, 0.1, 0.03, 0.16, 0.11, 0.1, 0.06, 0.0, 0.07, 0.07, 0.15, 0.14, 0.12, 0.1, 0.06, 0.09, 0.13, 0.11]",0.08999999999999997,
43,Vote For 2,BTVA,50,5,"{'C': 23, 'B': 21, 'E': 20, 'A': 18, 'D': 18}","[0.72, 0.69, 1.0, 0.44, 0.81, 0.46, 0.69, 1.0, 0.62, 0.62, 0.76, 1.0, 1.0, 0.44, 0.74, 0.48, 1.0, 0.67, 0.88, 0.6, 0.44, 0.62, 0.55, 0.69, 1.0, 0.74, 0.69, 0.55, 0.74, 0.74, 0.53, 0.58, 1.0, 0.62, 1.0, 1.0, 0.79, 0.65, 0.51, 0.58, 0.44, 0.55, 0.58, 0.51, 0.58, 0.6, 0.62, 0.46, 0.62, 0.53]",34.13,"[1, 2, 5, 15, 26, 29, 30, 34, 37, 48]","[0.08, 0.07, 0.04, 0.18, 0.02, 0.17, 0.07, 0.04, 0.12, 0.1, 0.07, 0.04, 0.03, 0.18, 0.04, 0.16, 0.03, 0.1, 0.03, 0.11, 0.18, 0.12, 0.12, 0.09, 0.03, 0.06, 0.09, 0.12, 0.04, 0.06, 0.13, 0.11, 0.02, 0.08, 0.0, 0.1, 0.04, 0.11, 0.15, 0.13, 0.18, 0.14, 0.13, 0.15, 0.13, 0.11, 0.12, 0.17, 0.1, 0.13]",0.09999999999999998,
44,Vote For 2,BTVA,50,5,"{'D': 26, 'B': 21, 'C': 20, 'A': 19, 'E': 14}","[0.74, 0.6, 0.62, 0.53, 1.0, 0.74, 0.81, 0.53, 0.67, 1.0, 0.69, 0.72, 0.44, 0.6, 0.62, 0.41, 0.48, 1.0, 0.65, 0.76, 1.0, 1.0, 0.76, 0.55, 1.0, 0.6, 0.6, 0.69, 0.62, 0.55, 0.58, 1.0, 0.69, 0.91, 1.0, 0.44, 0.72, 0.55, 1.0, 0.58, 0.74, 1.0, 0.72, 0.65, 0.62, 0.69, 0.58, 1.0, 0.48, 1.0]",35.93,"[1, 6, 11, 17, 23, 28, 38]","[0.04, 0.11, 0.08, 0.15, 0.09, 0.04, 0.05, 0.15, 0.1, 0.01, 0.09, 0.08, 0.18, 0.11, 0.12, 0.19, 0.16, 0.08, 0.11, 0.07, 0.03, 0.03, 0.05, 0.13, 0.03, 0.11, 0.12, 0.09, 0.08, 0.13, 0.13, 0.09, 0.07, 0.01, 0.04, 0.18, 0.07, 0.12, 0.04, 0.13, 0.04, 0.03, 0.08, 0.11, 0.1, 0.07, 0.11, 0.04, 0.16, 0.05]",0.07000000000000006,
45,Vote For 2,BTVA,50,5,"{'B': 24, 'E': 21, 'C': 19, 'A': 18, 'D': 18}","[0.6, 1.0, 0.91, 0.51, 0.48, 0.91, 0.48, 0.58, 0.69, 0.55, 0.69, 0.74, 1.0, 0.55, 0.62, 0.53, 1.0, 0.79, 1.0, 0.53, 0.53, 1.0, 0.58, 0.76, 0.86, 1.0, 0.6, 0.86, 0.69, 0.62, 0.81, 0.67, 1.0, 0.62, 0.41, 1.0, 1.0, 0.72, 0.69, 1.0, 0.79, 0.62, 1.0, 1.0, 0.55, 0.72, 0.84, 1.0, 0.74, 0.58]",37.419999999999995,"[4, 7, 9, 10, 14, 27, 28, 31, 32, 35, 39, 45, 49]","[0.12, 0.05, 0.01, 0.14, 0.16, 0.01, 0.16, 0.13, 0.09, 0.12, 0.09, 0.06, 0.07, 0.12, 0.12, 0.15, 0.02, 0.04, 0.09, 0.15, 0.15, 0.03, 0.11, 0.07, 0.04, 0.03, 0.12, 0.02, 0.07, 0.08, 0.02, 0.1, 0.07, 0.1, 0.19, 0.07, 0.01, 0.09, 0.09, 0.07, 0.06, 0.08, 0.1, 0.01, 0.14, 0.09, 0.03, 0.05, 0.04, 0.13]",0.09999999999999998,
46,Vote For 2,BTVA,50,5,"{'B': 25, 'C': 23, 'A': 20, 'D': 18, 'E': 14}","[0.53, 0.65, 0.6, 0.51, 0.58, 0.86, 0.69, 0.74, 1.0, 0.62, 0.6, 0.6, 0.86, 1.0, 0.65, 0.69, 0.91, 0.74, 0.46, 0.62, 1.0, 0.79, 0.58, 0.69, 0.6, 1.0, 1.0, 0.76, 0.69, 1.0, 0.81, 1.0, 0.41, 1.0, 0.55, 1.0, 0.55, 0.48, 0.51, 1.0, 0.62, 1.0, 0.79, 0.76, 1.0, 0.69, 0.86, 0.86, 0.65, 0.69]",37.24999999999999,[],"[0.16, 0.09, 0.12, 0.15, 0.13, 0.02, 0.09, 0.06, 0.03, 0.11, 0.12, 0.11, 0.02, 0.09, 0.09, 0.09, 0.01, 0.04, 0.17, 0.12, 0.0, 0.04, 0.13, 0.07, 0.11, 0.03, 0.03, 0.05, 0.07, 0.0, 0.02, 0.04, 0.19, 0.03, 0.12, 0.07, 0.12, 0.16, 0.15, 0.06, 0.08, 0.09, 0.06, 0.07, 0.03, 0.09, 0.02, 0.04, 0.09, 0.09]",0,
47,Vote For 2,BTVA,50,5,"{'C': 27, 'E': 22, 'A': 20, 'D': 16, 'B': 15}","[1.0, 0.81, 1.0, 0.55, 0.69, 0.69, 0.69, 0.81, 0.58, 0.58, 0.41, 0.62, 0.6, 0.6, 0.86, 0.48, 0.51, 0.79, 0.58, 0.6, 0.72, 0.67, 0.84, 1.0, 1.0, 1.0, 1.0, 0.53, 0.79, 0.58, 1.0, 0.69, 0.76, 0.55, 1.0, 0.53, 0.74, 0.81, 0.76, 1.0, 1.0, 0.6, 0.6, 0.72, 0.58, 1.0, 0.48, 0.62, 0.58, 0.74]",36.339999999999996,"[2, 6, 8, 13, 18, 29, 32, 37, 50]","[0.05, 0.02, 0.01, 0.12, 0.09, 0.09, 0.07, 0.02, 0.11, 0.13, 0.19, 0.1, 0.11, 0.11, 0.04, 0.17, 0.14, 0.04, 0.1, 0.12, 0.08, 0.1, 0.03, 0.03, 0.03, 0.03, 0.05, 0.15, 0.04, 0.11, 0.01, 0.07, 0.05, 0.13, 0.0, 0.13, 0.04, 0.05, 0.07, 0.02, 0.01, 0.13, 0.13, 0.09, 0.13, 0.03, 0.17, 0.11, 0.13, 0.04]",0.09999999999999998,
48,Vote For 2,BTVA,50,5,"{'E': 22, 'D': 21, 'A': 20, 'B': 20, 'C': 17}","[0.69, 0.48, 0.6, 0.41, 0.81, 0.41, 0.76, 0.84, 0.74, 0.41, 0.76, 0.53, 1.0, 0.41, 0.6, 1.0, 0.65, 1.0, 0.72, 0.53, 0.74, 0.48, 0.39, 0.76, 0.55, 0.46, 0.74, 0.48, 0.79, 0.76, 0.6, 0.69, 0.65, 0.51, 0.58, 0.65, 1.0, 0.69, 0.6, 0.72, 1.0, 0.6, 1.0, 0.6, 0.58, 1.0, 0.72, 0.69, 0.79, 0.91]",34.07999999999999,"[4, 6, 8, 9, 12, 14, 21, 22, 23, 26, 27, 28, 29, 32, 34, 38, 48, 50]","[0.07, 0.16, 0.11, 0.19, 0.05, 0.19, 0.05, 0.03, 0.04, 0.19, 0.05, 0.13, 0.04, 0.19, 0.11, 0.03, 0.09, 0.03, 0.08, 0.15, 0.06, 0.16, 0.2, 0.07, 0.13, 0.17, 0.04, 0.16, 0.04, 0.05, 0.11, 0.09, 0.09, 0.14, 0.13, 0.11, 0.07, 0.09, 0.12, 0.08, 0.02, 0.11, 0.01, 0.12, 0.1, 0.04, 0.07, 0.09, 0.04, 0.01]",0.26,
49,Vote For 2,BTVA,50,5,"{'D': 25, 'E': 21, 'A': 19, 'B': 18, 'C': 17}","[0.62, 1.0, 0.6, 0.51, 0.58, 0.6, 0.62, 0.79, 0.81, 0.62, 0.53, 1.0, 0.69, 1.0, 0.6, 0.86, 0.6, 0.58, 0.72, 0.53, 0.6, 0.67, 0.62, 0.62, 0.79, 1.0, 0.62, 0.58, 0.65, 0.6, 0.51, 1.0, 0.51, 1.0, 1.0, 0.84, 0.86, 0.72, 0.69, 0.62, 1.0, 0.81, 0.55, 1.0, 0.53, 0.62, 0.69, 0.79, 0.62, 0.53]",35.5,[],"[0.08, 0.07, 0.12, 0.15, 0.13, 0.11, 0.12, 0.04, 0.02, 0.12, 0.15, 0.04, 0.09, 0.05, 0.11, 0.02, 0.11, 0.1, 0.07, 0.13, 0.13, 0.1, 0.08, 0.08, 0.06, 0.04, 0.11, 0.13, 0.09, 0.11, 0.15, 0.08, 0.15, 0.04, 0.1, 0.03, 0.02, 0.07, 0.09, 0.11, 0.03, 0.02, 0.12, 0.04, 0.15, 0.1, 0.09, 0.04, 0.08, 0.15]",0,
50,Vote For 2,ATVA_1,50,5,"{'A': 22, 'C': 22, 'E': 20, 'D': 19, 'B': 17}","[0.48, 0.48, 1.0, 0.74, 0.86, 0.62, 0.55, 0.76, 0.6, 1.0, 0.88, 0.44, 0.72, 0.69, 0.62, 0.58, 0.46, 0.41, 0.86, 0.48, 0.69, 0.55, 0.55, 0.46, 0.53, 0.74, 0.58, 0.6, 0.62, 0.79, 0.55, 0.91, 0.76, 0.41, 1.0, 0.69, 1.0, 0.51, 1.0, 0.58, 0.62, 1.0, 0.58, 1.0, 0.6, 0.65, 0.91, 0.53, 1.0, 1.0]",34.64,"[1, 2, 4, 6, 7, 15, 17, 18, 19, 24, 26, 28, 30, 32, 38, 41, 47, 48]","[0.16, 0.17, 0.03, 0.04, 0.04, 0.1, 0.12, 0.07, 0.13, 0.06, 0.03, 0.18, 0.08, 0.07, 0.12, 0.13, 0.17, 0.19, 0.02, 0.16, 0.09, 0.13, 0.14, 0.17, 0.15, 0.06, 0.13, 0.12, 0.08, 0.04, 0.13, 0.01, 0.05, 0.19, 0.03, 0.09, 0.05, 0.14, 0.06, 0.13, 0.08, 0.05, 0.1, 0.01, 0.11, 0.09, 0.01, 0.13, 0.06, 0.07]",0.20999999999999996,"[(6, 18), (7, 17), (1, 31), (26, 30), (32, 46), (19, 46), (4, 9), (1, 40), (7, 26), (18, 26), (30, 46), (2, 48), (23, 25), (17, 21), (6, 48), (17, 30), (4, 30), (28, 30), (4, 48), (6, 11), (1, 24), (24, 26), (7, 19), (18, 19), (26, 32), (2, 32), (19, 48), (18, 28), (30, 48), (2, 41), (23, 27), (6, 41), (17, 23), (4, 23), (38, 46), (4, 32), (23, 45), (4, 41), (1, 17), (19, 32), (7, 12), (1, 26), (15, 25), (2, 25), (19, 41), (24, 28), (30, 41), (47, 48), (2, 34), (18, 30), (2, 43), (15, 46), (38, 48), (4, 25), (4, 34), (23, 47), (1, 19), (15, 18), (19, 34), (7, 14), (1, 28), (24, 30), (2, 27), (19, 43), (18, 23), (30, 34), (30, 43), (6, 27), (38, 41), (4, 18), (23, 31), (6, 45), (26, 48), (4, 27), (23, 40), (4, 36), (4, 45), (19, 27), (30, 36), (1, 30), (17, 48), (19, 45), (28, 48), (30, 45), (2, 38), (2, 47), (32, 48), (4, 11), (15, 41), (23, 24), (26, 41), (38, 43), (6, 47), (7, 46), (1, 14), (4, 47), (17, 32), (28, 32), (1, 23), (24, 25), (17, 41), (19, 38), (28, 41), (1, 32), (30, 38), (2, 31), (19, 47), (30, 47), (2, 40), (32, 41), (15, 34), (6, 31), (15, 43), (6, 40), (23, 26), (4, 31), (18, 48), (38, 40), (2, 6), (4, 40), (17, 25), (2, 15), (17, 34), (19, 31), (1, 25), (30, 31), (19, 40), (30, 40), (15, 27), (6, 24), (26, 27), (4, 6), (32, 43), (18, 32), (24, 48), (23, 28), (26, 45), (38, 47), (4, 24), (7, 41), (18, 41), (17, 18), (1, 9), (2, 8), (17, 27), (19, 24), (1, 18), (2, 17), (17, 36), (19, 33), (30, 33), (2, 26), (17, 45), (28, 45), (6, 17), (24, 32), (41, 48), (6, 26), (32, 45), (7, 25), (18, 25), (15, 38), (24, 41), (26, 38), (4, 17), (1, 48), (7, 34), (23, 30), (26, 47), (4, 26), (7, 43), (1, 2), (1, 11), (19, 26), (2, 19), (17, 38), (17, 47), (28, 47), (6, 19), (32, 38), (7, 18), (15, 31), (6, 28), (26, 31), (7, 27), (1, 41), (15, 40), (18, 27), (26, 40), (4, 19), (32, 47), (4, 28), (18, 45), (1, 4), (2, 12), (17, 31), (19, 28), (28, 31), (17, 40), (28, 40), (2, 30), (24, 27), (32, 40), (6, 30), (24, 45), (4, 21), (7, 38), (18, 38), (18, 47), (1, 6), (17, 24), (2, 14), (19, 30), (15, 17), (6, 14), (32, 33), (1, 27), (15, 26), (6, 23), (41, 45), (6, 32), (4, 14), (1, 45), (7, 31), (18, 31), (24, 47), (7, 40), (18, 40), (2, 7), (17, 26), (19, 23), (30, 32), (23, 48), (15, 19), (7, 15), (24, 31), (26, 28), (6, 25), (41, 47), (18, 24), (24, 40), (1, 47), (2, 46), (17, 19), (23, 32), (17, 28), (19, 25), (23, 41), (2, 18), (6, 9), (7, 8)]"
51,Vote For 2,ATVA_1,50,5,"{'B': 27, 'A': 23, 'C': 19, 'D': 17, 'E': 14}","[0.6, 0.72, 1.0, 0.86, 0.76, 0.79, 1.0, 0.74, 1.0, 0.6, 0.84, 0.58, 1.0, 0.74, 0.41, 1.0, 0.69, 0.51, 0.48, 0.72, 0.51, 0.84, 1.0, 0.46, 0.69, 0.53, 0.76, 0.67, 1.0, 0.88, 0.67, 1.0, 0.6, 0.58, 0.48, 0.79, 0.79, 0.72, 0.51, 1.0, 1.0, 1.0, 0.58, 0.62, 1.0, 0.81, 0.69, 0.53, 0.58, 0.76]",37.089999999999996,[],"[0.11, 0.07, 0.01, 0.02, 0.05, 0.04, 0.04, 0.04, 0.09, 0.11, 0.03, 0.13, 0.07, 0.06, 0.19, 0.1, 0.07, 0.15, 0.17, 0.08, 0.15, 0.03, 0.08, 0.17, 0.09, 0.16, 0.05, 0.1, 0.03, 0.03, 0.1, 0.07, 0.12, 0.13, 0.16, 0.06, 0.04, 0.08, 0.15, 0.01, 0.04, 0.01, 0.1, 0.12, 0.08, 0.02, 0.07, 0.13, 0.1, 0.05]",0,
52,Vote For 2,ATVA_1,50,5,"{'D': 22, 'E': 22, 'B': 19, 'C': 19, 'A': 18}","[0.55, 0.91, 0.6, 1.0, 0.69, 0.6, 1.0, 0.6, 0.6, 0.76, 1.0, 1.0, 1.0, 1.0, 0.65, 0.53, 0.69, 1.0, 0.58, 1.0, 0.62, 0.58, 0.53, 0.72, 1.0, 0.6, 0.58, 1.0, 0.58, 0.6, 0.88, 0.55, 1.0, 0.44, 1.0, 1.0, 0.6, 0.53, 1.0, 0.55, 0.46, 0.41, 0.67, 0.53, 0.6, 0.62, 0.58, 1.0, 0.48, 0.65]",36.12,"[1, 2, 3, 5, 6, 8, 9, 16, 17, 23, 26, 29, 40, 41, 42, 44, 45, 47, 49]","[0.14, 0.01, 0.12, 0.1, 0.09, 0.12, 0.07, 0.12, 0.12, 0.07, 0.06, 0.09, 0.01, 0.08, 0.09, 0.13, 0.07, 0.04, 0.1, 0.1, 0.1, 0.11, 0.13, 0.07, 0.05, 0.12, 0.11, 0.03, 0.13, 0.11, 0.03, 0.12, 0.09, 0.18, 0.07, 0.04, 0.13, 0.15, 0.01, 0.12, 0.17, 0.19, 0.1, 0.15, 0.11, 0.12, 0.11, 0.02, 0.17, 0.11]",0.44999999999999996,"[(1, 31), (41, 49), (16, 29), (44, 45), (1, 40), (16, 38), (1, 49), (16, 47), (8, 9), (9, 17), (3, 31), (23, 34), (29, 50), (9, 26), (5, 37), (1, 15), (3, 49), (1, 24), (26, 32), (2, 32), (16, 31), (42, 50), (1, 42), (44, 47), (2, 41), (3, 6), (16, 40), (2, 50), (16, 49), (29, 34), (9, 10), (6, 41), (9, 19), (23, 45), (1, 8), (1, 17), (8, 32), (1, 26), (17, 44), (16, 24), (2, 34), (44, 49), (1, 44), (9, 49), (2, 43), (3, 8), (16, 42), (3, 17), (3, 26), (6, 43), (29, 45), (40, 45), (1, 10), (1, 19), (8, 34), (16, 17), (47, 50), (8, 43), (16, 26), (9, 42), (42, 45), (1, 46), (2, 45), (3, 10), (5, 16), (23, 31), (6, 45), (29, 47), (40, 47), (1, 3), (23, 49), (45, 46), (1, 21), (16, 19), (1, 30), (2, 29), (8, 45), (42, 47), (9, 44), (2, 38), (2, 47), (5, 9), (3, 21), (6, 38), (9, 16), (3, 30), (29, 49), (40, 49), (8, 29), (1, 23), (17, 41), (8, 38), (16, 21), (1, 32), (2, 31), (8, 47), (17, 50), (42, 49), (2, 49), (6, 31), (26, 34), (23, 26), (3, 23), (26, 43), (29, 42), (40, 42), (6, 49), (23, 44), (2, 6), (1, 16), (2, 15), (17, 34), (2, 24), (8, 40), (16, 23), (5, 50), (8, 49), (2, 42), (41, 46), (26, 45), (29, 44), (16, 44), (40, 44), (23, 37), (8, 15), (1, 9), (2, 8), (8, 24), (9, 23), (2, 17), (5, 34), (47, 49), (9, 32), (3, 46), (2, 26), (6, 8), (8, 42), (17, 45), (6, 17), (26, 29), (3, 9), (5, 6), (6, 26), (26, 38), (29, 37), (23, 30), (26, 47), (1, 2), (8, 17), (2, 10), (8, 26), (17, 29), (2, 19), (9, 34), (5, 45), (6, 10), (8, 44), (9, 43), (17, 47), (2, 37), (1, 41), (26, 40), (26, 49), (6, 46), (8, 10), (2, 3), (8, 19), (5, 29), (45, 47), (3, 41), (2, 21), (2, 30), (5, 47), (17, 49), (9, 45), (41, 43), (6, 21), (6, 30), (16, 32), (1, 43), (26, 42), (16, 41), (1, 6), (2, 5), (45, 49), (9, 29), (3, 43), (2, 23), (17, 42), (9, 38), (5, 49), (9, 47), (41, 45), (6, 23), (42, 44), (1, 45), (26, 44), (2, 44), (16, 43), (17, 26), (8, 23), (2, 16), (3, 45), (5, 42), (9, 40), (1, 29), (1, 38), (1, 47), (2, 46), (16, 45), (5, 8), (5, 17), (8, 16), (9, 15), (2, 9), (5, 26), (9, 24), (3, 38), (17, 37), (23, 41), (23, 50), (5, 44), (6, 9)]"
53,Vote For 2,ATVA_1,50,5,"{'E': 26, 'A': 24, 'B': 22, 'D': 17, 'C': 11}","[1.0, 0.6, 1.0, 0.76, 0.69, 0.62, 0.76, 0.62, 1.0, 0.72, 0.53, 0.81, 1.0, 1.0, 1.0, 1.0, 0.41, 0.74, 0.58, 1.0, 0.74, 0.65, 1.0, 0.53, 1.0, 0.86, 1.0, 0.81, 1.0, 1.0, 0.69, 0.69, 0.79, 0.58, 0.62, 0.6, 0.58, 0.65, 0.74, 1.0, 0.76, 1.0, 1.0, 0.51, 0.53, 0.58, 0.72, 0.69, 0.62, 0.6]",38.379999999999995,"[21, 39]","[0.09, 0.11, 0.05, 0.05, 0.09, 0.12, 0.07, 0.12, 0.05, 0.08, 0.15, 0.02, 0.07, 0.07, 0.03, 0.02, 0.19, 0.04, 0.13, 0.07, 0.06, 0.11, 0.04, 0.16, 0.04, 0.02, 0.09, 0.02, 0.03, 0.03, 0.09, 0.09, 0.04, 0.1, 0.11, 0.12, 0.13, 0.11, 0.06, 0.03, 0.07, 0.07, 0.03, 0.14, 0.15, 0.1, 0.08, 0.09, 0.11, 0.11]",0.020000000000000018,"[(21, 36), (21, 26), (21, 39), (21, 45), (21, 35), (39, 50), (21, 48), (21, 38), (21, 28), (21, 50), (39, 48), (21, 24), (39, 45), (21, 37), (21, 33)]"
54,Vote For 2,ATVA_1,50,5,"{'B': 24, 'D': 21, 'A': 19, 'C': 19, 'E': 17}","[1.0, 1.0, 0.51, 0.48, 0.69, 0.62, 1.0, 0.51, 0.51, 0.65, 0.74, 0.74, 1.0, 0.62, 0.76, 1.0, 0.55, 0.53, 0.74, 0.58, 1.0, 0.86, 0.6, 0.48, 0.55, 0.55, 0.62, 0.86, 0.44, 0.58, 0.51, 0.76, 0.44, 0.69, 0.81, 0.69, 0.72, 0.55, 0.62, 0.62, 0.53, 0.46, 1.0, 1.0, 0.69, 0.69, 0.58, 0.76, 0.62, 0.74]",34.24999999999999,"[3, 4, 8, 17, 19, 22, 28, 31, 36, 45, 50]","[0.07, 0.03, 0.14, 0.16, 0.07, 0.12, 0.01, 0.14, 0.15, 0.11, 0.06, 0.06, 0.01, 0.1, 0.05, 0.03, 0.14, 0.15, 0.04, 0.13, 0.02, 0.02, 0.11, 0.16, 0.14, 0.12, 0.08, 0.02, 0.18, 0.13, 0.14, 0.05, 0.18, 0.07, 0.02, 0.09, 0.09, 0.13, 0.12, 0.12, 0.13, 0.17, 0.09, 0.09, 0.09, 0.07, 0.13, 0.05, 0.08, 0.04]",0.07000000000000006,"[(8, 46), (19, 46), (22, 26), (3, 22), (3, 31), (17, 30), (4, 30), (28, 30), (31, 47), (3, 40), (4, 39), (36, 46), (8, 39), (19, 39), (8, 11), (22, 28), (17, 23), (4, 23), (22, 37), (31, 40), (3, 33), (22, 46), (3, 42), (4, 50), (8, 50), (19, 50), (3, 8), (3, 17), (31, 33), (22, 30), (3, 26), (31, 42), (22, 39), (4, 34), (8, 34), (19, 34), (36, 50), (17, 46), (28, 46), (22, 23), (3, 19), (3, 28), (4, 27), (3, 37), (4, 36), (4, 45), (8, 27), (19, 27), (45, 46), (17, 39), (8, 36), (19, 36), (28, 39), (8, 45), (19, 45), (3, 12), (4, 11), (31, 37), (3, 30), (4, 29), (4, 47), (8, 29), (19, 29), (36, 45), (17, 50), (8, 47), (19, 47), (28, 50), (22, 27), (3, 23), (31, 39), (4, 22), (4, 31), (4, 40), (8, 22), (19, 22), (17, 34), (8, 31), (19, 31), (28, 34), (36, 47), (45, 50), (8, 40), (19, 40), (4, 33), (17, 27), (36, 40), (17, 36), (8, 33), (19, 33), (22, 50), (3, 46), (17, 45), (8, 42), (19, 42), (28, 36), (28, 45), (4, 8), (4, 17), (4, 26), (8, 17), (22, 34), (17, 29), (8, 26), (19, 26), (28, 29), (3, 39), (31, 46), (36, 42), (17, 47), (28, 47), (3, 11), (4, 19), (4, 28), (17, 22), (8, 19), (22, 36), (17, 31), (8, 28), (19, 28), (22, 45), (28, 31), (17, 40), (8, 37), (19, 37), (28, 40), (3, 50), (45, 47), (3, 4), (4, 12), (8, 12), (22, 29), (36, 37), (3, 34), (17, 33), (8, 30), (19, 30), (22, 47), (28, 33), (17, 42), (4, 42), (28, 42), (31, 50), (31, 34), (22, 31), (3, 27), (17, 26), (8, 23), (19, 23), (22, 40), (3, 36), (36, 39), (3, 45), (17, 19), (22, 33), (31, 36), (3, 29), (17, 28), (22, 42), (31, 45), (17, 37), (4, 37), (28, 37), (3, 47), (4, 46)]"
55,Vote For 2,ATVA_1,50,5,"{'A': 25, 'C': 24, 'D': 19, 'E': 17, 'B': 15}","[1.0, 0.72, 0.69, 0.76, 0.58, 0.41, 0.62, 0.91, 1.0, 0.55, 0.76, 0.65, 1.0, 0.62, 0.53, 1.0, 1.0, 1.0, 1.0, 0.74, 0.46, 0.76, 1.0, 0.6, 1.0, 0.72, 0.72, 1.0, 0.76, 1.0, 0.79, 0.51, 0.6, 1.0, 0.62, 0.48, 0.62, 0.53, 0.6, 1.0, 1.0, 0.58, 0.67, 0.53, 0.58, 1.0, 0.76, 0.6, 0.62, 0.65]",37.3,"[14, 20, 35]","[0.01, 0.08, 0.07, 0.05, 0.1, 0.19, 0.08, 0.01, 0.04, 0.12, 0.07, 0.11, 0.01, 0.1, 0.15, 0.03, 0.05, 0.09, 0.01, 0.06, 0.17, 0.07, 0.07, 0.13, 0.05, 0.08, 0.07, 0.05, 0.07, 0.07, 0.06, 0.15, 0.12, 0.08, 0.08, 0.17, 0.12, 0.15, 0.13, 0.0, 0.03, 0.13, 0.1, 0.13, 0.13, 0.02, 0.05, 0.12, 0.08, 0.11]",0.030000000000000027,"[(35, 36), (35, 39), (35, 48), (20, 35), (20, 38), (14, 31), (14, 37), (14, 43), (35, 38), (20, 31), (14, 21), (20, 37), (14, 33), (20, 43), (14, 36), (14, 39), (14, 48), (35, 37), (20, 21), (35, 43), (20, 33), (14, 20), (20, 36), (20, 39), (14, 35), (14, 38), (20, 48)]"
56,Vote For 2,ATVA_1,50,5,"{'D': 24, 'A': 23, 'E': 19, 'B': 17, 'C': 17}","[0.41, 0.62, 0.55, 0.91, 0.86, 0.91, 0.48, 0.69, 0.55, 0.55, 0.65, 0.62, 0.55, 0.53, 0.79, 1.0, 0.51, 1.0, 0.84, 0.55, 0.55, 0.81, 1.0, 0.69, 0.81, 0.79, 0.53, 0.41, 1.0, 0.48, 1.0, 0.74, 1.0, 0.6, 1.0, 0.48, 1.0, 0.86, 1.0, 1.0, 0.69, 0.62, 0.88, 0.72, 0.62, 1.0, 0.55, 0.6, 0.53, 0.58]",36.11,"[1, 4, 5, 6, 9, 19, 22, 25, 26, 27, 28, 30, 32, 38]","[0.19, 0.08, 0.13, 0.01, 0.02, 0.01, 0.16, 0.07, 0.14, 0.12, 0.11, 0.08, 0.13, 0.15, 0.06, 0.04, 0.15, 0.01, 0.03, 0.12, 0.12, 0.02, 0.06, 0.07, 0.02, 0.04, 0.15, 0.19, 0.07, 0.16, 0.02, 0.06, 0.06, 0.13, 0.02, 0.16, 0.01, 0.02, 0.07, 0.0, 0.09, 0.1, 0.03, 0.09, 0.12, 0.09, 0.14, 0.13, 0.16, 0.13]",0.20999999999999996,"[(27, 50), (26, 30), (25, 32), (41, 49), (4, 9), (25, 41), (27, 41), (1, 49), (25, 50), (5, 10), (22, 26), (5, 19), (6, 48), (4, 30), (9, 26), (4, 48), (6, 11), (27, 43), (41, 42), (26, 32), (25, 34), (1, 42), (25, 43), (22, 28), (6, 41), (5, 21), (9, 19), (6, 50), (5, 30), (4, 32), (9, 28), (4, 41), (4, 50), (19, 32), (1, 26), (27, 45), (25, 27), (19, 41), (30, 41), (9, 49), (25, 45), (6, 34), (5, 14), (22, 30), (38, 48), (6, 43), (4, 25), (5, 32), (4, 34), (4, 43), (27, 38), (1, 28), (27, 47), (19, 43), (30, 43), (9, 42), (25, 38), (25, 47), (6, 27), (5, 7), (38, 41), (22, 32), (26, 48), (6, 45), (5, 25), (4, 27), (38, 50), (1, 12), (4, 45), (19, 27), (27, 49), (28, 48), (19, 45), (30, 45), (5, 9), (4, 11), (22, 25), (26, 41), (6, 38), (38, 43), (26, 50), (6, 47), (4, 38), (1, 14), (4, 47), (27, 42), (19, 38), (30, 38), (5, 48), (19, 47), (30, 47), (25, 42), (6, 22), (32, 41), (26, 34), (5, 11), (22, 27), (26, 43), (38, 45), (4, 22), (6, 49), (19, 22), (28, 34), (22, 48), (1, 25), (9, 30), (5, 41), (25, 26), (5, 50), (6, 15), (19, 49), (30, 49), (26, 27), (6, 24), (32, 43), (4, 6), (26, 36), (4, 15), (26, 45), (6, 42), (38, 47), (4, 24), (1, 9), (19, 24), (22, 41), (5, 34), (22, 50), (28, 36), (9, 32), (5, 43), (6, 8), (19, 42), (9, 41), (25, 28), (30, 42), (9, 50), (6, 26), (5, 6), (4, 8), (32, 45), (26, 38), (1, 48), (26, 47), (25, 49), (38, 49), (4, 26), (1, 2), (22, 34), (1, 11), (27, 30), (5, 27), (19, 26), (22, 43), (9, 25), (5, 45), (28, 47), (9, 43), (6, 19), (32, 38), (32, 47), (38, 42), (4, 19), (26, 49), (1, 13), (27, 32), (22, 45), (9, 27), (5, 38), (5, 47), (4, 49), (28, 49), (9, 45), (41, 43), (1, 34), (6, 30), (32, 49), (26, 42), (5, 22), (22, 38), (19, 30), (22, 47), (28, 42), (4, 42), (9, 38), (5, 49), (6, 14), (9, 47), (41, 45), (32, 42), (4, 5), (1, 36), (6, 32), (4, 14), (5, 15), (5, 24), (9, 22), (22, 49), (30, 32), (5, 42), (26, 28), (6, 25), (25, 30), (41, 47), (1, 47), (25, 48), (5, 8), (22, 24), (9, 15), (5, 26), (19, 25), (22, 42), (9, 24), (6, 9), (1, 22)]"
57,Vote For 2,ATVA_1,50,5,"{'A': 23, 'B': 23, 'C': 22, 'D': 17, 'E': 15}","[0.41, 0.88, 0.55, 0.65, 0.88, 0.6, 0.84, 0.72, 1.0, 1.0, 0.53, 1.0, 0.79, 0.48, 0.41, 1.0, 0.86, 0.72, 1.0, 0.79, 0.76, 1.0, 0.69, 0.67, 1.0, 0.72, 0.62, 0.62, 0.48, 0.76, 0.53, 0.79, 1.0, 0.55, 1.0, 0.86, 0.91, 0.48, 0.58, 0.86, 0.76, 0.58, 0.62, 1.0, 0.74, 0.74, 0.44, 0.41, 1.0, 0.58]",36.86,"[1, 3, 6, 7, 17, 20, 24, 29, 36, 37, 40, 43, 45, 46, 48]","[0.19, 0.03, 0.14, 0.11, 0.03, 0.12, 0.03, 0.08, 0.08, 0.03, 0.15, 0.0, 0.06, 0.16, 0.19, 0.07, 0.02, 0.08, 0.03, 0.04, 0.05, 0.05, 0.07, 0.1, 0.04, 0.08, 0.11, 0.12, 0.17, 0.05, 0.13, 0.06, 0.06, 0.12, 0.06, 0.02, 0.01, 0.16, 0.11, 0.02, 0.07, 0.13, 0.08, 0.07, 0.04, 0.06, 0.18, 0.19, 0.09, 0.11]",0.20999999999999996,"[(6, 18), (7, 17), (43, 46), (7, 26), (1, 40), (3, 13), (20, 29), (29, 32), (46, 48), (17, 21), (20, 38), (6, 48), (17, 30), (3, 40), (37, 42), (6, 11), (36, 46), (1, 24), (24, 26), (6, 20), (3, 6), (7, 37), (3, 24), (17, 23), (20, 40), (29, 43), (40, 43), (1, 8), (1, 17), (6, 13), (36, 48), (1, 26), (7, 21), (24, 37), (3, 8), (20, 24), (3, 17), (29, 36), (3, 26), (6, 43), (20, 42), (29, 45), (40, 45), (17, 46), (7, 23), (1, 37), (1, 46), (6, 27), (20, 26), (6, 36), (6, 45), (1, 3), (3, 37), (45, 46), (36, 43), (17, 39), (17, 48), (6, 29), (43, 48), (29, 40), (20, 37), (7, 46), (1, 5), (17, 32), (45, 48), (36, 45), (1, 23), (1, 32), (3, 5), (20, 21), (20, 30), (24, 46), (3, 23), (6, 40), (40, 42), (7, 48), (1, 7), (36, 38), (7, 11), (37, 46), (17, 43), (3, 7), (6, 24), (20, 23), (20, 32), (7, 32), (24, 48), (17, 18), (17, 27), (36, 40), (1, 18), (37, 39), (17, 36), (3, 46), (17, 45), (6, 8), (37, 48), (6, 17), (24, 32), (6, 26), (43, 45), (3, 18), (29, 37), (1, 48), (7, 43), (1, 2), (17, 20), (1, 11), (17, 29), (20, 46), (36, 42), (1, 20), (17, 38), (3, 48), (7, 18), (3, 11), (7, 27), (24, 43), (6, 37), (7, 36), (6, 46), (7, 45), (20, 39), (1, 13), (3, 32), (20, 48), (37, 43), (17, 40), (24, 27), (7, 20), (24, 36), (7, 29), (1, 43), (24, 45), (1, 6), (17, 24), (36, 37), (3, 43), (17, 42), (37, 45), (7, 13), (1, 27), (24, 29), (6, 23), (1, 36), (6, 32), (1, 45), (7, 40), (3, 27), (17, 26), (20, 43), (29, 46), (36, 39), (3, 36), (37, 38), (40, 46), (3, 45), (6, 7), (1, 29), (7, 24), (24, 40), (20, 27), (3, 20), (20, 36), (3, 29), (20, 45), (29, 48), (40, 48), (37, 40), (17, 37), (7, 8)]"
58,Vote For 2,ATVA_1,50,5,"{'D': 24, 'B': 21, 'C': 21, 'E': 20, 'A': 14}","[0.72, 0.84, 0.79, 1.0, 0.74, 0.62, 1.0, 0.76, 0.76, 1.0, 0.53, 1.0, 0.74, 0.55, 0.53, 0.84, 0.51, 0.48, 0.55, 0.55, 1.0, 1.0, 0.67, 0.69, 0.62, 0.51, 0.76, 1.0, 0.62, 0.69, 0.69, 1.0, 0.72, 0.41, 0.65, 1.0, 0.69, 1.0, 1.0, 0.69, 0.53, 0.86, 0.48, 0.46, 0.69, 0.48, 0.53, 0.69, 0.55, 0.69]",35.879999999999995,"[1, 6, 17, 20, 26, 27, 37, 49, 50]","[0.08, 0.03, 0.04, 0.03, 0.04, 0.12, 0.03, 0.05, 0.07, 0.1, 0.16, 0.07, 0.04, 0.13, 0.15, 0.03, 0.14, 0.17, 0.13, 0.13, 0.03, 0.08, 0.1, 0.07, 0.11, 0.14, 0.05, 0.08, 0.08, 0.07, 0.09, 0.09, 0.08, 0.19, 0.09, 0.08, 0.09, 0.05, 0.0, 0.09, 0.15, 0.02, 0.16, 0.17, 0.09, 0.17, 0.13, 0.09, 0.12, 0.09]",0.09000000000000008,"[(6, 18), (27, 50), (26, 30), (1, 40), (1, 49), (20, 29), (17, 30), (1, 15), (27, 43), (6, 20), (1, 33), (6, 41), (17, 23), (20, 40), (6, 50), (20, 49), (1, 17), (1, 26), (27, 45), (20, 33), (6, 43), (27, 29), (1, 37), (6, 27), (20, 26), (49, 50), (6, 45), (27, 40), (1, 30), (27, 49), (6, 29), (26, 41), (20, 37), (26, 50), (1, 5), (27, 33), (1, 23), (17, 41), (17, 50), (20, 30), (26, 43), (6, 40), (6, 49), (1, 16), (17, 43), (6, 15), (26, 27), (20, 23), (6, 33), (26, 45), (17, 18), (17, 27), (1, 18), (27, 37), (17, 45), (6, 17), (26, 29), (6, 26), (1, 2), (17, 20), (27, 30), (17, 29), (1, 20), (37, 41), (37, 50), (1, 41), (26, 40), (6, 37), (1, 50), (26, 49), (37, 43), (17, 40), (17, 49), (26, 33), (6, 30), (1, 43), (1, 6), (20, 41), (17, 33), (20, 50), (37, 45), (1, 27), (6, 23), (1, 45), (17, 26), (20, 43), (6, 16), (1, 29), (26, 37), (20, 27), (20, 45), (37, 40), (17, 37), (37, 49), (27, 41)]"
59,Vote For 2,ATVA_1,50,5,"{'B': 25, 'D': 25, 'C': 18, 'E': 18, 'A': 14}","[1.0, 0.69, 1.0, 0.55, 1.0, 0.53, 0.62, 1.0, 1.0, 1.0, 0.58, 0.6, 0.76, 0.48, 0.79, 0.69, 1.0, 0.41, 0.69, 0.65, 0.62, 0.41, 1.0, 0.72, 0.67, 0.72, 1.0, 1.0, 0.62, 0.46, 0.48, 0.62, 0.41, 0.48, 0.76, 0.58, 1.0, 0.46, 1.0, 1.0, 1.0, 0.62, 0.76, 0.6, 0.79, 0.72, 0.86, 0.41, 0.53, 0.65]",35.99,"[4, 6, 12, 13, 14, 15, 16, 18, 22, 25, 30, 34, 38, 42, 43, 45, 47, 48]","[0.01, 0.07, 0.06, 0.14, 0.02, 0.13, 0.1, 0.01, 0.03, 0.01, 0.13, 0.11, 0.05, 0.16, 0.04, 0.09, 0.09, 0.19, 0.09, 0.11, 0.11, 0.19, 0.02, 0.09, 0.1, 0.07, 0.07, 0.03, 0.1, 0.17, 0.17, 0.08, 0.19, 0.16, 0.07, 0.1, 0.03, 0.17, 0.09, 0.01, 0.01, 0.12, 0.05, 0.13, 0.04, 0.07, 0.02, 0.19, 0.15, 0.11]",0.24,"[(15, 21), (6, 18), (15, 30), (43, 46), (30, 46), (42, 48), (13, 42), (16, 47), (12, 25), (14, 22), (31, 38), (12, 34), (6, 48), (31, 47), (4, 30), (12, 43), (4, 48), (6, 11), (13, 26), (6, 20), (16, 22), (13, 35), (25, 34), (30, 48), (25, 43), (12, 18), (14, 24), (12, 36), (14, 33), (12, 45), (14, 42), (15, 16), (6, 13), (47, 48), (15, 25), (16, 24), (18, 21), (42, 43), (25, 36), (16, 33), (18, 30), (25, 45), (16, 42), (12, 20), (6, 34), (22, 30), (12, 29), (6, 43), (14, 26), (4, 25), (15, 46), (12, 38), (14, 35), (38, 48), (4, 34), (12, 47), (4, 43), (13, 21), (15, 18), (30, 34), (13, 30), (25, 29), (16, 26), (30, 43), (25, 38), (16, 35), (12, 13), (25, 47), (12, 22), (6, 36), (4, 18), (12, 31), (6, 45), (15, 48), (4, 36), (13, 14), (4, 45), (45, 46), (30, 36), (25, 31), (30, 45), (42, 47), (12, 15), (6, 29), (43, 48), (4, 11), (22, 25), (12, 24), (6, 38), (14, 21), (38, 43), (6, 47), (14, 30), (12, 42), (13, 16), (4, 47), (34, 48), (45, 48), (16, 21), (25, 33), (16, 30), (30, 47), (25, 42), (6, 22), (15, 34), (6, 31), (4, 13), (13, 46), (12, 26), (15, 43), (38, 45), (4, 22), (12, 35), (18, 48), (13, 18), (22, 48), (25, 26), (25, 35), (6, 15), (6, 24), (4, 6), (15, 36), (14, 16), (4, 15), (13, 48), (15, 45), (14, 25), (38, 47), (4, 24), (4, 33), (34, 43), (30, 33), (14, 46), (30, 42), (15, 20), (15, 29), (6, 26), (43, 45), (18, 25), (12, 21), (6, 35), (14, 18), (15, 38), (18, 34), (12, 30), (15, 47), (16, 46), (4, 26), (18, 43), (4, 35), (22, 34), (22, 43), (34, 45), (30, 35), (14, 48), (13, 25), (15, 22), (13, 34), (12, 14), (15, 31), (43, 47), (13, 43), (6, 46), (16, 48), (18, 45), (34, 38), (31, 48), (22, 45), (34, 47), (45, 47), (6, 12), (15, 24), (6, 21), (18, 20), (13, 36), (12, 16), (6, 30), (4, 12), (13, 45), (18, 29), (4, 21), (18, 38), (18, 47), (22, 29), (22, 38), (14, 34), (22, 47), (12, 46), (14, 43), (4, 42), (13, 20), (13, 29), (15, 26), (16, 25), (18, 22), (13, 38), (15, 35), (16, 34), (4, 14), (13, 47), (18, 31), (25, 46), (16, 43), (31, 34), (22, 31), (31, 43), (34, 42), (14, 36), (12, 48), (6, 7), (13, 22), (6, 16), (16, 18), (13, 31), (6, 25), (25, 30), (42, 46), (16, 36), (4, 16), (14, 47), (25, 48), (16, 45), (18, 42), (31, 45), (22, 42), (13, 15), (4, 46), (13, 24)]"
60,Vote For 2,ATVA_2,50,5,"{'D': 26, 'A': 20, 'E': 20, 'B': 18, 'C': 16}","[1.0, 0.65, 0.58, 1.0, 0.69, 0.62, 0.53, 0.74, 0.53, 0.62, 0.46, 0.58, 0.65, 0.69, 0.6, 1.0, 1.0, 0.6, 1.0, 0.86, 0.58, 0.79, 0.53, 1.0, 1.0, 0.86, 0.48, 1.0, 0.55, 0.72, 0.65, 0.76, 1.0, 1.0, 0.65, 0.6, 0.51, 1.0, 0.65, 0.79, 0.72, 1.0, 1.0, 1.0, 1.0, 1.0, 0.76, 0.58, 1.0, 0.6]",38.18,"[5, 13]","[0.08, 0.11, 0.11, 0.07, 0.09, 0.12, 0.13, 0.06, 0.15, 0.11, 0.17, 0.11, 0.09, 0.09, 0.11, 0.06, 0.09, 0.13, 0.01, 0.02, 0.11, 0.04, 0.15, 0.03, 0.08, 0.02, 0.16, 0.08, 0.12, 0.08, 0.11, 0.07, 0.03, 0.07, 0.11, 0.11, 0.14, 0.03, 0.11, 0.06, 0.07, 0.03, 0.06, 0.08, 0.07, 0.05, 0.07, 0.13, 0.06, 0.11]",0.030000000000000027,"[5, 13]"
61,Vote For 2,ATVA_2,50,5,"{'A': 23, 'B': 23, 'C': 20, 'D': 17, 'E': 17}","[0.44, 0.6, 0.79, 1.0, 0.62, 0.62, 0.69, 0.65, 1.0, 0.6, 0.76, 0.69, 0.58, 0.55, 0.48, 0.53, 0.69, 0.74, 1.0, 0.69, 0.79, 1.0, 0.53, 0.53, 0.53, 0.72, 0.88, 0.81, 1.0, 0.65, 0.65, 1.0, 1.0, 1.0, 0.76, 0.76, 0.46, 0.48, 0.44, 1.0, 1.0, 1.0, 0.41, 1.0, 1.0, 0.53, 0.76, 0.88, 0.48, 1.0]",36.77,"[28, 42]","[0.18, 0.13, 0.06, 0.01, 0.11, 0.11, 0.07, 0.11, 0.06, 0.11, 0.05, 0.09, 0.1, 0.12, 0.16, 0.16, 0.09, 0.06, 0.09, 0.07, 0.04, 0.03, 0.13, 0.15, 0.15, 0.07, 0.03, 0.02, 0.02, 0.11, 0.11, 0.01, 0.09, 0.09, 0.05, 0.07, 0.17, 0.16, 0.18, 0.1, 0.02, 0.03, 0.19, 0.01, 0.07, 0.16, 0.07, 0.03, 0.16, 0.09]",0.18999999999999995,"[28, 42]"
62,Vote For 2,ATVA_3,50,5,"{'E': 16, 'C': 10, 'B': 9, 'A': 8, 'D': 7}","[0.51, 0.62, 0.91, 0.74, 0.79, 0.6, 0.69, 0.58, 0.62, 0.79, 0.86, 0.62, 1.0, 0.81, 0.51, 1.0, 0.86, 0.53, 0.48, 1.0, 0.58, 1.0, 0.6, 0.44, 1.0, 1.0, 0.6, 0.51, 1.0, 0.91, 0.58, 0.81, 0.41, 0.58, 0.79, 0.79, 0.86, 0.69, 0.48, 0.48, 0.58, 0.53, 1.0, 1.0, 0.41, 0.69, 0.6, 0.55, 0.67, 0.72]",35.38,"[1, 2, 6, 8, 10, 12, 15, 18, 19, 23, 24, 27, 28, 32, 33, 34, 38, 39, 40, 41, 42, 45, 48, 49]","[0.03, 0.01, 0.03, 0.16, 0.01, 0.13, 0.13, 0.05, 0.07, 0.04, 0.2, 0.07, 0.04, 0.01, 0.07, 0.09, 0.17, 0.18, 0.1, 0.08, 0.16, 0.08, 0.04, 0.1, 0.08, 0.09, 0.08, 0.17, 0.09, 0.01, 0.09, 0.03, 0.11, 0.1, 0.09, 0.03, 0.09, 0.04, 0.19, 0.14, 0.19, 0.16, 0.17, 0.04, 0.09, 0.14, 0.04, 0.07, 0.05, 0.05]",0.040000000000000036,
63,Vote For 2,ATVA_3,50,5,"{'E': 13, 'C': 12, 'A': 9, 'B': 8, 'D': 8}","[1.0, 1.0, 0.65, 1.0, 0.62, 0.44, 0.62, 0.74, 0.69, 0.67, 0.53, 0.79, 0.58, 0.62, 0.84, 0.86, 0.69, 1.0, 0.86, 0.76, 1.0, 0.6, 1.0, 0.72, 1.0, 0.62, 0.48, 0.6, 0.41, 0.62, 1.0, 1.0, 0.53, 1.0, 0.48, 0.55, 1.0, 0.91, 0.55, 0.53, 0.58, 0.44, 0.53, 0.67, 1.0, 1.0, 0.48, 0.62, 0.76, 0.48]",36.12,"[5, 6, 7, 9, 12, 13, 14, 15, 19, 20, 26, 27, 29, 30, 33, 35, 36, 39, 40, 41, 42, 47, 48, 49, 50]","[0.01, 0.0, 0.08, 0.09, 0.01, 0.03, 0.05, 0.13, 0.13, 0.11, 0.11, 0.09, 0.11, 0.07, 0.16, 0.14, 0.18, 0.05, 0.07, 0.11, 0.02, 0.11, 0.03, 0.04, 0.09, 0.12, 0.18, 0.16, 0.19, 0.17, 0.03, 0.07, 0.18, 0.07, 0.09, 0.19, 0.01, 0.18, 0.06, 0.03, 0.14, 0.13, 0.17, 0.04, 0.04, 0.03, 0.14, 0.13, 0.07, 0.05]",0.06999999999999995,
64,Vote For 2,ATVA_3,50,5,"{'A': 13, 'E': 12, 'D': 10, 'B': 8, 'C': 7}","[1.0, 0.76, 0.62, 0.65, 0.69, 1.0, 1.0, 0.48, 0.48, 0.53, 1.0, 1.0, 0.48, 1.0, 1.0, 0.58, 0.53, 0.62, 0.62, 0.46, 0.86, 0.81, 0.6, 0.62, 0.81, 0.6, 1.0, 0.55, 0.48, 1.0, 0.51, 0.65, 0.65, 1.0, 0.69, 0.76, 1.0, 0.58, 1.0, 0.58, 0.58, 0.74, 0.81, 1.0, 0.44, 0.46, 0.62, 0.62, 0.53, 0.6]",35.650000000000006,"[3, 8, 9, 10, 13, 17, 20, 21, 24, 29, 33, 35, 41, 42, 45, 46, 48, 49, 50]","[0.08, 0.02, 0.07, 0.13, 0.04, 0.08, 0.06, 0.13, 0.09, 0.09, 0.07, 0.07, 0.02, 0.07, 0.05, 0.2, 0.13, 0.12, 0.02, 0.11, 0.09, 0.08, 0.05, 0.08, 0.11, 0.11, 0.07, 0.15, 0.03, 0.07, 0.12, 0.19, 0.11, 0.01, 0.1, 0.08, 0.07, 0.18, 0.03, 0.1, 0.07, 0.07, 0.1, 0.02, 0.04, 0.04, 0.05, 0.08, 0.13, 0.09]",0.07000000000000006,
65,Vote For 2,ATVA_3,50,5,"{'A': 14, 'E': 14, 'B': 11, 'C': 6, 'D': 5}","[0.6, 1.0, 0.51, 1.0, 0.76, 0.58, 0.41, 0.48, 0.79, 0.74, 1.0, 0.6, 0.39, 0.53, 0.53, 0.55, 0.6, 1.0, 0.62, 0.58, 1.0, 0.62, 0.69, 1.0, 0.58, 1.0, 0.62, 0.65, 0.53, 0.76, 0.48, 0.62, 0.6, 0.76, 1.0, 0.53, 0.62, 1.0, 0.65, 0.84, 1.0, 0.55, 0.69, 0.46, 0.72, 1.0, 0.58, 0.69, 0.55, 0.74]",34.8,"[1, 3, 6, 7, 8, 10, 12, 13, 14, 15, 20, 23, 25, 27, 28, 29, 31, 32, 33, 34, 36, 39, 40, 42, 43, 44, 48, 49]","[0.02, 0.05, 0.12, 0.07, 0.02, 0.15, 0.1, 0.06, 0.07, 0.01, 0.08, 0.04, 0.11, 0.07, 0.09, 0.12, 0.04, 0.11, 0.17, 0.1, 0.09, 0.11, 0.07, 0.16, 0.02, 0.16, 0.05, 0.03, 0.04, 0.01, 0.04, 0.06, 0.03, 0.03, 0.09, 0.13, 0.05, 0.11, 0.04, 0.06, 0.15, 0.05, 0.02, 0.09, 0.04, 0.13, 0.17, 0.09, 0.06, 0.02]",0.12,
66,Vote For 2,ATVA_3,50,5,"{'E': 12, 'B': 10, 'D': 10, 'A': 9, 'C': 9}","[0.65, 0.81, 1.0, 0.55, 0.55, 0.69, 1.0, 0.51, 0.65, 1.0, 0.48, 0.55, 1.0, 0.6, 0.69, 1.0, 0.74, 1.0, 1.0, 0.58, 0.51, 1.0, 1.0, 0.6, 0.6, 0.79, 1.0, 0.58, 0.72, 0.76, 0.84, 0.48, 0.58, 0.55, 0.76, 0.76, 0.69, 0.53, 0.48, 0.58, 0.62, 0.55, 0.76, 0.69, 0.51, 0.62, 0.58, 0.72, 0.88, 0.84]",35.63,"[4, 5, 6, 8, 11, 12, 14, 15, 20, 21, 24, 25, 32, 33, 34, 35, 38, 39, 40, 41, 42, 43, 44, 45, 46, 47]","[0.11, 0.16, 0.07, 0.17, 0.06, 0.05, 0.14, 0.06, 0.16, 0.13, 0.1, 0.15, 0.1, 0.16, 0.03, 0.07, 0.09, 0.04, 0.06, 0.15, 0.15, 0.06, 0.04, 0.17, 0.16, 0.12, 0.13, 0.17, 0.07, 0.09, 0.03, 0.17, 0.14, 0.13, 0.03, 0.0, 0.07, 0.09, 0.17, 0.09, 0.11, 0.17, 0.03, 0.05, 0.06, 0.03, 0.13, 0.08, 0.12, 0.04]",0,
67,Vote For 2,ATVA_3,50,5,"{'D': 14, 'B': 13, 'E': 9, 'A': 7, 'C': 7}","[0.55, 0.76, 0.58, 0.79, 0.53, 0.53, 0.81, 1.0, 0.58, 1.0, 1.0, 1.0, 0.48, 0.76, 1.0, 1.0, 0.58, 0.6, 1.0, 0.91, 0.6, 0.51, 0.55, 1.0, 0.74, 0.44, 0.76, 0.88, 0.65, 0.58, 0.72, 0.58, 0.48, 1.0, 0.69, 0.46, 0.46, 0.76, 1.0, 0.72, 0.6, 0.91, 0.58, 0.58, 1.0, 0.55, 0.62, 0.62, 1.0, 1.0]",36.5,"[1, 3, 5, 6, 13, 17, 21, 22, 23, 26, 29, 31, 32, 33, 37, 40, 41, 43, 44, 46]","[0.15, 0.08, 0.04, 0.09, 0.13, 0.12, 0.04, 0.05, 0.2, 0.13, 0.13, 0.13, 0.12, 0.09, 0.1, 0.12, 0.16, 0.15, 0.14, 0.07, 0.12, 0.07, 0.15, 0.05, 0.04, 0.07, 0.08, 0.05, 0.05, 0.16, 0.01, 0.07, 0.18, 0.04, 0.07, 0.13, 0.07, 0.09, 0.05, 0.16, 0.19, 0.07, 0.05, 0.03, 0.04, 0.13, 0.17, 0.05, 0.04, 0.07]",0,
68,Vote For 2,ATVA_3,50,5,"{'B': 16, 'D': 12, 'A': 8, 'C': 8, 'E': 6}","[1.0, 1.0, 1.0, 0.51, 0.76, 0.65, 0.51, 0.91, 1.0, 0.67, 0.39, 1.0, 0.72, 0.53, 0.74, 0.58, 1.0, 1.0, 1.0, 1.0, 0.62, 0.65, 0.41, 0.76, 1.0, 0.58, 0.6, 0.76, 1.0, 1.0, 1.0, 0.62, 0.6, 0.6, 0.51, 0.62, 0.69, 0.53, 1.0, 0.48, 0.74, 0.48, 0.81, 0.72, 0.51, 0.58, 1.0, 0.74, 0.69, 1.0]",37.269999999999996,"[4, 7, 10, 11, 14, 16, 22, 23, 24, 26, 27, 33, 35, 38, 40, 41, 42, 45, 46, 48, 49]","[0.06, 0.01, 0.01, 0.08, 0.11, 0.17, 0.03, 0.13, 0.07, 0.05, 0.06, 0.09, 0.1, 0.08, 0.13, 0.08, 0.03, 0.0, 0.0, 0.02, 0.11, 0.06, 0.19, 0.04, 0.0, 0.11, 0.02, 0.08, 0.03, 0.02, 0.05, 0.13, 0.03, 0.15, 0.12, 0.13, 0.1, 0.09, 0.06, 0.17, 0.11, 0.13, 0.18, 0.2, 0.1, 0.11, 0.07, 0.05, 0.02, 0.06]",0.020000000000000018,
69,Vote For 2,ATVA_3,50,5,"{'C': 17, 'D': 10, 'B': 9, 'E': 9, 'A': 5}","[0.51, 0.81, 0.76, 0.65, 1.0, 1.0, 0.72, 0.81, 1.0, 1.0, 0.55, 1.0, 0.69, 0.69, 1.0, 0.6, 0.55, 0.65, 0.62, 0.6, 0.53, 1.0, 0.53, 0.69, 0.62, 0.69, 0.46, 1.0, 0.6, 0.48, 1.0, 0.6, 1.0, 1.0, 1.0, 0.51, 0.76, 1.0, 1.0, 0.44, 1.0, 1.0, 0.62, 0.81, 0.62, 0.65, 0.51, 0.51, 1.0, 0.6]",37.440000000000005,"[11, 13, 20, 21, 23, 24, 25, 26, 27, 29, 30, 36, 40, 43, 45, 46, 47, 48, 50]","[0.07, 0.08, 0.1, 0.15, 0.06, 0.03, 0.1, 0.14, 0.09, 0.1, 0.18, 0.07, 0.15, 0.12, 0.09, 0.14, 0.12, 0.16, 0.16, 0.11, 0.09, 0.09, 0.12, 0.11, 0.11, 0.13, 0.18, 0.01, 0.02, 0.17, 0.07, 0.14, 0.07, 0.09, 0.02, 0.16, 0.1, 0.07, 0.06, 0.04, 0.03, 0.07, 0.1, 0.12, 0.14, 0.09, 0.16, 0.11, 0.09, 0.07]",0.040000000000000036,
70,Vote For 2,ATVA_3,50,5,"{'B': 12, 'C': 12, 'A': 11, 'E': 9, 'D': 6}","[0.6, 0.84, 0.84, 1.0, 0.46, 0.44, 1.0, 0.51, 0.79, 0.58, 1.0, 0.65, 0.62, 0.81, 1.0, 0.62, 0.81, 1.0, 0.62, 0.65, 0.62, 0.76, 0.74, 0.69, 0.53, 0.58, 0.48, 0.62, 0.46, 0.53, 1.0, 0.48, 1.0, 0.69, 1.0, 0.62, 0.6, 0.84, 0.62, 0.69, 0.72, 1.0, 0.76, 0.41, 0.6, 0.41, 1.0, 0.91, 0.76, 1.0]",35.96,"[1, 5, 6, 8, 10, 13, 16, 17, 19, 24, 25, 27, 28, 29, 30, 32, 34, 36, 39, 43, 44, 45, 46]","[0.09, 0.08, 0.03, 0.04, 0.12, 0.18, 0.04, 0.1, 0.03, 0.15, 0.11, 0.12, 0.01, 0.02, 0.09, 0.01, 0.03, 0.09, 0.01, 0.13, 0.13, 0.11, 0.19, 0.04, 0.1, 0.08, 0.09, 0.05, 0.19, 0.01, 0.15, 0.14, 0.04, 0.03, 0.15, 0.02, 0.18, 0.02, 0.05, 0.04, 0.15, 0.04, 0.01, 0.18, 0.04, 0.1, 0.05, 0.05, 0.04, 0.07]",0.040000000000000036,
71,Vote For 2,ATVA_3,50,5,"{'D': 15, 'C': 12, 'A': 9, 'B': 9, 'E': 5}","[0.62, 0.86, 0.62, 1.0, 0.48, 0.74, 0.67, 0.76, 1.0, 0.88, 0.58, 0.51, 0.81, 0.58, 0.76, 0.48, 0.53, 1.0, 0.44, 0.74, 0.55, 0.58, 0.58, 1.0, 1.0, 1.0, 0.41, 0.6, 0.74, 0.48, 0.55, 0.55, 0.58, 0.41, 0.81, 0.67, 1.0, 1.0, 1.0, 0.62, 0.44, 0.53, 0.69, 0.6, 1.0, 1.0, 1.0, 0.74, 0.55, 0.58]",35.32,"[1, 3, 5, 6, 7, 11, 12, 14, 16, 17, 19, 21, 23, 27, 28, 29, 30, 31, 32, 33, 34, 36, 40, 41, 42, 48, 49, 50]","[0.09, 0.19, 0.03, 0.01, 0.06, 0.07, 0.04, 0.14, 0.09, 0.09, 0.04, 0.01, 0.17, 0.1, 0.16, 0.0, 0.16, 0.11, 0.08, 0.19, 0.13, 0.13, 0.03, 0.05, 0.06, 0.11, 0.06, 0.1, 0.03, 0.01, 0.04, 0.03, 0.12, 0.07, 0.1, 0.01, 0.06, 0.04, 0.1, 0.09, 0.01, 0.08, 0.14, 0.18, 0.04, 0.06, 0.02, 0.1, 0.04, 0.16]",0.26,
72,Vote For 2,ATVA_4,50,5,"{'D': 27, 'E': 22, 'B': 20, 'A': 19, 'C': 12}","[0.76, 0.79, 1.0, 1.0, 0.91, 0.55, 0.74, 0.48, 0.65, 1.0, 1.0, 0.65, 0.65, 1.0, 1.0, 0.84, 1.0, 0.86, 0.76, 0.72, 0.6, 0.58, 0.46, 0.6, 1.0, 0.62, 0.48, 0.86, 1.0, 0.6, 0.6, 1.0, 0.41, 0.6, 1.0, 0.6, 0.46, 0.53, 0.48, 0.69, 0.53, 1.0, 1.0, 1.0, 0.62, 1.0, 0.51, 0.81, 1.0, 1.0]",38.0,"[18, 23, 28, 47]","[0.07, 0.06, 0.03, 0.0, 0.01, 0.12, 0.04, 0.16, 0.09, 0.06, 0.01, 0.09, 0.09, 0.04, 0.09, 0.03, 0.04, 0.02, 0.07, 0.08, 0.11, 0.1, 0.17, 0.12, 0.01, 0.11, 0.17, 0.02, 0.01, 0.11, 0.11, 0.03, 0.19, 0.12, 0.09, 0.13, 0.17, 0.15, 0.16, 0.07, 0.15, 0.04, 0.03, 0.05, 0.12, 0.03, 0.14, 0.02, 0.01, 0.03]",0.050000000000000044,
73,Vote For 2,ATVA_4,50,5,"{'E': 25, 'C': 22, 'A': 18, 'D': 18, 'B': 17}","[0.72, 1.0, 1.0, 0.48, 1.0, 0.72, 0.48, 0.6, 0.62, 0.53, 1.0, 1.0, 0.74, 0.62, 1.0, 0.65, 1.0, 0.69, 1.0, 0.91, 0.81, 0.81, 0.65, 0.76, 1.0, 0.72, 0.6, 1.0, 0.51, 0.72, 0.62, 1.0, 1.0, 0.51, 0.55, 0.84, 0.55, 1.0, 0.69, 1.0, 0.53, 0.67, 1.0, 1.0, 0.76, 0.55, 1.0, 0.79, 0.6, 0.58]",38.57999999999999,"[4, 13, 18, 24, 29, 35, 39, 49]","[0.08, 0.03, 0.05, 0.17, 0.03, 0.07, 0.16, 0.13, 0.1, 0.16, 0.06, 0.03, 0.04, 0.11, 0.07, 0.09, 0.09, 0.09, 0.09, 0.01, 0.05, 0.05, 0.11, 0.05, 0.1, 0.09, 0.11, 0.03, 0.14, 0.09, 0.11, 0.07, 0.06, 0.15, 0.12, 0.03, 0.14, 0.01, 0.07, 0.01, 0.16, 0.1, 0.05, 0.07, 0.05, 0.14, 0.09, 0.04, 0.11, 0.13]",0.07000000000000006,
74,Vote For 2,ATVA_4,50,5,"{'D': 24, 'E': 23, 'B': 19, 'A': 17, 'C': 17}","[0.55, 0.55, 0.74, 1.0, 0.44, 0.69, 0.79, 0.76, 0.39, 1.0, 1.0, 1.0, 0.44, 0.6, 1.0, 0.76, 0.6, 0.6, 0.55, 0.6, 0.41, 1.0, 0.76, 0.58, 1.0, 0.46, 0.72, 0.58, 0.69, 0.76, 1.0, 0.91, 0.48, 0.53, 1.0, 0.53, 0.86, 0.69, 0.55, 0.76, 0.72, 0.53, 0.44, 0.6, 0.76, 0.86, 0.76, 0.58, 0.79, 0.55]",34.919999999999995,"[3, 6, 7, 9, 14, 17, 26, 29, 30, 40, 47, 49]","[0.12, 0.13, 0.04, 0.09, 0.18, 0.09, 0.04, 0.05, 0.2, 0.05, 0.0, 0.05, 0.18, 0.11, 0.06, 0.07, 0.11, 0.11, 0.12, 0.11, 0.19, 0.07, 0.05, 0.1, 0.06, 0.17, 0.08, 0.13, 0.09, 0.05, 0.02, 0.01, 0.17, 0.13, 0.07, 0.15, 0.02, 0.09, 0.12, 0.05, 0.08, 0.15, 0.18, 0.11, 0.07, 0.02, 0.05, 0.13, 0.04, 0.13]",0.09999999999999998,
75,Vote For 2,ATVA_4,50,5,"{'E': 27, 'C': 25, 'B': 17, 'A': 16, 'D': 15}","[1.0, 0.79, 1.0, 0.76, 0.62, 0.76, 0.72, 0.55, 1.0, 0.86, 0.84, 0.81, 0.91, 0.48, 0.6, 0.6, 0.6, 0.51, 0.72, 1.0, 1.0, 0.79, 0.48, 0.62, 0.67, 0.69, 0.51, 1.0, 0.62, 0.48, 0.55, 0.72, 0.6, 0.48, 0.65, 0.76, 1.0, 0.76, 0.86, 0.79, 0.48, 1.0, 0.74, 1.0, 0.48, 0.55, 0.76, 0.53, 0.55, 0.74]",35.99,"[5, 10, 11, 17, 23, 25, 31, 33, 38, 39, 43, 46, 50]","[0.03, 0.04, 0.02, 0.07, 0.1, 0.07, 0.08, 0.12, 0.09, 0.02, 0.03, 0.02, 0.01, 0.17, 0.11, 0.11, 0.11, 0.15, 0.07, 0.02, 0.01, 0.04, 0.17, 0.11, 0.1, 0.07, 0.15, 0.01, 0.11, 0.17, 0.14, 0.07, 0.12, 0.16, 0.09, 0.07, 0.04, 0.05, 0.02, 0.06, 0.16, 0.03, 0.04, 0.04, 0.16, 0.12, 0.05, 0.15, 0.13, 0.04]",0.07000000000000006,
76,Vote For 2,ATVA_4,50,5,"{'C': 26, 'D': 21, 'E': 20, 'B': 18, 'A': 15}","[0.51, 1.0, 0.72, 0.6, 0.53, 1.0, 0.58, 0.58, 1.0, 0.53, 0.62, 1.0, 1.0, 0.62, 0.62, 0.72, 0.65, 0.53, 0.53, 0.81, 0.69, 0.55, 1.0, 0.76, 0.81, 0.62, 0.62, 0.72, 0.41, 0.58, 0.48, 0.6, 0.81, 0.62, 1.0, 0.53, 0.53, 0.79, 0.76, 1.0, 1.0, 1.0, 1.0, 0.46, 0.51, 0.48, 0.55, 1.0, 0.62, 0.62]",35.269999999999996,[],"[0.14, 0.03, 0.08, 0.11, 0.15, 0.03, 0.1, 0.1, 0.0, 0.16, 0.08, 0.08, 0.01, 0.1, 0.1, 0.08, 0.09, 0.15, 0.15, 0.02, 0.07, 0.12, 0.05, 0.05, 0.02, 0.11, 0.1, 0.08, 0.19, 0.11, 0.16, 0.12, 0.02, 0.12, 0.01, 0.15, 0.15, 0.04, 0.07, 0.0, 0.03, 0.09, 0.02, 0.17, 0.14, 0.16, 0.14, 0.03, 0.12, 0.12]",0,
77,Vote For 2,ATVA_4,50,5,"{'B': 23, 'A': 21, 'E': 21, 'C': 19, 'D': 16}","[0.81, 1.0, 0.6, 0.62, 0.76, 0.76, 1.0, 0.6, 1.0, 0.69, 0.62, 0.58, 0.46, 0.76, 0.6, 0.62, 0.62, 0.62, 0.84, 0.48, 0.65, 0.44, 1.0, 0.65, 0.51, 1.0, 0.76, 1.0, 0.69, 0.76, 0.62, 0.39, 0.48, 1.0, 0.55, 0.62, 0.6, 0.69, 0.46, 0.62, 0.69, 0.65, 1.0, 0.76, 0.53, 0.69, 0.62, 0.53, 0.72, 1.0]",34.72,"[13, 17, 18, 19, 27, 29, 30, 32, 33, 35, 36, 37, 39, 40, 44]","[0.05, 0.09, 0.13, 0.1, 0.05, 0.05, 0.08, 0.12, 0.07, 0.07, 0.08, 0.11, 0.17, 0.07, 0.12, 0.08, 0.1, 0.1, 0.03, 0.16, 0.11, 0.18, 0.0, 0.11, 0.15, 0.03, 0.05, 0.1, 0.09, 0.07, 0.1, 0.2, 0.16, 0.04, 0.13, 0.08, 0.11, 0.07, 0.17, 0.08, 0.09, 0.09, 0.04, 0.07, 0.15, 0.09, 0.11, 0.15, 0.09, 0.09]",0.04999999999999993,
78,Vote For 2,ATVA_4,50,5,"{'D': 25, 'B': 22, 'E': 22, 'A': 20, 'C': 11}","[0.53, 0.74, 1.0, 0.76, 0.39, 0.58, 0.86, 1.0, 0.86, 0.69, 0.86, 0.6, 0.44, 0.69, 1.0, 0.65, 0.88, 1.0, 1.0, 0.69, 0.6, 0.62, 0.72, 0.48, 0.72, 0.84, 1.0, 0.67, 1.0, 0.46, 0.62, 0.51, 0.67, 0.58, 0.62, 1.0, 1.0, 0.81, 0.46, 0.62, 0.69, 0.76, 0.72, 0.81, 0.53, 1.0, 0.72, 0.55, 0.53, 0.72]",36.25,"[4, 5, 20, 34]","[0.13, 0.06, 0.03, 0.07, 0.2, 0.13, 0.02, 0.05, 0.02, 0.07, 0.02, 0.13, 0.18, 0.07, 0.03, 0.11, 0.03, 0.03, 0.03, 0.09, 0.12, 0.08, 0.09, 0.16, 0.08, 0.03, 0.09, 0.1, 0.05, 0.17, 0.08, 0.15, 0.1, 0.1, 0.08, 0.05, 0.03, 0.02, 0.17, 0.08, 0.07, 0.05, 0.09, 0.05, 0.15, 0.01, 0.08, 0.14, 0.15, 0.09]",0.040000000000000036,
79,Vote For 2,ATVA_4,50,5,"{'E': 23, 'A': 22, 'B': 19, 'D': 19, 'C': 17}","[0.51, 1.0, 0.72, 0.55, 1.0, 1.0, 0.58, 0.74, 1.0, 0.41, 0.53, 0.39, 0.81, 0.46, 0.72, 0.55, 0.86, 0.62, 0.88, 0.58, 0.51, 0.6, 0.62, 0.53, 0.76, 0.72, 0.76, 0.62, 0.6, 0.62, 1.0, 0.6, 0.53, 0.6, 0.58, 0.74, 0.6, 0.86, 0.72, 0.39, 0.72, 1.0, 1.0, 1.0, 0.65, 0.55, 1.0, 1.0, 0.79, 0.81]",35.39,"[4, 8, 10, 11, 12, 13, 14, 25, 29, 33, 34, 36, 38, 40, 46, 50]","[0.15, 0.09, 0.08, 0.12, 0.07, 0.09, 0.11, 0.06, 0.07, 0.19, 0.13, 0.2, 0.02, 0.17, 0.08, 0.12, 0.04, 0.1, 0.03, 0.11, 0.15, 0.13, 0.1, 0.15, 0.05, 0.08, 0.05, 0.1, 0.12, 0.08, 0.07, 0.11, 0.13, 0.12, 0.1, 0.06, 0.13, 0.02, 0.08, 0.2, 0.07, 0.03, 0.07, 0.07, 0.11, 0.14, 0.03, 0.03, 0.06, 0.02]",0.24,
80,Vote For 2,ATVA_4,50,5,"{'B': 25, 'E': 25, 'A': 18, 'D': 17, 'C': 15}","[0.69, 1.0, 1.0, 0.69, 0.62, 0.88, 0.53, 1.0, 0.91, 0.72, 0.76, 0.53, 0.76, 0.81, 0.51, 1.0, 0.58, 0.84, 1.0, 0.62, 1.0, 0.74, 0.58, 0.79, 1.0, 0.53, 0.6, 1.0, 0.51, 0.69, 0.76, 0.76, 0.39, 0.6, 0.62, 1.0, 0.62, 1.0, 0.88, 0.76, 0.53, 0.84, 0.76, 1.0, 0.79, 1.0, 0.53, 0.65, 0.48, 1.0]",37.85999999999999,"[5, 7, 9, 13, 18, 22, 24, 26, 33, 35, 42, 43, 49]","[0.09, 0.01, 0.03, 0.09, 0.08, 0.03, 0.15, 0.09, 0.01, 0.08, 0.07, 0.15, 0.05, 0.05, 0.15, 0.07, 0.11, 0.03, 0.03, 0.12, 0.0, 0.06, 0.13, 0.04, 0.07, 0.15, 0.11, 0.08, 0.15, 0.09, 0.05, 0.07, 0.2, 0.11, 0.1, 0.1, 0.11, 0.0, 0.03, 0.05, 0.15, 0.03, 0.05, 0.05, 0.06, 0.0, 0.15, 0.09, 0.16, 0.07]",0.24,
81,Vote For 2,ATVA_4,50,5,"{'A': 23, 'D': 21, 'B': 20, 'C': 18, 'E': 18}","[0.81, 0.41, 0.48, 1.0, 0.58, 0.46, 0.81, 0.62, 0.55, 1.0, 0.48, 1.0, 0.69, 0.6, 0.41, 1.0, 1.0, 0.79, 0.86, 1.0, 0.41, 0.86, 0.88, 0.84, 0.58, 0.67, 0.41, 1.0, 1.0, 0.53, 0.62, 1.0, 0.67, 1.0, 0.79, 0.55, 1.0, 0.55, 0.62, 0.6, 0.65, 0.72, 0.76, 0.84, 0.58, 0.86, 0.76, 1.0, 0.53, 0.86]",36.690000000000005,"[3, 7, 9, 11, 18, 19, 21, 27, 35, 42, 43]","[0.05, 0.19, 0.16, 0.06, 0.13, 0.17, 0.02, 0.12, 0.13, 0.03, 0.16, 0.07, 0.07, 0.11, 0.19, 0.06, 0.07, 0.04, 0.04, 0.01, 0.19, 0.02, 0.03, 0.03, 0.13, 0.1, 0.19, 0.06, 0.07, 0.13, 0.11, 0.06, 0.1, 0.07, 0.04, 0.14, 0.03, 0.13, 0.11, 0.11, 0.09, 0.08, 0.05, 0.03, 0.11, 0.02, 0.07, 0.07, 0.15, 0.02]",0.12,
82,Anti-Plurality,BTVA,50,5,"{'A': 42, 'D': 42, 'C': 39, 'E': 39, 'B': 38}","[0.62, 0.41, 0.48, 0.55, 0.69, 1.0, 0.72, 0.6, 0.81, 0.67, 0.55, 0.84, 1.0, 0.76, 0.58, 1.0, 0.72, 0.62, 0.69, 1.0, 1.0, 0.79, 1.0, 0.91, 0.79, 0.62, 0.46, 1.0, 0.62, 0.55, 0.62, 0.86, 0.69, 1.0, 0.6, 1.0, 1.0, 0.41, 0.53, 0.41, 0.44, 0.55, 1.0, 0.69, 0.48, 0.53, 1.0, 0.74, 0.76, 1.0]",36.36000000000001,"[10, 11, 22, 25, 38, 46]","[0.11, 0.19, 0.16, 0.12, 0.09, 0.08, 0.08, 0.13, 0.02, 0.1, 0.12, 0.03, 0.03, 0.05, 0.11, 0.05, 0.08, 0.12, 0.09, 0.09, 0.06, 0.06, 0.03, 0.01, 0.06, 0.08, 0.17, 0.07, 0.12, 0.12, 0.11, 0.04, 0.09, 0.03, 0.11, 0.05, 0.03, 0.19, 0.15, 0.19, 0.18, 0.12, 0.03, 0.09, 0.16, 0.15, 0.0, 0.04, 0.07, 0.09]",0.32999999999999996,
83,Anti-Plurality,BTVA,50,5,"{'E': 43, 'B': 41, 'D': 41, 'A': 38, 'C': 37}","[0.53, 0.76, 0.62, 0.6, 0.53, 0.58, 0.86, 0.84, 0.6, 0.69, 0.53, 0.62, 1.0, 0.67, 0.53, 0.65, 0.53, 0.6, 0.81, 0.76, 0.48, 0.76, 0.6, 0.62, 0.69, 0.44, 0.65, 0.58, 0.46, 0.62, 0.69, 0.53, 0.72, 0.55, 0.84, 0.53, 0.55, 1.0, 0.44, 0.48, 0.44, 0.44, 0.69, 0.76, 0.6, 0.69, 0.76, 0.58, 0.46, 1.0]",31.96,"[4, 6, 9, 12, 22, 31, 33]","[0.16, 0.07, 0.1, 0.11, 0.13, 0.13, 0.04, 0.03, 0.11, 0.09, 0.15, 0.11, 0.07, 0.1, 0.13, 0.11, 0.15, 0.12, 0.02, 0.07, 0.16, 0.05, 0.13, 0.12, 0.07, 0.18, 0.11, 0.1, 0.17, 0.1, 0.07, 0.15, 0.07, 0.14, 0.03, 0.15, 0.14, 0.08, 0.18, 0.16, 0.18, 0.18, 0.09, 0.07, 0.11, 0.09, 0.07, 0.1, 0.17, 0.01]",0.10000000000000009,
84,Anti-Plurality,BTVA,50,5,"{'C': 44, 'D': 40, 'A': 39, 'E': 39, 'B': 38}","[1.0, 0.6, 0.58, 0.74, 0.69, 1.0, 0.74, 0.76, 0.65, 0.48, 0.79, 0.84, 0.62, 0.72, 0.48, 1.0, 0.41, 1.0, 0.76, 0.81, 1.0, 0.79, 0.51, 0.51, 0.74, 0.67, 0.51, 1.0, 0.55, 1.0, 0.79, 0.69, 0.46, 0.44, 0.44, 1.0, 0.72, 0.53, 0.62, 0.6, 0.6, 0.46, 0.48, 0.62, 0.79, 1.0, 1.0, 0.53, 0.81, 0.62]",35.15,"[10, 17, 29, 38, 42]","[0.07, 0.12, 0.13, 0.04, 0.09, 0.07, 0.06, 0.05, 0.11, 0.16, 0.04, 0.03, 0.1, 0.09, 0.16, 0.03, 0.19, 0.09, 0.07, 0.05, 0.07, 0.06, 0.14, 0.15, 0.04, 0.1, 0.15, 0.03, 0.13, 0.04, 0.04, 0.07, 0.17, 0.18, 0.18, 0.07, 0.09, 0.15, 0.11, 0.12, 0.13, 0.17, 0.16, 0.1, 0.06, 0.09, 0.04, 0.13, 0.05, 0.1]",0.09999999999999998,
85,Anti-Plurality,BTVA,50,5,"{'D': 43, 'E': 42, 'B': 41, 'C': 38, 'A': 36}","[0.76, 0.51, 1.0, 0.51, 0.74, 0.76, 1.0, 0.72, 0.76, 0.74, 1.0, 0.51, 0.76, 0.69, 1.0, 0.65, 0.72, 0.58, 0.55, 0.48, 1.0, 1.0, 1.0, 0.48, 0.55, 0.58, 0.79, 0.48, 0.41, 0.6, 0.6, 0.76, 1.0, 0.69, 0.44, 1.0, 0.86, 1.0, 1.0, 1.0, 1.0, 0.48, 1.0, 1.0, 0.62, 0.41, 0.72, 0.48, 0.76, 0.69]",36.839999999999996,"[31, 32, 46]","[0.05, 0.15, 0.04, 0.15, 0.04, 0.07, 0.01, 0.08, 0.07, 0.04, 0.08, 0.14, 0.05, 0.09, 0.05, 0.09, 0.09, 0.13, 0.13, 0.16, 0.08, 0.05, 0.06, 0.16, 0.12, 0.11, 0.04, 0.17, 0.19, 0.12, 0.11, 0.05, 0.03, 0.09, 0.18, 0.06, 0.02, 0.03, 0.01, 0.04, 0.01, 0.17, 0.09, 0.03, 0.1, 0.19, 0.08, 0.16, 0.07, 0.09]",0.09999999999999998,
86,Anti-Plurality,BTVA,50,5,"{'D': 45, 'E': 43, 'A': 40, 'B': 39, 'C': 33}","[1.0, 0.76, 0.6, 0.6, 0.62, 0.53, 1.0, 0.69, 1.0, 1.0, 0.91, 0.6, 0.58, 0.76, 1.0, 0.58, 1.0, 0.76, 0.62, 0.6, 0.69, 1.0, 0.76, 0.55, 1.0, 0.72, 0.79, 0.53, 0.48, 0.72, 0.46, 1.0, 0.76, 0.62, 0.76, 0.6, 1.0, 0.67, 0.74, 0.74, 1.0, 0.44, 1.0, 0.55, 0.6, 0.53, 0.58, 0.58, 1.0, 0.58]",36.66,[],"[0.03, 0.07, 0.12, 0.12, 0.1, 0.15, 0.07, 0.09, 0.04, 0.04, 0.01, 0.11, 0.13, 0.05, 0.09, 0.11, 0.01, 0.07, 0.1, 0.12, 0.09, 0.03, 0.07, 0.14, 0.06, 0.09, 0.04, 0.13, 0.16, 0.08, 0.17, 0.03, 0.07, 0.11, 0.07, 0.12, 0.06, 0.1, 0.06, 0.06, 0.07, 0.18, 0.05, 0.13, 0.13, 0.15, 0.11, 0.13, 0.01, 0.13]",0,
87,Anti-Plurality,BTVA,50,5,"{'B': 43, 'C': 43, 'D': 40, 'A': 38, 'E': 36}","[0.72, 0.44, 0.76, 0.62, 0.53, 0.58, 1.0, 1.0, 0.86, 0.46, 0.62, 0.48, 0.76, 0.53, 0.6, 0.72, 0.44, 0.6, 1.0, 0.44, 0.72, 0.51, 0.62, 0.69, 1.0, 1.0, 0.41, 1.0, 0.76, 0.55, 0.55, 0.79, 0.41, 0.81, 1.0, 1.0, 0.51, 0.65, 0.74, 0.62, 1.0, 0.76, 1.0, 0.55, 0.6, 0.76, 0.58, 0.76, 1.0, 0.41]",34.92,"[10, 11, 24, 29, 31, 40, 42, 45, 48]","[0.08, 0.18, 0.05, 0.1, 0.15, 0.11, 0.05, 0.07, 0.02, 0.17, 0.11, 0.17, 0.05, 0.15, 0.11, 0.07, 0.18, 0.13, 0.03, 0.18, 0.07, 0.15, 0.1, 0.09, 0.1, 0.01, 0.19, 0.03, 0.07, 0.13, 0.14, 0.04, 0.19, 0.02, 0.03, 0.03, 0.14, 0.11, 0.04, 0.11, 0.03, 0.07, 0.09, 0.12, 0.12, 0.05, 0.13, 0.07, 0.05, 0.19]",0.38,
88,Anti-Plurality,BTVA,50,5,"{'B': 45, 'E': 44, 'C': 40, 'D': 36, 'A': 35}","[0.62, 0.58, 0.6, 0.53, 1.0, 1.0, 0.55, 0.62, 1.0, 0.51, 1.0, 0.86, 1.0, 0.46, 0.58, 0.72, 0.62, 0.53, 0.72, 0.67, 0.62, 0.72, 0.74, 0.48, 1.0, 0.69, 0.74, 0.86, 1.0, 0.69, 0.67, 1.0, 0.91, 0.86, 1.0, 0.86, 0.69, 0.55, 0.55, 1.0, 0.55, 1.0, 1.0, 1.0, 1.0, 0.44, 0.86, 0.86, 1.0, 0.65]",38.16,[],"[0.1, 0.13, 0.13, 0.15, 0.07, 0.01, 0.12, 0.1, 0.03, 0.15, 0.05, 0.04, 0.03, 0.17, 0.13, 0.08, 0.08, 0.13, 0.08, 0.1, 0.11, 0.09, 0.04, 0.16, 0.05, 0.07, 0.06, 0.04, 0.05, 0.07, 0.1, 0.03, 0.01, 0.04, 0.04, 0.02, 0.09, 0.14, 0.12, 0.07, 0.14, 0.03, 0.03, 0.02, 0.03, 0.18, 0.04, 0.04, 0.06, 0.09]",0,
89,Anti-Plurality,BTVA,50,5,"{'A': 45, 'C': 42, 'B': 40, 'E': 38, 'D': 35}","[0.76, 1.0, 0.76, 0.51, 0.62, 0.46, 0.6, 0.41, 0.58, 0.72, 0.58, 0.55, 0.72, 0.72, 1.0, 0.6, 0.69, 1.0, 0.53, 0.53, 0.81, 0.55, 0.76, 0.48, 0.48, 0.62, 0.91, 0.79, 0.72, 0.74, 0.91, 0.46, 0.39, 0.48, 0.6, 1.0, 0.86, 1.0, 0.86, 1.0, 0.76, 0.46, 0.48, 0.62, 0.58, 0.62, 0.76, 1.0, 0.6, 0.65]",34.29,[],"[0.07, 0.07, 0.05, 0.14, 0.11, 0.17, 0.13, 0.19, 0.13, 0.08, 0.13, 0.14, 0.08, 0.08, 0.01, 0.12, 0.07, 0.07, 0.15, 0.15, 0.05, 0.13, 0.05, 0.16, 0.16, 0.08, 0.01, 0.06, 0.09, 0.06, 0.01, 0.17, 0.2, 0.16, 0.13, 0.03, 0.04, 0.0, 0.04, 0.04, 0.05, 0.17, 0.17, 0.08, 0.13, 0.11, 0.05, 0.06, 0.11, 0.11]",0,
90,Anti-Plurality,BTVA,50,5,"{'B': 43, 'D': 42, 'E': 40, 'C': 39, 'A': 36}","[1.0, 0.91, 0.41, 1.0, 1.0, 0.81, 0.6, 0.69, 0.76, 1.0, 0.48, 1.0, 0.65, 1.0, 0.84, 0.65, 0.81, 0.84, 0.6, 0.58, 0.91, 0.6, 1.0, 1.0, 0.69, 0.67, 0.44, 1.0, 0.44, 0.58, 0.6, 0.62, 0.53, 0.53, 1.0, 0.76, 1.0, 0.76, 0.58, 1.0, 0.6, 0.79, 1.0, 0.48, 1.0, 0.62, 0.76, 0.48, 0.69, 0.58]",37.339999999999996,"[17, 27, 39]","[0.04, 0.01, 0.19, 0.03, 0.05, 0.02, 0.13, 0.09, 0.05, 0.07, 0.16, 0.03, 0.09, 0.09, 0.03, 0.11, 0.05, 0.03, 0.11, 0.11, 0.01, 0.13, 0.04, 0.01, 0.09, 0.1, 0.18, 0.0, 0.18, 0.13, 0.12, 0.1, 0.15, 0.16, 0.05, 0.05, 0.03, 0.05, 0.13, 0.07, 0.12, 0.06, 0.05, 0.16, 0.07, 0.08, 0.05, 0.16, 0.09, 0.1]",0.09000000000000002,
91,Anti-Plurality,BTVA,50,5,"{'C': 44, 'D': 42, 'A': 39, 'B': 39, 'E': 36}","[0.6, 0.72, 0.76, 0.74, 0.76, 0.72, 0.6, 0.48, 0.58, 1.0, 1.0, 0.84, 0.69, 0.74, 0.88, 0.41, 1.0, 0.55, 0.65, 0.46, 0.69, 0.74, 0.55, 1.0, 0.79, 1.0, 0.76, 1.0, 1.0, 0.6, 1.0, 0.74, 0.53, 0.84, 1.0, 1.0, 0.48, 1.0, 0.48, 0.58, 0.72, 0.69, 0.46, 0.65, 0.55, 0.88, 0.51, 0.81, 0.55, 0.48]",36.26,"[4, 16, 20, 22, 32, 37, 47, 48, 50]","[0.11, 0.08, 0.05, 0.06, 0.07, 0.08, 0.11, 0.16, 0.1, 0.07, 0.0, 0.03, 0.07, 0.04, 0.03, 0.19, 0.03, 0.13, 0.09, 0.17, 0.09, 0.06, 0.13, 0.03, 0.04, 0.07, 0.05, 0.0, 0.02, 0.11, 0.07, 0.06, 0.13, 0.03, 0.08, 0.09, 0.16, 0.03, 0.17, 0.11, 0.09, 0.09, 0.17, 0.09, 0.12, 0.03, 0.14, 0.05, 0.14, 0.17]",0.09999999999999998,
92,Anti-Plurality,ATVA_1,50,5,"{'C': 42, 'D': 42, 'B': 41, 'A': 38, 'E': 37}","[0.46, 0.6, 0.51, 0.6, 0.55, 0.76, 0.84, 0.74, 0.48, 0.6, 0.6, 0.53, 1.0, 0.55, 0.53, 1.0, 1.0, 0.6, 1.0, 1.0, 0.6, 0.79, 0.41, 0.72, 0.74, 0.69, 1.0, 0.72, 0.81, 0.79, 0.74, 0.74, 0.69, 1.0, 0.62, 0.74, 1.0, 0.48, 0.62, 0.81, 1.0, 0.72, 0.41, 0.58, 1.0, 0.88, 0.58, 0.74, 0.46, 0.55]",35.57999999999999,"[6, 9, 10, 11, 18, 21, 23, 24, 42, 44, 49]","[0.17, 0.11, 0.15, 0.12, 0.14, 0.07, 0.03, 0.04, 0.16, 0.11, 0.12, 0.15, 0.02, 0.14, 0.15, 0.01, 0.1, 0.13, 0.03, 0.07, 0.11, 0.04, 0.19, 0.09, 0.06, 0.07, 0.07, 0.08, 0.05, 0.04, 0.04, 0.06, 0.07, 0.02, 0.11, 0.04, 0.07, 0.16, 0.08, 0.05, 0.04, 0.08, 0.19, 0.13, 0.06, 0.03, 0.13, 0.06, 0.17, 0.14]",0.24,"[(6, 18), (24, 33), (30, 46), (7, 26), (10, 43), (18, 26), (24, 42), (7, 35), (18, 35), (18, 44), (22, 26), (22, 35), (11, 14), (28, 30), (22, 44), (29, 50), (9, 26), (11, 23), (23, 43), (40, 50), (9, 35), (6, 11), (7, 10), (24, 26), (36, 46), (10, 36), (24, 35), (30, 48), (7, 28), (18, 28), (11, 44), (24, 44), (42, 50), (44, 47), (46, 50), (22, 28), (29, 43), (40, 43), (21, 39), (23, 36), (6, 50), (22, 46), (9, 28), (36, 48), (24, 28), (42, 43), (7, 21), (30, 50), (7, 30), (9, 49), (11, 46), (18, 30), (44, 49), (29, 36), (22, 30), (6, 43), (7, 14), (24, 30), (36, 50), (28, 46), (7, 23), (9, 42), (11, 39), (18, 23), (10, 49), (11, 48), (22, 23), (6, 36), (22, 32), (9, 14), (29, 47), (40, 47), (7, 44), (21, 43), (23, 49), (36, 43), (30, 36), (11, 32), (28, 48), (42, 47), (10, 42), (9, 44), (11, 50), (6, 29), (29, 31), (22, 25), (46, 47), (29, 40), (21, 36), (6, 47), (29, 49), (7, 46), (18, 46), (23, 42), (40, 49), (28, 32), (7, 9), (11, 25), (28, 50), (30, 47), (10, 44), (9, 46), (11, 43), (42, 49), (6, 22), (6, 31), (29, 33), (46, 49), (24, 46), (6, 40), (29, 42), (7, 39), (40, 42), (6, 49), (23, 44), (11, 18), (22, 48), (7, 11), (9, 30), (30, 31), (36, 47), (30, 40), (11, 36), (6, 15), (30, 49), (6, 24), (6, 33), (29, 35), (6, 42), (29, 44), (40, 44), (7, 50), (18, 50), (21, 49), (10, 21), (9, 23), (36, 40), (28, 36), (22, 50), (30, 33), (36, 49), (11, 29), (6, 8), (10, 39), (30, 42), (9, 50), (11, 47), (6, 26), (6, 35), (24, 50), (6, 44), (7, 43), (21, 42), (28, 29), (10, 23), (36, 42), (11, 22), (30, 35), (11, 31), (28, 47), (30, 44), (11, 40), (7, 18), (11, 49), (6, 28), (29, 30), (44, 46), (7, 36), (18, 36), (6, 46), (22, 36), (9, 18), (11, 15), (28, 31), (36, 44), (11, 24), (28, 40), (9, 36), (11, 33), (28, 49), (11, 42), (24, 36), (6, 30), (7, 29), (18, 29), (6, 39), (7, 47), (18, 47), (22, 29), (9, 11), (28, 33), (22, 47), (9, 29), (11, 26), (28, 42), (11, 35), (6, 14), (9, 47), (24, 29), (6, 23), (42, 44), (7, 22), (18, 22), (7, 31), (18, 31), (24, 47), (44, 50), (7, 40), (18, 40), (7, 49), (18, 49), (10, 11), (22, 31), (29, 46), (40, 46), (22, 40), (36, 39), (9, 22), (23, 39), (28, 35), (22, 49), (30, 32), (9, 31), (11, 28), (28, 44), (6, 7), (9, 40), (7, 15), (24, 31), (42, 46), (7, 24), (18, 24), (21, 23), (24, 40), (7, 33), (18, 33), (24, 49), (7, 42), (18, 42), (22, 24), (29, 39), (22, 33), (9, 15), (22, 42), (21, 44), (9, 24), (11, 21), (9, 33), (11, 30), (6, 9), (7, 8)]"
93,Anti-Plurality,ATVA_1,50,5,"{'C': 43, 'D': 42, 'A': 39, 'E': 39, 'B': 37}","[0.65, 1.0, 0.76, 0.72, 0.76, 0.81, 0.69, 0.76, 0.58, 0.39, 1.0, 0.55, 0.55, 1.0, 0.48, 0.48, 0.69, 1.0, 0.69, 0.72, 0.6, 0.62, 0.6, 0.44, 0.58, 0.46, 0.48, 0.58, 0.67, 0.58, 1.0, 1.0, 0.81, 0.53, 0.76, 0.62, 0.76, 0.65, 0.74, 0.74, 0.58, 1.0, 0.48, 0.79, 0.41, 0.53, 0.58, 0.76, 0.46, 1.0]",34.09,"[6, 12, 27, 33, 39, 40, 45]","[0.09, 0.06, 0.05, 0.09, 0.05, 0.05, 0.09, 0.07, 0.13, 0.2, 0.06, 0.12, 0.13, 0.05, 0.16, 0.16, 0.07, 0.03, 0.09, 0.07, 0.11, 0.08, 0.11, 0.18, 0.13, 0.17, 0.16, 0.11, 0.1, 0.13, 0.07, 0.03, 0.05, 0.15, 0.07, 0.1, 0.05, 0.11, 0.06, 0.06, 0.13, 0.03, 0.16, 0.04, 0.19, 0.13, 0.13, 0.05, 0.17, 0.07]",0.09999999999999998,"[(10, 43), (33, 45), (26, 39), (40, 41), (12, 43), (4, 39), (10, 27), (27, 43), (6, 20), (10, 45), (20, 22), (12, 27), (6, 41), (20, 40), (40, 43), (12, 45), (4, 41), (10, 20), (27, 45), (33, 40), (12, 20), (20, 33), (12, 29), (6, 43), (40, 45), (27, 29), (4, 43), (10, 22), (10, 40), (6, 27), (20, 26), (12, 22), (6, 45), (4, 27), (12, 40), (10, 15), (4, 45), (27, 40), (10, 33), (12, 15), (20, 28), (39, 41), (26, 41), (4, 20), (12, 33), (10, 17), (27, 33), (10, 26), (6, 22), (20, 21), (12, 17), (12, 26), (6, 40), (26, 43), (4, 22), (4, 40), (10, 28), (27, 44), (6, 15), (26, 27), (4, 6), (6, 33), (4, 15), (12, 28), (26, 45), (4, 33), (10, 12), (27, 28), (10, 21), (10, 39), (6, 17), (6, 26), (12, 21), (4, 17), (4, 26), (27, 39), (6, 10), (6, 28), (4, 10), (26, 40), (4, 28), (39, 43), (20, 39), (10, 16), (12, 44), (6, 12), (6, 21), (33, 39), (12, 16), (26, 33), (4, 12), (6, 39), (4, 21), (39, 45), (20, 41), (33, 41), (20, 43), (12, 39), (6, 16), (26, 28), (10, 41), (33, 43), (4, 16), (20, 27), (39, 40), (20, 45), (12, 41), (27, 41)]"
94,Anti-Plurality,ATVA_1,50,5,"{'A': 42, 'D': 42, 'B': 41, 'C': 40, 'E': 35}","[0.48, 0.72, 1.0, 1.0, 0.58, 0.65, 1.0, 0.62, 0.48, 0.67, 1.0, 0.86, 0.55, 0.62, 0.51, 0.44, 0.6, 1.0, 0.86, 0.69, 1.0, 1.0, 0.39, 0.72, 0.62, 1.0, 0.62, 0.48, 0.39, 1.0, 0.62, 0.76, 0.86, 0.6, 0.84, 0.55, 0.62, 0.86, 0.58, 1.0, 0.79, 0.69, 0.48, 0.74, 1.0, 0.62, 0.69, 0.58, 0.84, 1.0]",36.27000000000001,"[2, 8, 10, 13, 14, 23, 29, 32, 41, 42, 47]","[0.16, 0.07, 0.02, 0.03, 0.13, 0.11, 0.09, 0.11, 0.16, 0.1, 0.04, 0.02, 0.14, 0.11, 0.14, 0.18, 0.13, 0.1, 0.04, 0.07, 0.01, 0.1, 0.2, 0.09, 0.12, 0.03, 0.08, 0.16, 0.2, 0.07, 0.1, 0.05, 0.04, 0.11, 0.03, 0.13, 0.08, 0.04, 0.13, 0.1, 0.06, 0.07, 0.17, 0.06, 0.01, 0.12, 0.09, 0.13, 0.03, 0.03]",0.20999999999999996,"[(32, 37), (10, 34), (41, 49), (25, 32), (10, 43), (35, 42), (15, 39), (2, 39), (29, 32), (12, 25), (23, 25), (34, 37), (12, 34), (23, 34), (12, 43), (23, 43), (13, 17), (14, 49), (10, 27), (15, 23), (32, 39), (8, 39), (10, 36), (13, 35), (15, 32), (2, 32), (19, 39), (25, 34), (13, 44), (33, 38), (25, 43), (33, 47), (35, 44), (14, 15), (29, 34), (12, 27), (29, 43), (12, 36), (14, 33), (31, 49), (14, 42), (10, 20), (15, 16), (8, 32), (10, 29), (13, 28), (15, 25), (2, 25), (19, 32), (10, 38), (35, 37), (41, 44), (2, 34), (42, 43), (10, 47), (33, 49), (44, 49), (2, 43), (12, 20), (38, 39), (12, 29), (23, 29), (12, 38), (14, 35), (23, 38), (12, 47), (14, 44), (23, 47), (8, 25), (8, 34), (10, 31), (19, 34), (25, 29), (8, 43), (19, 43), (33, 42), (25, 38), (10, 49), (12, 13), (25, 47), (14, 19), (29, 38), (31, 35), (12, 31), (14, 28), (29, 47), (31, 44), (14, 37), (10, 15), (12, 49), (23, 49), (10, 24), (13, 23), (10, 33), (33, 35), (2, 29), (42, 47), (10, 42), (2, 38), (2, 47), (12, 15), (12, 24), (38, 43), (12, 33), (23, 33), (29, 49), (23, 42), (34, 39), (10, 17), (13, 16), (2, 13), (8, 29), (19, 29), (8, 38), (10, 35), (19, 38), (33, 37), (25, 33), (8, 47), (10, 44), (19, 47), (42, 49), (25, 42), (2, 49), (12, 17), (15, 34), (29, 33), (15, 43), (14, 23), (29, 42), (12, 35), (14, 32), (23, 35), (23, 44), (10, 19), (2, 15), (10, 28), (10, 37), (2, 33), (8, 49), (19, 49), (25, 35), (32, 34), (2, 42), (32, 43), (35, 39), (12, 19), (14, 16), (29, 35), (13, 48), (12, 28), (14, 25), (23, 28), (29, 44), (38, 47), (23, 37), (8, 15), (10, 12), (2, 8), (34, 43), (8, 33), (19, 33), (47, 49), (25, 28), (8, 42), (10, 39), (19, 42), (2, 35), (15, 29), (13, 41), (15, 38), (29, 37), (35, 41), (15, 47), (25, 49), (38, 49), (10, 14), (2, 10), (10, 23), (14, 39), (2, 19), (8, 35), (10, 32), (19, 35), (2, 28), (8, 44), (13, 25), (2, 37), (32, 38), (13, 34), (32, 47), (43, 47), (13, 43), (12, 23), (35, 43), (38, 42), (15, 49), (8, 10), (8, 19), (10, 16), (34, 38), (8, 28), (10, 25), (12, 44), (19, 28), (34, 47), (8, 37), (19, 37), (13, 27), (41, 43), (33, 39), (13, 36), (12, 16), (15, 33), (32, 49), (35, 36), (43, 49), (15, 42), (31, 41), (14, 34), (2, 14), (34, 49), (14, 43), (2, 23), (13, 20), (32, 33), (13, 29), (32, 42), (42, 44), (35, 38), (15, 35), (25, 37), (13, 47), (15, 44), (2, 44), (35, 47), (31, 34), (8, 14), (31, 43), (8, 23), (19, 23), (12, 39), (23, 39), (2, 16), (34, 42), (15, 19), (32, 35), (33, 34), (13, 31), (15, 28), (32, 44), (41, 47), (10, 41), (33, 43), (15, 37), (25, 39), (14, 47), (13, 49), (35, 49), (29, 39), (31, 36), (8, 16), (10, 13), (12, 32), (14, 29), (23, 32), (19, 25), (34, 35), (12, 41), (14, 38), (13, 15), (13, 24)]"
95,Anti-Plurality,ATVA_1,50,5,"{'E': 45, 'C': 44, 'A': 39, 'B': 36, 'D': 36}","[0.51, 0.53, 0.72, 0.6, 0.79, 0.55, 0.69, 0.6, 0.69, 0.86, 0.76, 0.76, 0.69, 0.67, 0.62, 0.72, 1.0, 0.84, 0.76, 0.81, 0.62, 0.79, 0.86, 0.79, 0.62, 1.0, 1.0, 0.62, 1.0, 0.79, 0.86, 0.72, 1.0, 0.58, 0.58, 0.67, 1.0, 0.88, 0.6, 1.0, 0.58, 0.76, 0.6, 0.41, 0.48, 0.69, 0.69, 1.0, 1.0, 1.0]",37.36,"[1, 15, 21, 28, 32]","[0.14, 0.13, 0.08, 0.11, 0.04, 0.13, 0.09, 0.13, 0.09, 0.02, 0.05, 0.05, 0.07, 0.1, 0.11, 0.08, 0.05, 0.03, 0.05, 0.05, 0.12, 0.04, 0.04, 0.04, 0.08, 0.03, 0.07, 0.11, 0.09, 0.04, 0.04, 0.08, 0.1, 0.1, 0.13, 0.1, 0.06, 0.03, 0.11, 0.01, 0.1, 0.07, 0.13, 0.19, 0.17, 0.07, 0.07, 0.0, 0.05, 0.04]",0.38,"[(16, 20), (15, 30), (25, 32), (30, 46), (10, 43), (32, 46), (15, 39), (44, 45), (16, 38), (7, 35), (16, 47), (5, 10), (38, 44), (3, 22), (20, 38), (22, 35), (11, 14), (2, 11), (5, 28), (20, 47), (22, 44), (28, 30), (1, 15), (7, 10), (1, 24), (32, 39), (16, 22), (30, 39), (24, 35), (15, 32), (2, 32), (7, 28), (10, 45), (11, 44), (24, 44), (20, 22), (3, 15), (22, 28), (38, 46), (3, 24), (11, 30), (11, 16), (5, 30), (22, 46), (1, 8), (5, 39), (10, 20), (15, 16), (24, 28), (15, 25), (16, 24), (10, 38), (1, 35), (25, 36), (7, 30), (1, 44), (10, 47), (2, 43), (11, 46), (20, 24), (25, 45), (38, 39), (5, 14), (22, 30), (21, 32), (15, 46), (22, 39), (3, 35), (5, 32), (1, 10), (3, 44), (10, 22), (1, 19), (15, 18), (7, 14), (1, 28), (24, 30), (28, 46), (11, 39), (25, 38), (16, 35), (1, 46), (2, 45), (3, 10), (5, 7), (25, 47), (5, 16), (20, 35), (22, 32), (3, 28), (5, 25), (7, 44), (20, 44), (21, 43), (1, 3), (10, 15), (10, 24), (1, 21), (2, 20), (28, 39), (7, 16), (1, 30), (11, 32), (5, 46), (16, 28), (30, 36), (1, 39), (30, 45), (2, 38), (2, 47), (5, 9), (20, 28), (22, 25), (38, 43), (46, 47), (5, 18), (3, 30), (7, 46), (21, 45), (1, 5), (2, 13), (28, 32), (7, 9), (24, 25), (11, 25), (2, 22), (30, 38), (10, 35), (1, 32), (16, 30), (10, 44), (30, 47), (3, 5), (3, 14), (5, 11), (20, 30), (24, 46), (38, 45), (7, 39), (1, 7), (2, 6), (10, 19), (1, 16), (11, 18), (2, 15), (7, 11), (10, 28), (2, 24), (11, 36), (25, 35), (11, 45), (3, 7), (21, 22), (15, 36), (3, 16), (20, 32), (7, 32), (24, 39), (15, 45), (3, 25), (16, 44), (38, 47), (2, 8), (11, 20), (28, 36), (10, 30), (3, 46), (25, 28), (28, 45), (10, 39), (11, 38), (15, 20), (32, 36), (11, 47), (24, 32), (3, 9), (20, 25), (7, 25), (21, 24), (15, 38), (3, 18), (32, 45), (15, 47), (16, 46), (1, 2), (1, 11), (2, 10), (20, 46), (1, 20), (3, 39), (2, 19), (5, 36), (10, 32), (11, 22), (28, 38), (2, 28), (5, 45), (28, 47), (30, 35), (30, 44), (15, 22), (32, 38), (7, 18), (3, 11), (32, 47), (16, 39), (7, 36), (7, 45), (1, 4), (2, 3), (5, 20), (10, 16), (1, 13), (3, 32), (11, 15), (20, 39), (10, 25), (22, 36), (11, 24), (2, 21), (5, 38), (22, 45), (2, 30), (5, 47), (15, 24), (3, 4), (7, 20), (24, 36), (16, 32), (10, 46), (1, 43), (24, 45), (25, 44), (7, 38), (7, 47), (1, 6), (2, 5), (5, 22), (22, 38), (22, 47), (11, 35), (16, 25), (7, 22), (24, 38), (15, 35), (1, 45), (15, 44), (2, 44), (21, 30), (24, 47), (25, 46), (5, 15), (10, 11), (2, 7), (5, 24), (20, 43), (3, 36), (2, 16), (28, 35), (30, 32), (3, 45), (11, 28), (28, 44), (32, 35), (16, 18), (7, 15), (15, 28), (25, 30), (32, 44), (7, 24), (1, 38), (25, 39), (16, 36), (1, 47), (2, 46), (16, 45), (22, 24), (3, 20), (10, 13), (20, 45), (21, 44), (3, 38), (5, 35), (3, 47), (5, 44), (1, 22)]"
96,Anti-Plurality,ATVA_1,50,5,"{'A': 44, 'C': 43, 'B': 41, 'E': 37, 'D': 35}","[0.51, 0.88, 0.67, 0.69, 0.6, 1.0, 0.74, 0.65, 0.48, 1.0, 1.0, 0.65, 0.67, 0.6, 0.69, 1.0, 1.0, 1.0, 0.48, 0.79, 0.65, 0.41, 0.86, 0.53, 0.51, 0.67, 0.65, 0.48, 0.86, 0.79, 0.65, 0.79, 0.91, 1.0, 0.6, 1.0, 0.6, 0.91, 0.62, 0.46, 1.0, 0.62, 0.65, 1.0, 1.0, 1.0, 0.72, 0.48, 0.76, 0.65]",36.93,[],"[0.14, 0.03, 0.1, 0.09, 0.12, 0.0, 0.04, 0.09, 0.16, 0.03, 0.08, 0.09, 0.1, 0.11, 0.09, 0.03, 0.07, 0.06, 0.17, 0.04, 0.09, 0.19, 0.04, 0.15, 0.15, 0.1, 0.09, 0.16, 0.04, 0.04, 0.09, 0.04, 0.01, 0.07, 0.13, 0.07, 0.12, 0.01, 0.11, 0.17, 0.03, 0.11, 0.11, 0.03, 0.01, 0.05, 0.08, 0.16, 0.07, 0.11]",0,
97,Anti-Plurality,ATVA_1,50,5,"{'E': 42, 'A': 41, 'B': 41, 'C': 40, 'D': 36}","[0.69, 1.0, 0.62, 0.76, 0.91, 0.62, 0.44, 0.67, 1.0, 0.69, 0.6, 0.91, 0.69, 0.72, 0.91, 1.0, 0.69, 0.46, 0.76, 0.62, 0.51, 1.0, 0.44, 0.48, 0.58, 0.6, 0.53, 0.53, 0.55, 0.81, 0.74, 0.39, 0.53, 0.62, 0.74, 0.58, 1.0, 0.53, 0.6, 0.69, 0.55, 0.48, 0.69, 0.76, 1.0, 1.0, 0.51, 0.65, 0.81, 0.84]",34.50000000000001,"[7, 8, 10, 11, 13, 14, 17, 23, 25, 32, 36, 40, 42, 43, 44]","[0.09, 0.04, 0.08, 0.05, 0.01, 0.11, 0.18, 0.1, 0.06, 0.09, 0.12, 0.01, 0.07, 0.09, 0.01, 0.06, 0.09, 0.17, 0.07, 0.1, 0.14, 0.03, 0.18, 0.16, 0.13, 0.11, 0.15, 0.15, 0.13, 0.05, 0.04, 0.2, 0.13, 0.11, 0.06, 0.13, 0.09, 0.15, 0.12, 0.09, 0.12, 0.16, 0.09, 0.07, 0.01, 0.09, 0.14, 0.09, 0.02, 0.03]",0.32999999999999996,"[(15, 21), (7, 17), (15, 30), (7, 26), (15, 39), (40, 41), (8, 18), (11, 14), (40, 50), (11, 23), (10, 27), (10, 36), (44, 47), (25, 43), (14, 15), (14, 24), (14, 42), (7, 12), (36, 48), (15, 25), (17, 44), (47, 48), (7, 21), (7, 30), (21, 32), (21, 41), (21, 50), (10, 31), (10, 40), (25, 38), (10, 49), (25, 47), (36, 43), (17, 39), (17, 48), (21, 27), (21, 36), (40, 49), (10, 17), (10, 26), (10, 35), (25, 33), (10, 44), (25, 42), (32, 41), (32, 50), (43, 50), (14, 23), (14, 32), (17, 25), (36, 38), (17, 34), (7, 11), (36, 47), (5, 41), (17, 43), (5, 50), (21, 31), (40, 44), (21, 40), (10, 12), (10, 21), (10, 30), (25, 28), (10, 39), (32, 36), (13, 32), (13, 41), (13, 50), (17, 20), (5, 27), (17, 29), (36, 42), (5, 36), (17, 38), (17, 47), (21, 35), (10, 25), (12, 44), (13, 27), (32, 40), (13, 36), (43, 49), (17, 24), (5, 31), (5, 40), (17, 42), (5, 49), (42, 44), (10, 11), (12, 39), (23, 39), (32, 35), (43, 44), (5, 8), (5, 17), (5, 26), (17, 28), (5, 35), (5, 44), (27, 41), (27, 50), (12, 25), (23, 25), (12, 34), (23, 34), (12, 43), (23, 43), (13, 17), (13, 35), (5, 12), (5, 21), (17, 23), (5, 30), (5, 39), (27, 36), (8, 32), (8, 41), (30, 41), (42, 43), (8, 50), (30, 50), (12, 20), (12, 29), (23, 29), (12, 38), (23, 38), (12, 47), (23, 47), (13, 21), (5, 7), (38, 41), (38, 50), (49, 50), (5, 25), (7, 44), (27, 31), (8, 27), (27, 40), (30, 36), (11, 32), (42, 47), (11, 41), (11, 50), (12, 15), (23, 24), (12, 42), (23, 42), (15, 34), (5, 11), (15, 43), (7, 39), (27, 35), (30, 31), (11, 27), (8, 40), (30, 40), (8, 49), (30, 49), (15, 20), (15, 29), (5, 6), (7, 25), (15, 38), (38, 40), (7, 34), (15, 47), (7, 43), (8, 17), (8, 26), (8, 35), (30, 35), (8, 44), (30, 44), (11, 40), (11, 49), (12, 14), (12, 23), (14, 41), (14, 50), (7, 20), (7, 29), (15, 42), (7, 38), (7, 47), (8, 12), (8, 21), (11, 17), (8, 30), (11, 26), (11, 35), (10, 48), (44, 50), (14, 27), (14, 36), (7, 15), (7, 24), (7, 42), (11, 12), (11, 21), (11, 30), (10, 34), (25, 32), (10, 43), (25, 41), (25, 50), (14, 31), (14, 40), (14, 49), (7, 10), (15, 23), (15, 32), (8, 11), (40, 43), (21, 48), (10, 20), (10, 29), (25, 27), (10, 38), (25, 36), (10, 47), (44, 49), (14, 17), (14, 26), (14, 44), (36, 41), (7, 14), (36, 50), (47, 50), (7, 23), (21, 25), (40, 47), (21, 43), (10, 15), (10, 24), (10, 42), (32, 48), (43, 48), (14, 21), (14, 30), (17, 32), (17, 41), (17, 50), (40, 42), (21, 38), (21, 47), (10, 28), (25, 35), (32, 43), (13, 48), (14, 25), (17, 18), (17, 27), (5, 34), (17, 36), (5, 43), (21, 33), (21, 42), (10, 14), (10, 23), (10, 32), (13, 25), (32, 38), (32, 47), (43, 47), (13, 43), (5, 20), (5, 29), (17, 31), (5, 38), (17, 40), (5, 47), (17, 49), (21, 28), (10, 18), (32, 33), (32, 42), (13, 38), (13, 47), (5, 15), (17, 26), (17, 35), (5, 42), (27, 48), (21, 23), (10, 13), (12, 32), (23, 32), (12, 41), (23, 41), (12, 50), (23, 50), (13, 24), (13, 33), (13, 42), (5, 10), (17, 21), (17, 30), (27, 43), (8, 39), (30, 39), (42, 50), (11, 44), (12, 27), (23, 27), (12, 36), (23, 36), (13, 28), (5, 14), (38, 48), (5, 23), (5, 32), (27, 38), (8, 34), (30, 34), (27, 47), (8, 43), (30, 43), (11, 39), (12, 13), (12, 31), (23, 31), (12, 40), (23, 40), (12, 49), (13, 14), (23, 49), (13, 23), (15, 41), (38, 43), (15, 50), (8, 20), (27, 33), (8, 29), (27, 42), (8, 38), (30, 38), (11, 34), (8, 47), (30, 47), (42, 49), (11, 43), (12, 17), (12, 26), (23, 26), (12, 35), (23, 44), (13, 18), (15, 27), (15, 36), (5, 13), (7, 32), (38, 47), (7, 41), (7, 50), (8, 15), (27, 28), (8, 24), (11, 20), (11, 29), (8, 42), (30, 42), (11, 38), (11, 47), (12, 21), (12, 30), (23, 30), (14, 39), (15, 31), (7, 27), (15, 40), (38, 42), (7, 36), (15, 49), (8, 10), (8, 19), (27, 32), (11, 15), (11, 24), (11, 42), (14, 34), (14, 43), (15, 17), (7, 13), (15, 26), (15, 35), (7, 31), (15, 44), (7, 40), (7, 49), (8, 14), (8, 23), (30, 32), (10, 41), (10, 50), (25, 48), (14, 20), (14, 29), (14, 38), (14, 47), (7, 8)]"
98,Anti-Plurality,ATVA_1,50,5,"{'B': 44, 'A': 40, 'C': 40, 'E': 39, 'D': 37}","[0.6, 0.72, 0.62, 0.69, 0.48, 1.0, 0.67, 0.88, 0.69, 0.46, 0.67, 0.72, 0.48, 0.72, 1.0, 0.58, 0.58, 0.62, 1.0, 0.48, 1.0, 0.65, 0.44, 1.0, 0.48, 0.69, 1.0, 0.69, 0.48, 0.74, 0.62, 0.48, 0.51, 1.0, 0.62, 0.84, 0.72, 1.0, 0.76, 0.55, 0.72, 0.58, 1.0, 0.76, 0.67, 1.0, 0.67, 0.6, 0.62, 0.46]",35.01,"[2, 37, 42, 50]","[0.11, 0.08, 0.12, 0.09, 0.16, 0.07, 0.1, 0.03, 0.09, 0.17, 0.1, 0.08, 0.16, 0.09, 0.09, 0.1, 0.11, 0.08, 0.07, 0.16, 0.01, 0.11, 0.18, 0.04, 0.16, 0.07, 0.03, 0.09, 0.16, 0.06, 0.1, 0.17, 0.14, 0.06, 0.08, 0.03, 0.07, 0.02, 0.07, 0.14, 0.08, 0.13, 0.07, 0.05, 0.1, 0.01, 0.1, 0.13, 0.08, 0.17]",0.09000000000000008,"[(7, 17), (33, 36), (2, 39), (7, 35), (39, 42), (9, 17), (37, 42), (9, 35), (7, 10), (42, 50), (33, 47), (7, 37), (2, 50), (39, 44), (9, 10), (2, 25), (36, 50), (47, 50), (7, 23), (9, 42), (33, 42), (2, 36), (7, 44), (2, 20), (7, 16), (33, 35), (2, 29), (42, 47), (33, 44), (9, 44), (2, 47), (9, 16), (2, 13), (7, 9), (37, 44), (33, 37), (9, 37), (7, 39), (36, 47), (9, 39), (2, 33), (2, 42), (7, 50), (9, 23), (37, 39), (2, 17), (2, 35), (9, 50), (7, 25), (39, 50), (2, 10), (36, 42), (9, 25), (37, 50), (2, 37), (7, 36), (36, 44), (9, 36), (7, 20), (33, 39), (7, 29), (7, 47), (36, 37), (9, 20), (9, 29), (2, 23), (7, 13), (9, 47), (33, 50), (2, 44), (39, 47), (9, 13), (2, 7), (36, 39), (2, 16), (37, 47), (7, 33), (7, 42), (2, 9), (9, 33)]"
99,Anti-Plurality,ATVA_1,50,5,"{'B': 43, 'D': 41, 'A': 39, 'C': 39, 'E': 38}","[0.86, 0.6, 1.0, 0.62, 0.41, 0.48, 0.79, 1.0, 0.84, 0.76, 0.58, 0.6, 0.86, 1.0, 0.6, 0.6, 1.0, 0.76, 0.62, 0.51, 0.76, 1.0, 0.41, 0.67, 1.0, 0.58, 0.48, 0.69, 1.0, 0.81, 0.53, 0.48, 0.69, 1.0, 0.84, 0.62, 0.41, 0.58, 0.76, 1.0, 1.0, 0.76, 0.51, 1.0, 1.0, 0.51, 1.0, 0.69, 0.53, 1.0]",36.800000000000004,[],"[0.02, 0.11, 0.01, 0.12, 0.19, 0.16, 0.04, 0.07, 0.03, 0.05, 0.1, 0.13, 0.04, 0.03, 0.11, 0.12, 0.07, 0.07, 0.1, 0.14, 0.07, 0.06, 0.19, 0.1, 0.05, 0.13, 0.16, 0.09, 0.01, 0.02, 0.15, 0.16, 0.09, 0.08, 0.03, 0.11, 0.19, 0.13, 0.07, 0.07, 0.07, 0.07, 0.15, 0.07, 0.1, 0.14, 0.04, 0.07, 0.13, 0.07]",0,"[(2, 27), (11, 36), (11, 42), (11, 39), (2, 36), (2, 42), (2, 39), (20, 26), (2, 5), (2, 11), (5, 31), (5, 37), (37, 42), (11, 20), (11, 26), (37, 39), (2, 20), (2, 26), (5, 43), (5, 46), (20, 31), (5, 18), (20, 37), (2, 4), (20, 43), (5, 27), (20, 46), (5, 39), (5, 36), (5, 42), (11, 31), (2, 31), (2, 37), (11, 37), (11, 43), (11, 46), (2, 43), (5, 11), (2, 46), (20, 27), (37, 46), (20, 36), (20, 42), (5, 20), (5, 26), (20, 39), (2, 18), (11, 18), (37, 43), (11, 27)]"
100,Anti-Plurality,ATVA_1,50,5,"{'D': 46, 'A': 42, 'B': 39, 'E': 39, 'C': 34}","[0.62, 1.0, 0.76, 1.0, 0.72, 0.51, 0.69, 0.69, 0.86, 0.81, 0.51, 0.62, 0.65, 0.46, 0.55, 0.65, 0.44, 0.86, 1.0, 0.58, 0.91, 0.72, 0.69, 0.6, 0.69, 0.48, 1.0, 1.0, 0.6, 1.0, 0.69, 0.69, 0.48, 0.53, 0.69, 0.74, 0.72, 0.72, 0.74, 0.55, 0.48, 0.41, 0.76, 0.69, 0.69, 1.0, 1.0, 1.0, 1.0, 0.6]",35.85,"[10, 18, 26, 39]","[0.08, 0.09, 0.05, 0.07, 0.09, 0.15, 0.09, 0.09, 0.04, 0.05, 0.15, 0.11, 0.11, 0.17, 0.14, 0.09, 0.18, 0.02, 0.01, 0.11, 0.01, 0.08, 0.09, 0.13, 0.09, 0.16, 0.03, 0.04, 0.12, 0.01, 0.07, 0.09, 0.16, 0.13, 0.09, 0.04, 0.08, 0.08, 0.06, 0.13, 0.16, 0.19, 0.05, 0.09, 0.07, 0.05, 0.01, 0.07, 0.08, 0.12]",0.09999999999999998,"[(5, 50), (10, 34), (10, 40), (42, 45), (18, 26), (26, 39), (26, 42), (5, 10), (5, 16), (26, 45), (18, 41), (39, 42), (40, 41), (5, 25), (39, 45), (17, 18), (18, 50), (40, 50), (10, 18), (5, 34), (5, 40), (17, 42), (17, 39), (17, 45), (10, 39), (10, 42), (42, 50), (10, 45), (18, 25), (18, 34), (18, 40), (26, 41), (5, 18), (39, 41), (26, 50), (17, 26), (39, 50), (10, 17), (5, 39), (5, 42), (10, 26), (17, 41), (5, 45), (17, 50), (10, 41), (10, 50), (26, 34), (26, 40), (18, 42), (40, 42), (39, 40), (18, 39), (18, 45), (5, 17), (40, 45), (5, 26), (10, 16), (17, 25), (10, 25), (17, 34), (17, 40), (5, 41)]"
101,Anti-Plurality,ATVA_1,50,5,"{'A': 43, 'B': 40, 'E': 40, 'C': 39, 'D': 38}","[1.0, 0.51, 1.0, 0.62, 1.0, 0.55, 1.0, 0.6, 0.65, 0.72, 1.0, 0.6, 0.69, 1.0, 0.74, 1.0, 0.62, 0.48, 0.62, 0.67, 0.62, 0.79, 0.6, 0.69, 0.48, 0.53, 0.76, 0.6, 0.51, 1.0, 1.0, 0.58, 1.0, 0.76, 0.44, 0.53, 0.46, 0.67, 0.65, 0.72, 0.76, 0.79, 1.0, 0.67, 0.51, 0.53, 0.41, 0.48, 0.6, 1.0]",35.21,"[10, 29, 32, 34, 35, 37, 40, 45, 46, 47]","[0.04, 0.15, 0.03, 0.1, 0.03, 0.12, 0.09, 0.13, 0.09, 0.08, 0.07, 0.11, 0.09, 0.03, 0.04, 0.03, 0.08, 0.16, 0.08, 0.1, 0.12, 0.04, 0.13, 0.09, 0.16, 0.13, 0.05, 0.13, 0.14, 0.01, 0.07, 0.13, 0.03, 0.05, 0.18, 0.15, 0.17, 0.1, 0.11, 0.07, 0.07, 0.04, 0.06, 0.1, 0.14, 0.15, 0.19, 0.16, 0.12, 0.08]",0.09999999999999998,"[(6, 18), (32, 37), (10, 34), (25, 32), (32, 46), (44, 45), (25, 41), (29, 32), (20, 29), (46, 48), (12, 25), (29, 41), (34, 37), (6, 48), (20, 47), (10, 27), (6, 20), (10, 36), (10, 45), (35, 44), (44, 47), (12, 18), (6, 41), (20, 40), (20, 49), (12, 45), (10, 20), (10, 29), (36, 48), (47, 48), (35, 37), (10, 47), (44, 49), (25, 45), (20, 24), (12, 20), (12, 29), (29, 45), (40, 45), (12, 47), (25, 29), (10, 40), (10, 49), (25, 47), (20, 26), (20, 35), (6, 45), (20, 44), (29, 47), (40, 47), (12, 40), (45, 46), (10, 24), (25, 40), (12, 15), (6, 29), (32, 48), (46, 47), (29, 40), (20, 37), (6, 47), (40, 49), (10, 17), (34, 48), (10, 26), (36, 45), (37, 44), (45, 48), (10, 35), (10, 44), (32, 41), (12, 17), (35, 46), (12, 26), (6, 40), (12, 35), (10, 19), (37, 46), (25, 26), (10, 37), (25, 35), (6, 15), (29, 35), (35, 48), (29, 44), (40, 44), (12, 37), (36, 40), (36, 49), (37, 48), (6, 17), (6, 26), (20, 25), (32, 45), (35, 41), (12, 21), (6, 35), (29, 37), (6, 44), (34, 36), (34, 45), (37, 41), (32, 47), (6, 37), (6, 46), (20, 48), (34, 47), (10, 25), (12, 44), (36, 44), (45, 47), (6, 12), (6, 21), (32, 40), (44, 48), (35, 45), (25, 44), (34, 40), (10, 18), (36, 37), (34, 49), (12, 46), (37, 45), (6, 32), (25, 37), (10, 48), (35, 47), (25, 46), (20, 34), (29, 46), (12, 48), (37, 47), (32, 35), (6, 25), (32, 44), (35, 40), (25, 48), (20, 27), (20, 36), (34, 35), (10, 13), (12, 32), (29, 48), (20, 45), (34, 44), (40, 48), (12, 41), (37, 40), (6, 9)]"
102,Anti-Plurality,ATVA_2,50,5,"{'A': 42, 'B': 42, 'E': 41, 'D': 39, 'C': 36}","[0.51, 1.0, 1.0, 0.76, 0.53, 0.76, 0.6, 0.79, 0.69, 0.6, 0.74, 1.0, 1.0, 1.0, 1.0, 1.0, 1.0, 1.0, 0.58, 0.53, 0.74, 0.41, 1.0, 0.58, 0.58, 1.0, 0.79, 1.0, 0.69, 0.88, 0.51, 0.55, 0.88, 0.65, 1.0, 0.91, 1.0, 1.0, 0.62, 0.53, 1.0, 1.0, 0.62, 0.86, 0.48, 1.0, 0.91, 0.65, 0.6, 0.76]",39.29,"[4, 13]","[0.14, 0.07, 0.06, 0.07, 0.13, 0.07, 0.12, 0.04, 0.07, 0.11, 0.06, 0.09, 0.07, 0.01, 0.05, 0.07, 0.03, 0.03, 0.13, 0.15, 0.04, 0.19, 0.05, 0.11, 0.13, 0.04, 0.06, 0.08, 0.09, 0.03, 0.15, 0.14, 0.03, 0.09, 0.0, 0.01, 0.04, 0.06, 0.11, 0.16, 0.1, 0.09, 0.1, 0.04, 0.16, 0.04, 0.01, 0.11, 0.13, 0.05]",0.24,"[4, 13]"
103,Anti-Plurality,ATVA_2,50,5,"{'E': 44, 'A': 40, 'B': 40, 'D': 39, 'C': 37}","[0.55, 0.58, 0.62, 0.62, 0.48, 1.0, 0.76, 0.58, 0.53, 0.74, 0.58, 0.53, 0.44, 0.69, 0.76, 1.0, 0.72, 0.79, 0.69, 0.62, 0.6, 0.46, 0.88, 0.58, 0.81, 1.0, 0.72, 0.76, 0.55, 0.79, 1.0, 0.65, 1.0, 0.74, 0.53, 0.91, 0.72, 0.81, 0.86, 0.72, 0.51, 0.53, 0.58, 0.72, 1.0, 0.53, 1.0, 1.0, 1.0, 0.6]",35.839999999999996,"[17, 11]","[0.12, 0.13, 0.11, 0.08, 0.16, 0.04, 0.05, 0.11, 0.15, 0.04, 0.13, 0.15, 0.18, 0.09, 0.05, 0.05, 0.08, 0.06, 0.07, 0.08, 0.11, 0.17, 0.03, 0.13, 0.02, 0.01, 0.09, 0.05, 0.12, 0.04, 0.01, 0.11, 0.06, 0.04, 0.16, 0.01, 0.08, 0.05, 0.04, 0.09, 0.15, 0.15, 0.13, 0.08, 0.09, 0.15, 0.09, 0.01, 0.01, 0.11]",0.09000000000000008,"[17, 11]"
104,Anti-Plurality,ATVA_2,50,5,"{'D': 43, 'E': 43, 'B': 41, 'A': 39, 'C': 34}","[0.69, 0.72, 1.0, 0.53, 0.72, 0.79, 0.6, 0.65, 0.62, 0.91, 0.81, 0.6, 0.58, 0.46, 0.76, 0.39, 0.62, 1.0, 1.0, 0.65, 0.58, 1.0, 1.0, 0.6, 0.76, 1.0, 0.69, 1.0, 0.62, 0.79, 0.46, 0.53, 0.6, 0.69, 0.76, 1.0, 0.6, 0.6, 0.41, 0.62, 1.0, 0.41, 0.79, 0.69, 0.69, 0.46, 0.55, 0.44, 0.76, 0.62]",34.81999999999999,"[9, 40]","[0.09, 0.07, 0.03, 0.15, 0.08, 0.06, 0.11, 0.09, 0.11, 0.01, 0.05, 0.11, 0.11, 0.17, 0.05, 0.2, 0.1, 0.03, 0.01, 0.09, 0.13, 0.05, 0.03, 0.11, 0.07, 0.01, 0.07, 0.03, 0.1, 0.04, 0.17, 0.15, 0.11, 0.07, 0.07, 0.07, 0.12, 0.11, 0.19, 0.11, 0.09, 0.19, 0.04, 0.09, 0.09, 0.17, 0.12, 0.18, 0.07, 0.12]",0.38,"[9, 40]"
105,Anti-Plurality,ATVA_2,50,5,"{'D': 44, 'A': 42, 'C': 39, 'E': 38, 'B': 37}","[1.0, 1.0, 1.0, 0.48, 1.0, 0.62, 0.67, 0.62, 0.72, 0.65, 0.76, 0.58, 0.67, 0.48, 0.6, 0.81, 0.48, 0.76, 0.74, 0.69, 0.62, 0.76, 0.79, 1.0, 0.53, 0.6, 0.48, 0.46, 0.91, 1.0, 0.58, 0.48, 1.0, 0.6, 0.74, 0.62, 0.81, 0.44, 0.53, 0.51, 0.55, 0.53, 0.74, 0.55, 0.76, 0.88, 0.74, 0.48, 1.0, 0.69]",34.709999999999994,"[8, 10]","[0.07, 0.07, 0.01, 0.16, 0.05, 0.1, 0.1, 0.12, 0.08, 0.09, 0.07, 0.11, 0.1, 0.16, 0.11, 0.05, 0.16, 0.07, 0.06, 0.07, 0.12, 0.05, 0.06, 0.03, 0.15, 0.13, 0.16, 0.17, 0.01, 0.03, 0.13, 0.16, 0.03, 0.11, 0.04, 0.11, 0.05, 0.18, 0.15, 0.14, 0.13, 0.13, 0.04, 0.12, 0.07, 0.03, 0.06, 0.16, 0.07, 0.07]",0.030000000000000027,"[8, 10]"
106,Anti-Plurality,ATVA_2,50,5,"{'B': 43, 'E': 42, 'C': 41, 'D': 39, 'A': 35}","[0.62, 1.0, 0.51, 0.74, 1.0, 0.6, 1.0, 1.0, 0.91, 1.0, 0.44, 0.84, 0.44, 0.76, 1.0, 0.41, 0.76, 0.39, 0.55, 0.46, 0.51, 0.62, 0.6, 0.48, 0.53, 0.69, 0.72, 0.6, 1.0, 0.79, 0.79, 1.0, 0.76, 1.0, 0.58, 0.58, 0.74, 0.74, 0.55, 1.0, 0.6, 0.44, 0.67, 0.6, 0.41, 0.53, 0.72, 0.69, 0.62, 1.0]",34.99,"[17, 31]","[0.08, 0.01, 0.15, 0.06, 0.01, 0.11, 0.0, 0.0, 0.01, 0.1, 0.18, 0.03, 0.18, 0.07, 0.03, 0.19, 0.05, 0.2, 0.13, 0.17, 0.15, 0.08, 0.13, 0.16, 0.15, 0.09, 0.09, 0.11, 0.07, 0.06, 0.04, 0.01, 0.07, 0.06, 0.11, 0.11, 0.04, 0.06, 0.13, 0.08, 0.13, 0.18, 0.1, 0.13, 0.19, 0.13, 0.08, 0.09, 0.1, 0.07]",0.09999999999999998,"[17, 31]"
107,Anti-Plurality,ATVA_2,50,5,"{'C': 43, 'D': 43, 'B': 41, 'E': 39, 'A': 34}","[0.69, 0.51, 0.46, 0.76, 0.76, 0.69, 0.86, 0.48, 1.0, 0.55, 0.62, 0.69, 0.86, 0.76, 0.69, 0.51, 1.0, 0.51, 0.88, 0.48, 0.48, 0.58, 0.48, 0.44, 0.62, 0.53, 0.48, 0.76, 0.72, 0.79, 0.62, 0.76, 0.65, 1.0, 1.0, 1.0, 1.0, 0.39, 0.69, 0.46, 0.65, 0.53, 0.79, 0.62, 1.0, 0.48, 0.88, 0.76, 0.6, 0.76]",34.28,"[31, 44]","[0.09, 0.14, 0.17, 0.05, 0.07, 0.07, 0.02, 0.16, 0.03, 0.14, 0.1, 0.09, 0.04, 0.07, 0.09, 0.15, 0.09, 0.15, 0.03, 0.16, 0.16, 0.11, 0.16, 0.18, 0.12, 0.15, 0.16, 0.05, 0.09, 0.06, 0.11, 0.05, 0.09, 0.06, 0.09, 0.04, 0.02, 0.2, 0.07, 0.17, 0.11, 0.16, 0.06, 0.11, 0.03, 0.16, 0.03, 0.05, 0.12, 0.07]",0.38,"[31, 44]"
108,Anti-Plurality,ATVA_2,50,5,"{'E': 44, 'B': 41, 'D': 41, 'A': 37, 'C': 37}","[0.44, 1.0, 0.88, 0.41, 1.0, 0.65, 1.0, 1.0, 0.67, 0.72, 1.0, 0.74, 1.0, 0.76, 0.74, 0.88, 0.72, 0.6, 0.46, 0.65, 0.69, 0.76, 0.76, 0.48, 0.65, 1.0, 0.6, 0.74, 1.0, 1.0, 1.0, 0.84, 1.0, 0.6, 1.0, 0.6, 0.72, 1.0, 0.81, 0.55, 0.62, 1.0, 0.65, 0.58, 1.0, 0.91, 0.72, 1.0, 0.81, 0.69]",39.1,"[4, 41]","[0.18, 0.04, 0.03, 0.19, 0.03, 0.11, 0.04, 0.1, 0.1, 0.09, 0.07, 0.04, 0.1, 0.07, 0.06, 0.03, 0.08, 0.13, 0.17, 0.09, 0.09, 0.05, 0.05, 0.16, 0.09, 0.05, 0.13, 0.06, 0.07, 0.06, 0.07, 0.03, 0.09, 0.11, 0.01, 0.12, 0.09, 0.07, 0.05, 0.14, 0.12, 0.07, 0.11, 0.1, 0.09, 0.01, 0.08, 0.06, 0.02, 0.09]",0.07,"[4, 41]"
109,Anti-Plurality,ATVA_2,50,5,"{'C': 47, 'A': 41, 'B': 41, 'D': 40, 'E': 31}","[0.55, 1.0, 0.62, 1.0, 0.72, 1.0, 1.0, 1.0, 0.91, 1.0, 0.72, 0.53, 0.58, 0.86, 0.46, 0.62, 0.55, 0.51, 0.86, 0.79, 0.81, 0.72, 0.6, 0.79, 0.62, 0.62, 1.0, 1.0, 1.0, 0.39, 0.76, 0.72, 0.58, 1.0, 0.62, 0.67, 1.0, 0.79, 0.72, 0.44, 0.72, 1.0, 0.86, 1.0, 1.0, 0.79, 1.0, 0.53, 0.72, 0.62]",38.37,"[33, 21]","[0.12, 0.03, 0.08, 0.03, 0.07, 0.05, 0.07, 0.04, 0.01, 0.06, 0.08, 0.15, 0.11, 0.02, 0.17, 0.11, 0.13, 0.14, 0.04, 0.06, 0.05, 0.07, 0.11, 0.06, 0.1, 0.11, 0.07, 0.03, 0.01, 0.2, 0.07, 0.08, 0.13, 0.07, 0.08, 0.1, 0.01, 0.04, 0.09, 0.18, 0.08, 0.08, 0.04, 0.09, 0.01, 0.06, 0.01, 0.13, 0.09, 0.08]",0.040000000000000036,"[33, 21]"
110,Anti-Plurality,ATVA_2,50,5,"{'E': 44, 'D': 43, 'C': 40, 'B': 38, 'A': 35}","[0.81, 0.84, 0.76, 0.46, 0.74, 1.0, 0.58, 1.0, 0.67, 1.0, 0.46, 0.6, 0.67, 0.86, 0.65, 1.0, 0.65, 0.69, 0.69, 0.53, 0.81, 1.0, 0.72, 0.62, 0.41, 0.6, 1.0, 1.0, 1.0, 0.6, 0.44, 1.0, 0.46, 0.79, 0.79, 0.58, 0.51, 0.79, 0.84, 0.6, 0.72, 0.41, 0.58, 0.76, 0.72, 0.44, 0.58, 0.76, 1.0, 0.62]",35.809999999999995,"[12, 6]","[0.05, 0.03, 0.07, 0.17, 0.06, 0.09, 0.11, 0.01, 0.1, 0.02, 0.17, 0.12, 0.1, 0.04, 0.11, 0.08, 0.11, 0.07, 0.07, 0.13, 0.02, 0.0, 0.08, 0.08, 0.19, 0.11, 0.07, 0.03, 0.09, 0.11, 0.18, 0.01, 0.17, 0.06, 0.06, 0.13, 0.14, 0.06, 0.03, 0.13, 0.08, 0.19, 0.11, 0.07, 0.08, 0.18, 0.13, 0.07, 0.01, 0.12]",0.4,"[12, 6]"
111,Anti-Plurality,ATVA_2,50,5,"{'D': 42, 'E': 41, 'A': 39, 'B': 39, 'C': 39}","[1.0, 0.91, 0.58, 0.69, 0.44, 0.91, 1.0, 1.0, 0.86, 0.76, 0.84, 0.86, 0.53, 1.0, 0.74, 0.65, 1.0, 0.62, 0.62, 0.58, 0.46, 0.74, 0.55, 0.74, 0.48, 0.62, 0.88, 0.55, 0.58, 0.69, 0.48, 0.41, 0.51, 0.46, 1.0, 1.0, 0.74, 1.0, 0.41, 0.58, 0.46, 0.72, 0.55, 1.0, 0.51, 0.72, 0.62, 0.74, 1.0, 0.81]",35.6,"[32, 3]","[0.07, 0.01, 0.13, 0.09, 0.18, 0.01, 0.04, 0.07, 0.02, 0.05, 0.03, 0.04, 0.13, 0.08, 0.04, 0.09, 0.06, 0.1, 0.1, 0.1, 0.17, 0.04, 0.12, 0.06, 0.17, 0.1, 0.03, 0.13, 0.13, 0.09, 0.16, 0.19, 0.15, 0.17, 0.04, 0.01, 0.04, 0.06, 0.19, 0.13, 0.17, 0.09, 0.12, 0.03, 0.15, 0.08, 0.11, 0.04, 0.07, 0.02]",0.10000000000000003,"[32, 3]"
112,Anti-Plurality,ATVA_3,50,5,"{'A': 18, 'E': 13, 'C': 7, 'D': 7, 'B': 5}","[0.84, 0.6, 0.62, 0.81, 0.72, 0.51, 0.69, 0.62, 0.48, 0.53, 0.79, 0.48, 0.72, 1.0, 0.67, 0.69, 0.58, 0.74, 0.69, 1.0, 0.51, 0.55, 0.46, 0.55, 0.51, 0.62, 0.41, 0.51, 0.55, 0.65, 0.6, 1.0, 0.69, 0.58, 0.58, 1.0, 0.65, 1.0, 0.69, 1.0, 0.53, 0.69, 0.65, 0.48, 0.51, 0.6, 1.0, 0.69, 0.44, 0.67]",33.15,"[3, 5, 6, 7, 8, 9, 10, 12, 13, 15, 17, 18, 19, 21, 22, 23, 24, 25, 28, 29, 30, 34, 35, 42, 43, 44, 45, 48, 49, 50]","[0.07, 0.04, 0.09, 0.19, 0.05, 0.04, 0.1, 0.12, 0.03, 0.16, 0.13, 0.03, 0.13, 0.08, 0.08, 0.07, 0.03, 0.07, 0.13, 0.11, 0.12, 0.05, 0.02, 0.1, 0.1, 0.08, 0.11, 0.07, 0.07, 0.03, 0.07, 0.09, 0.15, 0.03, 0.03, 0.04, 0.08, 0.11, 0.15, 0.04, 0.04, 0.07, 0.07, 0.04, 0.01, 0.08, 0.05, 0.12, 0.04, 0.13]",0.07000000000000006,
113,Anti-Plurality,ATVA_3,50,5,"{'A': 13, 'C': 13, 'D': 9, 'E': 9, 'B': 6}","[0.62, 0.72, 1.0, 0.55, 1.0, 0.48, 0.55, 1.0, 0.67, 0.67, 1.0, 0.58, 0.65, 0.72, 0.55, 1.0, 0.88, 0.69, 1.0, 1.0, 0.53, 0.62, 0.69, 0.69, 0.55, 0.88, 1.0, 1.0, 0.88, 0.72, 0.76, 0.6, 0.69, 0.55, 1.0, 0.62, 1.0, 0.69, 0.67, 0.44, 0.74, 0.53, 1.0, 0.76, 0.62, 0.69, 0.58, 0.65, 0.69, 1.0]",37.17,"[1, 4, 6, 7, 10, 12, 13, 14, 15, 18, 21, 22, 24, 25, 30, 31, 32, 33, 34, 40, 42, 44, 45, 46, 47, 48, 49]","[0.07, 0.07, 0.03, 0.03, 0.09, 0.11, 0.08, 0.04, 0.16, 0.11, 0.02, 0.05, 0.1, 0.07, 0.1, 0.04, 0.15, 0.05, 0.1, 0.03, 0.1, 0.07, 0.11, 0.06, 0.14, 0.12, 0.11, 0.02, 0.16, 0.05, 0.01, 0.13, 0.07, 0.13, 0.04, 0.11, 0.04, 0.18, 0.09, 0.09, 0.11, 0.06, 0.08, 0.05, 0.05, 0.1, 0.16, 0.07, 0.04, 0.08]",0.09999999999999998,
114,Anti-Plurality,ATVA_3,50,5,"{'C': 11, 'D': 11, 'A': 10, 'B': 10, 'E': 8}","[0.86, 0.81, 0.6, 0.46, 0.86, 1.0, 0.67, 0.65, 0.74, 0.55, 0.39, 0.72, 1.0, 0.74, 0.62, 0.65, 0.53, 0.72, 0.62, 0.53, 1.0, 0.53, 1.0, 0.46, 0.72, 0.69, 0.79, 1.0, 0.67, 0.55, 0.48, 1.0, 1.0, 0.58, 0.72, 0.69, 0.53, 0.72, 0.69, 0.86, 0.48, 0.58, 1.0, 0.79, 0.69, 1.0, 1.0, 0.74, 0.62, 0.65]",35.949999999999996,"[3, 4, 7, 10, 11, 12, 14, 17, 19, 20, 22, 24, 29, 30, 31, 34, 35, 36, 37, 38, 41, 42, 49]","[0.01, 0.07, 0.06, 0.01, 0.07, 0.07, 0.09, 0.13, 0.14, 0.1, 0.06, 0.17, 0.09, 0.1, 0.2, 0.18, 0.19, 0.17, 0.07, 0.06, 0.07, 0.05, 0.07, 0.0, 0.14, 0.14, 0.11, 0.07, 0.05, 0.03, 0.16, 0.15, 0.08, 0.09, 0.14, 0.07, 0.06, 0.16, 0.17, 0.11, 0.05, 0.09, 0.08, 0.1, 0.1, 0.09, 0.03, 0.06, 0.01, 0.11]",0,
115,Anti-Plurality,ATVA_3,50,5,"{'E': 14, 'D': 13, 'C': 9, 'A': 7, 'B': 7}","[1.0, 0.48, 0.79, 0.48, 0.84, 1.0, 0.44, 0.72, 0.76, 0.6, 1.0, 0.76, 1.0, 0.58, 0.48, 0.76, 0.91, 1.0, 1.0, 0.41, 1.0, 0.69, 0.72, 0.58, 0.62, 0.55, 0.81, 0.48, 0.76, 0.74, 0.62, 0.51, 0.46, 0.58, 0.6, 0.88, 0.65, 1.0, 0.76, 0.53, 0.72, 0.53, 0.69, 0.62, 0.62, 0.46, 0.84, 0.6, 0.62, 1.0]",35.24999999999999,"[2, 4, 7, 8, 14, 15, 20, 24, 25, 26, 28, 31, 32, 33, 34, 37, 40, 42, 45, 46, 48]","[0.17, 0.11, 0.1, 0.14, 0.07, 0.12, 0.13, 0.1, 0.07, 0.03, 0.13, 0.06, 0.15, 0.18, 0.08, 0.07, 0.09, 0.16, 0.04, 0.15, 0.13, 0.14, 0.01, 0.17, 0.07, 0.19, 0.04, 0.15, 0.11, 0.07, 0.09, 0.07, 0.19, 0.06, 0.06, 0.05, 0.16, 0.11, 0.14, 0.17, 0.07, 0.15, 0.1, 0.11, 0.12, 0.12, 0.11, 0.07, 0.03, 0.09]",0.4,
116,Anti-Plurality,ATVA_3,50,5,"{'B': 13, 'E': 12, 'C': 11, 'A': 10, 'D': 4}","[1.0, 0.6, 0.76, 1.0, 0.39, 0.79, 0.76, 0.44, 0.88, 1.0, 0.62, 0.65, 0.79, 0.79, 0.69, 0.6, 0.53, 0.69, 1.0, 0.62, 0.69, 0.72, 0.48, 0.58, 0.86, 0.58, 0.62, 0.55, 0.72, 0.84, 0.69, 0.67, 1.0, 0.39, 0.53, 0.62, 0.48, 0.58, 1.0, 0.55, 0.58, 1.0, 0.46, 0.69, 1.0, 0.55, 1.0, 1.0, 0.58, 0.62]",35.23,"[5, 7, 8, 9, 12, 13, 16, 20, 23, 24, 25, 28, 29, 32, 34, 36, 37, 38, 40, 41, 43, 46, 49, 50]","[0.12, 0.17, 0.01, 0.12, 0.17, 0.09, 0.07, 0.11, 0.07, 0.12, 0.1, 0.03, 0.07, 0.03, 0.06, 0.06, 0.11, 0.13, 0.16, 0.06, 0.1, 0.09, 0.16, 0.04, 0.06, 0.05, 0.04, 0.11, 0.07, 0.07, 0.07, 0.1, 0.07, 0.19, 0.11, 0.07, 0.11, 0.04, 0.08, 0.16, 0.11, 0.12, 0.05, 0.13, 0.1, 0.08, 0.12, 0.15, 0.03, 0.13]",0.32999999999999996,
117,Anti-Plurality,ATVA_3,50,5,"{'B': 13, 'C': 11, 'A': 9, 'E': 9, 'D': 8}","[0.74, 0.46, 0.72, 0.41, 0.79, 0.53, 0.41, 0.91, 0.72, 1.0, 0.62, 1.0, 0.62, 0.6, 0.76, 0.48, 0.48, 0.48, 1.0, 0.72, 0.62, 0.69, 1.0, 0.72, 0.55, 1.0, 0.88, 0.51, 0.76, 0.53, 0.62, 0.55, 0.6, 0.58, 0.6, 0.62, 1.0, 0.76, 0.41, 0.6, 0.62, 1.0, 0.53, 0.6, 0.76, 1.0, 0.53, 0.69, 1.0, 0.62]",34.4,"[3, 4, 5, 6, 7, 13, 14, 16, 17, 18, 21, 22, 25, 28, 30, 32, 33, 35, 36, 39, 40, 43, 44, 47, 50]","[0.17, 0.17, 0.04, 0.09, 0.04, 0.01, 0.01, 0.01, 0.06, 0.04, 0.09, 0.05, 0.1, 0.07, 0.13, 0.17, 0.12, 0.05, 0.07, 0.09, 0.01, 0.14, 0.04, 0.1, 0.02, 0.08, 0.04, 0.13, 0.1, 0.15, 0.19, 0.07, 0.07, 0.14, 0.03, 0.03, 0.05, 0.13, 0.07, 0.02, 0.1, 0.12, 0.09, 0.04, 0.14, 0.04, 0.18, 0.19, 0.17, 0.04]",0.07,
118,Anti-Plurality,ATVA_3,50,5,"{'B': 13, 'D': 11, 'E': 11, 'A': 8, 'C': 7}","[0.53, 0.76, 0.53, 0.79, 1.0, 0.62, 1.0, 0.48, 0.65, 0.69, 0.88, 1.0, 0.69, 1.0, 0.76, 1.0, 0.6, 1.0, 0.76, 0.46, 0.69, 0.88, 0.44, 0.79, 0.55, 0.46, 1.0, 1.0, 0.62, 0.86, 0.53, 0.55, 0.58, 0.48, 0.69, 0.6, 1.0, 0.58, 0.81, 0.69, 0.46, 0.67, 0.86, 1.0, 0.44, 0.58, 0.41, 1.0, 0.76, 0.72]",35.9,"[1, 3, 4, 8, 9, 11, 17, 19, 20, 22, 23, 24, 25, 26, 29, 31, 32, 33, 34, 35, 36, 38, 39, 41, 45, 46, 47, 49, 50]","[0.14, 0.14, 0.16, 0.12, 0.11, 0.06, 0.08, 0.17, 0.08, 0.03, 0.16, 0.11, 0.1, 0.11, 0.14, 0.08, 0.07, 0.15, 0.08, 0.04, 0.1, 0.1, 0.11, 0.11, 0.09, 0.03, 0.16, 0.11, 0.14, 0.05, 0.11, 0.03, 0.19, 0.07, 0.09, 0.12, 0.09, 0.13, 0.11, 0.11, 0.04, 0.03, 0.05, 0.08, 0.11, 0.07, 0.05, 0.16, 0.07, 0.09]",0.07000000000000006,
119,Anti-Plurality,ATVA_3,50,5,"{'D': 16, 'A': 10, 'B': 10, 'C': 10, 'E': 4}","[0.76, 0.69, 0.53, 1.0, 1.0, 1.0, 0.79, 1.0, 0.6, 1.0, 0.51, 0.65, 0.76, 0.44, 1.0, 0.67, 0.41, 1.0, 0.48, 1.0, 0.6, 0.65, 0.48, 0.65, 0.62, 0.48, 1.0, 0.86, 1.0, 0.53, 0.58, 0.76, 0.74, 0.69, 1.0, 1.0, 0.6, 1.0, 0.69, 0.48, 0.53, 0.62, 0.62, 0.53, 1.0, 0.74, 1.0, 0.48, 0.6, 1.0]",36.82,"[1, 2, 9, 11, 12, 13, 14, 16, 17, 19, 21, 22, 23, 24, 25, 26, 30, 31, 34, 37, 39, 40, 41, 43, 44, 48, 49]","[0.09, 0.07, 0.1, 0.06, 0.03, 0.01, 0.13, 0.0, 0.06, 0.03, 0.09, 0.09, 0.04, 0.02, 0.0, 0.1, 0.02, 0.05, 0.1, 0.04, 0.14, 0.12, 0.05, 0.11, 0.11, 0.18, 0.03, 0.12, 0.03, 0.04, 0.09, 0.13, 0.17, 0.04, 0.0, 0.03, 0.09, 0.01, 0.07, 0.18, 0.08, 0.17, 0.11, 0.06, 0.01, 0.09, 0.04, 0.13, 0.06, 0.07]",0.09999999999999998,
120,Anti-Plurality,ATVA_3,50,5,"{'D': 14, 'C': 12, 'A': 8, 'B': 8, 'E': 8}","[0.74, 0.53, 1.0, 1.0, 0.6, 0.62, 1.0, 1.0, 0.46, 0.48, 1.0, 0.48, 0.6, 0.91, 1.0, 0.55, 0.62, 0.76, 0.62, 0.46, 0.46, 0.51, 1.0, 0.62, 0.86, 0.69, 0.46, 1.0, 0.6, 0.55, 0.48, 0.72, 0.76, 1.0, 0.58, 0.46, 1.0, 0.46, 1.0, 0.76, 1.0, 0.72, 1.0, 0.6, 0.6, 0.58, 0.76, 0.86, 1.0, 0.6]",36.120000000000005,"[1, 2, 5, 6, 9, 10, 12, 13, 14, 16, 17, 18, 19, 20, 21, 22, 24, 25, 26, 27, 29, 30, 31, 32, 33, 36, 38, 40, 42, 44, 46, 48, 50]","[0.13, 0.1, 0.04, 0.03, 0.17, 0.03, 0.07, 0.01, 0.13, 0.01, 0.06, 0.02, 0.15, 0.15, 0.01, 0.09, 0.19, 0.13, 0.11, 0.13, 0.06, 0.1, 0.07, 0.17, 0.16, 0.11, 0.06, 0.01, 0.2, 0.2, 0.12, 0.08, 0.15, 0.06, 0.09, 0.14, 0.01, 0.18, 0.06, 0.14, 0.03, 0.11, 0.01, 0.01, 0.1, 0.1, 0.13, 0.11, 0.06, 0.1]",0.10000000000000009,
121,Anti-Plurality,ATVA_3,50,5,"{'B': 12, 'D': 12, 'E': 10, 'A': 8, 'C': 8}","[0.79, 0.55, 0.51, 0.6, 0.86, 0.76, 1.0, 0.55, 0.46, 1.0, 0.6, 0.76, 0.76, 0.48, 0.79, 1.0, 0.53, 0.44, 0.62, 1.0, 0.58, 0.55, 0.76, 0.74, 0.76, 0.53, 0.53, 1.0, 1.0, 0.84, 0.72, 0.62, 0.44, 1.0, 1.0, 1.0, 0.48, 0.79, 1.0, 0.48, 0.74, 0.62, 0.86, 0.55, 0.62, 1.0, 0.53, 0.41, 0.53, 1.0]",35.74,"[1, 2, 3, 4, 8, 9, 11, 13, 14, 15, 18, 19, 23, 26, 27, 30, 31, 32, 33, 37, 38, 40, 41, 42, 45, 47, 48, 49]","[0.12, 0.1, 0.08, 0.11, 0.05, 0.03, 0.14, 0.05, 0.2, 0.02, 0.13, 0.04, 0.08, 0.11, 0.11, 0.07, 0.04, 0.13, 0.17, 0.04, 0.09, 0.13, 0.08, 0.07, 0.04, 0.11, 0.07, 0.07, 0.11, 0.08, 0.12, 0.09, 0.16, 0.11, 0.04, 0.05, 0.08, 0.1, 0.05, 0.15, 0.15, 0.07, 0.07, 0.07, 0.09, 0.11, 0.19, 0.11, 0.14, 0.12]",0.09999999999999998,
122,Anti-Plurality,ATVA_4,50,5,"{'D': 42, 'A': 40, 'B': 40, 'C': 39, 'E': 39}","[0.51, 1.0, 0.6, 0.72, 0.58, 0.72, 0.62, 0.48, 1.0, 0.48, 1.0, 0.58, 0.65, 0.72, 0.69, 0.62, 0.81, 1.0, 0.65, 0.39, 0.53, 0.65, 0.81, 0.51, 1.0, 0.58, 0.48, 0.62, 1.0, 0.86, 0.53, 0.67, 0.55, 0.62, 0.76, 0.46, 0.72, 0.48, 0.74, 1.0, 0.65, 0.55, 0.69, 0.76, 0.69, 0.72, 0.72, 1.0, 1.0, 1.0]",35.17,"[8, 20, 21, 27, 36]","[0.15, 0.06, 0.12, 0.08, 0.13, 0.08, 0.1, 0.17, 0.04, 0.16, 0.06, 0.13, 0.09, 0.07, 0.09, 0.12, 0.02, 0.0, 0.11, 0.2, 0.16, 0.11, 0.05, 0.14, 0.07, 0.11, 0.16, 0.1, 0.04, 0.02, 0.13, 0.1, 0.12, 0.12, 0.07, 0.17, 0.08, 0.16, 0.04, 0.02, 0.09, 0.14, 0.07, 0.07, 0.09, 0.08, 0.09, 0.07, 0.09, 0.08]",0.09999999999999998,
123,Anti-Plurality,ATVA_4,50,5,"{'A': 46, 'E': 41, 'D': 39, 'C': 38, 'B': 36}","[0.55, 0.58, 0.91, 1.0, 1.0, 0.69, 0.51, 0.74, 1.0, 0.6, 0.76, 0.53, 0.76, 0.46, 0.79, 0.44, 0.62, 1.0, 0.62, 0.6, 0.76, 0.48, 0.46, 1.0, 0.86, 0.65, 0.69, 0.76, 0.55, 0.76, 0.51, 0.55, 0.48, 1.0, 0.84, 0.69, 0.58, 0.72, 0.79, 0.6, 0.74, 0.6, 0.76, 0.6, 0.6, 0.69, 0.6, 0.6, 0.91, 0.55]",34.53999999999999,"[7, 25, 29, 30, 31, 32, 41, 50]","[0.13, 0.11, 0.01, 0.09, 0.03, 0.09, 0.14, 0.04, 0.05, 0.12, 0.07, 0.13, 0.05, 0.17, 0.06, 0.18, 0.12, 0.06, 0.11, 0.11, 0.05, 0.16, 0.17, 0.07, 0.02, 0.09, 0.09, 0.05, 0.12, 0.07, 0.14, 0.12, 0.16, 0.03, 0.03, 0.09, 0.1, 0.08, 0.04, 0.12, 0.06, 0.12, 0.05, 0.11, 0.11, 0.09, 0.13, 0.11, 0.01, 0.12]",0.09999999999999998,
124,Anti-Plurality,ATVA_4,50,5,"{'E': 45, 'A': 41, 'C': 40, 'D': 38, 'B': 36}","[0.62, 0.48, 0.58, 0.55, 0.48, 0.51, 0.69, 0.74, 0.53, 0.69, 0.69, 0.79, 0.44, 0.76, 0.76, 1.0, 0.58, 0.48, 0.69, 0.62, 0.55, 0.81, 1.0, 1.0, 0.58, 0.6, 0.53, 0.76, 0.53, 1.0, 0.53, 0.72, 1.0, 0.41, 0.74, 0.72, 1.0, 0.74, 0.76, 0.72, 0.79, 0.72, 1.0, 0.86, 0.62, 0.72, 0.62, 0.86, 0.65, 0.51]",34.730000000000004,[],"[0.1, 0.16, 0.13, 0.13, 0.16, 0.15, 0.09, 0.04, 0.15, 0.09, 0.09, 0.04, 0.18, 0.07, 0.07, 0.05, 0.13, 0.16, 0.09, 0.1, 0.14, 0.05, 0.09, 0.08, 0.11, 0.12, 0.15, 0.05, 0.15, 0.07, 0.15, 0.08, 0.04, 0.19, 0.04, 0.08, 0.07, 0.06, 0.07, 0.09, 0.06, 0.08, 0.01, 0.02, 0.11, 0.08, 0.08, 0.02, 0.09, 0.15]",0,
125,Anti-Plurality,ATVA_4,50,5,"{'B': 43, 'E': 42, 'A': 40, 'C': 40, 'D': 35}","[0.86, 0.79, 0.55, 0.79, 0.74, 0.53, 0.67, 0.44, 0.6, 0.39, 0.41, 1.0, 0.67, 1.0, 1.0, 1.0, 1.0, 0.51, 0.41, 0.53, 1.0, 0.69, 0.86, 0.81, 0.48, 1.0, 0.62, 0.72, 0.69, 0.65, 0.6, 0.46, 0.69, 0.69, 0.46, 1.0, 0.46, 0.58, 0.76, 0.62, 1.0, 0.53, 0.76, 0.69, 0.51, 0.62, 1.0, 0.41, 0.6, 1.0]",34.85,"[5, 8, 11, 23, 24, 35]","[0.04, 0.06, 0.13, 0.04, 0.06, 0.13, 0.1, 0.18, 0.11, 0.2, 0.19, 0.07, 0.1, 0.01, 0.06, 0.02, 0.03, 0.15, 0.19, 0.15, 0.07, 0.09, 0.02, 0.05, 0.16, 0.0, 0.12, 0.08, 0.09, 0.09, 0.11, 0.17, 0.09, 0.09, 0.17, 0.04, 0.17, 0.11, 0.05, 0.1, 0.01, 0.16, 0.07, 0.07, 0.15, 0.1, 0.07, 0.19, 0.12, 0.08]",0.09999999999999998,
126,Anti-Plurality,ATVA_4,50,5,"{'D': 45, 'A': 43, 'B': 38, 'E': 38, 'C': 36}","[0.67, 0.86, 1.0, 1.0, 1.0, 0.67, 1.0, 0.58, 0.6, 0.76, 0.6, 0.79, 1.0, 0.53, 0.58, 0.74, 0.51, 0.53, 0.48, 1.0, 0.48, 0.84, 0.86, 1.0, 0.6, 0.76, 0.69, 0.81, 0.69, 0.62, 0.55, 0.72, 0.67, 0.53, 0.76, 0.46, 0.55, 0.88, 1.0, 0.62, 0.46, 0.76, 0.48, 0.58, 1.0, 0.53, 1.0, 0.58, 0.62, 0.76]",35.75999999999999,"[2, 21, 23, 28, 36, 37, 41]","[0.1, 0.02, 0.07, 0.03, 0.03, 0.1, 0.06, 0.13, 0.12, 0.05, 0.11, 0.04, 0.03, 0.13, 0.11, 0.04, 0.14, 0.15, 0.16, 0.0, 0.16, 0.03, 0.02, 0.05, 0.11, 0.05, 0.09, 0.05, 0.07, 0.11, 0.13, 0.09, 0.1, 0.15, 0.07, 0.17, 0.14, 0.03, 0.0, 0.1, 0.17, 0.07, 0.16, 0.11, 0.09, 0.15, 0.04, 0.13, 0.11, 0.07]",0.09999999999999998,
127,Anti-Plurality,ATVA_4,50,5,"{'B': 45, 'A': 40, 'C': 40, 'D': 38, 'E': 37}","[1.0, 0.88, 0.67, 0.6, 0.48, 0.76, 0.79, 0.48, 1.0, 1.0, 0.69, 0.62, 1.0, 0.62, 0.62, 0.58, 0.55, 0.69, 0.58, 0.65, 0.48, 0.6, 0.58, 1.0, 0.62, 0.72, 0.51, 0.48, 0.67, 0.51, 1.0, 1.0, 0.79, 1.0, 0.76, 0.6, 0.65, 0.74, 0.44, 0.72, 0.67, 0.79, 0.84, 0.76, 1.0, 0.55, 0.67, 0.76, 0.44, 1.0]",35.61,"[15, 16, 40]","[0.07, 0.03, 0.1, 0.13, 0.16, 0.07, 0.06, 0.16, 0.07, 0.03, 0.09, 0.08, 0.09, 0.1, 0.11, 0.13, 0.12, 0.07, 0.13, 0.11, 0.17, 0.13, 0.13, 0.02, 0.1, 0.08, 0.15, 0.16, 0.1, 0.15, 0.05, 0.06, 0.06, 0.01, 0.05, 0.11, 0.11, 0.04, 0.18, 0.08, 0.1, 0.04, 0.03, 0.07, 0.03, 0.13, 0.1, 0.07, 0.18, 0.09]",0.09999999999999998,
128,Anti-Plurality,ATVA_4,50,5,"{'A': 41, 'B': 41, 'C': 41, 'D': 39, 'E': 38}","[0.72, 0.72, 1.0, 0.65, 0.58, 1.0, 0.69, 1.0, 0.41, 0.46, 0.6, 1.0, 1.0, 0.41, 0.69, 0.91, 1.0, 1.0, 0.41, 1.0, 0.69, 0.62, 1.0, 0.62, 0.53, 0.65, 0.72, 0.86, 0.72, 1.0, 0.48, 0.69, 1.0, 0.67, 0.44, 0.62, 0.53, 0.48, 0.6, 0.67, 0.6, 0.72, 0.53, 0.46, 1.0, 0.62, 0.72, 0.69, 0.72, 0.51]",35.41,"[1, 7, 9, 11, 14, 15, 19, 21, 27, 29, 32, 34, 35, 39, 40, 41, 42, 44, 47, 48, 49]","[0.09, 0.08, 0.09, 0.09, 0.11, 0.07, 0.09, 0.04, 0.19, 0.17, 0.12, 0.07, 0.07, 0.19, 0.09, 0.01, 0.03, 0.06, 0.19, 0.07, 0.09, 0.1, 0.09, 0.12, 0.15, 0.11, 0.08, 0.04, 0.08, 0.07, 0.16, 0.09, 0.06, 0.1, 0.18, 0.08, 0.15, 0.17, 0.11, 0.1, 0.13, 0.09, 0.15, 0.17, 0.06, 0.08, 0.08, 0.09, 0.08, 0.14]",0.32999999999999996,
129,Anti-Plurality,ATVA_4,50,5,"{'A': 45, 'B': 42, 'C': 38, 'D': 38, 'E': 37}","[1.0, 0.69, 0.62, 0.48, 0.55, 0.48, 0.62, 0.74, 0.76, 0.65, 0.53, 0.55, 0.46, 0.6, 0.74, 0.72, 0.58, 0.53, 0.58, 0.6, 0.86, 0.48, 0.69, 0.53, 0.69, 0.76, 0.51, 1.0, 0.76, 0.79, 0.58, 1.0, 0.91, 0.46, 0.74, 0.55, 0.69, 1.0, 0.62, 1.0, 0.67, 0.51, 0.88, 0.48, 0.58, 0.44, 1.0, 0.69, 0.41, 0.69]",33.44999999999999,"[5, 13, 27, 46, 49]","[0.07, 0.09, 0.11, 0.16, 0.14, 0.16, 0.08, 0.04, 0.07, 0.09, 0.15, 0.13, 0.17, 0.11, 0.06, 0.08, 0.11, 0.13, 0.11, 0.12, 0.04, 0.16, 0.09, 0.15, 0.09, 0.07, 0.14, 0.03, 0.05, 0.04, 0.1, 0.06, 0.01, 0.17, 0.06, 0.14, 0.09, 0.03, 0.12, 0.03, 0.1, 0.15, 0.03, 0.16, 0.13, 0.18, 0.04, 0.07, 0.19, 0.09]",0.09000000000000002,
130,Anti-Plurality,ATVA_4,50,5,"{'A': 43, 'D': 41, 'E': 41, 'B': 38, 'C': 37}","[0.65, 0.72, 0.79, 1.0, 1.0, 0.84, 1.0, 0.39, 1.0, 0.58, 0.86, 0.74, 1.0, 0.84, 0.74, 0.44, 0.51, 1.0, 1.0, 1.0, 0.51, 0.69, 0.72, 1.0, 0.79, 1.0, 1.0, 0.86, 1.0, 0.91, 0.76, 0.6, 0.53, 0.53, 0.79, 1.0, 0.76, 1.0, 0.46, 0.69, 1.0, 0.46, 0.62, 0.44, 0.53, 0.58, 0.67, 0.48, 0.41, 0.76]",37.64999999999999,"[8, 22, 31, 37, 42]","[0.11, 0.08, 0.04, 0.09, 0.01, 0.03, 0.02, 0.2, 0.03, 0.13, 0.04, 0.06, 0.01, 0.03, 0.06, 0.18, 0.14, 0.09, 0.1, 0.07, 0.14, 0.07, 0.08, 0.06, 0.04, 0.06, 0.08, 0.02, 0.05, 0.01, 0.05, 0.11, 0.16, 0.15, 0.06, 0.07, 0.05, 0.09, 0.17, 0.09, 0.04, 0.17, 0.12, 0.18, 0.15, 0.11, 0.1, 0.16, 0.19, 0.05]",0.10000000000000009,
131,Anti-Plurality,ATVA_4,50,5,"{'B': 44, 'E': 42, 'C': 40, 'A': 39, 'D': 35}","[0.46, 1.0, 0.44, 0.69, 1.0, 0.48, 1.0, 0.48, 0.65, 1.0, 0.74, 0.53, 0.53, 0.46, 0.55, 0.41, 0.58, 0.88, 0.76, 1.0, 0.6, 0.58, 0.69, 0.81, 0.48, 0.74, 1.0, 0.72, 0.58, 0.62, 1.0, 0.86, 1.0, 1.0, 1.0, 0.55, 0.76, 0.67, 0.6, 0.72, 0.69, 0.88, 0.51, 0.48, 0.62, 0.69, 0.91, 0.79, 0.72, 0.62]",35.529999999999994,"[1, 3, 6, 8, 13, 24, 32, 44]","[0.17, 0.03, 0.18, 0.09, 0.06, 0.17, 0.08, 0.16, 0.11, 0.0, 0.04, 0.15, 0.15, 0.17, 0.14, 0.19, 0.13, 0.03, 0.05, 0.07, 0.13, 0.13, 0.09, 0.05, 0.16, 0.04, 0.01, 0.09, 0.11, 0.08, 0.05, 0.02, 0.05, 0.08, 0.06, 0.12, 0.05, 0.1, 0.13, 0.07, 0.07, 0.03, 0.15, 0.17, 0.1, 0.07, 0.01, 0.04, 0.07, 0.11]",0.09999999999999998,
132,Borda,BTVA,50,5,"{'B': 107, 'D': 104, 'A': 102, 'E': 100, 'C': 87}","[1.0, 0.58, 0.62, 1.0, 0.79, 0.72, 0.74, 0.79, 0.41, 0.6, 0.62, 0.69, 0.58, 0.76, 0.48, 0.6, 0.81, 0.55, 1.0, 0.48, 0.48, 1.0, 0.62, 0.76, 1.0, 0.62, 0.74, 1.0, 0.81, 0.67, 0.62, 0.69, 0.55, 0.81, 0.69, 0.58, 0.91, 0.41, 0.91, 1.0, 0.62, 0.51, 0.84, 0.72, 1.0, 0.62, 0.55, 0.55, 0.48, 0.6]",35.18,"[3, 6, 10, 12, 14, 16, 18, 21, 23, 24, 26, 30, 32, 35, 36, 41, 43, 47, 49, 50]","[0.03, 0.13, 0.12, 0.04, 0.04, 0.07, 0.06, 0.04, 0.19, 0.11, 0.11, 0.09, 0.13, 0.05, 0.17, 0.11, 0.02, 0.12, 0.09, 0.16, 0.16, 0.07, 0.12, 0.05, 0.07, 0.12, 0.06, 0.09, 0.02, 0.1, 0.08, 0.09, 0.13, 0.02, 0.09, 0.1, 0.01, 0.19, 0.01, 0.09, 0.12, 0.15, 0.03, 0.08, 0.01, 0.08, 0.13, 0.14, 0.16, 0.11]",0.07000000000000006,
133,Borda,BTVA,50,5,"{'B': 108, 'A': 107, 'D': 107, 'C': 96, 'E': 82}","[1.0, 0.76, 0.53, 1.0, 0.76, 0.62, 0.58, 0.39, 0.84, 0.72, 1.0, 1.0, 1.0, 1.0, 0.53, 0.62, 0.6, 0.69, 0.88, 0.86, 0.55, 1.0, 0.65, 0.48, 0.76, 0.41, 0.91, 0.53, 0.6, 0.6, 0.55, 0.69, 0.58, 1.0, 0.53, 0.58, 0.69, 0.79, 0.76, 0.58, 0.88, 1.0, 0.79, 0.65, 0.74, 0.58, 0.48, 0.65, 1.0, 0.6]",35.99,"[2, 3, 5, 6, 7, 8, 9, 18, 19, 20, 25, 26, 27, 28, 29, 30, 32, 33, 35, 37, 38, 39, 41, 43, 45, 50]","[0.09, 0.05, 0.15, 0.09, 0.05, 0.11, 0.13, 0.2, 0.03, 0.09, 0.03, 0.03, 0.03, 0.06, 0.13, 0.1, 0.13, 0.09, 0.03, 0.04, 0.12, 0.02, 0.09, 0.16, 0.07, 0.19, 0.01, 0.16, 0.12, 0.12, 0.12, 0.09, 0.11, 0.03, 0.15, 0.1, 0.09, 0.04, 0.05, 0.11, 0.03, 0.04, 0.04, 0.09, 0.04, 0.13, 0.16, 0.09, 0.02, 0.12]",0.4,
134,Borda,BTVA,50,5,"{'C': 112, 'E': 107, 'B': 100, 'D': 95, 'A': 86}","[1.0, 0.6, 0.79, 0.74, 0.6, 0.62, 0.76, 1.0, 0.51, 1.0, 0.58, 1.0, 1.0, 0.69, 0.91, 0.41, 1.0, 1.0, 0.46, 0.48, 0.48, 0.79, 0.79, 0.6, 1.0, 1.0, 0.84, 1.0, 1.0, 0.48, 0.76, 0.53, 1.0, 1.0, 0.84, 0.58, 0.79, 0.51, 1.0, 0.65, 0.6, 0.53, 0.58, 0.44, 0.74, 0.72, 0.41, 0.81, 1.0, 0.6]",37.22,[],"[0.07, 0.12, 0.04, 0.06, 0.11, 0.11, 0.05, 0.0, 0.14, 0.02, 0.13, 0.09, 0.01, 0.09, 0.01, 0.19, 0.09, 0.1, 0.17, 0.16, 0.17, 0.06, 0.04, 0.12, 0.02, 0.01, 0.03, 0.04, 0.09, 0.16, 0.07, 0.13, 0.05, 0.08, 0.03, 0.1, 0.06, 0.14, 0.01, 0.11, 0.13, 0.13, 0.13, 0.18, 0.04, 0.08, 0.19, 0.02, 0.07, 0.11]",0,
135,Borda,BTVA,50,5,"{'E': 113, 'D': 103, 'A': 95, 'B': 95, 'C': 94}","[1.0, 1.0, 0.41, 0.6, 0.81, 0.46, 0.69, 0.48, 1.0, 0.58, 1.0, 0.53, 0.44, 0.79, 1.0, 0.76, 0.58, 0.62, 0.6, 0.72, 0.76, 0.6, 0.48, 0.48, 0.48, 1.0, 1.0, 0.81, 0.72, 0.69, 0.48, 0.62, 0.69, 1.0, 0.76, 1.0, 1.0, 1.0, 1.0, 0.48, 0.86, 0.69, 0.69, 0.41, 1.0, 0.76, 1.0, 0.48, 1.0, 1.0]",37.010000000000005,"[3, 5, 6, 8, 10, 13, 22, 23, 28, 31, 35, 40, 42, 43, 44, 46, 48]","[0.09, 0.0, 0.19, 0.13, 0.05, 0.17, 0.07, 0.16, 0.03, 0.13, 0.1, 0.13, 0.18, 0.06, 0.03, 0.05, 0.13, 0.08, 0.11, 0.08, 0.05, 0.11, 0.16, 0.16, 0.17, 0.09, 0.04, 0.05, 0.09, 0.09, 0.16, 0.11, 0.09, 0.04, 0.07, 0.09, 0.0, 0.03, 0.03, 0.17, 0.04, 0.09, 0.09, 0.19, 0.07, 0.05, 0.0, 0.17, 0.02, 0.05]",0.09999999999999998,
136,Borda,BTVA,50,5,"{'A': 109, 'B': 106, 'D': 104, 'E': 95, 'C': 86}","[1.0, 1.0, 1.0, 0.74, 0.69, 0.55, 0.48, 0.86, 0.44, 0.62, 1.0, 0.72, 0.53, 0.65, 0.76, 0.41, 1.0, 0.6, 0.74, 1.0, 0.58, 1.0, 0.55, 0.6, 0.79, 0.46, 0.53, 0.91, 1.0, 0.79, 1.0, 0.58, 1.0, 0.53, 0.69, 0.6, 0.48, 1.0, 0.41, 1.0, 0.48, 0.81, 0.72, 0.53, 0.62, 0.74, 1.0, 0.67, 0.62, 0.91]",36.38999999999999,"[6, 8, 10, 23, 35, 36]","[0.05, 0.09, 0.06, 0.04, 0.07, 0.12, 0.16, 0.04, 0.18, 0.12, 0.03, 0.08, 0.13, 0.09, 0.05, 0.19, 0.03, 0.11, 0.04, 0.05, 0.11, 0.04, 0.12, 0.13, 0.04, 0.17, 0.15, 0.01, 0.03, 0.06, 0.09, 0.11, 0.0, 0.16, 0.09, 0.11, 0.16, 0.07, 0.19, 0.05, 0.16, 0.05, 0.08, 0.13, 0.11, 0.04, 0.03, 0.1, 0.1, 0.01]",0.030000000000000027,
137,Borda,BTVA,50,5,"{'D': 117, 'C': 109, 'E': 92, 'A': 91, 'B': 91}","[0.91, 0.62, 0.81, 0.55, 0.48, 0.48, 0.53, 1.0, 0.55, 0.62, 0.69, 0.62, 1.0, 0.6, 0.53, 0.53, 1.0, 1.0, 1.0, 0.62, 0.46, 0.62, 0.48, 0.62, 1.0, 1.0, 1.0, 0.76, 1.0, 1.0, 1.0, 0.6, 1.0, 0.51, 0.58, 1.0, 0.81, 1.0, 0.76, 0.6, 0.53, 1.0, 0.76, 0.62, 0.69, 0.6, 1.0, 0.69, 0.48, 0.86]",37.169999999999995,"[3, 5, 6, 7, 9, 14, 16, 20, 21, 23, 24, 35, 37, 39, 40, 41, 43, 46, 48, 49, 50]","[0.01, 0.08, 0.05, 0.14, 0.17, 0.17, 0.15, 0.09, 0.13, 0.12, 0.09, 0.1, 0.02, 0.12, 0.13, 0.16, 0.03, 0.03, 0.04, 0.11, 0.17, 0.11, 0.17, 0.08, 0.05, 0.0, 0.05, 0.07, 0.02, 0.07, 0.05, 0.11, 0.03, 0.15, 0.1, 0.01, 0.05, 0.05, 0.05, 0.11, 0.13, 0.05, 0.07, 0.1, 0.09, 0.12, 0.03, 0.09, 0.16, 0.02]",0.14,
138,Borda,BTVA,50,5,"{'E': 105, 'B': 103, 'C': 99, 'D': 99, 'A': 94}","[0.62, 1.0, 1.0, 1.0, 0.65, 0.69, 0.53, 0.51, 0.58, 0.76, 0.69, 0.86, 0.69, 1.0, 0.53, 1.0, 0.55, 1.0, 1.0, 0.62, 0.48, 0.53, 0.65, 1.0, 1.0, 0.62, 0.6, 0.81, 0.48, 0.76, 0.46, 0.67, 0.88, 1.0, 0.53, 0.88, 0.53, 0.58, 0.79, 0.53, 1.0, 0.41, 1.0, 0.58, 0.76, 1.0, 1.0, 0.46, 0.69, 0.48]",36.43999999999999,"[1, 6, 8, 10, 12, 13, 15, 17, 20, 21, 22, 27, 28, 29, 31, 32, 33, 36, 39, 42, 44, 48, 49]","[0.12, 0.1, 0.01, 0.01, 0.09, 0.09, 0.15, 0.14, 0.11, 0.07, 0.07, 0.02, 0.07, 0.06, 0.13, 0.04, 0.14, 0.06, 0.03, 0.12, 0.16, 0.13, 0.11, 0.05, 0.09, 0.12, 0.12, 0.05, 0.16, 0.07, 0.17, 0.1, 0.03, 0.06, 0.15, 0.03, 0.15, 0.13, 0.04, 0.16, 0.03, 0.19, 0.09, 0.13, 0.05, 0.06, 0.06, 0.17, 0.09, 0.16]",0.31000000000000005,
139,Borda,BTVA,50,5,"{'D': 115, 'E': 107, 'C': 96, 'A': 93, 'B': 89}","[1.0, 0.48, 0.86, 0.74, 1.0, 1.0, 0.76, 0.79, 0.55, 0.76, 0.58, 1.0, 0.55, 0.69, 1.0, 1.0, 1.0, 0.72, 1.0, 1.0, 0.62, 0.48, 0.48, 0.76, 0.55, 0.74, 0.58, 0.48, 0.74, 1.0, 0.62, 0.46, 0.62, 0.91, 0.65, 0.67, 0.62, 1.0, 0.55, 1.0, 0.76, 1.0, 0.69, 0.6, 0.76, 0.48, 0.46, 1.0, 0.62, 0.6]",36.98,"[7, 22, 32, 46]","[0.01, 0.16, 0.04, 0.04, 0.07, 0.04, 0.05, 0.04, 0.12, 0.05, 0.13, 0.03, 0.14, 0.09, 0.05, 0.03, 0.07, 0.08, 0.06, 0.05, 0.11, 0.16, 0.16, 0.07, 0.13, 0.04, 0.1, 0.17, 0.04, 0.09, 0.11, 0.17, 0.11, 0.01, 0.11, 0.1, 0.11, 0.1, 0.13, 0.03, 0.05, 0.03, 0.09, 0.13, 0.05, 0.16, 0.17, 0.03, 0.1, 0.13]",0.030000000000000027,
140,Borda,BTVA,50,5,"{'E': 106, 'A': 103, 'B': 101, 'D': 101, 'C': 89}","[0.69, 0.62, 1.0, 0.53, 0.76, 0.46, 1.0, 0.55, 0.79, 0.72, 0.72, 0.72, 0.69, 1.0, 0.48, 0.72, 0.53, 1.0, 1.0, 0.62, 1.0, 0.58, 0.48, 1.0, 0.74, 0.69, 1.0, 0.58, 0.41, 1.0, 0.79, 0.58, 0.48, 0.53, 0.62, 0.6, 1.0, 0.51, 0.46, 0.6, 0.58, 0.81, 0.76, 0.6, 0.58, 1.0, 0.58, 0.69, 0.69, 0.69]",35.23,"[1, 2, 5, 6, 8, 9, 10, 12, 17, 25, 26, 29, 33, 39, 40, 42, 43, 47]","[0.07, 0.11, 0.07, 0.15, 0.07, 0.17, 0.03, 0.12, 0.04, 0.07, 0.08, 0.09, 0.07, 0.01, 0.16, 0.08, 0.15, 0.01, 0.07, 0.1, 0.01, 0.11, 0.16, 0.07, 0.06, 0.09, 0.02, 0.11, 0.19, 0.01, 0.04, 0.13, 0.16, 0.15, 0.12, 0.13, 0.07, 0.15, 0.17, 0.11, 0.13, 0.02, 0.05, 0.12, 0.13, 0.05, 0.13, 0.07, 0.07, 0.09]",0.24,
141,Borda,BTVA,50,5,"{'B': 112, 'C': 103, 'D': 101, 'A': 97, 'E': 87}","[0.69, 0.86, 0.6, 1.0, 0.44, 1.0, 1.0, 0.88, 0.51, 0.46, 0.6, 0.86, 1.0, 0.69, 0.62, 0.53, 0.62, 0.65, 0.72, 1.0, 0.65, 1.0, 0.69, 0.51, 0.46, 0.69, 0.79, 0.51, 0.62, 1.0, 0.76, 1.0, 0.62, 1.0, 1.0, 0.69, 0.46, 1.0, 0.62, 0.72, 0.48, 0.74, 0.76, 0.76, 1.0, 0.44, 0.55, 0.55, 1.0, 0.76]",36.559999999999995,"[9, 12, 15, 23, 31, 39, 41]","[0.09, 0.02, 0.13, 0.08, 0.18, 0.03, 0.09, 0.03, 0.14, 0.17, 0.11, 0.04, 0.01, 0.09, 0.12, 0.13, 0.1, 0.11, 0.09, 0.09, 0.09, 0.03, 0.09, 0.14, 0.17, 0.09, 0.04, 0.14, 0.08, 0.05, 0.05, 0.05, 0.11, 0.04, 0.02, 0.07, 0.17, 0.04, 0.12, 0.08, 0.16, 0.06, 0.07, 0.05, 0.01, 0.18, 0.13, 0.14, 0.07, 0.05]",0.030000000000000027,
142,Borda,ATVA_1,50,5,"{'B': 107, 'A': 103, 'D': 103, 'E': 97, 'C': 90}","[1.0, 0.65, 0.69, 0.44, 1.0, 0.81, 0.55, 0.58, 1.0, 0.76, 1.0, 1.0, 1.0, 0.48, 0.91, 0.76, 0.46, 0.67, 0.86, 0.69, 0.65, 1.0, 0.67, 0.51, 0.48, 1.0, 0.69, 0.58, 0.44, 0.55, 0.48, 1.0, 0.6, 0.62, 0.41, 0.69, 0.76, 0.86, 0.69, 0.53, 1.0, 0.74, 0.48, 0.76, 0.53, 0.65, 0.48, 1.0, 0.72, 1.0]",35.879999999999995,"[3, 7, 14, 19, 20, 27, 29, 31, 36, 39, 40, 42, 43, 44, 45, 47]","[0.08, 0.09, 0.07, 0.18, 0.03, 0.05, 0.12, 0.13, 0.0, 0.07, 0.03, 0.04, 0.01, 0.16, 0.01, 0.07, 0.17, 0.1, 0.04, 0.09, 0.09, 0.09, 0.1, 0.15, 0.16, 0.05, 0.07, 0.13, 0.18, 0.14, 0.16, 0.07, 0.13, 0.1, 0.19, 0.09, 0.07, 0.02, 0.07, 0.15, 0.04, 0.04, 0.16, 0.05, 0.15, 0.11, 0.16, 0.04, 0.09, 0.01]",0.10000000000000009,"[(44, 45), (20, 29), (39, 42), (3, 31), (14, 31), (20, 47), (31, 47), (3, 40), (14, 40), (27, 43), (19, 39), (7, 19), (44, 47), (20, 31), (39, 44), (3, 24), (14, 24), (20, 40), (29, 43), (31, 40), (40, 43), (3, 42), (14, 42), (27, 36), (27, 45), (42, 43), (3, 8), (20, 24), (29, 36), (29, 45), (20, 42), (31, 42), (40, 45), (3, 44), (14, 44), (27, 29), (27, 38), (7, 14), (27, 47), (19, 43), (42, 45), (3, 19), (14, 19), (29, 47), (20, 44), (7, 44), (31, 44), (40, 47), (27, 31), (19, 27), (36, 43), (27, 40), (19, 36), (19, 45), (42, 47), (29, 31), (29, 40), (19, 20), (19, 29), (36, 45), (27, 42), (19, 47), (3, 14), (29, 42), (31, 39), (7, 39), (40, 42), (19, 31), (36, 47), (27, 44), (19, 40), (3, 7), (29, 44), (40, 44), (19, 24), (36, 40), (19, 42), (43, 45), (7, 43), (36, 42), (27, 39), (3, 39), (14, 39), (19, 44), (43, 47), (7, 27), (7, 36), (7, 45), (39, 43), (20, 39), (45, 47), (36, 44), (7, 20), (7, 29), (7, 47), (39, 45), (3, 47), (3, 43), (14, 43), (42, 44), (7, 31), (7, 40), (39, 47), (3, 27), (14, 27), (20, 43), (31, 43), (36, 39), (3, 36), (14, 36), (3, 45), (14, 45), (43, 44), (42, 46), (7, 24), (7, 42), (20, 27), (39, 40), (3, 20), (14, 20), (20, 36), (29, 39), (31, 36), (3, 29), (14, 29), (20, 45), (31, 45), (3, 38), (14, 47), (7, 8)]"
143,Borda,ATVA_1,50,5,"{'A': 106, 'E': 103, 'D': 101, 'B': 97, 'C': 93}","[0.51, 0.53, 0.46, 0.76, 0.72, 0.62, 0.67, 1.0, 1.0, 1.0, 0.62, 0.55, 0.62, 0.79, 0.62, 0.62, 1.0, 0.48, 0.74, 0.76, 0.6, 0.46, 0.79, 1.0, 0.55, 0.72, 1.0, 0.51, 0.84, 0.86, 1.0, 0.55, 0.44, 1.0, 0.58, 1.0, 0.62, 0.62, 0.62, 0.88, 0.46, 1.0, 1.0, 0.46, 0.46, 0.86, 0.62, 0.76, 0.91, 0.41]",35.64999999999999,"[1, 2, 25, 29, 30, 32, 45, 50]","[0.14, 0.13, 0.17, 0.07, 0.09, 0.11, 0.1, 0.09, 0.05, 0.09, 0.08, 0.14, 0.08, 0.04, 0.11, 0.1, 0.03, 0.16, 0.06, 0.05, 0.11, 0.17, 0.04, 0.09, 0.13, 0.08, 0.01, 0.14, 0.03, 0.04, 0.01, 0.13, 0.18, 0.03, 0.13, 0.09, 0.11, 0.1, 0.11, 0.03, 0.17, 0.01, 0.1, 0.17, 0.17, 0.02, 0.12, 0.07, 0.01, 0.19]",0.07000000000000006,"[(25, 32), (19, 46), (25, 41), (25, 50), (29, 32), (12, 25), (29, 41), (21, 37), (11, 14), (28, 30), (29, 50), (21, 46), (11, 23), (1, 15), (19, 39), (2, 32), (19, 48), (11, 44), (2, 41), (2, 50), (12, 18), (21, 39), (11, 16), (21, 48), (12, 45), (2, 25), (19, 41), (30, 41), (1, 35), (11, 37), (19, 50), (30, 50), (1, 44), (11, 46), (25, 45), (12, 20), (12, 29), (29, 45), (21, 41), (21, 50), (1, 28), (25, 29), (11, 39), (11, 48), (2, 45), (12, 13), (12, 22), (29, 38), (1, 3), (1, 12), (2, 20), (1, 30), (2, 29), (30, 45), (11, 41), (11, 50), (12, 15), (29, 40), (29, 49), (2, 13), (19, 29), (28, 32), (2, 22), (19, 38), (28, 41), (1, 32), (28, 50), (32, 41), (29, 33), (32, 50), (21, 29), (21, 38), (12, 35), (2, 6), (19, 22), (11, 18), (2, 15), (45, 50), (1, 25), (19, 40), (25, 35), (19, 49), (21, 22), (29, 35), (12, 28), (29, 44), (21, 40), (21, 49), (1, 18), (19, 33), (11, 29), (25, 28), (28, 45), (11, 38), (2, 35), (32, 45), (29, 37), (21, 33), (12, 30), (1, 2), (28, 29), (19, 26), (1, 20), (11, 22), (30, 35), (2, 28), (19, 44), (30, 44), (11, 40), (11, 49), (29, 30), (1, 41), (21, 26), (1, 50), (2, 3), (1, 13), (2, 12), (19, 28), (12, 44), (19, 37), (11, 33), (2, 30), (21, 28), (25, 44), (1, 6), (19, 21), (11, 26), (1, 45), (2, 44), (29, 46), (19, 23), (11, 19), (28, 35), (30, 32), (11, 28), (28, 44), (32, 35), (1, 29), (25, 30), (32, 44), (21, 23), (29, 39), (12, 32), (11, 12), (29, 48), (21, 44), (12, 41), (11, 21), (2, 18), (12, 50), (1, 22)]"
144,Borda,ATVA_1,50,5,"{'C': 111, 'E': 109, 'A': 97, 'D': 93, 'B': 90}","[1.0, 1.0, 0.55, 0.79, 0.86, 0.79, 0.62, 0.86, 0.72, 0.55, 0.69, 0.55, 0.69, 0.65, 1.0, 1.0, 0.48, 0.65, 1.0, 0.62, 0.6, 0.81, 0.74, 0.48, 1.0, 0.69, 0.48, 0.69, 1.0, 0.62, 0.86, 0.79, 0.48, 1.0, 0.65, 0.69, 0.46, 1.0, 0.6, 1.0, 1.0, 1.0, 0.41, 0.76, 0.41, 0.58, 0.46, 0.79, 0.62, 0.69]",36.42999999999999,"[6, 7, 17, 20, 23, 32, 33, 37, 43, 44, 45, 47, 48]","[0.01, 0.0, 0.14, 0.06, 0.04, 0.04, 0.08, 0.04, 0.08, 0.14, 0.07, 0.12, 0.09, 0.09, 0.09, 0.03, 0.16, 0.09, 0.1, 0.08, 0.13, 0.05, 0.04, 0.16, 0.05, 0.09, 0.16, 0.07, 0.05, 0.11, 0.04, 0.04, 0.16, 0.07, 0.11, 0.09, 0.17, 0.01, 0.12, 0.09, 0.01, 0.09, 0.19, 0.05, 0.19, 0.11, 0.17, 0.04, 0.12, 0.09]",0.26,"[(7, 26), (33, 45), (17, 21), (6, 48), (20, 47), (23, 43), (6, 11), (7, 10), (32, 39), (7, 28), (44, 47), (7, 37), (17, 23), (23, 45), (47, 48), (17, 44), (7, 30), (33, 49), (48, 49), (6, 43), (23, 47), (47, 50), (7, 23), (20, 35), (6, 45), (20, 44), (23, 49), (17, 39), (17, 48), (32, 48), (43, 48), (23, 24), (23, 33), (17, 32), (45, 48), (33, 37), (17, 50), (6, 22), (20, 21), (32, 50), (43, 50), (23, 26), (7, 39), (23, 35), (6, 49), (7, 48), (23, 44), (7, 11), (17, 43), (6, 24), (20, 23), (32, 43), (6, 33), (20, 32), (7, 32), (23, 28), (23, 37), (37, 39), (37, 48), (6, 26), (23, 30), (6, 44), (7, 43), (17, 20), (17, 47), (6, 10), (6, 28), (32, 47), (43, 47), (6, 37), (7, 45), (20, 39), (20, 48), (37, 43), (33, 39), (6, 30), (33, 48), (44, 48), (6, 39), (20, 50), (45, 49), (37, 45), (6, 23), (7, 22), (6, 32), (44, 50), (7, 49), (20, 43), (23, 39), (17, 35), (23, 48), (6, 7), (32, 35), (32, 44), (43, 44), (7, 24), (33, 43), (7, 33), (23, 32), (23, 50), (37, 49)]"
145,Borda,ATVA_1,50,5,"{'D': 122, 'A': 117, 'E': 111, 'B': 80, 'C': 70}","[0.58, 0.58, 0.48, 0.53, 0.58, 1.0, 1.0, 0.69, 1.0, 0.76, 1.0, 1.0, 0.69, 0.76, 0.81, 0.62, 0.88, 0.76, 0.51, 1.0, 1.0, 0.74, 1.0, 0.65, 0.91, 0.6, 0.88, 1.0, 1.0, 0.84, 0.6, 0.79, 0.72, 0.53, 0.53, 0.55, 0.88, 1.0, 0.41, 1.0, 0.62, 0.72, 0.67, 1.0, 0.69, 0.84, 0.76, 1.0, 0.91, 1.0]",39.07,[],"[0.11, 0.11, 0.16, 0.13, 0.13, 0.01, 0.04, 0.07, 0.04, 0.05, 0.01, 0.0, 0.07, 0.05, 0.02, 0.11, 0.03, 0.07, 0.14, 0.05, 0.08, 0.04, 0.08, 0.09, 0.01, 0.12, 0.03, 0.05, 0.1, 0.03, 0.11, 0.06, 0.08, 0.16, 0.15, 0.12, 0.03, 0.01, 0.19, 0.02, 0.1, 0.08, 0.1, 0.06, 0.09, 0.03, 0.05, 0.07, 0.01, 0.04]",0,
146,Borda,ATVA_1,50,5,"{'B': 121, 'E': 100, 'C': 99, 'D': 99, 'A': 81}","[1.0, 0.69, 1.0, 0.46, 0.81, 1.0, 1.0, 0.72, 0.55, 1.0, 0.72, 0.58, 0.72, 0.86, 0.65, 1.0, 0.65, 0.6, 0.65, 0.58, 0.91, 0.86, 1.0, 0.6, 0.51, 0.91, 1.0, 1.0, 0.6, 0.72, 0.62, 0.39, 1.0, 0.76, 0.79, 1.0, 0.65, 0.62, 0.6, 1.0, 0.76, 0.41, 0.91, 0.76, 0.72, 0.46, 0.58, 0.53, 0.72, 0.48]",37.10999999999999,"[2, 4, 8, 9, 12, 13, 25, 29, 30, 32, 42, 44, 45, 46, 47, 48, 49]","[0.01, 0.09, 0.07, 0.17, 0.02, 0.01, 0.07, 0.09, 0.13, 0.03, 0.08, 0.1, 0.08, 0.02, 0.09, 0.05, 0.09, 0.11, 0.09, 0.13, 0.01, 0.04, 0.09, 0.13, 0.15, 0.01, 0.03, 0.05, 0.11, 0.08, 0.11, 0.2, 0.09, 0.05, 0.06, 0.08, 0.09, 0.08, 0.13, 0.01, 0.05, 0.19, 0.01, 0.07, 0.08, 0.17, 0.1, 0.15, 0.08, 0.16]",0.15999999999999998,"[(32, 37), (25, 32), (8, 46), (4, 9), (13, 42), (30, 46), (32, 46), (42, 48), (44, 45), (2, 48), (25, 50), (29, 32), (8, 9), (46, 48), (12, 25), (8, 18), (9, 17), (12, 34), (14, 31), (4, 30), (20, 47), (13, 17), (4, 48), (2, 32), (8, 48), (30, 48), (13, 44), (42, 50), (44, 47), (2, 50), (12, 18), (20, 31), (29, 34), (46, 50), (2, 4), (9, 19), (20, 49), (4, 32), (12, 45), (14, 42), (4, 41), (13, 19), (4, 50), (8, 32), (47, 48), (2, 25), (8, 41), (13, 37), (2, 34), (8, 50), (30, 50), (9, 49), (44, 49), (25, 45), (12, 20), (14, 17), (48, 49), (9, 12), (12, 29), (20, 42), (4, 25), (29, 45), (12, 38), (4, 34), (12, 47), (14, 44), (8, 25), (30, 34), (47, 50), (13, 30), (42, 45), (9, 42), (2, 45), (12, 13), (25, 47), (12, 22), (29, 38), (4, 18), (9, 14), (12, 31), (20, 44), (29, 47), (49, 50), (14, 37), (12, 49), (4, 45), (45, 46), (2, 20), (2, 29), (8, 45), (25, 31), (9, 44), (30, 45), (2, 38), (42, 47), (2, 47), (12, 15), (32, 48), (46, 47), (20, 37), (4, 20), (29, 49), (4, 29), (12, 42), (4, 38), (8, 20), (2, 13), (4, 47), (45, 48), (2, 22), (8, 38), (30, 38), (9, 37), (2, 31), (8, 47), (30, 47), (9, 46), (42, 49), (25, 42), (32, 41), (2, 49), (12, 17), (20, 30), (4, 13), (13, 46), (32, 50), (29, 42), (46, 49), (4, 22), (14, 32), (4, 31), (8, 13), (2, 15), (8, 31), (30, 31), (9, 30), (45, 50), (8, 49), (30, 49), (9, 48), (32, 34), (2, 42), (12, 19), (20, 32), (4, 15), (13, 48), (12, 37), (8, 15), (2, 8), (2, 17), (47, 49), (9, 32), (14, 46), (8, 42), (30, 42), (9, 41), (9, 50), (13, 32), (32, 45), (20, 25), (4, 8), (14, 18), (4, 17), (13, 50), (12, 30), (25, 49), (8, 17), (20, 46), (9, 25), (2, 19), (8, 44), (30, 44), (13, 25), (2, 37), (32, 38), (13, 34), (12, 14), (29, 30), (32, 47), (44, 46), (4, 19), (8, 19), (9, 18), (2, 12), (45, 47), (12, 44), (14, 41), (8, 37), (30, 37), (14, 50), (2, 30), (4, 49), (9, 45), (32, 49), (4, 12), (13, 45), (44, 48), (25, 44), (8, 12), (20, 41), (9, 20), (20, 50), (8, 30), (45, 49), (12, 46), (4, 42), (9, 38), (13, 20), (9, 47), (13, 29), (32, 42), (42, 44), (13, 38), (25, 37), (4, 14), (13, 47), (44, 50), (2, 44), (25, 46), (8, 14), (9, 13), (29, 46), (30, 32), (9, 31), (12, 48), (4, 44), (13, 22), (13, 31), (25, 30), (32, 44), (42, 46), (14, 47), (13, 49), (2, 46), (14, 20), (9, 15), (12, 32), (2, 9), (20, 45), (29, 48), (12, 41), (4, 37), (12, 50), (13, 15), (4, 46)]"
147,Borda,ATVA_1,50,5,"{'A': 103, 'B': 101, 'C': 101, 'D': 98, 'E': 97}","[0.72, 0.69, 1.0, 1.0, 0.69, 1.0, 0.53, 0.62, 0.41, 0.55, 0.58, 0.69, 0.74, 1.0, 0.65, 0.53, 0.74, 1.0, 0.79, 0.74, 0.46, 0.6, 0.46, 0.58, 1.0, 0.76, 1.0, 0.48, 0.48, 0.58, 0.76, 0.51, 0.79, 0.67, 0.53, 0.6, 1.0, 0.65, 0.76, 1.0, 0.53, 0.76, 0.72, 0.58, 0.62, 0.79, 0.41, 0.65, 1.0, 0.41]",34.81,"[1, 2, 5, 9, 10, 13, 17, 20, 23, 29, 32, 35, 39, 46, 47, 50]","[0.07, 0.07, 0.07, 0.06, 0.07, 0.09, 0.15, 0.11, 0.19, 0.12, 0.13, 0.07, 0.04, 0.04, 0.11, 0.15, 0.04, 0.1, 0.06, 0.04, 0.17, 0.13, 0.17, 0.13, 0.02, 0.07, 0.03, 0.16, 0.16, 0.11, 0.07, 0.14, 0.06, 0.1, 0.15, 0.11, 0.01, 0.09, 0.05, 0.08, 0.15, 0.07, 0.08, 0.13, 0.11, 0.04, 0.19, 0.09, 0.01, 0.19]",0.31000000000000005,"[(13, 33), (32, 46), (2, 39), (2, 48), (29, 32), (5, 10), (20, 29), (5, 19), (17, 21), (9, 17), (23, 34), (2, 11), (5, 28), (17, 30), (9, 26), (20, 47), (21, 46), (23, 43), (29, 50), (9, 35), (13, 17), (13, 26), (32, 39), (13, 35), (2, 32), (2, 41), (20, 22), (2, 50), (29, 34), (5, 12), (9, 10), (29, 43), (5, 21), (17, 23), (21, 39), (9, 19), (5, 30), (9, 28), (5, 39), (1, 17), (13, 19), (10, 29), (1, 26), (13, 28), (47, 48), (10, 38), (1, 35), (2, 34), (10, 47), (2, 43), (29, 36), (20, 33), (21, 32), (9, 12), (23, 29), (5, 23), (29, 45), (21, 41), (9, 21), (39, 46), (5, 32), (21, 50), (23, 47), (1, 10), (13, 21), (47, 50), (1, 28), (13, 30), (17, 46), (28, 46), (2, 36), (2, 45), (5, 7), (20, 26), (29, 38), (5, 16), (20, 35), (21, 34), (29, 47), (21, 43), (13, 23), (2, 20), (17, 39), (28, 39), (1, 30), (2, 29), (5, 46), (17, 48), (9, 44), (2, 38), (2, 47), (32, 48), (5, 9), (20, 28), (46, 47), (9, 16), (1, 5), (10, 17), (13, 16), (2, 13), (17, 32), (10, 26), (1, 23), (28, 32), (2, 22), (17, 41), (10, 35), (1, 32), (28, 41), (5, 48), (17, 50), (28, 50), (9, 46), (32, 41), (20, 21), (29, 33), (5, 11), (20, 30), (13, 46), (32, 50), (23, 35), (21, 47), (2, 15), (17, 34), (10, 28), (9, 30), (28, 34), (5, 41), (17, 43), (28, 43), (9, 39), (2, 33), (5, 50), (32, 34), (9, 48), (32, 43), (13, 39), (21, 22), (29, 35), (5, 13), (29, 48), (13, 48), (23, 28), (35, 48), (1, 9), (2, 8), (9, 23), (2, 17), (5, 34), (10, 30), (9, 32), (17, 36), (2, 26), (5, 43), (17, 45), (9, 41), (2, 35), (32, 36), (9, 50), (13, 32), (32, 45), (13, 41), (1, 48), (13, 50), (35, 50), (1, 2), (17, 20), (39, 50), (1, 11), (2, 10), (17, 29), (10, 23), (20, 46), (2, 19), (5, 36), (10, 32), (9, 34), (17, 38), (2, 28), (5, 45), (17, 47), (9, 43), (28, 47), (32, 38), (13, 34), (29, 30), (32, 47), (13, 43), (1, 50), (39, 43), (5, 20), (17, 22), (20, 39), (1, 13), (2, 12), (5, 29), (5, 38), (2, 21), (9, 36), (2, 30), (5, 47), (9, 45), (13, 36), (13, 45), (21, 28), (23, 50), (39, 45), (9, 11), (2, 5), (5, 22), (9, 20), (17, 33), (20, 50), (9, 29), (23, 46), (2, 23), (9, 38), (13, 20), (32, 33), (9, 47), (13, 29), (13, 38), (35, 38), (10, 48), (13, 47), (35, 47), (5, 15), (20, 34), (10, 11), (9, 13), (29, 46), (2, 7), (17, 26), (20, 43), (9, 22), (39, 47), (2, 16), (5, 33), (17, 35), (28, 35), (13, 22), (32, 35), (1, 29), (1, 38), (21, 23), (10, 50), (1, 47), (2, 46), (5, 8), (29, 39), (5, 17), (17, 19), (10, 13), (9, 15), (20, 36), (2, 9), (5, 26), (17, 28), (9, 24), (20, 45), (5, 35), (23, 32), (23, 41), (9, 33), (13, 15)]"
148,Borda,ATVA_1,50,5,"{'E': 120, 'B': 113, 'C': 99, 'D': 93, 'A': 75}","[0.69, 1.0, 0.74, 0.65, 0.46, 0.55, 1.0, 0.55, 0.51, 0.53, 1.0, 1.0, 1.0, 1.0, 0.55, 0.69, 0.79, 1.0, 0.53, 0.62, 0.55, 1.0, 1.0, 0.74, 0.48, 0.81, 0.65, 0.72, 1.0, 0.91, 0.41, 0.81, 0.86, 0.86, 0.48, 1.0, 0.48, 0.74, 0.79, 0.76, 0.58, 0.76, 0.91, 0.84, 1.0, 1.0, 0.69, 0.76, 0.86, 0.67]",37.980000000000004,[],"[0.09, 0.03, 0.04, 0.11, 0.17, 0.14, 0.0, 0.12, 0.14, 0.15, 0.01, 0.09, 0.05, 0.05, 0.12, 0.09, 0.04, 0.09, 0.13, 0.12, 0.13, 0.08, 0.09, 0.04, 0.16, 0.05, 0.09, 0.09, 0.05, 0.01, 0.19, 0.02, 0.04, 0.02, 0.17, 0.04, 0.17, 0.04, 0.06, 0.07, 0.11, 0.07, 0.01, 0.03, 0.01, 0.02, 0.07, 0.07, 0.02, 0.1]",0,
149,Borda,ATVA_1,50,5,"{'B': 102, 'D': 102, 'C': 101, 'E': 99, 'A': 96}","[0.6, 0.91, 0.53, 1.0, 0.6, 1.0, 0.74, 1.0, 0.62, 0.74, 0.62, 0.65, 0.51, 0.65, 0.65, 0.6, 0.48, 0.79, 1.0, 0.65, 1.0, 1.0, 0.55, 1.0, 0.74, 0.53, 0.53, 0.62, 0.46, 0.72, 0.41, 0.6, 0.81, 0.69, 1.0, 0.58, 0.53, 0.53, 0.46, 0.6, 1.0, 0.53, 0.72, 0.48, 0.76, 1.0, 1.0, 0.74, 0.69, 0.41]",35.029999999999994,"[2, 3, 7, 9, 10, 11, 16, 17, 18, 23, 25, 27, 28, 29, 30, 31, 33, 34, 37, 38, 39, 42, 43, 44, 45, 48, 49, 50]","[0.13, 0.01, 0.13, 0.04, 0.11, 0.03, 0.04, 0.0, 0.11, 0.04, 0.08, 0.09, 0.14, 0.11, 0.09, 0.11, 0.16, 0.04, 0.09, 0.11, 0.1, 0.04, 0.13, 0.03, 0.06, 0.13, 0.15, 0.12, 0.17, 0.08, 0.19, 0.13, 0.05, 0.07, 0.01, 0.1, 0.15, 0.15, 0.17, 0.11, 0.1, 0.16, 0.08, 0.16, 0.05, 0.1, 0.08, 0.04, 0.09, 0.19]",0.38,"[(7, 17), (18, 26), (29, 32), (18, 44), (29, 50), (40, 50), (11, 23), (10, 27), (10, 36), (33, 38), (2, 32), (25, 34), (10, 45), (2, 50), (3, 33), (3, 42), (17, 44), (7, 30), (9, 49), (18, 30), (29, 36), (48, 49), (29, 45), (40, 45), (10, 31), (2, 27), (25, 29), (10, 40), (33, 42), (2, 36), (25, 38), (10, 49), (3, 10), (3, 28), (3, 37), (17, 39), (28, 39), (17, 48), (28, 48), (9, 44), (29, 31), (29, 40), (29, 49), (40, 49), (10, 17), (10, 26), (33, 37), (2, 31), (25, 33), (10, 44), (25, 42), (3, 5), (2, 49), (43, 50), (3, 23), (17, 25), (17, 34), (28, 34), (9, 30), (17, 43), (28, 43), (9, 39), (9, 48), (29, 44), (40, 44), (10, 12), (39, 48), (2, 17), (10, 30), (25, 28), (10, 39), (3, 9), (43, 45), (3, 18), (16, 37), (17, 29), (28, 29), (9, 25), (17, 38), (28, 38), (9, 34), (9, 43), (29, 30), (39, 43), (2, 3), (10, 16), (31, 48), (10, 25), (2, 30), (43, 49), (16, 32), (16, 50), (9, 11), (17, 33), (28, 33), (9, 29), (17, 42), (28, 42), (9, 38), (31, 34), (10, 11), (2, 7), (31, 43), (23, 39), (2, 16), (23, 48), (16, 18), (43, 44), (16, 27), (17, 28), (17, 37), (28, 37), (9, 33), (27, 50), (42, 48), (39, 42), (23, 25), (31, 38), (23, 34), (2, 11), (23, 43), (16, 31), (16, 49), (9, 10), (17, 23), (9, 28), (27, 36), (27, 45), (42, 43), (11, 37), (30, 50), (31, 33), (23, 29), (31, 42), (23, 38), (16, 17), (38, 50), (49, 50), (7, 44), (27, 31), (27, 40), (30, 36), (27, 49), (11, 32), (30, 45), (11, 50), (31, 37), (23, 33), (23, 42), (34, 39), (34, 48), (45, 48), (37, 44), (16, 30), (38, 45), (7, 39), (18, 39), (7, 48), (18, 48), (11, 18), (30, 31), (27, 44), (11, 27), (30, 49), (31, 32), (23, 28), (23, 37), (34, 43), (37, 39), (37, 48), (18, 25), (7, 34), (18, 34), (38, 49), (7, 43), (18, 43), (27, 30), (27, 39), (11, 31), (30, 44), (11, 49), (34, 38), (3, 32), (37, 43), (3, 50), (18, 20), (7, 29), (18, 29), (7, 38), (18, 38), (11, 17), (25, 37), (10, 48), (33, 50), (44, 50), (2, 44), (3, 27), (34, 42), (3, 36), (37, 38), (3, 45), (7, 33), (18, 33), (7, 42), (18, 42), (29, 39), (29, 48), (40, 48), (11, 30), (10, 34), (25, 32), (10, 43), (44, 45), (2, 39), (2, 48), (3, 13), (25, 50), (34, 37), (3, 31), (3, 40), (37, 42), (3, 49), (7, 10), (7, 28), (18, 28), (7, 37), (18, 37), (29, 34), (29, 43), (40, 43), (11, 16), (10, 20), (10, 29), (2, 25), (25, 27), (10, 38), (33, 40), (2, 34), (33, 49), (44, 49), (3, 17), (3, 26), (3, 44), (7, 23), (9, 42), (18, 23), (29, 38), (10, 33), (2, 29), (25, 31), (10, 42), (2, 38), (3, 12), (43, 48), (3, 30), (17, 32), (28, 32), (7, 9), (9, 37), (17, 50), (28, 50), (29, 33), (29, 42), (10, 28), (10, 37), (2, 33), (2, 42), (3, 7), (3, 16), (3, 25), (17, 18), (17, 27), (9, 23), (17, 36), (28, 36), (9, 32), (17, 45), (28, 45), (9, 50), (29, 37), (10, 14), (39, 50), (2, 10), (10, 23), (10, 32), (2, 28), (2, 37), (3, 11), (16, 39), (16, 48), (9, 18), (17, 31), (28, 31), (9, 27), (17, 40), (28, 40), (17, 49), (28, 49), (9, 45), (39, 45), (2, 5), (10, 18), (31, 50), (2, 23), (16, 25), (16, 34), (17, 26), (9, 31), (28, 44), (27, 48), (39, 40), (31, 36), (10, 13), (23, 32), (39, 49), (2, 9), (31, 45), (2, 18), (23, 50), (16, 29), (16, 38), (9, 17), (17, 30), (28, 30), (27, 34), (27, 43), (30, 39), (30, 48), (42, 50), (39, 44), (23, 27), (31, 40), (31, 49), (23, 45), (16, 33), (16, 42), (38, 39), (38, 48), (27, 29), (27, 38), (30, 34), (30, 43), (42, 45), (11, 39), (11, 48), (23, 31), (31, 44), (23, 49), (16, 28), (38, 43), (9, 16), (27, 33), (27, 42), (11, 25), (30, 38), (11, 34), (42, 49), (31, 39), (34, 50), (45, 50), (16, 23), (7, 32), (18, 32), (7, 50), (18, 50), (27, 28), (27, 37), (30, 33), (11, 29), (30, 42), (11, 38), (23, 30), (25, 49), (34, 45), (3, 39), (3, 48), (37, 50), (7, 18), (7, 27), (18, 27), (38, 42), (18, 36), (7, 45), (18, 45), (27, 32), (30, 37), (11, 33), (11, 42), (33, 39), (33, 48), (44, 48), (3, 34), (34, 49), (45, 49), (3, 43), (37, 45), (7, 31), (18, 31), (18, 40), (7, 49), (18, 49), (48, 50), (30, 32), (11, 28), (33, 34), (25, 30), (25, 39), (10, 50), (25, 48), (3, 29), (34, 44), (3, 38), (37, 40), (37, 49)]"
150,Borda,ATVA_1,50,5,"{'A': 122, 'D': 104, 'E': 104, 'B': 94, 'C': 76}","[0.81, 0.76, 0.69, 0.39, 1.0, 0.48, 0.62, 0.74, 0.58, 0.62, 0.55, 1.0, 1.0, 0.46, 0.44, 0.76, 1.0, 0.76, 1.0, 0.53, 1.0, 1.0, 0.6, 0.76, 0.58, 1.0, 0.79, 0.48, 0.72, 0.91, 1.0, 0.6, 0.74, 1.0, 0.86, 1.0, 0.51, 0.79, 0.76, 1.0, 0.53, 1.0, 0.65, 0.74, 1.0, 0.72, 0.46, 1.0, 1.0, 0.76]",38.15,"[2, 4, 7, 10, 11, 14, 15, 24, 25, 28, 32, 35, 39, 47, 50]","[0.02, 0.07, 0.09, 0.2, 0.03, 0.16, 0.12, 0.04, 0.11, 0.11, 0.12, 0.06, 0.03, 0.17, 0.18, 0.07, 0.06, 0.07, 0.07, 0.15, 0.07, 0.06, 0.11, 0.05, 0.13, 0.03, 0.04, 0.16, 0.08, 0.01, 0.03, 0.11, 0.04, 0.03, 0.04, 0.03, 0.15, 0.06, 0.05, 0.07, 0.15, 0.02, 0.09, 0.06, 0.01, 0.08, 0.17, 0.03, 0.04, 0.05]",0.09999999999999998,"[(32, 37), (25, 32), (15, 39), (2, 39), (7, 35), (25, 50), (11, 14), (2, 11), (4, 39), (7, 10), (32, 39), (24, 35), (15, 32), (2, 32), (7, 28), (7, 37), (2, 50), (14, 15), (14, 24), (2, 4), (4, 32), (4, 50), (24, 28), (15, 25), (2, 25), (24, 37), (11, 37), (35, 37), (10, 47), (4, 25), (14, 35), (7, 14), (47, 50), (11, 39), (25, 47), (14, 28), (14, 37), (10, 15), (10, 24), (28, 39), (11, 32), (11, 50), (2, 47), (4, 11), (15, 50), (4, 47), (28, 32), (24, 25), (11, 25), (10, 35), (28, 50), (32, 50), (7, 39), (14, 32), (2, 15), (10, 28), (7, 11), (2, 24), (10, 37), (25, 35), (24, 39), (35, 39), (4, 15), (7, 32), (14, 25), (4, 24), (7, 50), (25, 28), (10, 39), (2, 35), (11, 47), (24, 32), (7, 25), (24, 50), (15, 47), (35, 50), (4, 35), (10, 14), (39, 50), (2, 10), (14, 39), (10, 32), (2, 28), (28, 47), (2, 37), (32, 47), (4, 10), (4, 28), (11, 15), (10, 25), (11, 24), (14, 50), (15, 24), (7, 47), (2, 14), (11, 35), (15, 35), (25, 37), (4, 14), (24, 47), (35, 47), (10, 11), (39, 47), (2, 7), (28, 35), (11, 28), (32, 35), (7, 15), (15, 28), (4, 7), (7, 24), (15, 37), (25, 39), (10, 50), (28, 37), (4, 37), (14, 47)]"
151,Borda,ATVA_1,50,5,"{'A': 123, 'B': 106, 'C': 96, 'E': 88, 'D': 87}","[1.0, 0.39, 0.53, 0.62, 1.0, 1.0, 0.84, 0.62, 1.0, 1.0, 0.65, 0.72, 1.0, 1.0, 0.76, 0.46, 0.62, 0.46, 0.81, 1.0, 0.39, 1.0, 0.53, 0.44, 1.0, 0.72, 1.0, 0.51, 0.86, 1.0, 0.84, 1.0, 0.69, 0.72, 0.72, 0.58, 0.65, 1.0, 1.0, 0.6, 0.67, 0.81, 0.51, 1.0, 0.6, 0.81, 0.72, 1.0, 0.79, 0.72]",38.35999999999999,"[2, 3, 4, 8, 12, 16, 18, 19, 21, 23, 24, 26, 33, 34, 40, 41, 45, 47, 49]","[0.05, 0.2, 0.13, 0.12, 0.03, 0.07, 0.03, 0.08, 0.03, 0.05, 0.11, 0.08, 0.05, 0.05, 0.05, 0.17, 0.12, 0.17, 0.02, 0.0, 0.2, 0.09, 0.13, 0.18, 0.04, 0.08, 0.01, 0.15, 0.04, 0.06, 0.03, 0.05, 0.09, 0.08, 0.08, 0.11, 0.11, 0.03, 0.05, 0.12, 0.1, 0.05, 0.14, 0.07, 0.11, 0.05, 0.08, 0.03, 0.04, 0.09]",0.09999999999999998,"[(24, 33), (41, 49), (18, 26), (33, 45), (16, 47), (40, 41), (8, 18), (12, 34), (23, 34), (3, 40), (3, 49), (24, 26), (18, 19), (33, 47), (2, 41), (16, 40), (12, 18), (16, 49), (3, 24), (2, 4), (4, 23), (3, 33), (12, 45), (23, 45), (4, 41), (8, 41), (16, 24), (18, 21), (19, 41), (2, 34), (16, 33), (33, 40), (33, 49), (3, 8), (3, 26), (40, 45), (21, 41), (4, 34), (12, 47), (23, 47), (8, 34), (19, 34), (16, 26), (18, 23), (2, 45), (3, 19), (4, 18), (21, 34), (40, 47), (12, 40), (23, 40), (12, 49), (23, 49), (4, 45), (16, 19), (8, 45), (19, 45), (2, 47), (3, 12), (12, 24), (3, 21), (23, 24), (26, 41), (12, 33), (23, 33), (40, 49), (21, 45), (4, 47), (16, 21), (8, 47), (19, 47), (2, 40), (2, 49), (26, 34), (12, 26), (3, 23), (23, 26), (21, 47), (4, 40), (34, 41), (2, 24), (8, 40), (16, 23), (19, 40), (2, 33), (8, 49), (19, 49), (12, 19), (3, 16), (26, 45), (4, 24), (18, 41), (21, 40), (4, 33), (21, 49), (2, 8), (8, 24), (19, 24), (8, 33), (19, 33), (47, 49), (2, 26), (4, 8), (21, 24), (12, 21), (3, 18), (24, 41), (18, 34), (21, 33), (26, 47), (4, 26), (8, 26), (19, 26), (34, 45), (2, 19), (24, 34), (21, 26), (12, 23), (26, 40), (4, 19), (26, 49), (18, 45), (2, 3), (8, 19), (2, 12), (34, 47), (45, 47), (3, 41), (2, 21), (4, 49), (3, 4), (12, 16), (26, 33), (4, 12), (24, 45), (16, 41), (4, 21), (18, 47), (8, 12), (8, 21), (19, 21), (34, 40), (3, 34), (34, 49), (45, 49), (2, 23), (41, 45), (33, 41), (16, 34), (24, 47), (18, 40), (18, 49), (8, 23), (19, 23), (2, 16), (3, 45), (16, 18), (33, 34), (41, 47), (18, 24), (21, 23), (24, 40), (4, 16), (18, 33), (24, 49), (16, 45), (8, 16), (12, 41), (23, 41), (2, 18), (3, 47)]"
152,Borda,ATVA_2,50,5,"{'C': 110, 'D': 106, 'B': 97, 'E': 94, 'A': 93}","[0.79, 0.58, 1.0, 0.62, 0.53, 1.0, 0.46, 0.46, 0.67, 0.76, 1.0, 0.51, 1.0, 0.81, 0.6, 0.6, 0.79, 0.55, 0.48, 0.53, 0.6, 1.0, 0.6, 0.74, 0.65, 0.72, 1.0, 0.76, 0.6, 0.69, 1.0, 0.6, 0.79, 1.0, 0.65, 0.55, 0.48, 0.76, 0.79, 0.76, 0.55, 0.44, 0.55, 0.86, 0.55, 0.76, 1.0, 1.0, 1.0, 0.72]",35.91,"[20, 5]","[0.04, 0.13, 0.07, 0.11, 0.15, 0.06, 0.17, 0.17, 0.1, 0.05, 0.01, 0.15, 0.03, 0.02, 0.11, 0.13, 0.06, 0.12, 0.16, 0.15, 0.11, 0.05, 0.13, 0.06, 0.09, 0.08, 0.03, 0.05, 0.11, 0.09, 0.07, 0.12, 0.04, 0.03, 0.09, 0.12, 0.16, 0.07, 0.04, 0.07, 0.12, 0.18, 0.14, 0.04, 0.12, 0.05, 0.06, 0.09, 0.06, 0.08]",0.09000000000000008,"[20, 5]"
153,Borda,ATVA_2,50,5,"{'B': 109, 'E': 102, 'A': 98, 'C': 98, 'D': 93}","[0.62, 0.76, 0.55, 0.76, 0.48, 0.48, 0.76, 0.62, 1.0, 1.0, 0.58, 0.81, 0.48, 0.44, 0.79, 0.88, 1.0, 0.44, 0.86, 0.51, 0.79, 0.86, 0.6, 1.0, 0.6, 1.0, 0.46, 0.84, 1.0, 1.0, 1.0, 1.0, 0.72, 0.69, 0.72, 0.58, 0.76, 1.0, 0.51, 0.6, 0.91, 0.44, 0.84, 0.44, 0.51, 0.53, 1.0, 1.0, 0.58, 0.58]",36.379999999999995,"[3, 28]","[0.12, 0.05, 0.12, 0.07, 0.17, 0.16, 0.05, 0.12, 0.1, 0.0, 0.13, 0.05, 0.16, 0.18, 0.04, 0.03, 0.03, 0.18, 0.02, 0.14, 0.06, 0.02, 0.12, 0.04, 0.12, 0.04, 0.17, 0.03, 0.08, 0.1, 0.04, 0.05, 0.08, 0.07, 0.08, 0.11, 0.07, 0.07, 0.15, 0.12, 0.01, 0.18, 0.03, 0.18, 0.15, 0.15, 0.08, 0.06, 0.13, 0.13]",0.10000000000000009,"[3, 28]"
154,Borda,ATVA_2,50,5,"{'D': 110, 'C': 104, 'E': 98, 'A': 96, 'B': 92}","[0.81, 0.51, 0.6, 0.69, 0.76, 0.69, 0.48, 1.0, 0.72, 0.91, 0.65, 1.0, 0.79, 0.69, 0.62, 0.48, 0.72, 1.0, 0.53, 0.91, 0.53, 0.65, 0.53, 0.6, 0.53, 1.0, 1.0, 0.74, 1.0, 1.0, 0.67, 1.0, 0.86, 0.69, 0.51, 0.72, 0.74, 0.69, 0.58, 0.6, 0.51, 0.48, 0.74, 0.6, 0.62, 0.65, 0.58, 0.48, 1.0, 1.0]",35.86,"[17, 11]","[0.02, 0.14, 0.12, 0.07, 0.07, 0.09, 0.16, 0.03, 0.08, 0.01, 0.09, 0.06, 0.06, 0.09, 0.08, 0.16, 0.09, 0.09, 0.15, 0.01, 0.15, 0.11, 0.15, 0.11, 0.13, 0.09, 0.01, 0.04, 0.09, 0.03, 0.1, 0.09, 0.02, 0.09, 0.15, 0.08, 0.04, 0.09, 0.13, 0.11, 0.15, 0.16, 0.04, 0.11, 0.12, 0.11, 0.11, 0.16, 0.06, 0.06]",0.07000000000000006,"[17, 11]"
155,Borda,ATVA_2,50,5,"{'B': 106, 'E': 105, 'D': 102, 'A': 99, 'C': 88}","[0.55, 0.53, 0.6, 0.76, 1.0, 0.51, 0.48, 0.69, 0.41, 0.84, 1.0, 1.0, 0.6, 0.76, 1.0, 0.69, 1.0, 0.62, 0.55, 1.0, 0.46, 0.46, 0.72, 0.51, 0.6, 1.0, 0.72, 1.0, 1.0, 0.72, 0.58, 0.51, 0.55, 0.79, 1.0, 0.55, 0.88, 0.86, 1.0, 0.53, 0.62, 0.86, 0.46, 0.51, 0.51, 0.65, 1.0, 1.0, 0.51, 0.65]",35.8,"[8, 35]","[0.13, 0.13, 0.11, 0.05, 0.03, 0.14, 0.17, 0.09, 0.19, 0.03, 0.01, 0.05, 0.11, 0.05, 0.03, 0.09, 0.09, 0.12, 0.13, 0.01, 0.17, 0.17, 0.08, 0.14, 0.13, 0.06, 0.08, 0.01, 0.09, 0.07, 0.13, 0.15, 0.13, 0.04, 0.09, 0.14, 0.03, 0.02, 0.02, 0.13, 0.08, 0.04, 0.17, 0.14, 0.14, 0.09, 0.01, 0.03, 0.15, 0.09]",0.31000000000000005,"[8, 35]"
156,Borda,ATVA_2,50,5,"{'C': 111, 'B': 108, 'A': 104, 'D': 94, 'E': 83}","[0.41, 1.0, 0.44, 0.72, 0.72, 0.55, 0.53, 0.69, 0.58, 1.0, 0.55, 0.79, 0.76, 0.53, 1.0, 1.0, 0.65, 0.91, 0.53, 0.72, 1.0, 0.72, 0.69, 0.86, 0.72, 0.55, 1.0, 1.0, 0.76, 0.62, 0.48, 0.62, 1.0, 0.46, 1.0, 0.88, 1.0, 0.72, 0.76, 1.0, 0.44, 0.76, 1.0, 0.48, 1.0, 0.44, 0.65, 0.79, 0.62, 1.0]",37.1,"[12, 33]","[0.19, 0.06, 0.18, 0.08, 0.08, 0.12, 0.15, 0.07, 0.11, 0.03, 0.12, 0.04, 0.07, 0.15, 0.04, 0.03, 0.09, 0.01, 0.13, 0.08, 0.04, 0.08, 0.09, 0.04, 0.08, 0.12, 0.03, 0.05, 0.05, 0.12, 0.16, 0.1, 0.09, 0.17, 0.02, 0.03, 0.03, 0.09, 0.07, 0.1, 0.18, 0.05, 0.03, 0.16, 0.03, 0.18, 0.11, 0.04, 0.12, 0.01]",0.20999999999999996,"[12, 33]"
157,Borda,ATVA_2,50,5,"{'C': 117, 'D': 111, 'E': 94, 'B': 91, 'A': 87}","[0.74, 0.41, 1.0, 0.88, 0.67, 0.76, 0.74, 0.6, 0.76, 0.69, 1.0, 0.62, 0.86, 0.69, 0.79, 0.53, 0.44, 0.76, 0.81, 0.6, 1.0, 0.76, 0.88, 0.6, 0.62, 0.55, 1.0, 1.0, 1.0, 0.48, 1.0, 1.0, 0.51, 0.53, 0.81, 0.76, 0.62, 0.51, 1.0, 0.53, 1.0, 0.69, 1.0, 1.0, 0.6, 1.0, 1.0, 0.46, 0.6, 0.6]",37.46,"[42, 1]","[0.04, 0.19, 0.03, 0.03, 0.1, 0.05, 0.06, 0.11, 0.07, 0.07, 0.07, 0.12, 0.04, 0.09, 0.04, 0.13, 0.18, 0.07, 0.02, 0.13, 0.03, 0.07, 0.03, 0.11, 0.1, 0.13, 0.03, 0.03, 0.04, 0.16, 0.05, 0.01, 0.14, 0.16, 0.05, 0.05, 0.08, 0.15, 0.05, 0.15, 0.06, 0.09, 0.1, 0.04, 0.13, 0.03, 0.09, 0.17, 0.11, 0.12]",0.030000000000000027,"[42, 1]"
158,Borda,ATVA_2,50,5,"{'E': 112, 'A': 109, 'D': 106, 'B': 105, 'C': 68}","[0.76, 0.76, 0.69, 1.0, 0.76, 0.53, 1.0, 0.62, 1.0, 0.65, 0.58, 0.62, 0.76, 0.55, 0.72, 1.0, 0.79, 0.79, 1.0, 0.81, 0.79, 0.62, 0.39, 0.76, 1.0, 1.0, 0.55, 0.58, 0.53, 0.79, 0.76, 0.69, 0.86, 0.69, 0.69, 1.0, 0.44, 0.62, 0.86, 0.53, 0.58, 1.0, 0.62, 0.86, 0.86, 0.44, 0.69, 0.65, 0.55, 0.86]",36.65,"[31, 16]","[0.05, 0.07, 0.09, 0.1, 0.07, 0.15, 0.01, 0.08, 0.05, 0.09, 0.13, 0.12, 0.05, 0.12, 0.08, 0.05, 0.06, 0.04, 0.01, 0.05, 0.04, 0.08, 0.2, 0.05, 0.01, 0.01, 0.12, 0.11, 0.16, 0.06, 0.05, 0.09, 0.04, 0.09, 0.09, 0.05, 0.18, 0.11, 0.04, 0.15, 0.11, 0.09, 0.1, 0.02, 0.02, 0.18, 0.09, 0.11, 0.12, 0.04]",0.24,"[31, 16]"
159,Borda,ATVA_2,50,5,"{'B': 110, 'D': 107, 'C': 104, 'E': 98, 'A': 81}","[0.53, 1.0, 0.65, 0.88, 0.6, 0.72, 1.0, 1.0, 0.72, 1.0, 0.53, 0.55, 0.48, 0.79, 0.91, 0.79, 0.65, 0.62, 0.55, 0.62, 1.0, 0.84, 0.74, 0.58, 0.72, 0.76, 0.51, 1.0, 0.48, 0.48, 0.62, 0.81, 0.62, 1.0, 0.62, 0.69, 0.48, 0.76, 1.0, 0.6, 1.0, 0.76, 0.6, 0.74, 0.44, 1.0, 0.76, 1.0, 0.53, 0.51]",36.24,"[36, 9]","[0.15, 0.06, 0.09, 0.03, 0.12, 0.07, 0.07, 0.03, 0.08, 0.03, 0.15, 0.14, 0.16, 0.06, 0.01, 0.04, 0.11, 0.08, 0.13, 0.11, 0.06, 0.03, 0.04, 0.11, 0.09, 0.07, 0.14, 0.03, 0.16, 0.16, 0.08, 0.05, 0.11, 0.06, 0.08, 0.09, 0.16, 0.05, 0.1, 0.11, 0.01, 0.05, 0.11, 0.06, 0.18, 0.04, 0.07, 0.01, 0.16, 0.14]",0.030000000000000027,"[36, 9]"
160,Borda,ATVA_2,50,5,"{'D': 111, 'B': 103, 'C': 103, 'E': 92, 'A': 91}","[0.74, 0.69, 0.76, 0.55, 0.72, 0.81, 1.0, 0.79, 0.41, 0.62, 1.0, 0.65, 0.84, 0.6, 0.79, 1.0, 0.6, 0.76, 0.72, 0.44, 0.51, 0.76, 0.69, 0.58, 0.81, 1.0, 0.48, 0.62, 0.62, 0.58, 0.6, 0.81, 0.53, 0.62, 0.48, 1.0, 1.0, 0.91, 1.0, 0.69, 1.0, 0.53, 0.44, 0.6, 0.86, 0.62, 0.48, 0.55, 0.53, 0.81]",35.2,"[2, 8]","[0.06, 0.07, 0.05, 0.12, 0.08, 0.05, 0.03, 0.04, 0.19, 0.1, 0.04, 0.09, 0.03, 0.11, 0.06, 0.1, 0.13, 0.07, 0.08, 0.18, 0.15, 0.07, 0.09, 0.13, 0.02, 0.08, 0.16, 0.08, 0.1, 0.11, 0.13, 0.02, 0.13, 0.1, 0.16, 0.03, 0.05, 0.01, 0.04, 0.07, 0.07, 0.13, 0.18, 0.12, 0.02, 0.08, 0.16, 0.14, 0.13, 0.05]",0.10000000000000009,"[2, 8]"
161,Borda,ATVA_2,50,5,"{'A': 118, 'D': 107, 'E': 102, 'B': 87, 'C': 86}","[0.58, 1.0, 0.53, 0.69, 1.0, 0.69, 0.86, 1.0, 0.62, 0.6, 1.0, 0.65, 1.0, 0.76, 0.46, 1.0, 0.48, 0.48, 1.0, 0.81, 0.81, 1.0, 1.0, 0.62, 0.69, 0.62, 0.41, 0.48, 0.65, 0.62, 1.0, 1.0, 0.46, 1.0, 1.0, 0.69, 0.72, 0.76, 0.69, 0.72, 0.69, 0.41, 0.62, 0.67, 0.48, 0.86, 0.53, 1.0, 1.0, 1.0]",37.41,"[42, 12]","[0.1, 0.09, 0.15, 0.09, 0.04, 0.09, 0.02, 0.03, 0.1, 0.12, 0.01, 0.09, 0.01, 0.05, 0.17, 0.09, 0.16, 0.16, 0.01, 0.02, 0.02, 0.0, 0.0, 0.12, 0.09, 0.1, 0.19, 0.16, 0.09, 0.11, 0.05, 0.05, 0.17, 0.03, 0.04, 0.09, 0.07, 0.07, 0.09, 0.08, 0.07, 0.19, 0.12, 0.1, 0.16, 0.02, 0.15, 0.03, 0.07, 0.03]",0.09999999999999998,"[42, 12]"
162,Borda,ATVA_3,50,5,"{'B': 14, 'A': 11, 'D': 10, 'E': 10, 'C': 5}","[0.48, 1.0, 0.76, 0.65, 1.0, 0.76, 0.62, 0.58, 0.62, 0.72, 0.53, 0.6, 0.84, 1.0, 0.81, 1.0, 0.41, 0.79, 1.0, 0.6, 1.0, 1.0, 1.0, 0.46, 0.69, 1.0, 0.53, 0.48, 0.53, 0.41, 1.0, 0.69, 0.51, 1.0, 0.48, 0.53, 0.62, 0.58, 0.6, 0.41, 0.76, 0.39, 0.65, 0.69, 1.0, 0.79, 1.0, 0.6, 1.0, 0.58]",35.75,"[1, 4, 6, 7, 11, 15, 17, 18, 24, 25, 27, 28, 29, 30, 33, 35, 36, 37, 39, 40, 42, 43, 46, 48, 50]","[0.14, 0.04, 0.09, 0.08, 0.07, 0.04, 0.07, 0.16, 0.16, 0.16, 0.15, 0.13, 0.09, 0.04, 0.05, 0.06, 0.11, 0.04, 0.05, 0.1, 0.07, 0.05, 0.03, 0.09, 0.04, 0.03, 0.12, 0.11, 0.09, 0.06, 0.09, 0.15, 0.09, 0.04, 0.15, 0.11, 0.11, 0.18, 0.05, 0.09, 0.04, 0.09, 0.04, 0.12, 0.04, 0.12, 0.03, 0.04, 0.05, 0.08]",0.31000000000000005,
163,Borda,ATVA_3,50,5,"{'B': 12, 'D': 11, 'C': 10, 'E': 9, 'A': 8}","[0.58, 0.69, 0.79, 1.0, 1.0, 0.58, 0.67, 0.48, 0.55, 0.51, 0.48, 0.65, 1.0, 1.0, 0.62, 0.86, 0.6, 0.53, 1.0, 1.0, 0.91, 0.48, 0.79, 0.76, 0.51, 1.0, 0.62, 0.86, 0.76, 1.0, 0.48, 0.81, 0.69, 0.62, 0.53, 0.46, 0.69, 0.53, 1.0, 0.62, 0.76, 0.41, 1.0, 0.76, 1.0, 0.53, 0.51, 0.62, 1.0, 0.53]",35.83,"[8, 9, 10, 11, 12, 15, 17, 18, 22, 27, 31, 33, 34, 35, 36, 37, 38, 40, 42, 44, 47]","[0.16, 0.15, 0.15, 0.07, 0.07, 0.08, 0.13, 0.16, 0.13, 0.11, 0.1, 0.09, 0.1, 0.01, 0.16, 0.14, 0.13, 0.11, 0.06, 0.02, 0.04, 0.12, 0.09, 0.1, 0.06, 0.07, 0.12, 0.12, 0.09, 0.09, 0.12, 0.12, 0.08, 0.11, 0.17, 0.1, 0.09, 0.13, 0.02, 0.1, 0.12, 0.1, 0.05, 0.11, 0.07, 0.13, 0.12, 0.12, 0.03, 0.13]",0.06999999999999995,
164,Borda,ATVA_3,50,5,"{'A': 16, 'C': 12, 'B': 10, 'E': 9, 'D': 3}","[0.79, 0.58, 0.69, 0.48, 0.48, 0.6, 0.41, 0.58, 0.81, 0.79, 0.6, 1.0, 0.51, 0.6, 0.91, 1.0, 1.0, 1.0, 0.76, 0.72, 0.88, 0.53, 1.0, 1.0, 0.53, 0.58, 1.0, 0.53, 0.69, 1.0, 0.48, 1.0, 1.0, 0.86, 1.0, 1.0, 0.67, 1.0, 1.0, 0.58, 1.0, 0.72, 0.41, 0.39, 0.48, 0.86, 0.58, 0.41, 1.0, 0.72]",37.21,"[4, 5, 6, 7, 8, 9, 10, 14, 20, 25, 26, 28, 31, 37, 40, 42, 43, 44, 45, 48]","[0.02, 0.13, 0.12, 0.09, 0.09, 0.12, 0.07, 0.16, 0.03, 0.01, 0.1, 0.06, 0.13, 0.03, 0.12, 0.06, 0.04, 0.01, 0.11, 0.03, 0.01, 0.13, 0.07, 0.03, 0.04, 0.04, 0.07, 0.13, 0.04, 0.02, 0.09, 0.07, 0.1, 0.14, 0.02, 0.09, 0.02, 0.0, 0.07, 0.09, 0.09, 0.05, 0.07, 0.07, 0.12, 0.06, 0.16, 0.09, 0.02, 0.11]",0,
165,Borda,ATVA_3,50,5,"{'C': 19, 'E': 12, 'D': 9, 'A': 8, 'B': 2}","[0.62, 0.48, 1.0, 0.55, 1.0, 1.0, 0.48, 1.0, 0.74, 0.55, 0.86, 0.44, 0.6, 1.0, 1.0, 0.58, 1.0, 0.91, 1.0, 1.0, 0.86, 0.62, 1.0, 0.53, 0.6, 0.69, 1.0, 0.72, 1.0, 1.0, 0.76, 1.0, 1.0, 1.0, 0.69, 0.58, 1.0, 0.69, 0.76, 0.86, 0.58, 0.67, 1.0, 0.55, 0.62, 0.53, 0.67, 0.48, 1.0, 0.62]",38.89,"[1, 2, 4, 7, 12, 13, 16, 24, 36, 41, 45, 46, 47]","[0.08, 0.18, 0.04, 0.07, 0.07, 0.0, 0.17, 0.07, 0.11, 0.17, 0.13, 0.16, 0.1, 0.05, 0.09, 0.18, 0.03, 0.08, 0.09, 0.1, 0.15, 0.07, 0.04, 0.11, 0.09, 0.12, 0.01, 0.17, 0.07, 0.1, 0.13, 0.1, 0.08, 0.03, 0.14, 0.05, 0.03, 0.07, 0.12, 0.08, 0.17, 0.09, 0.06, 0.17, 0.16, 0.15, 0.15, 0.11, 0.09, 0.07]",0,
166,Borda,ATVA_3,50,5,"{'C': 16, 'E': 12, 'D': 11, 'A': 7, 'B': 4}","[0.79, 0.46, 1.0, 0.62, 0.72, 1.0, 0.79, 1.0, 0.6, 1.0, 0.62, 1.0, 0.69, 0.91, 0.58, 0.76, 0.67, 1.0, 0.62, 0.74, 1.0, 0.76, 0.86, 0.55, 0.48, 0.65, 0.55, 1.0, 1.0, 0.69, 0.55, 1.0, 0.79, 0.62, 1.0, 0.74, 0.6, 1.0, 0.76, 0.62, 0.55, 0.41, 0.6, 0.69, 0.79, 1.0, 1.0, 1.0, 0.44, 1.0]",38.269999999999996,"[2, 5, 9, 11, 15, 19, 23, 24, 25, 26, 27, 31, 36, 37, 42, 44, 49]","[0.07, 0.2, 0.03, 0.11, 0.18, 0.07, 0.13, 0.09, 0.09, 0.09, 0.16, 0.09, 0.12, 0.11, 0.19, 0.06, 0.12, 0.04, 0.17, 0.17, 0.07, 0.08, 0.16, 0.15, 0.08, 0.16, 0.14, 0.07, 0.04, 0.13, 0.09, 0.1, 0.11, 0.07, 0.07, 0.12, 0.12, 0.07, 0.13, 0.17, 0.17, 0.11, 0.12, 0.1, 0.11, 0.07, 0.03, 0.03, 0.15, 0.08]",0.09999999999999998,
167,Borda,ATVA_3,50,5,"{'E': 14, 'B': 13, 'C': 10, 'A': 7, 'D': 6}","[0.62, 0.62, 0.79, 1.0, 1.0, 0.53, 0.65, 0.48, 1.0, 1.0, 0.81, 1.0, 0.76, 0.58, 0.65, 1.0, 0.44, 0.69, 0.6, 0.55, 1.0, 0.76, 0.58, 0.48, 1.0, 0.6, 0.44, 0.6, 0.76, 1.0, 0.74, 0.67, 1.0, 0.55, 0.74, 0.69, 0.46, 1.0, 1.0, 0.67, 0.81, 1.0, 0.53, 0.76, 0.76, 1.0, 0.86, 0.53, 0.67, 0.6]",37.03000000000001,"[1, 2, 6, 7, 8, 13, 14, 15, 17, 18, 19, 20, 22, 23, 24, 26, 28, 29, 34, 35, 36, 37, 40, 41, 43, 44, 45, 48, 49, 50]","[0.09, 0.14, 0.1, 0.09, 0.04, 0.19, 0.11, 0.11, 0.03, 0.04, 0.11, 0.08, 0.07, 0.05, 0.13, 0.01, 0.17, 0.11, 0.11, 0.08, 0.03, 0.09, 0.1, 0.11, 0.01, 0.13, 0.11, 0.15, 0.03, 0.04, 0.13, 0.11, 0.05, 0.19, 0.17, 0.1, 0.13, 0.03, 0.1, 0.13, 0.05, 0.07, 0.2, 0.14, 0.13, 0.08, 0.09, 0.11, 0.03, 0.13]",0,
168,Borda,ATVA_3,50,5,"{'C': 12, 'E': 12, 'A': 10, 'D': 9, 'B': 7}","[0.58, 0.53, 0.72, 0.72, 0.53, 0.62, 0.86, 0.91, 0.91, 0.76, 0.48, 0.48, 0.58, 1.0, 0.6, 0.65, 0.76, 0.44, 1.0, 0.74, 1.0, 1.0, 0.53, 0.53, 0.55, 0.48, 0.51, 1.0, 0.55, 0.76, 1.0, 1.0, 1.0, 1.0, 0.69, 0.76, 0.51, 1.0, 0.6, 0.69, 0.91, 1.0, 0.69, 0.72, 0.65, 1.0, 0.84, 0.81, 0.48, 0.48]",36.60999999999999,"[1, 2, 3, 4, 7, 11, 12, 13, 15, 18, 20, 24, 25, 26, 27, 29, 35, 36, 37, 39, 40, 43, 44, 47, 49, 50]","[0.02, 0.16, 0.13, 0.16, 0.07, 0.03, 0.15, 0.06, 0.03, 0.07, 0.18, 0.09, 0.09, 0.1, 0.16, 0.18, 0.1, 0.19, 0.04, 0.02, 0.13, 0.03, 0.13, 0.15, 0.07, 0.13, 0.13, 0.1, 0.13, 0.06, 0.1, 0.04, 0.12, 0.08, 0.19, 0.12, 0.17, 0.04, 0.07, 0.13, 0.07, 0.04, 0.07, 0.11, 0.09, 0.08, 0.09, 0.09, 0.18, 0.1]",0.07000000000000006,
169,Borda,ATVA_3,50,5,"{'E': 14, 'C': 11, 'A': 10, 'D': 8, 'B': 7}","[0.6, 0.55, 0.39, 0.72, 0.79, 0.46, 0.44, 1.0, 0.55, 1.0, 0.62, 0.65, 1.0, 0.62, 1.0, 0.62, 0.76, 1.0, 0.53, 0.48, 1.0, 0.74, 0.53, 0.62, 0.51, 0.72, 0.84, 0.67, 1.0, 1.0, 1.0, 1.0, 0.58, 0.62, 0.79, 1.0, 0.67, 0.67, 0.65, 1.0, 0.55, 1.0, 0.74, 0.51, 0.72, 0.88, 0.51, 0.6, 1.0, 0.84]",36.74,"[2, 3, 4, 5, 6, 7, 9, 11, 17, 19, 20, 23, 24, 25, 26, 28, 33, 34, 35, 37, 38, 41, 44, 46, 47, 48]","[0.14, 0.13, 0.12, 0.07, 0.16, 0.08, 0.15, 0.07, 0.19, 0.05, 0.1, 0.06, 0.08, 0.11, 0.06, 0.16, 0.04, 0.05, 0.07, 0.16, 0.01, 0.03, 0.1, 0.12, 0.13, 0.15, 0.04, 0.11, 0.07, 0.07, 0.07, 0.02, 0.08, 0.1, 0.09, 0.04, 0.11, 0.04, 0.18, 0.01, 0.09, 0.06, 0.18, 0.14, 0.1, 0.12, 0.06, 0.13, 0.06, 0.09]",0.09999999999999998,
170,Borda,ATVA_3,50,5,"{'D': 13, 'B': 12, 'C': 10, 'A': 9, 'E': 6}","[0.72, 0.58, 0.44, 1.0, 0.76, 0.74, 1.0, 0.48, 1.0, 0.58, 0.65, 0.55, 0.55, 1.0, 0.53, 0.72, 0.53, 0.72, 0.76, 0.51, 0.6, 0.62, 0.81, 0.62, 1.0, 0.74, 1.0, 0.62, 1.0, 1.0, 0.41, 1.0, 0.55, 0.62, 0.6, 0.62, 0.58, 0.58, 0.72, 0.69, 1.0, 1.0, 1.0, 0.65, 0.58, 0.72, 0.65, 0.79, 1.0, 0.62]",36.209999999999994,"[1, 3, 5, 8, 10, 12, 13, 15, 16, 17, 20, 21, 22, 24, 26, 28, 31, 33, 36, 37, 38, 39, 44, 45, 47, 50]","[0.06, 0.09, 0.14, 0.04, 0.06, 0.09, 0.09, 0.16, 0.03, 0.07, 0.15, 0.13, 0.13, 0.03, 0.13, 0.11, 0.1, 0.11, 0.17, 0.03, 0.07, 0.09, 0.1, 0.16, 0.03, 0.01, 0.04, 0.05, 0.03, 0.03, 0.05, 0.01, 0.09, 0.14, 0.19, 0.11, 0.19, 0.09, 0.11, 0.13, 0.05, 0.05, 0.03, 0.06, 0.09, 0.05, 0.04, 0.1, 0.01, 0.13]",0.07000000000000006,
171,Borda,ATVA_3,50,5,"{'B': 14, 'E': 12, 'A': 11, 'C': 9, 'D': 4}","[0.79, 0.86, 1.0, 0.53, 1.0, 0.74, 1.0, 0.48, 0.53, 0.62, 0.72, 1.0, 0.79, 0.53, 1.0, 1.0, 0.76, 0.65, 0.55, 0.48, 0.62, 1.0, 1.0, 1.0, 0.48, 0.48, 0.46, 0.76, 0.67, 0.51, 0.62, 0.72, 1.0, 0.62, 0.53, 1.0, 0.76, 0.86, 1.0, 0.79, 0.74, 0.69, 1.0, 0.53, 0.53, 0.62, 0.69, 0.41, 1.0, 0.69]",36.809999999999995,"[1, 6, 8, 9, 10, 11, 13, 14, 18, 19, 20, 21, 25, 26, 29, 30, 31, 32, 34, 40, 41, 44, 45, 47, 48, 50]","[0.13, 0.1, 0.1, 0.14, 0.0, 0.13, 0.01, 0.14, 0.03, 0.12, 0.08, 0.06, 0.09, 0.03, 0.04, 0.06, 0.05, 0.09, 0.09, 0.15, 0.03, 0.03, 0.06, 0.07, 0.14, 0.1, 0.17, 0.08, 0.05, 0.07, 0.08, 0.13, 0.01, 0.01, 0.13, 0.06, 0.03, 0.1, 0.03, 0.15, 0.04, 0.18, 0.0, 0.1, 0.13, 0.04, 0.08, 0.18, 0.03, 0.01]",0.38,
172,Borda,ATVA_4,50,5,"{'A': 119, 'C': 117, 'E': 101, 'B': 83, 'D': 80}","[1.0, 0.51, 0.81, 0.86, 0.86, 0.48, 0.84, 0.62, 0.91, 0.76, 0.62, 0.62, 0.6, 0.62, 0.79, 0.81, 0.91, 1.0, 1.0, 0.62, 0.88, 0.67, 0.81, 0.48, 0.72, 1.0, 0.51, 0.91, 0.53, 0.72, 0.55, 0.53, 1.0, 0.58, 0.67, 0.55, 0.48, 0.53, 0.72, 0.6, 0.76, 1.0, 1.0, 0.88, 0.65, 0.69, 1.0, 1.0, 0.76, 1.0]",37.419999999999995,"[3, 4, 5, 7, 8, 9, 12, 13, 14, 15, 16, 17, 24, 28, 40, 41]","[0.01, 0.14, 0.02, 0.02, 0.02, 0.17, 0.03, 0.1, 0.01, 0.05, 0.11, 0.08, 0.11, 0.1, 0.04, 0.02, 0.01, 0.05, 0.07, 0.11, 0.03, 0.1, 0.05, 0.16, 0.09, 0.08, 0.15, 0.01, 0.15, 0.09, 0.12, 0.16, 0.04, 0.11, 0.1, 0.14, 0.16, 0.15, 0.09, 0.11, 0.05, 0.01, 0.01, 0.03, 0.09, 0.09, 0.08, 0.04, 0.07, 0.05]",0.24,
173,Borda,ATVA_4,50,5,"{'E': 123, 'B': 97, 'D': 97, 'A': 92, 'C': 91}","[0.41, 0.81, 0.53, 0.76, 1.0, 1.0, 0.58, 0.62, 0.69, 1.0, 0.41, 1.0, 1.0, 0.6, 1.0, 0.74, 0.46, 0.58, 0.53, 1.0, 0.46, 0.72, 1.0, 0.58, 1.0, 0.74, 1.0, 0.69, 0.44, 1.0, 1.0, 0.86, 0.74, 1.0, 0.72, 0.88, 0.69, 1.0, 0.72, 1.0, 0.6, 0.46, 1.0, 0.76, 0.76, 0.58, 0.62, 1.0, 0.65, 0.6]",37.989999999999995,"[1, 3, 4, 9, 17, 18, 21, 24, 26, 32, 41, 42, 46, 47]","[0.19, 0.05, 0.15, 0.05, 0.03, 0.01, 0.13, 0.1, 0.07, 0.07, 0.19, 0.03, 0.09, 0.13, 0.03, 0.04, 0.17, 0.1, 0.15, 0.08, 0.17, 0.08, 0.07, 0.1, 0.04, 0.04, 0.07, 0.09, 0.18, 0.05, 0.05, 0.04, 0.04, 0.0, 0.09, 0.03, 0.09, 0.09, 0.08, 0.09, 0.11, 0.17, 0.1, 0.07, 0.07, 0.1, 0.12, 0.0, 0.11, 0.11]",0.10000000000000009,
174,Borda,ATVA_4,50,5,"{'B': 117, 'A': 101, 'D': 99, 'C': 94, 'E': 89}","[1.0, 0.6, 0.86, 0.62, 0.76, 1.0, 0.86, 1.0, 0.65, 1.0, 1.0, 0.76, 1.0, 0.58, 0.51, 0.76, 0.86, 0.53, 0.48, 0.69, 0.58, 0.62, 1.0, 1.0, 0.53, 0.69, 0.53, 0.84, 0.76, 1.0, 1.0, 0.44, 0.44, 1.0, 0.6, 0.55, 0.84, 1.0, 0.74, 1.0, 0.69, 0.48, 1.0, 0.48, 0.74, 0.48, 1.0, 0.48, 0.62, 0.48]",37.129999999999995,"[3, 12, 16, 36]","[0.04, 0.12, 0.04, 0.08, 0.07, 0.05, 0.02, 0.03, 0.11, 0.01, 0.01, 0.07, 0.04, 0.11, 0.15, 0.07, 0.02, 0.13, 0.16, 0.09, 0.13, 0.08, 0.07, 0.07, 0.16, 0.09, 0.15, 0.03, 0.07, 0.03, 0.03, 0.18, 0.18, 0.03, 0.13, 0.12, 0.03, 0.07, 0.06, 0.05, 0.09, 0.17, 0.06, 0.17, 0.04, 0.16, 0.07, 0.16, 0.11, 0.16]",0.030000000000000027,
175,Borda,ATVA_4,50,5,"{'E': 111, 'C': 110, 'B': 107, 'A': 89, 'D': 83}","[0.76, 0.62, 0.55, 0.67, 1.0, 0.76, 0.48, 0.76, 0.79, 1.0, 1.0, 0.72, 1.0, 1.0, 0.6, 0.58, 0.62, 0.76, 0.41, 1.0, 0.88, 0.62, 0.62, 0.79, 0.69, 1.0, 0.69, 1.0, 1.0, 0.67, 0.69, 0.76, 0.65, 1.0, 0.76, 0.46, 0.62, 0.48, 0.72, 0.58, 0.76, 0.72, 0.44, 0.53, 0.58, 0.6, 0.65, 0.76, 0.53, 1.0]",36.330000000000005,"[2, 4, 6, 7, 9, 15, 17, 18, 19, 21, 22, 23, 24, 27, 30, 31, 32, 35, 36, 37, 38, 41, 44, 46, 49]","[0.07, 0.08, 0.12, 0.1, 0.05, 0.05, 0.16, 0.05, 0.04, 0.05, 0.03, 0.09, 0.04, 0.01, 0.12, 0.13, 0.1, 0.05, 0.19, 0.01, 0.03, 0.11, 0.11, 0.04, 0.09, 0.05, 0.09, 0.05, 0.01, 0.1, 0.09, 0.05, 0.11, 0.01, 0.05, 0.17, 0.1, 0.17, 0.07, 0.13, 0.05, 0.08, 0.18, 0.15, 0.13, 0.12, 0.09, 0.05, 0.15, 0.06]",0.4,
176,Borda,ATVA_4,50,5,"{'C': 109, 'A': 104, 'D': 103, 'B': 99, 'E': 85}","[0.51, 0.48, 1.0, 0.79, 0.55, 1.0, 0.53, 1.0, 0.74, 1.0, 0.41, 0.41, 0.88, 0.6, 1.0, 0.55, 0.79, 0.86, 0.55, 0.6, 0.48, 0.76, 0.69, 0.69, 1.0, 0.72, 0.62, 0.76, 0.41, 0.62, 0.58, 0.58, 0.81, 0.46, 1.0, 1.0, 0.62, 0.58, 1.0, 0.76, 0.51, 1.0, 1.0, 0.62, 0.76, 0.91, 0.6, 1.0, 1.0, 1.0]",36.790000000000006,"[9, 11, 18, 22, 29, 44, 45]","[0.14, 0.16, 0.01, 0.06, 0.12, 0.01, 0.13, 0.06, 0.04, 0.04, 0.19, 0.19, 0.03, 0.13, 0.07, 0.14, 0.04, 0.04, 0.12, 0.11, 0.16, 0.05, 0.09, 0.09, 0.04, 0.08, 0.08, 0.07, 0.19, 0.11, 0.13, 0.13, 0.02, 0.17, 0.05, 0.06, 0.08, 0.13, 0.08, 0.07, 0.14, 0.08, 0.02, 0.12, 0.07, 0.01, 0.12, 0.07, 0.07, 0.06]",0.07000000000000006,
177,Borda,ATVA_4,50,5,"{'E': 118, 'A': 107, 'B': 104, 'D': 94, 'C': 77}","[0.53, 0.6, 1.0, 1.0, 0.6, 0.6, 0.65, 0.81, 0.55, 0.74, 0.6, 0.58, 1.0, 0.88, 0.76, 1.0, 0.88, 0.88, 1.0, 0.72, 0.48, 0.67, 0.44, 0.53, 1.0, 0.72, 0.53, 1.0, 1.0, 0.41, 0.84, 0.65, 1.0, 0.69, 1.0, 1.0, 0.74, 0.91, 0.65, 0.76, 0.58, 0.6, 0.76, 0.41, 0.91, 1.0, 1.0, 0.51, 0.65, 0.48]",37.3,[],"[0.13, 0.11, 0.03, 0.01, 0.12, 0.11, 0.09, 0.02, 0.12, 0.06, 0.11, 0.13, 0.07, 0.03, 0.07, 0.01, 0.03, 0.03, 0.09, 0.07, 0.16, 0.1, 0.18, 0.13, 0.06, 0.08, 0.15, 0.03, 0.04, 0.19, 0.03, 0.11, 0.01, 0.09, 0.07, 0.03, 0.04, 0.01, 0.11, 0.05, 0.1, 0.12, 0.05, 0.19, 0.01, 0.04, 0.01, 0.15, 0.11, 0.16]",0,
178,Borda,ATVA_4,50,5,"{'A': 107, 'B': 102, 'E': 101, 'D': 96, 'C': 94}","[1.0, 0.69, 1.0, 0.86, 0.58, 0.86, 0.58, 1.0, 1.0, 0.62, 0.76, 0.62, 0.53, 0.58, 0.81, 0.62, 0.79, 1.0, 1.0, 0.51, 1.0, 0.51, 0.58, 0.6, 0.6, 0.58, 0.48, 0.55, 1.0, 0.76, 0.72, 0.67, 0.58, 1.0, 0.6, 0.79, 0.46, 0.76, 0.41, 0.39, 1.0, 0.48, 0.6, 0.53, 0.69, 0.67, 0.58, 0.65, 1.0, 0.79]",35.44,"[4, 6, 10, 13, 16, 17, 27, 28, 31, 36, 37, 38, 39, 40, 43, 47, 50]","[0.01, 0.07, 0.04, 0.04, 0.11, 0.04, 0.13, 0.07, 0.03, 0.12, 0.07, 0.08, 0.13, 0.11, 0.05, 0.1, 0.04, 0.07, 0.07, 0.15, 0.04, 0.14, 0.13, 0.13, 0.12, 0.11, 0.16, 0.12, 0.03, 0.07, 0.07, 0.1, 0.11, 0.03, 0.13, 0.04, 0.17, 0.05, 0.19, 0.2, 0.09, 0.16, 0.12, 0.15, 0.07, 0.1, 0.1, 0.11, 0.07, 0.04]",0.09999999999999998,
179,Borda,ATVA_4,50,5,"{'C': 107, 'A': 104, 'D': 104, 'B': 98, 'E': 87}","[0.51, 1.0, 0.41, 0.76, 0.72, 1.0, 0.62, 0.46, 1.0, 1.0, 0.55, 0.41, 0.72, 0.48, 0.79, 0.6, 0.62, 1.0, 0.58, 1.0, 0.62, 0.65, 1.0, 0.44, 0.76, 0.44, 0.53, 0.76, 0.48, 0.69, 1.0, 0.72, 0.62, 0.6, 0.62, 0.53, 0.58, 0.39, 0.74, 1.0, 1.0, 0.79, 1.0, 0.55, 1.0, 1.0, 1.0, 0.67, 0.55, 0.81]",35.769999999999996,"[1, 3, 4, 7, 8, 11, 12, 14, 19, 21, 24, 25, 30, 38, 39, 44, 48, 49]","[0.14, 0.01, 0.19, 0.07, 0.08, 0.02, 0.1, 0.17, 0.09, 0.05, 0.14, 0.19, 0.09, 0.16, 0.04, 0.13, 0.08, 0.04, 0.1, 0.06, 0.08, 0.09, 0.01, 0.18, 0.05, 0.18, 0.13, 0.07, 0.16, 0.09, 0.01, 0.09, 0.11, 0.11, 0.12, 0.16, 0.13, 0.2, 0.04, 0.0, 0.01, 0.06, 0.07, 0.12, 0.03, 0.01, 0.01, 0.1, 0.12, 0.05]",0.26,
180,Borda,ATVA_4,50,5,"{'A': 112, 'D': 111, 'B': 102, 'C': 91, 'E': 84}","[0.48, 0.76, 0.46, 1.0, 0.58, 0.55, 1.0, 0.88, 0.58, 0.46, 0.55, 0.79, 1.0, 0.53, 1.0, 0.86, 1.0, 0.53, 0.86, 0.48, 1.0, 0.62, 0.72, 1.0, 0.62, 1.0, 0.69, 0.53, 0.74, 0.58, 0.76, 0.53, 0.84, 0.51, 0.76, 1.0, 1.0, 0.6, 0.69, 0.72, 0.69, 0.53, 0.81, 1.0, 0.69, 0.53, 0.41, 0.53, 1.0, 1.0]",36.45,"[1, 3, 8, 10, 12, 19, 20, 22, 23, 27, 29, 31, 32, 33, 35, 40, 42, 43, 45, 46, 47, 48]","[0.16, 0.07, 0.17, 0.01, 0.13, 0.13, 0.04, 0.03, 0.11, 0.17, 0.13, 0.04, 0.1, 0.16, 0.01, 0.04, 0.03, 0.13, 0.02, 0.17, 0.01, 0.08, 0.08, 0.03, 0.12, 0.03, 0.09, 0.13, 0.04, 0.11, 0.05, 0.13, 0.03, 0.15, 0.05, 0.05, 0.05, 0.11, 0.09, 0.08, 0.07, 0.15, 0.02, 0.01, 0.07, 0.13, 0.19, 0.15, 0.03, 0.06]",0.31000000000000005,
181,Borda,ATVA_4,50,5,"{'A': 113, 'E': 112, 'B': 99, 'C': 99, 'D': 77}","[0.55, 1.0, 0.88, 0.65, 0.81, 0.69, 0.65, 1.0, 0.76, 0.62, 0.69, 0.91, 0.55, 1.0, 0.58, 0.88, 0.84, 0.62, 0.55, 0.79, 1.0, 0.62, 1.0, 0.48, 0.81, 1.0, 0.62, 0.53, 0.76, 1.0, 0.79, 0.65, 0.46, 1.0, 1.0, 0.48, 0.69, 0.53, 0.72, 0.6, 1.0, 0.76, 0.6, 0.62, 0.44, 1.0, 0.58, 0.58, 0.62, 0.48]",36.44,"[3, 5, 6, 9, 10, 11, 12, 16, 20, 25, 27, 31, 33, 36, 37, 38, 39, 40, 43, 45, 48, 50]","[0.14, 0.09, 0.03, 0.09, 0.05, 0.07, 0.11, 0.01, 0.05, 0.08, 0.09, 0.01, 0.14, 0.03, 0.13, 0.03, 0.03, 0.11, 0.14, 0.04, 0.03, 0.08, 0.01, 0.17, 0.05, 0.04, 0.11, 0.15, 0.07, 0.04, 0.04, 0.09, 0.17, 0.03, 0.05, 0.16, 0.09, 0.15, 0.07, 0.11, 0.03, 0.05, 0.11, 0.08, 0.18, 0.03, 0.11, 0.1, 0.12, 0.16]",0.31000000000000005,
