vote_id,voting_scheme,limitation_dropped,num_voters,num_candidates,outcome,hapiness_list,overall_hapiness,strategic_voters,risk_of_strategic_voting,alternative_risk,pairs
0,Plurality,BTVA,50,3,"{'B': 18, 'A': 17, 'C': 15}","[0.81, 0.43, 1.0, 1.0, 1.0, 0.52, 0.81, 0.52, 0.52, 0.52, 0.43, 0.52, 1.0, 1.0, 1.0, 0.81, 0.81, 0.52, 1.0, 0.52, 1.0, 0.52, 1.0, 1.0, 1.0, 0.43, 0.52, 1.0, 0.43, 1.0, 1.0, 0.43, 0.81, 1.0, 0.52, 0.52, 0.43, 0.52, 0.52, 0.52, 0.52, 0.43, 1.0, 1.0, 0.52, 1.0, 0.52, 0.52, 0.43, 0.81]",35.660000000000004,"[2, 11, 26, 29, 32, 37, 42, 49]","[0.01, 0.04, 0.0, 0.01, 0.01, 0.03, 0.01, 0.03, 0.03, 0.03, 0.04, 0.03, 0.01, 0.01, 0.01, 0.01, 0.01, 0.03, 0.0, 0.03, 0.0, 0.03, 0.0, 0.0, 0.01, 0.04, 0.03, 0.0, 0.04, 0.0, 0.01, 0.04, 0.01, 0.01, 0.03, 0.03, 0.04, 0.03, 0.03, 0.03, 0.03, 0.04, 0.01, 0.0, 0.03, 0.0, 0.03, 0.03, 0.04, 0.01]",0.09000000000000002,
1,Plurality,BTVA,50,3,"{'B': 19, 'C': 18, 'A': 13}","[0.43, 0.81, 1.0, 0.81, 0.43, 0.52, 0.52, 1.0, 1.0, 0.52, 0.52, 1.0, 1.0, 1.0, 0.81, 0.52, 0.52, 0.81, 1.0, 0.81, 0.43, 0.52, 1.0, 0.52, 0.52, 1.0, 1.0, 0.81, 1.0, 0.52, 0.81, 0.81, 0.52, 1.0, 0.52, 0.43, 0.81, 1.0, 1.0, 0.81, 0.81, 0.52, 1.0, 0.52, 1.0, 0.52, 0.43, 1.0, 1.0, 1.0]",37.86,[],"[0.04, 0.01, 0.01, 0.01, 0.04, 0.03, 0.03, 0.01, 0.0, 0.03, 0.03, 0.0, 0.01, 0.01, 0.01, 0.03, 0.03, 0.01, 0.01, 0.01, 0.04, 0.03, 0.01, 0.03, 0.03, 0.0, 0.01, 0.01, 0.01, 0.03, 0.01, 0.01, 0.03, 0.01, 0.03, 0.04, 0.01, 0.01, 0.01, 0.01, 0.01, 0.03, 0.01, 0.03, 0.0, 0.03, 0.04, 0.01, 0.01, 0.01]",0,
2,Plurality,BTVA,50,3,"{'A': 19, 'C': 18, 'B': 13}","[1.0, 0.52, 1.0, 1.0, 1.0, 1.0, 0.52, 1.0, 0.81, 1.0, 0.43, 1.0, 0.52, 0.43, 1.0, 0.52, 0.81, 1.0, 0.81, 0.52, 0.43, 0.52, 1.0, 1.0, 0.81, 1.0, 0.52, 1.0, 0.52, 0.81, 0.43, 0.43, 0.43, 1.0, 0.81, 0.52, 0.52, 1.0, 0.52, 0.52, 0.81, 0.43, 0.81, 0.43, 0.43, 1.0, 0.52, 0.43, 1.0, 1.0]",36.54,[],"[0.01, 0.03, 0.0, 0.0, 0.0, 0.0, 0.03, 0.01, 0.01, 0.0, 0.04, 0.01, 0.03, 0.04, 0.01, 0.03, 0.01, 0.01, 0.01, 0.03, 0.04, 0.03, 0.0, 0.01, 0.01, 0.01, 0.03, 0.01, 0.03, 0.01, 0.04, 0.04, 0.04, 0.01, 0.01, 0.03, 0.03, 0.01, 0.03, 0.03, 0.01, 0.04, 0.01, 0.04, 0.04, 0.0, 0.03, 0.04, 0.0, 0.01]",0,
3,Plurality,BTVA,50,3,"{'B': 21, 'C': 18, 'A': 11}","[0.81, 1.0, 0.81, 1.0, 0.81, 1.0, 0.81, 0.43, 1.0, 1.0, 0.52, 1.0, 1.0, 0.52, 0.43, 0.52, 0.52, 0.52, 1.0, 1.0, 0.52, 0.43, 0.81, 0.81, 1.0, 1.0, 1.0, 0.81, 1.0, 1.0, 0.43, 0.52, 0.81, 0.81, 0.52, 1.0, 0.81, 1.0, 0.43, 0.81, 0.43, 0.52, 0.52, 0.52, 1.0, 1.0, 1.0, 1.0, 1.0, 0.52]",38.73,[],"[0.01, 0.01, 0.01, 0.01, 0.01, 0.01, 0.01, 0.04, 0.0, 0.0, 0.03, 0.0, 0.01, 0.03, 0.04, 0.03, 0.03, 0.03, 0.0, 0.0, 0.03, 0.04, 0.01, 0.01, 0.0, 0.01, 0.01, 0.01, 0.01, 0.01, 0.04, 0.03, 0.01, 0.01, 0.03, 0.0, 0.01, 0.01, 0.04, 0.01, 0.04, 0.03, 0.03, 0.03, 0.0, 0.0, 0.0, 0.01, 0.0, 0.03]",0,
4,Plurality,BTVA,50,3,"{'A': 21, 'B': 15, 'C': 14}","[0.81, 1.0, 0.43, 1.0, 0.81, 0.81, 1.0, 0.52, 1.0, 0.52, 0.52, 0.43, 0.52, 1.0, 0.81, 0.52, 1.0, 0.52, 0.43, 0.81, 0.52, 0.52, 1.0, 1.0, 0.43, 0.81, 1.0, 0.43, 0.52, 1.0, 1.0, 1.0, 1.0, 1.0, 0.52, 1.0, 0.52, 0.43, 0.43, 0.81, 1.0, 1.0, 1.0, 0.52, 0.81, 1.0, 1.0, 0.81, 0.43, 1.0]",37.97,[],"[0.01, 0.0, 0.04, 0.01, 0.01, 0.01, 0.0, 0.03, 0.01, 0.03, 0.03, 0.04, 0.03, 0.01, 0.01, 0.03, 0.0, 0.03, 0.04, 0.01, 0.03, 0.03, 0.01, 0.01, 0.04, 0.01, 0.0, 0.04, 0.03, 0.0, 0.0, 0.0, 0.01, 0.01, 0.03, 0.0, 0.03, 0.04, 0.04, 0.01, 0.01, 0.01, 0.0, 0.03, 0.01, 0.01, 0.0, 0.01, 0.04, 0.01]",0,
5,Plurality,BTVA,50,3,"{'A': 19, 'B': 16, 'C': 15}","[0.52, 1.0, 0.52, 0.81, 1.0, 0.52, 1.0, 0.52, 0.52, 1.0, 0.52, 1.0, 0.52, 0.52, 0.52, 1.0, 1.0, 1.0, 1.0, 1.0, 0.43, 0.52, 1.0, 0.52, 0.52, 1.0, 0.43, 0.52, 1.0, 0.52, 0.52, 0.52, 0.81, 0.52, 1.0, 0.52, 0.52, 0.52, 0.43, 0.52, 0.52, 1.0, 1.0, 1.0, 0.52, 0.81, 0.43, 1.0, 0.43, 1.0]",35.54,[],"[0.03, 0.0, 0.03, 0.01, 0.01, 0.03, 0.01, 0.03, 0.03, 0.0, 0.03, 0.01, 0.03, 0.03, 0.03, 0.0, 0.01, 0.0, 0.01, 0.01, 0.04, 0.03, 0.0, 0.03, 0.03, 0.0, 0.04, 0.03, 0.01, 0.03, 0.03, 0.03, 0.01, 0.03, 0.0, 0.03, 0.03, 0.03, 0.04, 0.03, 0.03, 0.0, 0.01, 0.0, 0.03, 0.01, 0.04, 0.0, 0.04, 0.01]",0,
6,Plurality,BTVA,50,3,"{'B': 17, 'C': 17, 'A': 16}","[0.81, 0.81, 1.0, 0.52, 0.52, 1.0, 0.43, 1.0, 0.52, 0.52, 1.0, 1.0, 0.52, 0.52, 1.0, 0.52, 1.0, 0.52, 0.43, 0.52, 0.43, 0.43, 0.52, 1.0, 0.43, 1.0, 1.0, 1.0, 1.0, 0.81, 0.43, 0.52, 0.43, 0.52, 0.81, 1.0, 0.52, 0.81, 0.52, 1.0, 0.43, 0.52, 0.52, 1.0, 0.43, 1.0, 0.52, 1.0, 0.52, 0.52]",34.80000000000001,"[7, 19, 21, 22, 25, 31, 33, 41, 45]","[0.01, 0.01, 0.0, 0.03, 0.03, 0.01, 0.04, 0.01, 0.03, 0.03, 0.01, 0.0, 0.03, 0.03, 0.0, 0.03, 0.01, 0.03, 0.04, 0.03, 0.04, 0.04, 0.03, 0.0, 0.04, 0.0, 0.0, 0.0, 0.01, 0.01, 0.04, 0.03, 0.04, 0.03, 0.01, 0.01, 0.03, 0.01, 0.03, 0.01, 0.04, 0.03, 0.03, 0.01, 0.04, 0.0, 0.03, 0.0, 0.03, 0.03]",0.09000000000000002,
7,Plurality,BTVA,50,3,"{'A': 19, 'C': 16, 'B': 15}","[0.81, 0.81, 0.43, 0.81, 1.0, 1.0, 1.0, 0.43, 1.0, 1.0, 0.52, 0.52, 1.0, 0.52, 1.0, 0.43, 1.0, 1.0, 0.43, 1.0, 1.0, 1.0, 0.43, 0.52, 0.52, 1.0, 0.81, 0.81, 0.81, 0.81, 0.43, 1.0, 0.81, 0.52, 1.0, 0.52, 0.52, 0.43, 1.0, 0.52, 0.43, 1.0, 0.52, 0.52, 0.43, 0.43, 1.0, 0.52, 1.0, 0.52]",36.54,[],"[0.01, 0.01, 0.04, 0.01, 0.0, 0.0, 0.01, 0.04, 0.0, 0.0, 0.03, 0.03, 0.01, 0.03, 0.01, 0.04, 0.0, 0.0, 0.04, 0.0, 0.0, 0.01, 0.04, 0.03, 0.03, 0.0, 0.01, 0.01, 0.01, 0.01, 0.04, 0.0, 0.01, 0.03, 0.01, 0.03, 0.03, 0.04, 0.01, 0.03, 0.04, 0.01, 0.03, 0.03, 0.04, 0.04, 0.01, 0.03, 0.0, 0.03]",0,
8,Plurality,BTVA,50,3,"{'A': 17, 'C': 17, 'B': 16}","[0.81, 0.52, 1.0, 0.52, 1.0, 1.0, 0.43, 0.43, 0.81, 0.81, 0.52, 0.81, 0.81, 1.0, 1.0, 0.43, 0.81, 1.0, 0.52, 1.0, 0.52, 0.52, 1.0, 1.0, 0.81, 0.43, 1.0, 0.52, 1.0, 0.52, 1.0, 0.52, 1.0, 0.52, 0.43, 1.0, 0.52, 0.81, 1.0, 0.43, 0.52, 1.0, 0.52, 1.0, 0.52, 0.52, 0.43, 0.52, 0.81, 0.81]",36.43000000000001,"[7, 8, 16, 26, 35, 40, 47]","[0.01, 0.03, 0.01, 0.03, 0.0, 0.01, 0.04, 0.04, 0.01, 0.01, 0.03, 0.01, 0.01, 0.0, 0.0, 0.04, 0.01, 0.0, 0.03, 0.01, 0.03, 0.03, 0.0, 0.01, 0.01, 0.04, 0.0, 0.03, 0.0, 0.03, 0.01, 0.03, 0.01, 0.03, 0.04, 0.01, 0.03, 0.01, 0.01, 0.04, 0.03, 0.0, 0.03, 0.0, 0.03, 0.03, 0.04, 0.03, 0.01, 0.01]",0.09000000000000002,
9,Plurality,BTVA,50,3,"{'B': 22, 'A': 14, 'C': 14}","[1.0, 1.0, 1.0, 0.52, 0.52, 1.0, 1.0, 0.52, 1.0, 1.0, 1.0, 1.0, 0.43, 0.81, 0.52, 0.52, 1.0, 0.52, 1.0, 0.43, 0.52, 0.52, 1.0, 0.43, 0.52, 1.0, 0.81, 0.52, 0.52, 1.0, 1.0, 0.43, 1.0, 0.43, 1.0, 0.52, 0.43, 0.52, 1.0, 0.43, 1.0, 0.52, 0.81, 0.52, 0.43, 1.0, 0.81, 1.0, 1.0, 0.81]",37.290000000000006,[],"[0.01, 0.0, 0.0, 0.03, 0.03, 0.0, 0.01, 0.03, 0.0, 0.01, 0.0, 0.01, 0.04, 0.01, 0.03, 0.03, 0.0, 0.03, 0.01, 0.04, 0.03, 0.03, 0.01, 0.04, 0.03, 0.0, 0.01, 0.03, 0.03, 0.0, 0.01, 0.04, 0.01, 0.04, 0.01, 0.03, 0.04, 0.03, 0.01, 0.04, 0.01, 0.03, 0.01, 0.03, 0.04, 0.01, 0.01, 0.01, 0.0, 0.01]",0,
10,Plurality,ATVA_1,50,3,"{'C': 19, 'A': 17, 'B': 14}","[1.0, 0.43, 0.52, 0.43, 0.43, 0.81, 1.0, 1.0, 0.43, 0.52, 0.52, 0.52, 1.0, 1.0, 1.0, 0.81, 0.52, 0.52, 0.52, 1.0, 1.0, 0.81, 0.81, 0.52, 0.52, 1.0, 1.0, 0.43, 1.0, 0.43, 0.43, 1.0, 0.43, 0.52, 0.81, 0.52, 0.81, 0.43, 0.52, 1.0, 1.0, 1.0, 0.52, 1.0, 0.52, 1.0, 1.0, 1.0, 0.81, 0.52]",36.34,[],"[0.01, 0.04, 0.03, 0.04, 0.04, 0.01, 0.01, 0.0, 0.04, 0.03, 0.03, 0.03, 0.0, 0.01, 0.01, 0.01, 0.03, 0.03, 0.03, 0.0, 0.01, 0.01, 0.01, 0.03, 0.03, 0.01, 0.01, 0.04, 0.0, 0.04, 0.04, 0.01, 0.04, 0.03, 0.01, 0.03, 0.01, 0.04, 0.03, 0.01, 0.0, 0.0, 0.03, 0.01, 0.03, 0.0, 0.01, 0.01, 0.01, 0.03]",0,
11,Plurality,ATVA_1,50,3,"{'C': 20, 'B': 16, 'A': 14}","[1.0, 1.0, 1.0, 0.52, 0.52, 0.52, 1.0, 0.52, 1.0, 0.52, 0.52, 1.0, 0.43, 0.52, 0.81, 1.0, 0.43, 0.43, 0.43, 1.0, 1.0, 0.81, 1.0, 0.52, 1.0, 1.0, 0.43, 0.43, 0.81, 0.43, 0.52, 0.52, 0.81, 0.52, 1.0, 0.81, 1.0, 1.0, 0.81, 1.0, 1.0, 1.0, 0.81, 0.81, 1.0, 0.52, 0.52, 1.0, 0.52, 0.52]",37.290000000000006,[],"[0.0, 0.0, 0.0, 0.03, 0.03, 0.03, 0.01, 0.03, 0.0, 0.03, 0.03, 0.0, 0.04, 0.03, 0.01, 0.0, 0.04, 0.04, 0.04, 0.01, 0.01, 0.01, 0.0, 0.03, 0.01, 0.0, 0.04, 0.04, 0.01, 0.04, 0.03, 0.03, 0.01, 0.03, 0.0, 0.01, 0.01, 0.0, 0.01, 0.0, 0.01, 0.01, 0.01, 0.01, 0.01, 0.03, 0.03, 0.0, 0.03, 0.03]",0,
12,Plurality,ATVA_1,50,3,"{'C': 20, 'A': 19, 'B': 11}","[0.81, 0.43, 0.43, 1.0, 0.52, 0.52, 0.81, 0.81, 1.0, 0.81, 0.52, 1.0, 0.43, 1.0, 0.81, 0.52, 0.52, 0.52, 1.0, 0.52, 0.81, 0.52, 1.0, 0.81, 1.0, 0.52, 0.43, 0.81, 0.52, 0.43, 0.52, 1.0, 0.52, 0.52, 1.0, 1.0, 1.0, 1.0, 0.81, 0.81, 1.0, 1.0, 1.0, 1.0, 1.0, 0.52, 1.0, 0.52, 1.0, 1.0]",38.05,"[2, 3, 13, 27, 30]","[0.01, 0.04, 0.04, 0.0, 0.03, 0.03, 0.01, 0.01, 0.01, 0.01, 0.03, 0.0, 0.04, 0.01, 0.01, 0.03, 0.03, 0.03, 0.0, 0.03, 0.01, 0.03, 0.0, 0.01, 0.01, 0.03, 0.04, 0.01, 0.03, 0.04, 0.03, 0.0, 0.03, 0.03, 0.0, 0.0, 0.01, 0.01, 0.01, 0.01, 0.01, 0.0, 0.01, 0.0, 0.01, 0.03, 0.0, 0.03, 0.0, 0.0]",0.09000000000000002,"[(13, 30), (2, 27), (13, 27), (30, 46), (3, 7), (2, 39), (13, 39), (3, 10), (2, 48), (3, 13), (13, 48), (3, 28), (3, 31), (2, 11), (27, 28), (2, 8), (3, 34), (3, 40), (27, 31), (2, 17), (13, 17), (27, 34), (27, 40), (3, 46), (2, 26), (13, 26), (13, 24), (27, 46), (2, 29), (13, 29), (30, 39), (30, 48), (3, 6), (3, 15), (3, 21), (3, 24), (3, 30), (3, 27), (2, 7), (27, 30), (2, 10), (27, 39), (2, 13), (3, 39), (30, 31), (13, 15), (3, 48), (2, 28), (13, 28), (30, 40), (2, 31), (13, 31), (27, 48), (2, 34), (2, 40), (13, 34), (3, 11), (13, 40), (3, 8), (2, 46), (13, 46), (3, 17), (30, 34), (3, 26), (2, 3), (3, 29), (2, 6), (27, 29), (2, 15), (2, 21), (13, 21), (2, 24), (2, 30)]"
13,Plurality,ATVA_1,50,3,"{'A': 18, 'C': 17, 'B': 15}","[0.52, 1.0, 0.81, 0.52, 1.0, 1.0, 1.0, 0.52, 1.0, 0.52, 0.43, 0.52, 1.0, 1.0, 0.52, 0.43, 0.81, 0.52, 1.0, 0.81, 1.0, 1.0, 1.0, 1.0, 0.43, 0.81, 0.52, 1.0, 0.52, 0.43, 0.43, 0.52, 1.0, 1.0, 1.0, 0.52, 0.81, 0.43, 0.52, 0.52, 0.43, 1.0, 0.52, 0.52, 0.43, 0.52, 0.52, 0.52, 1.0, 0.81]",35.660000000000004,[],"[0.03, 0.01, 0.01, 0.03, 0.01, 0.0, 0.0, 0.03, 0.0, 0.03, 0.04, 0.03, 0.01, 0.0, 0.03, 0.04, 0.01, 0.03, 0.0, 0.01, 0.01, 0.01, 0.01, 0.01, 0.04, 0.01, 0.03, 0.0, 0.03, 0.04, 0.04, 0.03, 0.01, 0.0, 0.01, 0.03, 0.01, 0.04, 0.03, 0.03, 0.04, 0.01, 0.03, 0.03, 0.04, 0.03, 0.03, 0.03, 0.01, 0.01]",0,
14,Plurality,ATVA_1,50,3,"{'A': 19, 'C': 18, 'B': 13}","[0.52, 0.52, 0.43, 0.43, 1.0, 1.0, 0.52, 1.0, 0.81, 1.0, 0.52, 1.0, 0.81, 0.52, 1.0, 0.52, 1.0, 0.52, 0.81, 1.0, 1.0, 0.81, 0.43, 1.0, 0.81, 0.43, 0.52, 0.52, 1.0, 0.52, 1.0, 0.81, 0.43, 0.52, 0.81, 0.52, 0.52, 1.0, 1.0, 0.81, 0.52, 1.0, 0.43, 1.0, 0.52, 0.43, 1.0, 0.52, 1.0, 1.0]",36.81,[],"[0.03, 0.03, 0.04, 0.04, 0.0, 0.01, 0.03, 0.0, 0.01, 0.01, 0.03, 0.01, 0.01, 0.03, 0.01, 0.03, 0.01, 0.03, 0.01, 0.0, 0.01, 0.01, 0.04, 0.0, 0.01, 0.04, 0.03, 0.03, 0.0, 0.03, 0.0, 0.01, 0.04, 0.03, 0.01, 0.03, 0.03, 0.0, 0.01, 0.01, 0.03, 0.01, 0.04, 0.01, 0.03, 0.04, 0.0, 0.03, 0.0, 0.01]",0,
15,Plurality,ATVA_1,50,3,"{'C': 26, 'A': 13, 'B': 11}","[1.0, 1.0, 0.52, 1.0, 0.43, 1.0, 1.0, 0.52, 0.52, 1.0, 1.0, 1.0, 0.43, 1.0, 0.81, 0.81, 1.0, 0.43, 1.0, 0.81, 0.52, 0.52, 1.0, 0.52, 1.0, 0.81, 0.52, 1.0, 0.81, 1.0, 1.0, 1.0, 0.52, 1.0, 1.0, 1.0, 0.52, 0.43, 0.43, 0.52, 0.43, 1.0, 1.0, 0.52, 0.52, 1.0, 1.0, 1.0, 0.81, 1.0]",39.68000000000001,[],"[0.01, 0.0, 0.03, 0.01, 0.04, 0.01, 0.01, 0.03, 0.03, 0.0, 0.0, 0.0, 0.04, 0.01, 0.01, 0.01, 0.01, 0.04, 0.01, 0.01, 0.03, 0.03, 0.01, 0.03, 0.01, 0.01, 0.03, 0.01, 0.01, 0.01, 0.01, 0.0, 0.03, 0.01, 0.0, 0.01, 0.03, 0.04, 0.04, 0.03, 0.04, 0.01, 0.01, 0.03, 0.03, 0.0, 0.0, 0.01, 0.01, 0.0]",0,
16,Plurality,ATVA_1,50,3,"{'B': 19, 'A': 18, 'C': 13}","[0.52, 1.0, 0.52, 0.43, 0.52, 1.0, 0.81, 0.52, 1.0, 0.43, 1.0, 1.0, 0.81, 1.0, 1.0, 0.52, 0.81, 0.81, 1.0, 0.52, 0.52, 0.52, 0.43, 0.81, 0.43, 0.81, 0.52, 1.0, 1.0, 0.81, 0.52, 1.0, 0.52, 1.0, 0.81, 1.0, 0.81, 1.0, 0.52, 0.43, 1.0, 1.0, 1.0, 0.52, 1.0, 1.0, 0.81, 0.52, 0.81, 0.81]",38.150000000000006,"[4, 10, 23, 25, 40]","[0.03, 0.0, 0.03, 0.04, 0.03, 0.0, 0.01, 0.03, 0.01, 0.04, 0.0, 0.01, 0.01, 0.0, 0.0, 0.03, 0.01, 0.01, 0.0, 0.03, 0.03, 0.03, 0.04, 0.01, 0.04, 0.01, 0.03, 0.0, 0.0, 0.01, 0.03, 0.01, 0.03, 0.0, 0.01, 0.01, 0.01, 0.0, 0.03, 0.04, 0.0, 0.01, 0.01, 0.03, 0.0, 0.01, 0.01, 0.03, 0.01, 0.01]",0.09000000000000002,"[(4, 49), (10, 37), (25, 35), (10, 40), (10, 49), (25, 47), (25, 50), (4, 21), (4, 18), (4, 24), (23, 25), (23, 37), (40, 47), (4, 27), (4, 33), (23, 40), (40, 50), (4, 30), (10, 18), (10, 25), (23, 49), (10, 21), (10, 24), (10, 30), (4, 48), (10, 27), (10, 33), (4, 5), (25, 40), (25, 37), (10, 48), (4, 17), (23, 24), (23, 30), (25, 49), (4, 20), (4, 26), (23, 27), (23, 33), (4, 23), (40, 49), (4, 35), (10, 17), (10, 23), (4, 47), (10, 20), (10, 26), (23, 48), (4, 50), (10, 35), (25, 27), (25, 33), (25, 30), (4, 7), (10, 47), (4, 10), (10, 50), (4, 13), (25, 48), (23, 26), (23, 35), (4, 25), (10, 13), (40, 48), (4, 40), (23, 47), (4, 37), (23, 50), (25, 26)]"
17,Plurality,ATVA_1,50,3,"{'C': 22, 'A': 14, 'B': 14}","[0.43, 1.0, 1.0, 1.0, 1.0, 0.81, 1.0, 1.0, 0.81, 0.52, 0.52, 0.81, 1.0, 0.52, 0.52, 0.52, 0.52, 1.0, 1.0, 1.0, 0.43, 1.0, 0.52, 0.81, 1.0, 0.52, 0.52, 0.52, 1.0, 1.0, 0.52, 1.0, 0.81, 0.52, 1.0, 0.52, 0.52, 1.0, 0.52, 1.0, 1.0, 0.43, 1.0, 1.0, 0.52, 0.52, 0.52, 1.0, 0.52, 0.81]",38.03000000000001,[],"[0.04, 0.01, 0.0, 0.01, 0.0, 0.01, 0.0, 0.0, 0.01, 0.03, 0.03, 0.01, 0.0, 0.03, 0.03, 0.03, 0.03, 0.0, 0.0, 0.01, 0.04, 0.0, 0.03, 0.01, 0.01, 0.03, 0.03, 0.03, 0.01, 0.01, 0.03, 0.0, 0.01, 0.03, 0.0, 0.03, 0.03, 0.01, 0.03, 0.01, 0.01, 0.04, 0.01, 0.0, 0.03, 0.03, 0.03, 0.01, 0.03, 0.01]",0,
18,Plurality,ATVA_1,50,3,"{'A': 19, 'C': 16, 'B': 15}","[0.81, 0.52, 0.52, 1.0, 0.81, 1.0, 0.81, 1.0, 1.0, 0.52, 0.52, 1.0, 0.52, 0.43, 1.0, 0.81, 0.52, 0.52, 1.0, 0.43, 0.52, 1.0, 0.52, 0.43, 0.52, 1.0, 1.0, 0.52, 0.52, 0.43, 1.0, 0.43, 1.0, 1.0, 1.0, 0.81, 0.52, 0.81, 1.0, 0.43, 0.52, 0.43, 0.52, 1.0, 1.0, 0.52, 0.43, 1.0, 1.0, 0.81]",36.43,[],"[0.01, 0.03, 0.03, 0.0, 0.01, 0.0, 0.01, 0.0, 0.0, 0.03, 0.03, 0.01, 0.03, 0.04, 0.01, 0.01, 0.03, 0.03, 0.0, 0.04, 0.03, 0.01, 0.03, 0.04, 0.03, 0.0, 0.01, 0.03, 0.03, 0.04, 0.01, 0.04, 0.0, 0.01, 0.0, 0.01, 0.03, 0.01, 0.0, 0.04, 0.03, 0.04, 0.03, 0.0, 0.0, 0.03, 0.04, 0.01, 0.01, 0.01]",0,
19,Plurality,ATVA_1,50,3,"{'B': 18, 'A': 16, 'C': 16}","[1.0, 1.0, 1.0, 0.43, 1.0, 0.81, 0.43, 0.81, 1.0, 1.0, 1.0, 0.81, 0.81, 0.43, 0.52, 0.43, 1.0, 1.0, 0.52, 0.81, 0.81, 0.52, 1.0, 0.43, 0.81, 0.81, 1.0, 0.43, 0.52, 1.0, 0.81, 0.52, 0.43, 0.52, 1.0, 1.0, 0.43, 0.52, 0.81, 0.52, 1.0, 0.52, 0.81, 1.0, 1.0, 1.0, 0.52, 0.52, 0.43, 0.43]",36.93,[],"[0.01, 0.01, 0.0, 0.04, 0.0, 0.01, 0.04, 0.01, 0.0, 0.01, 0.0, 0.01, 0.01, 0.04, 0.03, 0.04, 0.0, 0.0, 0.03, 0.01, 0.01, 0.03, 0.01, 0.04, 0.01, 0.01, 0.0, 0.04, 0.03, 0.0, 0.01, 0.03, 0.04, 0.03, 0.01, 0.01, 0.04, 0.03, 0.01, 0.03, 0.01, 0.03, 0.01, 0.01, 0.0, 0.01, 0.03, 0.03, 0.04, 0.04]",0,
20,Plurality,ATVA_3,50,3,"{'B': 21, 'C': 16, 'A': 13}","[0.52, 1.0, 1.0, 0.52, 0.52, 0.43, 1.0, 0.52, 1.0, 0.43, 1.0, 0.52, 1.0, 0.52, 0.81, 0.81, 0.52, 0.52, 0.43, 0.43, 0.81, 1.0, 1.0, 1.0, 0.81, 0.81, 1.0, 1.0, 0.43, 0.52, 1.0, 0.43, 0.43, 0.81, 1.0, 1.0, 1.0, 0.52, 1.0, 0.81, 0.81, 0.52, 0.52, 1.0, 1.0, 0.43, 1.0, 1.0, 1.0, 0.81]",37.97,"[5, 6, 19, 29, 32, 33, 46]","[0.03, 0.01, 0.0, 0.03, 0.01, 0.03, 0.0, 0.03, 0.0, 0.04, 0.01, 0.04, 0.01, 0.03, 0.01, 0.03, 0.03, 0.03, 0.03, 0.04, 0.03, 0.01, 0.01, 0.01, 0.03, 0.03, 0.01, 0.0, 0.03, 0.03, 0.01, 0.03, 0.03, 0.03, 0.0, 0.01, 0.0, 0.03, 0.01, 0.01, 0.03, 0.04, 0.03, 0.01, 0.01, 0.03, 0.01, 0.01, 0.01, 0.03]",0,
21,Plurality,ATVA_3,50,3,"{'B': 24, 'C': 14, 'A': 12}","[1.0, 1.0, 0.52, 0.43, 1.0, 1.0, 0.52, 0.81, 0.43, 1.0, 1.0, 0.52, 0.43, 1.0, 0.52, 1.0, 1.0, 0.43, 0.52, 0.52, 0.81, 1.0, 1.0, 1.0, 0.81, 0.43, 1.0, 1.0, 0.52, 0.81, 0.81, 0.43, 1.0, 1.0, 0.52, 1.0, 0.81, 1.0, 0.52, 1.0, 0.81, 1.0, 0.52, 0.52, 1.0, 0.43, 0.52, 1.0, 1.0, 1.0]",38.92,"[9, 18, 20, 26, 29, 32, 43, 46, 47]","[0.01, 0.0, 0.03, 0.04, 0.01, 0.01, 0.04, 0.03, 0.03, 0.01, 0.01, 0.03, 0.04, 0.01, 0.03, 0.01, 0.01, 0.03, 0.04, 0.01, 0.03, 0.0, 0.01, 0.01, 0.03, 0.03, 0.01, 0.0, 0.01, 0.03, 0.03, 0.03, 0.01, 0.0, 0.03, 0.01, 0.03, 0.01, 0.03, 0.01, 0.01, 0.0, 0.01, 0.03, 0.0, 0.03, 0.01, 0.01, 0.01, 0.0]",0,
22,Plurality,ATVA_3,50,3,"{'A': 23, 'C': 19, 'B': 8}","[0.43, 1.0, 0.43, 0.52, 0.81, 1.0, 1.0, 1.0, 0.81, 0.81, 1.0, 1.0, 0.81, 0.52, 0.81, 1.0, 1.0, 0.81, 1.0, 1.0, 1.0, 1.0, 0.43, 0.81, 0.43, 0.52, 0.43, 0.81, 0.52, 1.0, 0.43, 1.0, 1.0, 0.81, 0.52, 1.0, 1.0, 0.81, 1.0, 0.52, 1.0, 1.0, 1.0, 0.52, 1.0, 0.43, 0.81, 1.0, 0.52, 0.52]",39.60000000000001,"[1, 3, 14, 25, 29, 35, 40, 44, 49, 50]","[0.03, 0.01, 0.03, 0.03, 0.01, 0.01, 0.01, 0.01, 0.01, 0.01, 0.01, 0.01, 0.01, 0.01, 0.01, 0.01, 0.0, 0.01, 0.01, 0.01, 0.01, 0.01, 0.04, 0.01, 0.03, 0.03, 0.04, 0.03, 0.01, 0.01, 0.04, 0.01, 0.01, 0.01, 0.01, 0.0, 0.0, 0.03, 0.01, 0.01, 0.01, 0.0, 0.01, 0.01, 0.01, 0.04, 0.03, 0.01, 0.01, 0.01]",0,
23,Plurality,ATVA_3,50,3,"{'B': 20, 'A': 19, 'C': 11}","[0.52, 1.0, 0.52, 0.52, 0.81, 0.43, 0.81, 0.81, 1.0, 1.0, 0.52, 0.52, 1.0, 1.0, 1.0, 1.0, 1.0, 1.0, 1.0, 0.81, 0.52, 0.52, 0.43, 1.0, 0.52, 0.52, 1.0, 0.43, 0.43, 0.81, 0.52, 1.0, 0.52, 0.43, 1.0, 1.0, 1.0, 0.81, 0.43, 0.81, 0.81, 1.0, 0.52, 1.0, 0.81, 1.0, 1.0, 0.43, 0.52, 0.81]",37.87000000000001,"[1, 6, 11, 12, 21, 23, 26, 28, 29, 33, 34, 39, 43, 48]","[0.01, 0.01, 0.03, 0.03, 0.03, 0.04, 0.01, 0.01, 0.01, 0.01, 0.01, 0.01, 0.01, 0.01, 0.0, 0.0, 0.0, 0.0, 0.0, 0.03, 0.01, 0.04, 0.04, 0.0, 0.04, 0.01, 0.0, 0.03, 0.03, 0.01, 0.03, 0.01, 0.01, 0.04, 0.01, 0.0, 0.0, 0.03, 0.03, 0.01, 0.01, 0.0, 0.01, 0.01, 0.01, 0.0, 0.01, 0.03, 0.04, 0.01]",0.09000000000000002,
24,Plurality,ATVA_3,50,3,"{'C': 24, 'B': 17, 'A': 9}","[1.0, 1.0, 1.0, 0.52, 1.0, 0.81, 1.0, 1.0, 1.0, 1.0, 0.81, 0.43, 0.52, 0.52, 0.52, 0.81, 0.43, 0.52, 0.52, 0.52, 1.0, 0.52, 0.52, 1.0, 1.0, 0.52, 0.52, 0.52, 1.0, 1.0, 1.0, 1.0, 0.81, 1.0, 0.43, 0.52, 1.0, 1.0, 1.0, 0.81, 1.0, 1.0, 1.0, 0.52, 0.52, 0.81, 1.0, 0.43, 0.43, 1.0]",38.81,"[12, 14, 17, 23, 26, 28, 48]","[0.01, 0.01, 0.01, 0.03, 0.01, 0.03, 0.0, 0.01, 0.01, 0.01, 0.01, 0.03, 0.03, 0.01, 0.03, 0.01, 0.03, 0.04, 0.03, 0.03, 0.01, 0.03, 0.01, 0.0, 0.01, 0.01, 0.03, 0.01, 0.0, 0.01, 0.0, 0.01, 0.03, 0.0, 0.04, 0.03, 0.0, 0.01, 0.01, 0.03, 0.01, 0.01, 0.01, 0.03, 0.03, 0.03, 0.01, 0.03, 0.04, 0.01]",0,
25,Plurality,ATVA_3,50,3,"{'A': 18, 'C': 18, 'B': 14}","[0.52, 0.52, 0.43, 0.81, 1.0, 0.52, 0.52, 1.0, 0.81, 1.0, 0.52, 0.43, 0.43, 0.43, 0.52, 1.0, 0.52, 1.0, 0.52, 0.81, 0.43, 1.0, 0.52, 1.0, 1.0, 0.52, 1.0, 0.52, 0.52, 1.0, 0.52, 1.0, 0.81, 0.81, 0.81, 0.52, 1.0, 1.0, 0.52, 1.0, 0.52, 0.43, 0.52, 1.0, 0.43, 1.0, 0.81, 1.0, 0.52, 1.0]",36.040000000000006,"[3, 6, 7, 12, 13, 14, 15, 17, 21, 23, 28, 29, 39, 41, 42, 45]","[0.03, 0.03, 0.03, 0.01, 0.01, 0.01, 0.01, 0.01, 0.03, 0.01, 0.04, 0.04, 0.03, 0.04, 0.01, 0.01, 0.01, 0.01, 0.03, 0.01, 0.04, 0.0, 0.01, 0.01, 0.0, 0.03, 0.0, 0.01, 0.01, 0.0, 0.03, 0.0, 0.01, 0.01, 0.03, 0.03, 0.01, 0.01, 0.01, 0.01, 0.01, 0.03, 0.03, 0.01, 0.03, 0.0, 0.03, 0.0, 0.04, 0.01]",0.09000000000000002,
26,Plurality,ATVA_3,50,3,"{'C': 21, 'B': 15, 'A': 14}","[0.52, 1.0, 1.0, 0.81, 1.0, 1.0, 1.0, 0.81, 1.0, 0.81, 0.52, 1.0, 1.0, 1.0, 0.43, 1.0, 1.0, 0.52, 1.0, 1.0, 0.52, 0.43, 0.52, 0.81, 0.52, 0.43, 0.43, 0.81, 0.52, 1.0, 0.52, 1.0, 1.0, 1.0, 0.52, 0.52, 0.43, 1.0, 1.0, 0.81, 0.81, 1.0, 0.43, 0.81, 0.52, 0.43, 0.52, 0.43, 1.0, 0.81]",37.97,"[27, 43]","[0.03, 0.0, 0.01, 0.03, 0.0, 0.01, 0.0, 0.01, 0.01, 0.03, 0.03, 0.0, 0.01, 0.01, 0.04, 0.01, 0.01, 0.01, 0.0, 0.01, 0.01, 0.04, 0.03, 0.03, 0.03, 0.04, 0.03, 0.01, 0.03, 0.01, 0.03, 0.01, 0.0, 0.0, 0.04, 0.04, 0.04, 0.01, 0.01, 0.03, 0.03, 0.01, 0.03, 0.01, 0.03, 0.04, 0.03, 0.04, 0.0, 0.03]",0,
27,Plurality,ATVA_3,50,3,"{'A': 18, 'C': 17, 'B': 15}","[1.0, 0.43, 0.43, 0.52, 1.0, 0.52, 0.52, 0.52, 1.0, 0.52, 1.0, 1.0, 0.43, 0.52, 0.52, 1.0, 0.52, 1.0, 0.43, 0.52, 0.81, 1.0, 1.0, 1.0, 0.81, 0.52, 0.43, 0.52, 0.81, 0.52, 1.0, 1.0, 1.0, 0.52, 0.81, 1.0, 0.52, 0.52, 0.81, 1.0, 0.81, 0.81, 0.52, 0.43, 1.0, 1.0, 0.43, 1.0, 0.52, 0.52]",36.040000000000006,"[3, 19, 27, 30, 37, 47]","[0.01, 0.04, 0.03, 0.03, 0.01, 0.03, 0.03, 0.03, 0.01, 0.04, 0.01, 0.01, 0.04, 0.03, 0.03, 0.01, 0.03, 0.01, 0.03, 0.03, 0.03, 0.0, 0.0, 0.01, 0.03, 0.04, 0.03, 0.04, 0.03, 0.01, 0.01, 0.01, 0.01, 0.03, 0.03, 0.01, 0.01, 0.03, 0.01, 0.01, 0.03, 0.01, 0.03, 0.04, 0.0, 0.01, 0.03, 0.01, 0.04, 0.03]",0,
28,Plurality,ATVA_3,50,3,"{'A': 19, 'B': 17, 'C': 14}","[0.52, 0.81, 0.52, 1.0, 1.0, 1.0, 1.0, 1.0, 0.81, 1.0, 1.0, 0.52, 0.43, 0.81, 0.52, 0.52, 0.43, 1.0, 0.52, 1.0, 1.0, 0.81, 0.52, 0.52, 0.43, 0.52, 1.0, 1.0, 0.43, 0.81, 0.43, 0.81, 0.81, 1.0, 0.52, 1.0, 1.0, 1.0, 0.52, 0.43, 1.0, 0.52, 1.0, 0.81, 0.52, 0.52, 0.52, 1.0, 0.81, 0.52]",37.190000000000005,"[15, 17, 23, 24, 25, 31, 40, 42, 45, 47, 50]","[0.03, 0.03, 0.04, 0.01, 0.01, 0.0, 0.01, 0.0, 0.03, 0.0, 0.0, 0.04, 0.04, 0.03, 0.01, 0.03, 0.03, 0.01, 0.03, 0.0, 0.0, 0.01, 0.01, 0.01, 0.03, 0.04, 0.0, 0.0, 0.04, 0.01, 0.03, 0.01, 0.01, 0.0, 0.04, 0.0, 0.01, 0.0, 0.03, 0.03, 0.0, 0.01, 0.01, 0.01, 0.01, 0.03, 0.01, 0.0, 0.03, 0.01]",0,
29,Plurality,ATVA_3,50,3,"{'B': 22, 'A': 15, 'C': 13}","[0.52, 0.81, 0.81, 1.0, 0.52, 0.43, 0.52, 0.81, 1.0, 0.52, 0.81, 1.0, 0.52, 1.0, 0.52, 0.52, 0.52, 1.0, 1.0, 0.81, 0.52, 1.0, 1.0, 1.0, 1.0, 0.43, 0.52, 0.52, 0.52, 0.43, 1.0, 1.0, 1.0, 0.52, 0.81, 1.0, 0.81, 0.43, 1.0, 0.81, 1.0, 1.0, 1.0, 1.0, 0.43, 0.52, 0.81, 1.0, 1.0, 1.0]",38.72,"[1, 10, 17, 34]","[0.01, 0.01, 0.01, 0.01, 0.03, 0.04, 0.03, 0.01, 0.0, 0.01, 0.03, 0.0, 0.04, 0.0, 0.03, 0.03, 0.01, 0.0, 0.0, 0.01, 0.03, 0.0, 0.01, 0.0, 0.0, 0.04, 0.04, 0.04, 0.04, 0.04, 0.0, 0.01, 0.0, 0.01, 0.01, 0.0, 0.01, 0.04, 0.0, 0.03, 0.01, 0.0, 0.0, 0.01, 0.04, 0.04, 0.03, 0.0, 0.0, 0.01]",0,
30,Plurality,ATVA_4,50,3,"{'A': 19, 'B': 16, 'C': 15}","[0.81, 0.43, 0.81, 0.43, 0.43, 1.0, 0.43, 0.52, 1.0, 0.52, 0.52, 1.0, 0.52, 0.52, 1.0, 0.52, 1.0, 0.81, 0.52, 1.0, 1.0, 0.43, 0.52, 1.0, 1.0, 1.0, 1.0, 0.81, 0.52, 0.81, 0.43, 1.0, 0.52, 1.0, 0.81, 0.43, 0.43, 0.52, 0.52, 1.0, 0.52, 1.0, 0.52, 0.81, 0.52, 1.0, 0.43, 1.0, 1.0, 1.0]",36.34,[],"[0.01, 0.04, 0.01, 0.04, 0.04, 0.0, 0.04, 0.03, 0.01, 0.03, 0.03, 0.01, 0.03, 0.03, 0.0, 0.03, 0.0, 0.01, 0.03, 0.0, 0.0, 0.04, 0.03, 0.01, 0.0, 0.01, 0.01, 0.01, 0.03, 0.01, 0.04, 0.0, 0.03, 0.01, 0.01, 0.04, 0.04, 0.03, 0.03, 0.0, 0.03, 0.0, 0.03, 0.01, 0.03, 0.01, 0.04, 0.0, 0.01, 0.0]",0,
31,Plurality,ATVA_4,50,3,"{'A': 24, 'C': 15, 'B': 11}","[1.0, 1.0, 0.81, 1.0, 0.81, 1.0, 1.0, 1.0, 1.0, 1.0, 0.43, 0.81, 0.43, 1.0, 1.0, 0.81, 0.81, 0.81, 0.43, 1.0, 0.52, 0.52, 1.0, 1.0, 0.52, 0.43, 0.52, 0.43, 0.52, 1.0, 1.0, 0.52, 0.43, 0.52, 0.43, 0.52, 1.0, 1.0, 0.43, 1.0, 1.0, 1.0, 0.52, 1.0, 1.0, 0.81, 0.52, 0.52, 1.0, 1.0]",38.83,[],"[0.01, 0.01, 0.01, 0.01, 0.01, 0.0, 0.0, 0.0, 0.0, 0.0, 0.04, 0.01, 0.04, 0.01, 0.01, 0.01, 0.01, 0.01, 0.04, 0.01, 0.03, 0.03, 0.01, 0.0, 0.03, 0.04, 0.03, 0.04, 0.03, 0.0, 0.0, 0.03, 0.04, 0.03, 0.04, 0.03, 0.0, 0.0, 0.04, 0.0, 0.01, 0.0, 0.03, 0.01, 0.01, 0.01, 0.03, 0.03, 0.0, 0.01]",0,
32,Plurality,ATVA_4,50,3,"{'A': 19, 'B': 19, 'C': 12}","[1.0, 1.0, 1.0, 0.52, 0.52, 1.0, 0.81, 1.0, 1.0, 0.81, 0.52, 0.52, 0.52, 0.52, 0.43, 0.81, 1.0, 0.81, 1.0, 0.81, 0.52, 0.52, 1.0, 0.52, 0.81, 0.52, 1.0, 0.43, 0.52, 1.0, 0.52, 0.81, 1.0, 0.52, 1.0, 0.52, 1.0, 1.0, 0.52, 0.43, 0.43, 0.52, 1.0, 1.0, 1.0, 0.43, 0.81, 1.0, 0.43, 0.52]",36.900000000000006,"[15, 28, 40, 41, 46, 49]","[0.0, 0.0, 0.01, 0.03, 0.03, 0.01, 0.01, 0.0, 0.01, 0.01, 0.03, 0.03, 0.03, 0.03, 0.04, 0.01, 0.01, 0.01, 0.01, 0.01, 0.03, 0.03, 0.01, 0.03, 0.01, 0.03, 0.01, 0.04, 0.03, 0.0, 0.03, 0.01, 0.01, 0.03, 0.0, 0.03, 0.0, 0.0, 0.03, 0.04, 0.04, 0.03, 0.0, 0.01, 0.0, 0.04, 0.01, 0.0, 0.04, 0.03]",0.09000000000000002,
33,Plurality,ATVA_4,50,3,"{'C': 19, 'A': 16, 'B': 15}","[0.43, 1.0, 0.52, 0.52, 0.52, 0.81, 0.52, 0.81, 0.52, 0.52, 0.52, 1.0, 1.0, 1.0, 0.43, 0.81, 0.81, 0.52, 1.0, 0.52, 1.0, 0.52, 1.0, 0.52, 0.52, 0.43, 0.52, 1.0, 1.0, 1.0, 0.52, 1.0, 0.81, 0.43, 1.0, 0.52, 1.0, 0.81, 0.81, 0.52, 0.52, 0.52, 1.0, 0.52, 1.0, 0.52, 1.0, 1.0, 1.0, 1.0]",36.79,[],"[0.04, 0.0, 0.03, 0.03, 0.03, 0.01, 0.03, 0.01, 0.03, 0.03, 0.03, 0.0, 0.0, 0.01, 0.04, 0.01, 0.01, 0.03, 0.0, 0.03, 0.0, 0.03, 0.0, 0.03, 0.03, 0.04, 0.03, 0.01, 0.0, 0.01, 0.03, 0.01, 0.01, 0.04, 0.01, 0.03, 0.01, 0.01, 0.01, 0.03, 0.03, 0.03, 0.0, 0.03, 0.0, 0.03, 0.0, 0.0, 0.0, 0.01]",0,
34,Plurality,ATVA_4,50,3,"{'A': 18, 'C': 17, 'B': 15}","[1.0, 0.52, 0.52, 1.0, 0.43, 0.52, 0.43, 0.81, 0.52, 0.43, 1.0, 0.81, 1.0, 1.0, 0.52, 1.0, 1.0, 0.43, 0.52, 0.43, 0.81, 0.52, 0.81, 0.52, 1.0, 1.0, 0.52, 0.52, 0.52, 0.52, 0.52, 1.0, 1.0, 1.0, 1.0, 1.0, 0.52, 1.0, 0.52, 0.52, 0.52, 1.0, 0.52, 1.0, 0.81, 1.0, 0.52, 0.43, 0.81, 0.81]",36.13,[],"[0.0, 0.03, 0.03, 0.0, 0.04, 0.03, 0.04, 0.01, 0.03, 0.04, 0.01, 0.01, 0.0, 0.0, 0.03, 0.01, 0.01, 0.04, 0.03, 0.04, 0.01, 0.03, 0.01, 0.03, 0.0, 0.0, 0.03, 0.03, 0.03, 0.03, 0.03, 0.01, 0.0, 0.01, 0.0, 0.0, 0.03, 0.01, 0.03, 0.03, 0.03, 0.0, 0.03, 0.0, 0.01, 0.0, 0.03, 0.04, 0.01, 0.01]",0,
35,Plurality,ATVA_4,50,3,"{'B': 22, 'A': 14, 'C': 14}","[1.0, 0.52, 0.52, 1.0, 0.52, 1.0, 1.0, 1.0, 0.43, 1.0, 0.81, 1.0, 0.43, 1.0, 0.52, 1.0, 0.52, 0.52, 1.0, 1.0, 0.52, 0.52, 0.81, 1.0, 1.0, 1.0, 0.81, 1.0, 1.0, 0.52, 0.52, 0.43, 1.0, 0.43, 1.0, 1.0, 0.52, 0.81, 1.0, 1.0, 0.52, 0.52, 0.52, 0.43, 0.52, 0.52, 1.0, 0.81, 0.43, 0.81]",37.76,[],"[0.0, 0.03, 0.03, 0.0, 0.03, 0.0, 0.01, 0.01, 0.04, 0.01, 0.01, 0.0, 0.04, 0.01, 0.03, 0.01, 0.03, 0.03, 0.01, 0.01, 0.03, 0.03, 0.01, 0.0, 0.01, 0.01, 0.01, 0.0, 0.0, 0.03, 0.03, 0.04, 0.01, 0.04, 0.01, 0.0, 0.03, 0.01, 0.0, 0.0, 0.03, 0.03, 0.03, 0.04, 0.03, 0.03, 0.0, 0.01, 0.04, 0.01]",0,
36,Plurality,ATVA_4,50,3,"{'B': 19, 'C': 18, 'A': 13}","[0.43, 0.52, 0.43, 0.81, 1.0, 0.81, 0.81, 0.43, 1.0, 1.0, 0.52, 0.43, 1.0, 1.0, 1.0, 0.52, 0.52, 1.0, 1.0, 1.0, 0.81, 0.52, 0.81, 1.0, 0.52, 0.52, 1.0, 0.43, 1.0, 0.43, 0.81, 0.52, 0.43, 0.52, 0.52, 1.0, 0.43, 1.0, 0.52, 0.52, 0.81, 1.0, 1.0, 0.52, 0.43, 1.0, 1.0, 0.81, 0.43, 1.0]",36.54,[],"[0.04, 0.03, 0.04, 0.01, 0.0, 0.01, 0.01, 0.04, 0.01, 0.0, 0.03, 0.04, 0.01, 0.01, 0.01, 0.03, 0.03, 0.0, 0.01, 0.01, 0.01, 0.03, 0.01, 0.0, 0.03, 0.03, 0.0, 0.04, 0.01, 0.04, 0.01, 0.03, 0.04, 0.03, 0.03, 0.01, 0.04, 0.0, 0.03, 0.03, 0.01, 0.0, 0.0, 0.03, 0.04, 0.0, 0.01, 0.01, 0.04, 0.01]",0,
37,Plurality,ATVA_4,50,3,"{'A': 20, 'B': 15, 'C': 15}","[1.0, 1.0, 0.52, 0.43, 0.52, 0.43, 1.0, 1.0, 0.81, 0.81, 0.43, 1.0, 1.0, 1.0, 1.0, 0.43, 1.0, 0.81, 0.43, 0.52, 1.0, 1.0, 0.43, 1.0, 0.52, 0.81, 1.0, 1.0, 0.52, 1.0, 0.52, 0.81, 0.52, 0.52, 0.81, 0.52, 1.0, 1.0, 0.52, 0.52, 1.0, 1.0, 0.52, 0.81, 0.52, 0.43, 1.0, 0.52, 0.52, 0.52]",37.00000000000001,[],"[0.01, 0.01, 0.03, 0.04, 0.03, 0.04, 0.01, 0.01, 0.01, 0.01, 0.04, 0.01, 0.01, 0.0, 0.01, 0.04, 0.01, 0.01, 0.04, 0.03, 0.0, 0.01, 0.04, 0.01, 0.03, 0.01, 0.01, 0.0, 0.03, 0.01, 0.03, 0.01, 0.03, 0.03, 0.01, 0.03, 0.0, 0.01, 0.03, 0.03, 0.01, 0.0, 0.03, 0.01, 0.03, 0.04, 0.0, 0.03, 0.03, 0.03]",0,
38,Plurality,ATVA_4,50,3,"{'B': 19, 'A': 18, 'C': 13}","[1.0, 1.0, 1.0, 0.52, 0.81, 0.43, 0.52, 0.81, 0.52, 1.0, 0.52, 1.0, 1.0, 1.0, 0.43, 1.0, 0.52, 1.0, 0.52, 0.81, 0.52, 0.52, 1.0, 0.52, 0.52, 1.0, 1.0, 0.81, 0.81, 1.0, 1.0, 0.52, 1.0, 0.52, 0.52, 0.43, 1.0, 1.0, 0.52, 0.52, 0.43, 0.81, 0.43, 0.52, 0.52, 1.0, 0.81, 0.81, 1.0, 0.43]",36.9,"[6, 15, 36, 41, 43, 50]","[0.01, 0.01, 0.01, 0.03, 0.01, 0.04, 0.03, 0.01, 0.03, 0.01, 0.03, 0.01, 0.01, 0.0, 0.04, 0.0, 0.03, 0.0, 0.03, 0.01, 0.03, 0.03, 0.0, 0.03, 0.03, 0.0, 0.0, 0.01, 0.01, 0.0, 0.0, 0.03, 0.01, 0.03, 0.03, 0.04, 0.01, 0.0, 0.03, 0.03, 0.04, 0.01, 0.04, 0.03, 0.03, 0.0, 0.01, 0.01, 0.01, 0.04]",0.09000000000000002,
39,Plurality,ATVA_4,50,3,"{'C': 19, 'B': 18, 'A': 13}","[0.52, 0.52, 0.52, 0.43, 0.52, 0.43, 0.52, 1.0, 0.81, 0.52, 0.52, 1.0, 0.52, 1.0, 1.0, 1.0, 0.81, 1.0, 0.43, 1.0, 1.0, 0.81, 0.43, 0.52, 0.81, 0.52, 1.0, 1.0, 1.0, 1.0, 1.0, 0.81, 0.52, 0.52, 1.0, 0.52, 1.0, 0.81, 0.52, 0.52, 1.0, 1.0, 0.43, 0.52, 0.81, 0.52, 0.52, 1.0, 1.0, 0.43]",36.61,"[4, 6, 19, 23, 43, 50]","[0.03, 0.03, 0.03, 0.04, 0.03, 0.04, 0.03, 0.01, 0.01, 0.03, 0.03, 0.0, 0.03, 0.01, 0.0, 0.01, 0.01, 0.01, 0.04, 0.01, 0.01, 0.01, 0.04, 0.03, 0.01, 0.03, 0.01, 0.0, 0.01, 0.0, 0.01, 0.01, 0.03, 0.03, 0.01, 0.03, 0.0, 0.01, 0.03, 0.03, 0.0, 0.0, 0.04, 0.03, 0.01, 0.03, 0.03, 0.01, 0.0, 0.04]",0.09000000000000002,
40,Vote For 2,BTVA,50,3,"{'B': 34, 'A': 33, 'C': 33}","[0.81, 0.43, 0.52, 0.81, 0.52, 1.0, 0.52, 0.52, 0.43, 0.52, 1.0, 0.52, 0.43, 1.0, 0.52, 0.43, 0.52, 0.43, 0.43, 0.52, 0.52, 0.43, 1.0, 0.52, 0.81, 0.52, 1.0, 1.0, 0.81, 1.0, 1.0, 0.81, 0.81, 1.0, 0.81, 0.43, 0.52, 1.0, 0.52, 1.0, 0.81, 0.81, 0.52, 1.0, 0.43, 0.81, 1.0, 0.81, 1.0, 0.81]",35.39,"[1, 2, 4, 9, 13, 16, 18, 19, 22, 25, 29, 32, 33, 35, 36, 41, 42, 45, 46, 48, 50]","[0.01, 0.04, 0.03, 0.01, 0.03, 0.0, 0.03, 0.03, 0.04, 0.03, 0.01, 0.03, 0.04, 0.01, 0.03, 0.04, 0.03, 0.04, 0.04, 0.03, 0.03, 0.04, 0.0, 0.03, 0.01, 0.03, 0.0, 0.01, 0.01, 0.01, 0.01, 0.01, 0.01, 0.0, 0.01, 0.04, 0.03, 0.0, 0.03, 0.01, 0.01, 0.01, 0.03, 0.01, 0.04, 0.01, 0.01, 0.01, 0.01, 0.01]",0.18999999999999995,
41,Vote For 2,BTVA,50,3,"{'A': 35, 'B': 34, 'C': 31}","[0.43, 0.43, 0.43, 1.0, 0.52, 1.0, 0.43, 0.81, 1.0, 1.0, 0.52, 0.52, 0.52, 0.81, 0.52, 0.52, 0.43, 0.81, 0.43, 0.52, 0.52, 0.52, 0.43, 1.0, 0.52, 0.43, 0.43, 0.81, 1.0, 0.43, 0.81, 1.0, 1.0, 0.81, 0.52, 0.52, 1.0, 0.52, 1.0, 1.0, 0.81, 1.0, 0.52, 1.0, 0.52, 1.0, 1.0, 1.0, 0.81, 0.81]",35.39,[],"[0.04, 0.04, 0.04, 0.0, 0.03, 0.0, 0.04, 0.01, 0.01, 0.0, 0.03, 0.03, 0.03, 0.01, 0.03, 0.03, 0.04, 0.01, 0.04, 0.03, 0.03, 0.03, 0.04, 0.0, 0.03, 0.04, 0.04, 0.01, 0.01, 0.04, 0.01, 0.01, 0.01, 0.01, 0.03, 0.03, 0.0, 0.03, 0.01, 0.0, 0.01, 0.01, 0.03, 0.0, 0.03, 0.0, 0.0, 0.0, 0.01, 0.01]",0,
42,Vote For 2,BTVA,50,3,"{'A': 39, 'B': 34, 'C': 27}","[1.0, 0.81, 0.81, 0.81, 0.81, 1.0, 0.81, 0.81, 0.43, 0.81, 0.81, 0.81, 0.52, 1.0, 0.81, 1.0, 0.81, 1.0, 0.52, 0.43, 0.52, 0.52, 1.0, 1.0, 1.0, 1.0, 1.0, 0.43, 1.0, 1.0, 1.0, 0.81, 1.0, 0.52, 0.52, 0.43, 0.81, 0.52, 1.0, 0.52, 0.81, 0.52, 1.0, 0.81, 0.52, 1.0, 0.43, 1.0, 0.52, 0.43]",38.45,[],"[0.01, 0.01, 0.01, 0.01, 0.01, 0.01, 0.01, 0.01, 0.04, 0.01, 0.01, 0.01, 0.03, 0.01, 0.01, 0.01, 0.01, 0.0, 0.03, 0.04, 0.03, 0.03, 0.01, 0.0, 0.01, 0.01, 0.01, 0.04, 0.0, 0.0, 0.0, 0.01, 0.0, 0.03, 0.03, 0.04, 0.01, 0.03, 0.0, 0.03, 0.01, 0.03, 0.01, 0.01, 0.03, 0.01, 0.04, 0.0, 0.03, 0.04]",0,
43,Vote For 2,BTVA,50,3,"{'C': 39, 'A': 35, 'B': 26}","[0.52, 0.81, 1.0, 1.0, 0.81, 1.0, 0.52, 0.52, 0.52, 1.0, 0.81, 0.52, 0.52, 1.0, 0.43, 1.0, 0.52, 0.81, 0.52, 1.0, 1.0, 1.0, 0.43, 1.0, 1.0, 0.81, 0.52, 1.0, 0.81, 1.0, 0.52, 0.52, 0.43, 1.0, 0.52, 1.0, 0.52, 1.0, 1.0, 0.43, 1.0, 1.0, 1.0, 1.0, 0.52, 0.81, 0.52, 0.81, 0.52, 0.81]",38.330000000000005,[],"[0.03, 0.01, 0.01, 0.0, 0.01, 0.0, 0.03, 0.03, 0.03, 0.01, 0.01, 0.03, 0.03, 0.0, 0.04, 0.0, 0.03, 0.01, 0.03, 0.01, 0.0, 0.0, 0.04, 0.0, 0.0, 0.01, 0.03, 0.01, 0.01, 0.0, 0.03, 0.03, 0.04, 0.01, 0.03, 0.0, 0.03, 0.0, 0.0, 0.04, 0.0, 0.01, 0.0, 0.0, 0.03, 0.01, 0.03, 0.01, 0.03, 0.01]",0,
44,Vote For 2,BTVA,50,3,"{'A': 35, 'C': 34, 'B': 31}","[0.52, 0.52, 0.43, 0.52, 0.52, 1.0, 1.0, 0.81, 0.52, 0.52, 1.0, 0.43, 0.52, 1.0, 0.81, 0.43, 0.43, 1.0, 1.0, 1.0, 1.0, 0.81, 0.81, 0.52, 0.81, 0.52, 0.52, 0.43, 0.81, 0.52, 0.43, 0.43, 0.81, 1.0, 1.0, 0.43, 0.52, 0.52, 1.0, 0.81, 0.43, 0.81, 0.52, 0.52, 0.52, 0.81, 0.43, 0.43, 1.0, 0.81]",33.96000000000001,[],"[0.03, 0.03, 0.04, 0.03, 0.03, 0.0, 0.01, 0.01, 0.03, 0.03, 0.01, 0.04, 0.03, 0.0, 0.01, 0.04, 0.04, 0.0, 0.0, 0.0, 0.0, 0.01, 0.01, 0.03, 0.01, 0.03, 0.03, 0.04, 0.01, 0.03, 0.04, 0.04, 0.01, 0.0, 0.0, 0.04, 0.03, 0.03, 0.01, 0.01, 0.04, 0.01, 0.03, 0.03, 0.03, 0.01, 0.04, 0.04, 0.01, 0.01]",0,
45,Vote For 2,BTVA,50,3,"{'C': 37, 'B': 32, 'A': 31}","[1.0, 0.52, 0.52, 0.52, 1.0, 0.52, 1.0, 0.81, 0.81, 1.0, 0.43, 0.81, 0.81, 0.52, 0.43, 1.0, 0.81, 1.0, 0.81, 1.0, 0.52, 0.52, 0.52, 0.52, 1.0, 0.52, 0.81, 1.0, 0.52, 0.81, 0.52, 0.52, 0.81, 1.0, 1.0, 1.0, 1.0, 1.0, 1.0, 0.81, 0.52, 0.81, 0.52, 0.81, 0.43, 0.52, 0.81, 1.0, 0.52, 0.52]",37.18000000000001,"[11, 15, 45]","[0.0, 0.03, 0.03, 0.03, 0.01, 0.03, 0.0, 0.01, 0.01, 0.01, 0.04, 0.01, 0.01, 0.03, 0.04, 0.0, 0.01, 0.01, 0.01, 0.01, 0.03, 0.03, 0.03, 0.03, 0.01, 0.03, 0.01, 0.01, 0.03, 0.01, 0.03, 0.03, 0.01, 0.0, 0.0, 0.01, 0.01, 0.01, 0.01, 0.01, 0.03, 0.01, 0.03, 0.01, 0.04, 0.03, 0.01, 0.0, 0.03, 0.03]",0.09000000000000002,
46,Vote For 2,BTVA,50,3,"{'C': 35, 'B': 34, 'A': 31}","[1.0, 1.0, 1.0, 1.0, 0.81, 0.52, 1.0, 1.0, 0.43, 0.43, 1.0, 0.52, 0.81, 1.0, 0.81, 0.52, 0.52, 0.52, 0.81, 0.43, 1.0, 1.0, 0.43, 1.0, 1.0, 0.52, 1.0, 0.43, 1.0, 1.0, 0.52, 0.81, 0.52, 1.0, 0.81, 1.0, 1.0, 1.0, 1.0, 0.43, 1.0, 1.0, 1.0, 1.0, 0.52, 0.81, 0.52, 0.52, 0.43, 0.52]",38.92,"[5, 13, 15, 19, 32, 35, 46]","[0.0, 0.01, 0.01, 0.0, 0.01, 0.03, 0.0, 0.01, 0.04, 0.04, 0.01, 0.03, 0.01, 0.0, 0.01, 0.03, 0.03, 0.03, 0.01, 0.04, 0.01, 0.01, 0.04, 0.0, 0.01, 0.03, 0.0, 0.04, 0.01, 0.01, 0.03, 0.01, 0.03, 0.0, 0.01, 0.01, 0.0, 0.0, 0.01, 0.04, 0.0, 0.0, 0.01, 0.0, 0.03, 0.01, 0.03, 0.03, 0.04, 0.03]",0.18999999999999995,
47,Vote For 2,BTVA,50,3,"{'A': 37, 'C': 35, 'B': 28}","[0.52, 1.0, 1.0, 0.81, 1.0, 0.52, 0.52, 1.0, 0.43, 0.81, 0.52, 1.0, 0.52, 0.43, 0.43, 1.0, 0.81, 0.52, 0.81, 1.0, 0.52, 0.43, 0.81, 0.43, 1.0, 0.81, 0.81, 0.52, 0.52, 0.81, 1.0, 0.52, 0.81, 0.81, 1.0, 1.0, 1.0, 0.52, 1.0, 1.0, 1.0, 0.81, 0.43, 1.0, 0.43, 0.81, 0.81, 0.43, 1.0, 1.0]",37.69,[],"[0.03, 0.0, 0.01, 0.01, 0.01, 0.03, 0.03, 0.0, 0.04, 0.01, 0.03, 0.01, 0.03, 0.04, 0.04, 0.0, 0.01, 0.03, 0.01, 0.01, 0.03, 0.04, 0.01, 0.04, 0.01, 0.01, 0.01, 0.03, 0.03, 0.01, 0.01, 0.03, 0.01, 0.01, 0.0, 0.0, 0.0, 0.03, 0.01, 0.0, 0.01, 0.01, 0.04, 0.0, 0.04, 0.01, 0.01, 0.04, 0.01, 0.0]",0,
48,Vote For 2,BTVA,50,3,"{'B': 34, 'C': 34, 'A': 32}","[1.0, 1.0, 0.52, 0.52, 0.81, 0.52, 1.0, 0.43, 0.52, 0.52, 1.0, 1.0, 1.0, 0.81, 0.52, 1.0, 0.81, 1.0, 0.81, 1.0, 0.81, 0.43, 0.52, 0.43, 1.0, 0.52, 1.0, 0.52, 1.0, 0.81, 0.52, 1.0, 0.52, 0.81, 1.0, 0.52, 0.52, 0.43, 1.0, 0.43, 0.52, 1.0, 0.43, 0.52, 0.52, 0.52, 1.0, 1.0, 1.0, 0.52]",36.61000000000001,"[5, 14, 17, 19, 21, 30, 34]","[0.0, 0.0, 0.03, 0.03, 0.01, 0.03, 0.01, 0.04, 0.03, 0.03, 0.0, 0.0, 0.01, 0.01, 0.03, 0.01, 0.01, 0.01, 0.01, 0.0, 0.01, 0.04, 0.03, 0.04, 0.01, 0.03, 0.0, 0.03, 0.0, 0.01, 0.03, 0.01, 0.03, 0.01, 0.0, 0.03, 0.03, 0.04, 0.0, 0.04, 0.03, 0.0, 0.04, 0.03, 0.03, 0.03, 0.0, 0.01, 0.01, 0.03]",0.18999999999999995,
49,Vote For 2,BTVA,50,3,"{'A': 35, 'B': 35, 'C': 30}","[0.81, 1.0, 0.52, 1.0, 0.43, 1.0, 1.0, 0.81, 0.43, 0.81, 1.0, 0.52, 1.0, 0.52, 0.81, 0.43, 0.81, 1.0, 1.0, 0.43, 1.0, 1.0, 1.0, 1.0, 1.0, 1.0, 0.52, 1.0, 0.52, 0.52, 0.43, 0.81, 0.81, 1.0, 0.52, 1.0, 0.52, 0.43, 1.0, 0.81, 0.43, 0.52, 1.0, 1.0, 1.0, 0.43, 1.0, 0.43, 0.81, 0.81]",38.650000000000006,"[1, 8, 10, 15, 17, 32, 33, 40, 49, 50]","[0.01, 0.0, 0.03, 0.0, 0.04, 0.0, 0.0, 0.01, 0.04, 0.01, 0.0, 0.03, 0.0, 0.03, 0.01, 0.04, 0.01, 0.0, 0.01, 0.04, 0.01, 0.01, 0.01, 0.01, 0.01, 0.01, 0.03, 0.01, 0.03, 0.03, 0.04, 0.01, 0.01, 0.01, 0.03, 0.01, 0.03, 0.04, 0.01, 0.01, 0.04, 0.03, 0.0, 0.0, 0.01, 0.04, 0.0, 0.04, 0.01, 0.01]",0.18999999999999995,
50,Vote For 2,ATVA_1,50,3,"{'A': 35, 'B': 33, 'C': 32}","[0.81, 0.81, 0.52, 1.0, 1.0, 1.0, 1.0, 0.52, 0.43, 0.81, 0.43, 1.0, 0.43, 1.0, 0.52, 0.43, 0.43, 1.0, 0.43, 0.52, 1.0, 0.81, 0.52, 0.52, 1.0, 0.43, 1.0, 0.81, 0.52, 1.0, 0.43, 0.43, 0.52, 0.81, 1.0, 1.0, 1.0, 0.52, 1.0, 1.0, 0.52, 0.52, 1.0, 0.81, 1.0, 1.0, 1.0, 0.52, 1.0, 0.43]",37.21,[],"[0.01, 0.01, 0.03, 0.0, 0.0, 0.0, 0.0, 0.03, 0.04, 0.01, 0.04, 0.0, 0.04, 0.01, 0.03, 0.04, 0.04, 0.01, 0.04, 0.03, 0.01, 0.01, 0.03, 0.03, 0.0, 0.04, 0.0, 0.01, 0.03, 0.01, 0.04, 0.04, 0.03, 0.01, 0.0, 0.01, 0.01, 0.03, 0.0, 0.0, 0.03, 0.03, 0.0, 0.01, 0.01, 0.01, 0.01, 0.03, 0.01, 0.04]",0,
51,Vote For 2,ATVA_1,50,3,"{'C': 36, 'A': 35, 'B': 29}","[1.0, 0.52, 0.52, 0.81, 0.52, 1.0, 0.52, 0.81, 1.0, 1.0, 1.0, 1.0, 0.43, 0.52, 0.52, 0.81, 0.43, 1.0, 1.0, 1.0, 0.81, 0.52, 0.52, 1.0, 1.0, 0.52, 0.81, 0.52, 0.43, 0.81, 1.0, 1.0, 1.0, 1.0, 0.52, 0.81, 0.81, 0.52, 0.52, 1.0, 0.52, 0.52, 0.43, 0.81, 0.52, 1.0, 0.43, 1.0, 0.52, 1.0]",37.28000000000001,"[4, 8, 16, 21, 27, 30, 36, 37, 44]","[0.0, 0.03, 0.03, 0.01, 0.03, 0.0, 0.03, 0.01, 0.01, 0.0, 0.0, 0.0, 0.04, 0.03, 0.03, 0.01, 0.04, 0.0, 0.01, 0.0, 0.01, 0.03, 0.03, 0.01, 0.0, 0.03, 0.01, 0.03, 0.04, 0.01, 0.0, 0.01, 0.01, 0.0, 0.03, 0.01, 0.01, 0.03, 0.03, 0.01, 0.03, 0.03, 0.04, 0.01, 0.03, 0.01, 0.04, 0.0, 0.03, 0.0]",0.18999999999999995,"[(16, 29), (44, 45), (16, 47), (21, 37), (4, 30), (4, 39), (27, 43), (8, 39), (16, 22), (30, 39), (44, 47), (16, 49), (4, 23), (21, 39), (4, 41), (27, 36), (27, 45), (8, 41), (30, 41), (44, 49), (21, 41), (27, 29), (4, 43), (36, 41), (16, 17), (27, 47), (8, 43), (30, 43), (4, 27), (21, 43), (4, 36), (4, 45), (8, 27), (36, 43), (8, 36), (30, 36), (27, 49), (8, 45), (30, 45), (21, 27), (21, 36), (4, 29), (21, 45), (4, 47), (8, 29), (36, 45), (37, 44), (16, 21), (8, 47), (16, 30), (30, 47), (4, 13), (21, 29), (4, 22), (8, 13), (21, 47), (8, 22), (36, 47), (27, 44), (16, 23), (8, 49), (30, 49), (21, 22), (4, 15), (16, 44), (8, 15), (21, 49), (27, 37), (37, 39), (36, 49), (4, 8), (16, 37), (4, 17), (8, 17), (27, 30), (27, 39), (37, 41), (8, 44), (30, 44), (16, 39), (36, 44), (37, 43), (8, 37), (30, 37), (4, 49), (16, 41), (4, 21), (8, 21), (36, 37), (8, 30), (37, 45), (4, 14), (21, 30), (16, 43), (8, 14), (8, 23), (36, 39), (37, 47), (4, 44), (16, 27), (4, 7), (21, 23), (16, 36), (4, 16), (16, 45), (8, 16), (21, 44), (4, 37), (37, 49), (27, 41)]"
52,Vote For 2,ATVA_1,50,3,"{'C': 36, 'A': 34, 'B': 30}","[1.0, 1.0, 0.52, 1.0, 0.52, 1.0, 0.52, 0.43, 0.52, 0.81, 1.0, 0.43, 0.52, 0.52, 0.43, 1.0, 0.52, 1.0, 0.81, 0.81, 1.0, 0.43, 0.81, 0.43, 0.43, 0.81, 1.0, 1.0, 1.0, 1.0, 0.52, 0.81, 0.52, 1.0, 0.81, 1.0, 1.0, 0.81, 1.0, 0.52, 1.0, 0.52, 1.0, 1.0, 1.0, 0.81, 0.52, 1.0, 0.43, 0.43]",37.97,[],"[0.0, 0.0, 0.03, 0.01, 0.03, 0.01, 0.03, 0.04, 0.03, 0.01, 0.0, 0.04, 0.03, 0.03, 0.04, 0.01, 0.03, 0.01, 0.01, 0.01, 0.01, 0.04, 0.01, 0.04, 0.04, 0.01, 0.0, 0.0, 0.01, 0.01, 0.03, 0.01, 0.03, 0.0, 0.01, 0.01, 0.0, 0.01, 0.0, 0.03, 0.0, 0.03, 0.0, 0.0, 0.01, 0.01, 0.03, 0.01, 0.04, 0.04]",0,
53,Vote For 2,ATVA_1,50,3,"{'A': 37, 'B': 35, 'C': 28}","[0.52, 0.52, 0.43, 1.0, 0.43, 0.52, 0.52, 1.0, 1.0, 0.52, 0.52, 0.81, 0.52, 1.0, 0.43, 1.0, 0.52, 1.0, 0.81, 0.81, 0.52, 1.0, 0.52, 1.0, 1.0, 1.0, 1.0, 1.0, 0.52, 1.0, 0.81, 0.81, 1.0, 0.52, 1.0, 0.43, 1.0, 0.81, 0.81, 1.0, 0.43, 1.0, 0.81, 0.81, 0.81, 0.52, 0.52, 1.0, 0.52, 0.52]",37.57000000000001,[],"[0.03, 0.03, 0.04, 0.01, 0.04, 0.03, 0.03, 0.0, 0.01, 0.03, 0.03, 0.01, 0.03, 0.01, 0.04, 0.0, 0.03, 0.0, 0.01, 0.01, 0.03, 0.0, 0.03, 0.0, 0.01, 0.01, 0.0, 0.0, 0.03, 0.0, 0.01, 0.01, 0.0, 0.03, 0.0, 0.04, 0.01, 0.01, 0.01, 0.0, 0.04, 0.0, 0.01, 0.01, 0.01, 0.03, 0.03, 0.01, 0.03, 0.03]",0,
54,Vote For 2,ATVA_1,50,3,"{'A': 35, 'C': 34, 'B': 31}","[0.52, 0.81, 0.43, 0.52, 0.52, 0.52, 0.81, 0.43, 1.0, 0.52, 0.43, 0.52, 0.81, 1.0, 0.81, 0.52, 0.43, 0.81, 0.81, 0.52, 0.52, 0.81, 0.43, 0.81, 1.0, 0.43, 0.52, 0.52, 0.81, 0.81, 1.0, 1.0, 1.0, 0.43, 0.52, 0.81, 1.0, 0.52, 0.52, 1.0, 1.0, 1.0, 0.81, 0.81, 0.43, 0.52, 1.0, 1.0, 1.0, 0.43]",35.2,[],"[0.03, 0.01, 0.04, 0.03, 0.03, 0.03, 0.01, 0.04, 0.01, 0.03, 0.04, 0.03, 0.01, 0.0, 0.01, 0.03, 0.04, 0.01, 0.01, 0.03, 0.03, 0.01, 0.04, 0.01, 0.0, 0.04, 0.03, 0.03, 0.01, 0.01, 0.0, 0.0, 0.01, 0.04, 0.03, 0.01, 0.01, 0.03, 0.03, 0.01, 0.01, 0.0, 0.01, 0.01, 0.04, 0.03, 0.0, 0.01, 0.01, 0.04]",0,
55,Vote For 2,ATVA_1,50,3,"{'C': 38, 'B': 33, 'A': 29}","[0.81, 0.52, 1.0, 0.52, 1.0, 0.81, 0.43, 1.0, 1.0, 0.52, 0.81, 1.0, 0.52, 1.0, 1.0, 0.43, 1.0, 0.81, 1.0, 1.0, 0.81, 0.52, 1.0, 0.43, 1.0, 1.0, 0.52, 0.81, 0.52, 1.0, 0.52, 0.81, 0.43, 0.43, 1.0, 0.52, 0.52, 1.0, 0.52, 1.0, 1.0, 0.52, 0.52, 0.52, 1.0, 1.0, 0.52, 1.0, 0.52, 0.43]",37.57,[],"[0.01, 0.03, 0.0, 0.03, 0.0, 0.01, 0.04, 0.0, 0.01, 0.03, 0.01, 0.0, 0.03, 0.0, 0.01, 0.04, 0.01, 0.01, 0.01, 0.01, 0.01, 0.03, 0.01, 0.04, 0.0, 0.0, 0.03, 0.01, 0.03, 0.0, 0.03, 0.01, 0.04, 0.04, 0.0, 0.03, 0.03, 0.0, 0.03, 0.0, 0.01, 0.03, 0.03, 0.03, 0.0, 0.0, 0.03, 0.0, 0.03, 0.04]",0,
56,Vote For 2,ATVA_1,50,3,"{'A': 38, 'C': 34, 'B': 28}","[0.81, 0.52, 1.0, 1.0, 0.52, 1.0, 0.81, 0.52, 1.0, 0.81, 1.0, 1.0, 0.81, 1.0, 0.52, 1.0, 0.43, 1.0, 0.52, 0.81, 0.52, 0.43, 1.0, 0.43, 1.0, 0.81, 0.43, 1.0, 1.0, 0.52, 0.43, 1.0, 0.43, 1.0, 0.81, 1.0, 0.81, 0.81, 0.52, 1.0, 0.43, 0.81, 1.0, 0.52, 1.0, 0.81, 0.52, 1.0, 1.0, 1.0]",39.120000000000005,[],"[0.01, 0.03, 0.01, 0.0, 0.03, 0.01, 0.01, 0.03, 0.0, 0.01, 0.0, 0.0, 0.01, 0.0, 0.03, 0.0, 0.04, 0.01, 0.03, 0.01, 0.03, 0.04, 0.01, 0.04, 0.0, 0.01, 0.04, 0.0, 0.01, 0.03, 0.04, 0.0, 0.04, 0.0, 0.01, 0.01, 0.01, 0.01, 0.03, 0.01, 0.04, 0.01, 0.01, 0.03, 0.01, 0.01, 0.03, 0.01, 0.01, 0.0]",0,
57,Vote For 2,ATVA_1,50,3,"{'C': 36, 'B': 34, 'A': 30}","[0.43, 1.0, 0.43, 0.52, 1.0, 0.43, 0.52, 0.52, 0.81, 0.52, 0.43, 0.52, 0.43, 0.81, 1.0, 0.81, 1.0, 0.43, 0.52, 1.0, 0.81, 0.52, 0.81, 0.52, 0.52, 0.81, 0.52, 0.52, 0.81, 0.43, 0.81, 0.43, 1.0, 1.0, 0.52, 1.0, 0.81, 1.0, 0.52, 0.81, 0.81, 0.43, 0.52, 1.0, 0.52, 0.52, 0.81, 1.0, 1.0, 0.81]",34.72,[],"[0.04, 0.01, 0.04, 0.03, 0.01, 0.04, 0.03, 0.03, 0.01, 0.03, 0.04, 0.03, 0.04, 0.01, 0.0, 0.01, 0.0, 0.04, 0.03, 0.01, 0.01, 0.03, 0.01, 0.03, 0.03, 0.01, 0.03, 0.03, 0.01, 0.04, 0.01, 0.04, 0.01, 0.0, 0.03, 0.0, 0.01, 0.0, 0.03, 0.01, 0.01, 0.04, 0.03, 0.0, 0.03, 0.03, 0.01, 0.0, 0.01, 0.01]",0,
58,Vote For 2,ATVA_1,50,3,"{'C': 35, 'B': 33, 'A': 32}","[1.0, 0.43, 1.0, 0.81, 1.0, 0.52, 0.81, 1.0, 0.52, 0.81, 0.52, 0.43, 0.52, 0.52, 0.81, 0.81, 0.52, 0.43, 0.52, 0.52, 0.52, 0.52, 1.0, 0.81, 1.0, 1.0, 0.43, 1.0, 1.0, 0.52, 0.81, 0.81, 0.81, 0.52, 1.0, 0.43, 1.0, 0.81, 0.52, 0.52, 0.52, 0.52, 0.52, 0.81, 1.0, 0.43, 0.52, 0.43, 0.52, 0.43]",34.230000000000004,"[2, 12, 18, 27, 36, 46, 48, 50]","[0.0, 0.04, 0.0, 0.01, 0.0, 0.03, 0.01, 0.01, 0.03, 0.01, 0.03, 0.04, 0.03, 0.03, 0.01, 0.01, 0.03, 0.04, 0.03, 0.03, 0.03, 0.03, 0.01, 0.01, 0.0, 0.0, 0.04, 0.01, 0.01, 0.03, 0.01, 0.01, 0.01, 0.03, 0.0, 0.04, 0.01, 0.01, 0.03, 0.03, 0.03, 0.03, 0.03, 0.01, 0.0, 0.04, 0.03, 0.04, 0.03, 0.04]",0.09000000000000002,"[(27, 47), (2, 27), (27, 50), (2, 36), (2, 42), (12, 13), (2, 48), (12, 22), (46, 48), (18, 41), (18, 47), (12, 34), (12, 40), (18, 50), (36, 50), (2, 14), (36, 40), (12, 46), (2, 17), (27, 34), (27, 40), (27, 46), (36, 46), (18, 22), (2, 41), (2, 47), (12, 21), (46, 47), (2, 50), (12, 18), (18, 34), (18, 40), (46, 50), (12, 27), (48, 50), (18, 46), (12, 36), (12, 42), (36, 41), (36, 42), (2, 13), (12, 48), (27, 36), (27, 42), (2, 22), (36, 48), (18, 21), (27, 48), (2, 34), (2, 40), (12, 14), (18, 27), (12, 17), (2, 46), (18, 36), (18, 42), (18, 48), (2, 9), (2, 6), (2, 12), (2, 18), (12, 41), (12, 47), (12, 50), (2, 21), (36, 47), (27, 41)]"
59,Vote For 2,ATVA_1,50,3,"{'C': 37, 'B': 34, 'A': 29}","[1.0, 0.43, 0.81, 0.52, 1.0, 0.52, 1.0, 0.52, 1.0, 1.0, 1.0, 0.43, 0.43, 0.52, 0.43, 1.0, 0.43, 0.81, 1.0, 0.43, 0.52, 1.0, 1.0, 0.81, 0.52, 0.43, 0.52, 1.0, 1.0, 0.52, 0.81, 0.43, 1.0, 0.52, 0.52, 0.81, 1.0, 0.81, 1.0, 0.81, 0.81, 0.52, 0.43, 0.81, 1.0, 1.0, 0.52, 0.52, 0.52, 1.0]",36.440000000000005,[],"[0.0, 0.04, 0.01, 0.03, 0.01, 0.03, 0.0, 0.03, 0.0, 0.01, 0.0, 0.04, 0.04, 0.03, 0.04, 0.0, 0.04, 0.01, 0.0, 0.04, 0.03, 0.01, 0.0, 0.01, 0.03, 0.04, 0.03, 0.01, 0.01, 0.03, 0.01, 0.04, 0.0, 0.03, 0.03, 0.01, 0.0, 0.01, 0.0, 0.01, 0.01, 0.03, 0.04, 0.01, 0.0, 0.01, 0.03, 0.03, 0.03, 0.0]",0,
60,Vote For 2,ATVA_3,50,3,"{'A': 19, 'C': 17, 'B': 14}","[0.43, 0.81, 1.0, 0.43, 1.0, 0.52, 0.43, 0.52, 0.43, 1.0, 1.0, 1.0, 1.0, 0.43, 0.43, 1.0, 0.43, 0.43, 0.52, 0.52, 1.0, 0.52, 1.0, 0.81, 0.81, 0.52, 0.81, 0.43, 0.81, 1.0, 1.0, 1.0, 1.0, 0.81, 1.0, 0.43, 0.52, 0.52, 0.52, 1.0, 0.52, 1.0, 1.0, 0.81, 0.52, 1.0, 1.0, 0.52, 0.81, 0.52]",36.540000000000006,"[6, 7, 9, 14, 15, 28, 36, 41, 50]","[0.03, 0.03, 0.01, 0.03, 0.01, 0.03, 0.01, 0.01, 0.01, 0.0, 0.01, 0.0, 0.01, 0.01, 0.01, 0.0, 0.03, 0.03, 0.01, 0.01, 0.01, 0.04, 0.0, 0.03, 0.03, 0.01, 0.03, 0.01, 0.04, 0.0, 0.01, 0.01, 0.01, 0.03, 0.01, 0.01, 0.01, 0.01, 0.04, 0.01, 0.03, 0.01, 0.0, 0.03, 0.04, 0.01, 0.01, 0.01, 0.03, 0.03]",0.09000000000000002,
61,Vote For 2,ATVA_3,50,3,"{'C': 24, 'A': 15, 'B': 11}","[1.0, 0.81, 0.81, 0.81, 0.52, 0.52, 0.81, 0.52, 1.0, 0.52, 0.81, 0.81, 0.81, 1.0, 0.81, 0.52, 0.52, 0.81, 1.0, 0.81, 0.81, 0.52, 0.52, 0.52, 0.81, 0.81, 1.0, 1.0, 0.81, 0.52, 0.81, 1.0, 0.52, 1.0, 0.52, 0.43, 0.52, 1.0, 0.43, 1.0, 1.0, 1.0, 1.0, 1.0, 1.0, 0.52, 0.81, 0.81, 0.43, 0.52]",37.86,"[2, 3, 4, 6, 7, 8, 11, 12, 13, 15, 18, 20, 21, 22, 24, 25, 26, 29, 30, 31, 35, 47, 48, 49, 50]","[0.01, 0.0, 0.0, 0.01, 0.03, 0.0, 0.0, 0.01, 0.03, 0.04, 0.0, 0.01, 0.0, 0.01, 0.01, 0.04, 0.03, 0.01, 0.01, 0.01, 0.0, 0.01, 0.03, 0.01, 0.0, 0.01, 0.01, 0.03, 0.01, 0.0, 0.0, 0.03, 0.04, 0.03, 0.01, 0.04, 0.04, 0.03, 0.04, 0.03, 0.01, 0.01, 0.03, 0.01, 0.01, 0.04, 0.0, 0.01, 0.03, 0.0]",0,
62,Vote For 2,ATVA_3,50,3,"{'B': 19, 'C': 16, 'A': 15}","[1.0, 1.0, 1.0, 1.0, 0.43, 1.0, 0.52, 0.81, 1.0, 1.0, 0.81, 0.81, 1.0, 1.0, 0.52, 0.81, 0.81, 0.81, 1.0, 0.52, 0.52, 0.52, 0.52, 0.52, 0.52, 0.43, 0.52, 1.0, 0.52, 0.52, 0.52, 1.0, 1.0, 0.52, 0.43, 1.0, 0.43, 0.52, 0.81, 0.81, 0.43, 0.81, 0.52, 0.52, 0.43, 0.81, 0.81, 0.43, 1.0, 0.81]",36.050000000000004,"[5, 7, 8, 11, 12, 16, 17, 18, 20, 21, 25, 26, 27, 29, 31, 39, 40, 41, 42, 46, 47, 50]","[0.03, 0.03, 0.03, 0.03, 0.01, 0.03, 0.0, 0.0, 0.03, 0.03, 0.01, 0.0, 0.03, 0.03, 0.01, 0.01, 0.01, 0.0, 0.04, 0.01, 0.01, 0.03, 0.03, 0.03, 0.01, 0.01, 0.01, 0.04, 0.01, 0.01, 0.01, 0.03, 0.03, 0.03, 0.03, 0.04, 0.03, 0.03, 0.01, 0.01, 0.01, 0.0, 0.01, 0.01, 0.03, 0.0, 0.01, 0.03, 0.03, 0.01]",0,
63,Vote For 2,ATVA_3,50,3,"{'B': 21, 'A': 16, 'C': 13}","[1.0, 1.0, 0.52, 0.52, 0.52, 0.52, 1.0, 1.0, 0.52, 1.0, 1.0, 0.52, 1.0, 0.52, 0.81, 0.81, 0.43, 0.52, 1.0, 1.0, 0.52, 0.81, 0.43, 1.0, 1.0, 1.0, 0.43, 1.0, 1.0, 0.43, 1.0, 0.81, 0.52, 0.81, 0.81, 1.0, 0.52, 0.81, 0.81, 1.0, 1.0, 0.52, 0.43, 0.52, 0.81, 1.0, 1.0, 0.43, 0.52, 1.0]",38.150000000000006,"[3, 4, 5, 12, 14, 17, 21, 23, 27, 30, 37, 42, 43, 48]","[0.0, 0.0, 0.01, 0.01, 0.01, 0.03, 0.0, 0.01, 0.04, 0.0, 0.01, 0.01, 0.01, 0.01, 0.04, 0.03, 0.01, 0.04, 0.0, 0.0, 0.01, 0.03, 0.01, 0.0, 0.0, 0.01, 0.01, 0.01, 0.0, 0.03, 0.0, 0.03, 0.04, 0.03, 0.03, 0.0, 0.01, 0.03, 0.04, 0.01, 0.0, 0.01, 0.01, 0.03, 0.04, 0.0, 0.0, 0.01, 0.03, 0.0]",0,
64,Vote For 2,ATVA_3,50,3,"{'B': 20, 'A': 15, 'C': 15}","[1.0, 1.0, 1.0, 1.0, 1.0, 1.0, 1.0, 0.43, 0.81, 0.52, 0.43, 0.81, 0.52, 0.43, 1.0, 1.0, 0.81, 1.0, 0.81, 0.81, 0.52, 0.81, 0.81, 0.43, 0.52, 0.43, 0.43, 0.52, 0.52, 0.43, 0.52, 0.81, 0.81, 0.43, 0.52, 1.0, 0.81, 1.0, 0.81, 1.0, 0.52, 0.52, 0.81, 0.43, 1.0, 1.0, 0.52, 0.81, 0.81, 0.52]",36.45000000000001,"[8, 10, 11, 14, 21, 24, 25, 26, 27, 28, 29, 30, 31, 34, 35, 41, 42, 44, 47, 50]","[0.03, 0.04, 0.04, 0.04, 0.03, 0.03, 0.04, 0.01, 0.0, 0.0, 0.01, 0.0, 0.01, 0.01, 0.04, 0.03, 0.0, 0.04, 0.01, 0.0, 0.01, 0.01, 0.01, 0.01, 0.0, 0.01, 0.01, 0.03, 0.01, 0.01, 0.01, 0.0, 0.0, 0.03, 0.03, 0.04, 0.0, 0.04, 0.01, 0.04, 0.0, 0.0, 0.0, 0.01, 0.04, 0.03, 0.0, 0.0, 0.01, 0.01]",0.18999999999999995,
65,Vote For 2,ATVA_3,50,3,"{'A': 21, 'B': 16, 'C': 13}","[0.43, 1.0, 1.0, 0.81, 0.81, 1.0, 0.52, 1.0, 0.52, 0.52, 1.0, 1.0, 0.52, 1.0, 1.0, 1.0, 0.81, 0.52, 1.0, 0.52, 0.43, 0.81, 1.0, 0.52, 0.43, 0.81, 0.52, 1.0, 1.0, 1.0, 0.52, 1.0, 0.81, 0.52, 0.43, 0.52, 0.43, 1.0, 0.52, 0.52, 1.0, 0.52, 1.0, 0.52, 1.0, 0.52, 1.0, 0.81, 1.0, 0.52]",37.660000000000004,"[1, 10, 13, 21, 27, 34, 35, 36, 37, 39]","[0.03, 0.01, 0.0, 0.01, 0.01, 0.0, 0.04, 0.0, 0.03, 0.01, 0.0, 0.0, 0.01, 0.01, 0.0, 0.0, 0.01, 0.03, 0.0, 0.03, 0.03, 0.01, 0.0, 0.03, 0.04, 0.01, 0.01, 0.01, 0.0, 0.0, 0.03, 0.0, 0.03, 0.01, 0.03, 0.01, 0.03, 0.0, 0.01, 0.03, 0.0, 0.04, 0.01, 0.04, 0.0, 0.03, 0.0, 0.01, 0.0, 0.03]",0,
66,Vote For 2,ATVA_3,50,3,"{'C': 23, 'B': 14, 'A': 13}","[1.0, 0.52, 1.0, 0.52, 1.0, 1.0, 1.0, 1.0, 0.52, 0.43, 0.52, 0.81, 1.0, 0.52, 0.52, 0.52, 1.0, 0.52, 0.52, 1.0, 1.0, 0.52, 0.43, 0.52, 0.52, 0.52, 0.52, 1.0, 1.0, 0.81, 1.0, 0.52, 0.52, 1.0, 1.0, 1.0, 1.0, 0.43, 0.43, 1.0, 0.81, 0.52, 1.0, 0.81, 1.0, 1.0, 1.0, 0.52, 1.0, 0.81]",38.13000000000001,"[10, 12, 16, 19, 22, 23, 27, 30, 32, 33, 38, 41, 42, 44, 48, 50]","[0.0, 0.01, 0.0, 0.01, 0.0, 0.01, 0.01, 0.0, 0.03, 0.03, 0.03, 0.04, 0.01, 0.01, 0.03, 0.04, 0.01, 0.03, 0.04, 0.01, 0.01, 0.04, 0.03, 0.03, 0.03, 0.03, 0.03, 0.01, 0.01, 0.04, 0.01, 0.03, 0.04, 0.0, 0.01, 0.01, 0.0, 0.03, 0.01, 0.01, 0.04, 0.03, 0.01, 0.03, 0.01, 0.01, 0.0, 0.03, 0.01, 0.03]",0,
67,Vote For 2,ATVA_3,50,3,"{'C': 19, 'A': 16, 'B': 15}","[1.0, 0.52, 1.0, 0.43, 0.43, 1.0, 0.43, 0.52, 0.43, 0.52, 1.0, 1.0, 0.52, 0.52, 0.52, 0.81, 1.0, 0.52, 0.43, 1.0, 0.52, 0.52, 1.0, 1.0, 1.0, 0.81, 0.43, 1.0, 0.43, 1.0, 0.81, 0.52, 1.0, 0.81, 0.52, 0.52, 0.81, 0.81, 1.0, 0.52, 0.81, 1.0, 1.0, 1.0, 0.52, 1.0, 0.81, 0.81, 1.0, 0.43]",37.01,"[5, 7, 10, 15, 26, 29, 31, 35, 38, 45, 48]","[0.01, 0.03, 0.0, 0.04, 0.03, 0.0, 0.03, 0.03, 0.04, 0.01, 0.01, 0.01, 0.03, 0.03, 0.01, 0.03, 0.0, 0.04, 0.04, 0.0, 0.03, 0.04, 0.0, 0.0, 0.0, 0.01, 0.04, 0.01, 0.03, 0.01, 0.01, 0.03, 0.01, 0.03, 0.01, 0.03, 0.03, 0.01, 0.0, 0.03, 0.03, 0.01, 0.0, 0.01, 0.01, 0.0, 0.03, 0.01, 0.0, 0.04]",0,
68,Vote For 2,ATVA_3,50,3,"{'C': 24, 'A': 13, 'B': 13}","[0.52, 1.0, 1.0, 0.81, 1.0, 0.81, 1.0, 1.0, 0.52, 1.0, 0.43, 0.81, 1.0, 1.0, 0.81, 1.0, 0.52, 1.0, 1.0, 1.0, 0.81, 0.43, 0.43, 1.0, 1.0, 0.81, 1.0, 0.52, 1.0, 1.0, 1.0, 0.52, 0.81, 1.0, 1.0, 0.52, 1.0, 0.52, 0.43, 0.52, 0.52, 1.0, 0.81, 0.81, 1.0, 0.52, 0.52, 0.52, 0.52, 1.0]",39.77,"[1, 11, 22, 23, 28, 32, 36, 38, 39, 40, 47, 48, 49]","[0.03, 0.01, 0.01, 0.03, 0.0, 0.04, 0.01, 0.0, 0.03, 0.01, 0.03, 0.04, 0.0, 0.0, 0.04, 0.0, 0.04, 0.0, 0.0, 0.0, 0.04, 0.03, 0.01, 0.0, 0.0, 0.04, 0.0, 0.01, 0.0, 0.01, 0.01, 0.01, 0.03, 0.0, 0.01, 0.03, 0.0, 0.03, 0.03, 0.03, 0.03, 0.0, 0.04, 0.04, 0.0, 0.03, 0.03, 0.01, 0.03, 0.01]",0,
69,Vote For 2,ATVA_3,50,3,"{'A': 21, 'B': 15, 'C': 14}","[0.52, 1.0, 0.52, 1.0, 0.52, 1.0, 0.81, 0.52, 0.81, 0.81, 1.0, 0.52, 0.43, 0.81, 0.43, 0.81, 0.52, 1.0, 0.43, 1.0, 0.52, 0.52, 1.0, 1.0, 0.81, 1.0, 1.0, 0.43, 0.52, 0.52, 0.81, 1.0, 1.0, 0.52, 0.43, 0.52, 0.81, 0.52, 0.81, 0.43, 0.52, 0.81, 0.52, 1.0, 0.52, 1.0, 0.81, 0.52, 0.81, 0.52]",35.660000000000004,"[1, 3, 5, 7, 8, 9, 10, 12, 13, 14, 15, 16, 17, 19, 21, 22, 25, 28, 29, 30, 31, 34, 35, 37, 38, 39, 40, 41, 42, 43, 45, 47, 48, 49, 50]","[0.0, 0.03, 0.01, 0.03, 0.01, 0.03, 0.0, 0.01, 0.0, 0.0, 0.04, 0.01, 0.01, 0.01, 0.03, 0.0, 0.01, 0.04, 0.03, 0.03, 0.0, 0.0, 0.03, 0.04, 0.01, 0.04, 0.03, 0.01, 0.01, 0.01, 0.01, 0.03, 0.04, 0.01, 0.01, 0.03, 0.0, 0.01, 0.01, 0.03, 0.0, 0.0, 0.01, 0.03, 0.0, 0.03, 0.01, 0.0, 0.0, 0.0]",0,
70,Vote For 2,ATVA_4,50,3,"{'B': 40, 'C': 36, 'A': 24}","[1.0, 0.81, 0.52, 0.52, 0.81, 0.52, 0.52, 1.0, 1.0, 0.52, 0.43, 1.0, 0.43, 1.0, 0.43, 0.81, 1.0, 1.0, 1.0, 0.81, 1.0, 0.52, 0.81, 1.0, 1.0, 1.0, 0.52, 1.0, 1.0, 1.0, 0.52, 1.0, 0.52, 0.81, 0.52, 0.52, 1.0, 0.81, 0.52, 1.0, 0.52, 1.0, 0.52, 0.81, 0.52, 0.81, 1.0, 0.81, 1.0, 1.0]",39.190000000000005,[],"[0.01, 0.01, 0.03, 0.03, 0.01, 0.03, 0.03, 0.0, 0.0, 0.03, 0.04, 0.0, 0.04, 0.0, 0.04, 0.01, 0.0, 0.0, 0.0, 0.01, 0.0, 0.03, 0.01, 0.0, 0.01, 0.0, 0.03, 0.0, 0.0, 0.0, 0.03, 0.01, 0.03, 0.01, 0.03, 0.03, 0.01, 0.01, 0.03, 0.0, 0.03, 0.01, 0.03, 0.01, 0.03, 0.01, 0.01, 0.01, 0.0, 0.0]",0,
71,Vote For 2,ATVA_4,50,3,"{'C': 37, 'A': 32, 'B': 31}","[0.52, 1.0, 0.81, 0.81, 0.52, 0.43, 0.52, 0.81, 1.0, 1.0, 1.0, 0.52, 0.52, 0.81, 1.0, 1.0, 0.81, 1.0, 1.0, 0.43, 1.0, 1.0, 1.0, 0.52, 1.0, 0.81, 0.43, 1.0, 0.52, 0.81, 0.43, 1.0, 1.0, 0.52, 1.0, 1.0, 0.43, 0.52, 1.0, 0.52, 0.52, 0.52, 0.52, 0.52, 0.52, 0.81, 0.52, 0.81, 0.52, 0.52]",36.80000000000001,[],"[0.03, 0.0, 0.01, 0.01, 0.03, 0.04, 0.03, 0.01, 0.0, 0.0, 0.01, 0.03, 0.03, 0.01, 0.01, 0.01, 0.01, 0.0, 0.0, 0.04, 0.0, 0.01, 0.01, 0.03, 0.0, 0.01, 0.04, 0.01, 0.03, 0.01, 0.04, 0.01, 0.01, 0.03, 0.0, 0.0, 0.04, 0.03, 0.0, 0.03, 0.03, 0.03, 0.03, 0.03, 0.03, 0.01, 0.03, 0.01, 0.03, 0.03]",0,
72,Vote For 2,ATVA_4,50,3,"{'A': 37, 'B': 34, 'C': 29}","[0.52, 0.81, 0.52, 0.52, 1.0, 0.81, 0.81, 1.0, 0.52, 0.43, 0.52, 1.0, 0.52, 0.81, 1.0, 0.52, 0.43, 0.52, 0.52, 1.0, 1.0, 0.81, 0.52, 0.81, 1.0, 1.0, 0.52, 0.43, 1.0, 1.0, 0.52, 1.0, 1.0, 0.52, 1.0, 0.52, 0.81, 1.0, 1.0, 0.43, 1.0, 0.52, 0.43, 0.43, 1.0, 1.0, 1.0, 0.43, 1.0, 0.81]",37.29,[],"[0.03, 0.01, 0.03, 0.03, 0.0, 0.01, 0.01, 0.0, 0.03, 0.04, 0.03, 0.0, 0.03, 0.01, 0.01, 0.03, 0.04, 0.03, 0.03, 0.0, 0.0, 0.01, 0.03, 0.01, 0.0, 0.01, 0.03, 0.04, 0.01, 0.01, 0.03, 0.0, 0.0, 0.03, 0.01, 0.03, 0.01, 0.0, 0.0, 0.04, 0.0, 0.03, 0.04, 0.04, 0.0, 0.01, 0.01, 0.04, 0.0, 0.01]",0,
73,Vote For 2,ATVA_4,50,3,"{'C': 36, 'A': 34, 'B': 30}","[1.0, 0.43, 0.52, 1.0, 0.81, 0.81, 0.52, 1.0, 0.43, 0.81, 1.0, 0.52, 0.81, 0.52, 1.0, 1.0, 0.81, 1.0, 0.52, 0.52, 1.0, 1.0, 0.43, 1.0, 0.43, 0.52, 1.0, 0.52, 0.52, 0.81, 1.0, 0.52, 1.0, 0.52, 1.0, 0.52, 1.0, 1.0, 1.0, 0.52, 0.81, 0.81, 0.43, 0.43, 1.0, 0.52, 0.43, 1.0, 0.81, 0.52]",37.1,[],"[0.01, 0.04, 0.03, 0.01, 0.01, 0.01, 0.03, 0.0, 0.04, 0.01, 0.0, 0.03, 0.01, 0.03, 0.01, 0.01, 0.01, 0.0, 0.03, 0.03, 0.0, 0.01, 0.04, 0.0, 0.04, 0.03, 0.01, 0.03, 0.03, 0.01, 0.0, 0.03, 0.0, 0.03, 0.0, 0.03, 0.0, 0.0, 0.01, 0.03, 0.01, 0.01, 0.04, 0.04, 0.01, 0.03, 0.04, 0.0, 0.01, 0.03]",0,
74,Vote For 2,ATVA_4,50,3,"{'B': 36, 'C': 33, 'A': 31}","[1.0, 1.0, 1.0, 0.52, 1.0, 0.52, 1.0, 0.81, 0.43, 0.43, 0.52, 1.0, 0.81, 1.0, 0.81, 0.52, 1.0, 1.0, 0.81, 0.81, 0.52, 0.43, 1.0, 0.43, 1.0, 1.0, 1.0, 0.81, 0.52, 0.81, 1.0, 0.52, 0.81, 0.81, 1.0, 1.0, 0.52, 1.0, 1.0, 0.43, 0.52, 0.43, 0.81, 0.52, 0.43, 0.52, 0.52, 1.0, 0.52, 0.52]",37.39000000000001,[],"[0.0, 0.0, 0.01, 0.03, 0.0, 0.03, 0.01, 0.01, 0.04, 0.04, 0.03, 0.01, 0.01, 0.01, 0.01, 0.03, 0.0, 0.0, 0.01, 0.01, 0.03, 0.04, 0.0, 0.04, 0.01, 0.0, 0.0, 0.01, 0.03, 0.01, 0.01, 0.03, 0.01, 0.01, 0.01, 0.01, 0.03, 0.01, 0.01, 0.04, 0.03, 0.04, 0.01, 0.03, 0.04, 0.03, 0.03, 0.0, 0.03, 0.03]",0,
75,Vote For 2,ATVA_4,50,3,"{'C': 35, 'B': 33, 'A': 32}","[0.52, 0.52, 0.52, 1.0, 0.52, 0.43, 0.81, 1.0, 1.0, 0.52, 1.0, 0.81, 0.81, 0.43, 0.81, 0.52, 0.52, 1.0, 0.52, 1.0, 0.81, 1.0, 0.52, 0.52, 0.52, 1.0, 0.43, 1.0, 1.0, 1.0, 0.52, 0.43, 0.43, 0.52, 0.52, 1.0, 0.52, 0.43, 0.43, 0.52, 0.52, 1.0, 0.81, 1.0, 0.81, 0.81, 1.0, 0.81, 0.43, 1.0]",35.57,"[6, 14, 27, 32, 33, 38, 39, 49]","[0.03, 0.03, 0.03, 0.0, 0.03, 0.04, 0.01, 0.01, 0.0, 0.03, 0.01, 0.01, 0.01, 0.04, 0.01, 0.03, 0.03, 0.0, 0.03, 0.01, 0.01, 0.01, 0.03, 0.03, 0.03, 0.0, 0.04, 0.0, 0.01, 0.0, 0.03, 0.04, 0.04, 0.03, 0.03, 0.01, 0.03, 0.04, 0.04, 0.03, 0.03, 0.0, 0.01, 0.0, 0.01, 0.01, 0.0, 0.01, 0.04, 0.01]",0.09000000000000002,
76,Vote For 2,ATVA_4,50,3,"{'C': 35, 'A': 33, 'B': 32}","[1.0, 0.52, 0.81, 0.52, 1.0, 1.0, 1.0, 0.43, 0.52, 0.81, 0.43, 0.52, 0.81, 0.43, 0.52, 1.0, 0.52, 1.0, 0.52, 0.81, 1.0, 0.52, 0.52, 0.81, 0.43, 1.0, 1.0, 1.0, 1.0, 1.0, 0.43, 1.0, 0.52, 1.0, 0.81, 1.0, 0.81, 1.0, 0.43, 0.43, 0.43, 0.81, 0.52, 0.81, 0.81, 0.43, 0.43, 0.43, 0.52, 0.43]",35.50000000000001,[],"[0.0, 0.03, 0.01, 0.03, 0.0, 0.01, 0.0, 0.04, 0.03, 0.01, 0.04, 0.03, 0.01, 0.04, 0.03, 0.0, 0.03, 0.01, 0.03, 0.01, 0.01, 0.03, 0.03, 0.01, 0.04, 0.01, 0.0, 0.01, 0.0, 0.0, 0.04, 0.01, 0.03, 0.01, 0.01, 0.0, 0.01, 0.01, 0.04, 0.04, 0.04, 0.01, 0.03, 0.01, 0.01, 0.04, 0.04, 0.04, 0.03, 0.04]",0,
77,Vote For 2,ATVA_4,50,3,"{'B': 38, 'A': 31, 'C': 31}","[0.43, 1.0, 0.81, 0.52, 1.0, 0.52, 0.81, 1.0, 1.0, 1.0, 1.0, 1.0, 0.81, 0.81, 0.81, 1.0, 0.52, 1.0, 1.0, 1.0, 0.52, 0.52, 0.52, 0.81, 0.52, 0.81, 0.43, 1.0, 0.43, 1.0, 0.52, 1.0, 0.52, 0.52, 1.0, 1.0, 1.0, 1.0, 1.0, 0.52, 0.81, 0.52, 1.0, 0.43, 0.52, 0.52, 0.52, 0.52, 0.43, 0.81]",37.76,"[1, 27, 29, 44, 49]","[0.04, 0.01, 0.01, 0.03, 0.0, 0.03, 0.01, 0.0, 0.0, 0.01, 0.0, 0.0, 0.01, 0.01, 0.01, 0.0, 0.03, 0.01, 0.01, 0.01, 0.03, 0.03, 0.03, 0.01, 0.03, 0.01, 0.04, 0.01, 0.04, 0.0, 0.03, 0.0, 0.03, 0.03, 0.01, 0.01, 0.0, 0.01, 0.0, 0.03, 0.01, 0.03, 0.01, 0.04, 0.03, 0.03, 0.03, 0.03, 0.04, 0.01]",0.09000000000000002,
78,Vote For 2,ATVA_4,50,3,"{'A': 36, 'B': 33, 'C': 31}","[0.81, 0.52, 0.52, 0.43, 1.0, 1.0, 1.0, 1.0, 0.52, 1.0, 1.0, 0.81, 0.52, 0.81, 0.52, 0.43, 1.0, 0.52, 0.81, 0.52, 1.0, 0.52, 1.0, 1.0, 0.52, 1.0, 0.52, 0.52, 0.52, 0.52, 1.0, 0.81, 0.52, 0.81, 0.81, 0.81, 0.52, 0.43, 0.52, 0.81, 1.0, 0.52, 0.81, 0.52, 0.52, 0.43, 0.52, 1.0, 1.0, 0.52]",35.74,[],"[0.01, 0.03, 0.03, 0.04, 0.0, 0.0, 0.01, 0.0, 0.03, 0.0, 0.01, 0.01, 0.03, 0.01, 0.03, 0.04, 0.0, 0.03, 0.01, 0.03, 0.0, 0.03, 0.01, 0.0, 0.03, 0.0, 0.03, 0.03, 0.03, 0.03, 0.0, 0.01, 0.03, 0.01, 0.01, 0.01, 0.03, 0.04, 0.03, 0.01, 0.01, 0.03, 0.01, 0.03, 0.03, 0.04, 0.03, 0.01, 0.01, 0.03]",0,
79,Vote For 2,ATVA_4,50,3,"{'C': 35, 'B': 33, 'A': 32}","[1.0, 0.52, 1.0, 0.52, 1.0, 1.0, 0.52, 0.52, 0.81, 0.52, 0.52, 0.52, 0.43, 0.43, 0.81, 0.52, 1.0, 1.0, 0.81, 1.0, 0.81, 0.52, 0.52, 1.0, 1.0, 1.0, 1.0, 1.0, 0.81, 0.52, 0.81, 1.0, 0.52, 1.0, 0.81, 0.52, 1.0, 1.0, 0.43, 0.52, 1.0, 1.0, 0.43, 1.0, 1.0, 0.43, 0.81, 0.52, 0.81, 0.81]",38.050000000000004,"[13, 14, 39, 43, 46]","[0.01, 0.03, 0.0, 0.03, 0.0, 0.0, 0.03, 0.03, 0.01, 0.03, 0.03, 0.03, 0.04, 0.04, 0.01, 0.03, 0.01, 0.01, 0.01, 0.01, 0.01, 0.03, 0.03, 0.01, 0.0, 0.01, 0.01, 0.0, 0.01, 0.03, 0.01, 0.01, 0.03, 0.0, 0.01, 0.03, 0.01, 0.0, 0.04, 0.03, 0.01, 0.01, 0.04, 0.0, 0.01, 0.04, 0.01, 0.03, 0.01, 0.01]",0.09000000000000002,
80,Anti-Plurality,BTVA,50,3,"{'B': 36, 'A': 32, 'C': 32}","[0.52, 0.81, 0.52, 1.0, 0.81, 1.0, 1.0, 0.43, 1.0, 0.52, 0.52, 0.52, 1.0, 0.81, 0.52, 0.81, 1.0, 0.52, 0.52, 0.43, 0.52, 1.0, 0.81, 0.81, 0.52, 0.43, 1.0, 1.0, 0.52, 0.43, 0.52, 0.81, 1.0, 1.0, 0.81, 1.0, 0.43, 0.52, 1.0, 1.0, 0.52, 1.0, 0.52, 0.43, 0.52, 1.0, 1.0, 0.81, 0.43, 0.52]",36.14,"[8, 20, 26, 30, 37, 44, 49]","[0.03, 0.01, 0.03, 0.0, 0.01, 0.01, 0.0, 0.04, 0.01, 0.03, 0.03, 0.03, 0.0, 0.01, 0.03, 0.01, 0.01, 0.03, 0.03, 0.04, 0.03, 0.01, 0.01, 0.01, 0.03, 0.04, 0.0, 0.01, 0.03, 0.04, 0.03, 0.01, 0.0, 0.01, 0.01, 0.01, 0.04, 0.03, 0.01, 0.0, 0.03, 0.0, 0.03, 0.04, 0.03, 0.0, 0.0, 0.01, 0.04, 0.03]",0.09000000000000002,
81,Anti-Plurality,BTVA,50,3,"{'B': 37, 'C': 32, 'A': 31}","[1.0, 0.81, 0.81, 0.81, 0.43, 1.0, 1.0, 1.0, 1.0, 0.43, 1.0, 1.0, 1.0, 1.0, 0.52, 1.0, 0.43, 0.43, 0.43, 1.0, 1.0, 0.52, 0.43, 0.52, 1.0, 0.52, 0.52, 1.0, 0.52, 1.0, 1.0, 0.81, 1.0, 0.52, 0.43, 0.52, 0.52, 1.0, 0.43, 0.43, 1.0, 1.0, 0.43, 1.0, 1.0, 1.0, 1.0, 0.81, 0.52, 0.81]",38.36000000000001,"[5, 10, 17, 18, 19, 23, 35, 39, 40, 43]","[0.01, 0.01, 0.01, 0.01, 0.04, 0.01, 0.01, 0.01, 0.01, 0.04, 0.0, 0.01, 0.01, 0.0, 0.03, 0.0, 0.04, 0.04, 0.04, 0.0, 0.01, 0.03, 0.04, 0.03, 0.0, 0.03, 0.03, 0.0, 0.03, 0.0, 0.0, 0.01, 0.0, 0.03, 0.04, 0.03, 0.03, 0.0, 0.04, 0.04, 0.01, 0.0, 0.04, 0.01, 0.0, 0.01, 0.0, 0.01, 0.03, 0.01]",0.09000000000000002,
82,Anti-Plurality,BTVA,50,3,"{'A': 34, 'C': 34, 'B': 32}","[0.81, 0.43, 0.81, 0.52, 0.43, 1.0, 1.0, 1.0, 0.52, 0.81, 0.81, 1.0, 0.52, 1.0, 1.0, 0.52, 1.0, 0.52, 0.52, 0.52, 0.52, 1.0, 1.0, 0.43, 1.0, 0.52, 0.81, 1.0, 0.52, 0.43, 0.52, 1.0, 0.81, 0.43, 0.43, 0.43, 1.0, 0.52, 0.81, 0.81, 1.0, 0.43, 0.52, 1.0, 0.52, 1.0, 0.81, 0.52, 0.52, 0.43]",35.480000000000004,"[1, 3, 10, 11, 27, 33, 39, 40, 47]","[0.01, 0.04, 0.01, 0.03, 0.04, 0.0, 0.01, 0.0, 0.03, 0.01, 0.01, 0.0, 0.03, 0.01, 0.0, 0.03, 0.01, 0.03, 0.03, 0.03, 0.03, 0.01, 0.0, 0.04, 0.0, 0.03, 0.01, 0.0, 0.03, 0.04, 0.03, 0.01, 0.01, 0.04, 0.04, 0.04, 0.0, 0.03, 0.01, 0.01, 0.0, 0.04, 0.03, 0.01, 0.03, 0.01, 0.01, 0.03, 0.03, 0.04]",0.18999999999999995,
83,Anti-Plurality,BTVA,50,3,"{'B': 35, 'C': 33, 'A': 32}","[1.0, 0.52, 1.0, 0.81, 1.0, 0.52, 0.52, 1.0, 0.52, 1.0, 0.52, 0.81, 0.52, 0.43, 1.0, 1.0, 0.43, 0.52, 0.52, 0.81, 0.81, 1.0, 0.52, 1.0, 0.52, 1.0, 1.0, 0.52, 0.43, 0.52, 0.43, 0.81, 1.0, 0.43, 1.0, 0.43, 0.81, 0.81, 1.0, 0.52, 0.52, 0.81, 0.52, 1.0, 1.0, 1.0, 0.52, 0.52, 1.0, 0.43]",36.33,"[14, 17, 29, 31, 34, 36, 50]","[0.01, 0.03, 0.01, 0.01, 0.0, 0.03, 0.03, 0.01, 0.03, 0.01, 0.03, 0.01, 0.03, 0.04, 0.0, 0.0, 0.04, 0.03, 0.03, 0.01, 0.01, 0.0, 0.03, 0.01, 0.03, 0.01, 0.0, 0.03, 0.04, 0.03, 0.04, 0.01, 0.0, 0.04, 0.0, 0.04, 0.01, 0.01, 0.01, 0.03, 0.03, 0.01, 0.03, 0.0, 0.0, 0.0, 0.03, 0.03, 0.01, 0.04]",0.09000000000000002,
84,Anti-Plurality,BTVA,50,3,"{'B': 39, 'C': 31, 'A': 30}","[1.0, 1.0, 1.0, 0.43, 1.0, 0.81, 0.43, 0.52, 0.81, 0.52, 0.52, 1.0, 1.0, 1.0, 1.0, 1.0, 1.0, 0.52, 1.0, 0.81, 0.81, 0.81, 0.43, 1.0, 1.0, 1.0, 1.0, 1.0, 0.52, 0.43, 1.0, 0.81, 0.81, 0.43, 1.0, 0.52, 0.52, 0.52, 0.52, 0.43, 1.0, 0.43, 0.81, 0.52, 0.81, 0.52, 1.0, 0.81, 1.0, 1.0]",38.83,"[4, 7, 23, 30, 34, 40, 42]","[0.0, 0.0, 0.01, 0.04, 0.01, 0.01, 0.04, 0.03, 0.01, 0.03, 0.03, 0.0, 0.01, 0.01, 0.0, 0.01, 0.01, 0.03, 0.0, 0.01, 0.01, 0.01, 0.04, 0.01, 0.0, 0.01, 0.0, 0.0, 0.03, 0.04, 0.01, 0.01, 0.01, 0.04, 0.0, 0.03, 0.03, 0.03, 0.03, 0.04, 0.01, 0.04, 0.01, 0.03, 0.01, 0.03, 0.0, 0.01, 0.01, 0.01]",0.09000000000000002,
85,Anti-Plurality,BTVA,50,3,"{'B': 39, 'C': 31, 'A': 30}","[0.43, 1.0, 0.52, 1.0, 0.81, 1.0, 1.0, 0.43, 1.0, 1.0, 1.0, 0.52, 1.0, 0.52, 1.0, 1.0, 0.81, 0.52, 1.0, 0.52, 0.43, 1.0, 0.81, 1.0, 0.81, 0.81, 0.81, 0.81, 0.81, 0.52, 1.0, 1.0, 0.52, 1.0, 1.0, 0.52, 1.0, 1.0, 1.0, 0.81, 1.0, 0.43, 0.43, 1.0, 0.52, 0.52, 1.0, 0.81, 0.81, 0.52]",39.78000000000001,"[1, 8, 21, 42, 43]","[0.04, 0.01, 0.03, 0.01, 0.01, 0.0, 0.01, 0.04, 0.01, 0.0, 0.01, 0.03, 0.01, 0.03, 0.0, 0.0, 0.01, 0.03, 0.01, 0.03, 0.04, 0.01, 0.01, 0.01, 0.01, 0.01, 0.01, 0.01, 0.01, 0.03, 0.01, 0.01, 0.03, 0.0, 0.01, 0.03, 0.0, 0.0, 0.01, 0.01, 0.0, 0.04, 0.04, 0.0, 0.03, 0.03, 0.01, 0.01, 0.01, 0.03]",0.09000000000000002,
86,Anti-Plurality,BTVA,50,3,"{'B': 36, 'A': 33, 'C': 31}","[0.52, 0.43, 0.52, 1.0, 0.81, 1.0, 0.52, 0.81, 1.0, 1.0, 0.52, 0.52, 0.43, 0.52, 0.81, 0.52, 0.43, 0.81, 0.52, 0.81, 0.81, 0.52, 0.52, 0.81, 0.81, 0.81, 1.0, 0.52, 1.0, 1.0, 1.0, 0.43, 1.0, 0.52, 1.0, 1.0, 0.52, 0.81, 1.0, 1.0, 0.52, 1.0, 0.43, 1.0, 0.43, 1.0, 0.43, 1.0, 1.0, 0.52]",36.910000000000004,[],"[0.03, 0.04, 0.03, 0.0, 0.01, 0.0, 0.03, 0.01, 0.0, 0.0, 0.03, 0.03, 0.04, 0.03, 0.01, 0.03, 0.04, 0.01, 0.03, 0.01, 0.01, 0.03, 0.03, 0.01, 0.01, 0.01, 0.01, 0.03, 0.0, 0.01, 0.01, 0.04, 0.0, 0.03, 0.01, 0.01, 0.03, 0.01, 0.01, 0.0, 0.03, 0.0, 0.04, 0.01, 0.04, 0.01, 0.04, 0.01, 0.0, 0.03]",0,
87,Anti-Plurality,BTVA,50,3,"{'C': 36, 'A': 32, 'B': 32}","[1.0, 0.43, 0.52, 1.0, 1.0, 0.81, 1.0, 1.0, 0.43, 0.52, 0.52, 0.81, 0.81, 0.52, 1.0, 0.43, 1.0, 1.0, 0.81, 1.0, 0.81, 0.52, 1.0, 1.0, 1.0, 0.52, 0.43, 0.52, 0.52, 0.43, 0.52, 1.0, 0.81, 0.52, 1.0, 0.81, 0.81, 0.81, 0.52, 1.0, 0.43, 1.0, 1.0, 0.43, 1.0, 1.0, 0.52, 0.81, 0.52, 0.81]",37.68000000000001,"[2, 9, 16, 27, 30, 41, 44]","[0.01, 0.04, 0.03, 0.0, 0.01, 0.01, 0.0, 0.0, 0.04, 0.03, 0.03, 0.01, 0.01, 0.03, 0.01, 0.04, 0.01, 0.01, 0.01, 0.0, 0.01, 0.03, 0.0, 0.01, 0.01, 0.03, 0.04, 0.03, 0.03, 0.04, 0.03, 0.01, 0.01, 0.03, 0.0, 0.01, 0.01, 0.01, 0.03, 0.01, 0.04, 0.01, 0.01, 0.04, 0.01, 0.0, 0.03, 0.01, 0.03, 0.01]",0.09000000000000002,
88,Anti-Plurality,BTVA,50,3,"{'C': 37, 'A': 34, 'B': 29}","[0.52, 0.81, 0.81, 1.0, 0.52, 1.0, 1.0, 0.52, 1.0, 0.43, 0.81, 1.0, 0.52, 0.52, 0.43, 1.0, 0.81, 1.0, 1.0, 0.52, 1.0, 0.81, 0.81, 0.43, 0.52, 0.43, 0.52, 0.52, 0.81, 0.43, 1.0, 1.0, 0.43, 1.0, 1.0, 0.81, 0.81, 1.0, 0.43, 1.0, 0.81, 0.43, 0.52, 0.81, 0.81, 0.81, 0.81, 1.0, 0.52, 1.0]",37.50000000000001,[],"[0.03, 0.01, 0.01, 0.01, 0.03, 0.0, 0.0, 0.03, 0.01, 0.04, 0.01, 0.01, 0.03, 0.03, 0.04, 0.01, 0.01, 0.0, 0.01, 0.03, 0.01, 0.01, 0.01, 0.04, 0.03, 0.04, 0.03, 0.03, 0.01, 0.04, 0.01, 0.0, 0.04, 0.01, 0.0, 0.01, 0.01, 0.01, 0.04, 0.0, 0.01, 0.04, 0.03, 0.01, 0.01, 0.01, 0.01, 0.0, 0.03, 0.01]",0,
89,Anti-Plurality,BTVA,50,3,"{'B': 38, 'C': 33, 'A': 29}","[1.0, 0.81, 0.52, 1.0, 0.81, 1.0, 0.52, 0.52, 0.52, 1.0, 1.0, 0.52, 0.43, 0.81, 0.81, 1.0, 1.0, 0.52, 0.52, 0.81, 0.52, 0.43, 1.0, 0.52, 1.0, 1.0, 0.52, 0.52, 0.52, 1.0, 1.0, 0.81, 0.52, 1.0, 0.81, 1.0, 0.52, 0.43, 0.52, 0.43, 0.43, 1.0, 0.81, 0.81, 1.0, 0.43, 1.0, 1.0, 1.0, 0.43]",37.1,[],"[0.0, 0.01, 0.03, 0.01, 0.01, 0.0, 0.03, 0.03, 0.03, 0.01, 0.0, 0.03, 0.04, 0.01, 0.01, 0.0, 0.0, 0.03, 0.03, 0.01, 0.03, 0.04, 0.0, 0.03, 0.0, 0.0, 0.03, 0.03, 0.03, 0.0, 0.01, 0.01, 0.03, 0.01, 0.01, 0.01, 0.03, 0.04, 0.03, 0.04, 0.04, 0.0, 0.01, 0.01, 0.0, 0.04, 0.0, 0.01, 0.01, 0.04]",0,
90,Anti-Plurality,ATVA_1,50,3,"{'C': 37, 'A': 36, 'B': 27}","[1.0, 0.81, 1.0, 1.0, 1.0, 1.0, 1.0, 1.0, 1.0, 0.52, 0.81, 0.81, 0.43, 0.81, 0.52, 0.52, 1.0, 1.0, 0.81, 0.43, 0.43, 1.0, 1.0, 1.0, 0.52, 1.0, 1.0, 1.0, 1.0, 0.81, 1.0, 1.0, 0.52, 0.52, 0.43, 1.0, 0.52, 1.0, 1.0, 0.52, 0.52, 1.0, 1.0, 0.52, 0.43, 0.52, 1.0, 1.0, 1.0, 1.0]",40.73,"[2, 11, 12, 14, 19, 30]","[0.0, 0.01, 0.01, 0.0, 0.01, 0.0, 0.01, 0.01, 0.0, 0.03, 0.01, 0.01, 0.04, 0.01, 0.03, 0.03, 0.0, 0.0, 0.01, 0.04, 0.04, 0.01, 0.0, 0.01, 0.03, 0.0, 0.0, 0.0, 0.01, 0.01, 0.0, 0.01, 0.03, 0.03, 0.04, 0.01, 0.03, 0.0, 0.01, 0.03, 0.03, 0.01, 0.0, 0.03, 0.04, 0.03, 0.0, 0.0, 0.0, 0.0]",0.18999999999999995,"[(19, 46), (30, 46), (11, 14), (2, 11), (14, 40), (11, 44), (14, 15), (11, 16), (14, 33), (12, 45), (11, 37), (11, 46), (12, 20), (14, 35), (14, 44), (2, 45), (12, 13), (14, 19), (12, 40), (14, 37), (2, 20), (19, 45), (30, 45), (12, 15), (14, 21), (12, 33), (14, 30), (19, 20), (2, 13), (2, 40), (12, 35), (2, 15), (19, 40), (30, 40), (2, 33), (11, 45), (12, 19), (14, 16), (12, 37), (11, 20), (19, 33), (30, 33), (14, 46), (2, 35), (12, 21), (12, 30), (11, 13), (2, 10), (2, 19), (19, 35), (30, 35), (19, 44), (30, 44), (11, 40), (2, 37), (12, 14), (11, 15), (2, 12), (12, 44), (2, 21), (30, 37), (19, 37), (11, 33), (2, 30), (12, 16), (19, 21), (2, 14), (19, 30), (12, 46), (11, 35), (2, 44), (11, 19), (2, 16), (14, 45), (2, 46), (14, 20), (11, 12), (11, 21), (11, 30)]"
91,Anti-Plurality,ATVA_1,50,3,"{'A': 36, 'B': 32, 'C': 32}","[0.81, 0.52, 1.0, 1.0, 1.0, 0.81, 0.43, 0.81, 0.52, 1.0, 0.52, 0.52, 0.43, 0.52, 0.52, 1.0, 1.0, 1.0, 1.0, 1.0, 0.52, 0.81, 0.81, 0.52, 0.52, 1.0, 0.52, 0.52, 0.81, 0.81, 0.81, 0.43, 0.43, 1.0, 1.0, 0.81, 0.52, 0.52, 0.52, 0.81, 0.43, 0.43, 1.0, 1.0, 1.0, 0.52, 0.52, 0.52, 0.43, 0.81]",35.76,"[7, 13, 32, 33, 41, 42, 49]","[0.01, 0.03, 0.0, 0.01, 0.0, 0.01, 0.04, 0.01, 0.03, 0.0, 0.03, 0.03, 0.04, 0.03, 0.03, 0.0, 0.01, 0.0, 0.01, 0.01, 0.03, 0.01, 0.01, 0.03, 0.03, 0.01, 0.03, 0.03, 0.01, 0.01, 0.01, 0.04, 0.04, 0.0, 0.0, 0.01, 0.03, 0.03, 0.03, 0.01, 0.04, 0.04, 0.01, 0.01, 0.01, 0.03, 0.03, 0.03, 0.04, 0.01]",0.09000000000000002,"[(32, 37), (13, 33), (33, 42), (32, 46), (33, 39), (41, 46), (13, 42), (32, 49), (41, 49), (13, 39), (33, 48), (42, 48), (7, 32), (13, 48), (7, 41), (7, 47), (13, 14), (32, 33), (32, 39), (7, 13), (41, 42), (42, 47), (32, 42), (13, 32), (33, 41), (33, 47), (41, 48), (13, 41), (7, 37), (13, 47), (32, 48), (7, 49), (7, 46), (7, 9), (33, 37), (7, 15), (42, 49), (13, 37), (41, 47), (42, 46), (7, 24), (32, 41), (7, 14), (32, 47), (33, 46), (7, 33), (13, 49), (33, 49), (13, 46), (7, 42), (7, 39), (7, 48), (13, 15), (7, 11), (13, 24)]"
92,Anti-Plurality,ATVA_1,50,3,"{'B': 37, 'A': 32, 'C': 31}","[1.0, 1.0, 1.0, 0.43, 0.81, 1.0, 0.52, 0.43, 1.0, 0.81, 0.43, 1.0, 0.52, 0.81, 0.81, 0.52, 1.0, 1.0, 0.43, 0.52, 1.0, 0.52, 1.0, 0.52, 0.81, 1.0, 1.0, 1.0, 1.0, 0.52, 0.81, 1.0, 0.43, 0.81, 0.43, 0.81, 0.81, 0.52, 0.52, 1.0, 0.43, 1.0, 0.81, 0.81, 1.0, 0.43, 0.52, 0.81, 0.52, 1.0]",37.88,[],"[0.01, 0.0, 0.01, 0.04, 0.01, 0.0, 0.03, 0.04, 0.01, 0.01, 0.04, 0.0, 0.03, 0.01, 0.01, 0.03, 0.01, 0.01, 0.04, 0.03, 0.0, 0.03, 0.0, 0.03, 0.01, 0.01, 0.0, 0.01, 0.01, 0.03, 0.01, 0.01, 0.04, 0.01, 0.04, 0.01, 0.01, 0.03, 0.03, 0.01, 0.04, 0.01, 0.01, 0.01, 0.01, 0.04, 0.03, 0.01, 0.03, 0.0]",0,
93,Anti-Plurality,ATVA_1,50,3,"{'C': 39, 'B': 33, 'A': 28}","[1.0, 0.52, 0.81, 1.0, 1.0, 1.0, 0.81, 0.43, 1.0, 0.81, 0.52, 0.52, 1.0, 0.52, 1.0, 1.0, 1.0, 1.0, 0.81, 0.52, 1.0, 0.52, 0.81, 0.43, 1.0, 1.0, 0.52, 0.52, 1.0, 1.0, 0.81, 0.43, 0.52, 1.0, 0.43, 0.43, 0.81, 0.43, 0.52, 1.0, 0.81, 0.52, 0.81, 0.43, 1.0, 0.81, 1.0, 0.52, 0.52, 1.0]",37.870000000000005,[],"[0.01, 0.03, 0.01, 0.0, 0.0, 0.0, 0.01, 0.04, 0.01, 0.01, 0.03, 0.03, 0.01, 0.03, 0.0, 0.0, 0.0, 0.01, 0.01, 0.03, 0.0, 0.03, 0.01, 0.04, 0.0, 0.01, 0.03, 0.03, 0.0, 0.01, 0.01, 0.04, 0.03, 0.0, 0.04, 0.04, 0.01, 0.04, 0.03, 0.0, 0.01, 0.03, 0.01, 0.04, 0.01, 0.01, 0.0, 0.03, 0.03, 0.01]",0,
94,Anti-Plurality,ATVA_1,50,3,"{'B': 36, 'A': 34, 'C': 30}","[0.81, 0.52, 0.81, 1.0, 0.81, 1.0, 0.43, 0.52, 1.0, 0.81, 0.52, 1.0, 0.43, 0.81, 1.0, 0.52, 1.0, 1.0, 0.81, 1.0, 0.43, 0.81, 0.43, 1.0, 1.0, 0.52, 1.0, 0.52, 1.0, 0.43, 1.0, 0.43, 0.52, 1.0, 1.0, 0.81, 1.0, 0.43, 0.81, 0.52, 1.0, 0.52, 1.0, 0.43, 1.0, 0.52, 0.52, 1.0, 0.43, 0.52]",37.400000000000006,[],"[0.01, 0.03, 0.01, 0.01, 0.01, 0.0, 0.04, 0.03, 0.0, 0.01, 0.03, 0.0, 0.04, 0.01, 0.0, 0.03, 0.0, 0.0, 0.01, 0.01, 0.04, 0.01, 0.04, 0.01, 0.01, 0.03, 0.01, 0.03, 0.0, 0.04, 0.0, 0.04, 0.03, 0.0, 0.0, 0.01, 0.0, 0.04, 0.01, 0.03, 0.01, 0.03, 0.01, 0.04, 0.01, 0.03, 0.03, 0.01, 0.04, 0.03]",0,
95,Anti-Plurality,ATVA_1,50,3,"{'B': 37, 'A': 32, 'C': 31}","[0.81, 0.52, 0.52, 0.52, 0.81, 0.52, 0.81, 1.0, 0.81, 1.0, 0.43, 0.52, 0.81, 0.52, 0.43, 0.52, 0.81, 0.43, 0.52, 0.81, 0.52, 0.52, 0.52, 0.81, 0.52, 0.43, 1.0, 1.0, 0.52, 0.81, 1.0, 0.43, 1.0, 0.52, 1.0, 1.0, 0.52, 0.43, 0.81, 0.43, 0.52, 1.0, 1.0, 0.81, 1.0, 0.81, 1.0, 1.0, 0.81, 1.0]",35.86,[],"[0.01, 0.03, 0.03, 0.03, 0.01, 0.03, 0.01, 0.01, 0.01, 0.01, 0.04, 0.03, 0.01, 0.03, 0.04, 0.03, 0.01, 0.04, 0.03, 0.01, 0.03, 0.03, 0.03, 0.01, 0.03, 0.04, 0.0, 0.01, 0.03, 0.01, 0.01, 0.04, 0.0, 0.03, 0.01, 0.01, 0.03, 0.04, 0.01, 0.04, 0.03, 0.01, 0.0, 0.01, 0.01, 0.01, 0.0, 0.0, 0.01, 0.0]",0,
96,Anti-Plurality,ATVA_1,50,3,"{'C': 38, 'B': 34, 'A': 28}","[0.81, 0.52, 1.0, 1.0, 0.52, 0.81, 1.0, 0.52, 0.43, 1.0, 0.81, 1.0, 0.81, 1.0, 0.81, 0.52, 0.43, 0.43, 1.0, 0.81, 0.81, 0.81, 0.52, 1.0, 0.43, 0.43, 1.0, 0.43, 1.0, 0.81, 0.81, 0.43, 0.81, 1.0, 1.0, 1.0, 1.0, 1.0, 0.52, 1.0, 0.52, 1.0, 0.52, 0.43, 0.52, 0.81, 1.0, 0.52, 0.81, 1.0]",38.17,[],"[0.01, 0.03, 0.0, 0.0, 0.03, 0.01, 0.01, 0.03, 0.04, 0.01, 0.01, 0.0, 0.01, 0.0, 0.01, 0.03, 0.04, 0.04, 0.01, 0.01, 0.01, 0.01, 0.03, 0.01, 0.04, 0.04, 0.01, 0.04, 0.01, 0.01, 0.01, 0.04, 0.01, 0.01, 0.0, 0.01, 0.0, 0.01, 0.03, 0.0, 0.03, 0.01, 0.03, 0.04, 0.03, 0.01, 0.0, 0.03, 0.01, 0.0]",0,
97,Anti-Plurality,ATVA_1,50,3,"{'C': 37, 'A': 33, 'B': 30}","[0.43, 1.0, 1.0, 1.0, 0.43, 0.43, 0.52, 0.52, 1.0, 0.43, 0.52, 0.81, 0.52, 0.81, 0.81, 1.0, 0.52, 0.52, 1.0, 0.43, 0.52, 0.52, 0.43, 0.52, 1.0, 0.52, 0.43, 0.81, 0.81, 1.0, 0.81, 0.52, 0.52, 1.0, 0.81, 0.43, 1.0, 0.52, 0.81, 1.0, 1.0, 0.81, 0.52, 0.43, 0.81, 1.0, 1.0, 0.52, 1.0, 1.0]",35.769999999999996,[],"[0.04, 0.0, 0.0, 0.0, 0.04, 0.04, 0.03, 0.03, 0.01, 0.04, 0.03, 0.01, 0.03, 0.01, 0.01, 0.01, 0.03, 0.03, 0.0, 0.04, 0.03, 0.03, 0.04, 0.03, 0.01, 0.03, 0.04, 0.01, 0.01, 0.0, 0.01, 0.03, 0.03, 0.0, 0.01, 0.04, 0.0, 0.03, 0.01, 0.01, 0.0, 0.01, 0.03, 0.04, 0.01, 0.01, 0.0, 0.03, 0.01, 0.0]",0,
98,Anti-Plurality,ATVA_1,50,3,"{'B': 36, 'A': 32, 'C': 32}","[1.0, 0.52, 0.81, 0.52, 0.43, 0.81, 1.0, 1.0, 0.52, 0.81, 0.52, 0.43, 0.81, 1.0, 0.52, 1.0, 0.81, 1.0, 0.52, 1.0, 0.52, 1.0, 0.81, 0.52, 1.0, 0.52, 0.81, 0.43, 0.52, 0.81, 0.52, 0.43, 0.81, 0.43, 0.52, 1.0, 0.52, 1.0, 1.0, 1.0, 0.81, 0.52, 0.52, 0.52, 0.81, 0.52, 0.52, 1.0, 0.52, 1.0]",35.940000000000005,"[5, 12, 28, 32, 34]","[0.0, 0.03, 0.01, 0.03, 0.04, 0.01, 0.01, 0.01, 0.03, 0.01, 0.03, 0.04, 0.01, 0.0, 0.03, 0.01, 0.01, 0.01, 0.03, 0.0, 0.03, 0.01, 0.01, 0.03, 0.0, 0.03, 0.01, 0.04, 0.03, 0.01, 0.03, 0.04, 0.01, 0.04, 0.03, 0.0, 0.03, 0.01, 0.01, 0.01, 0.01, 0.03, 0.03, 0.03, 0.01, 0.03, 0.03, 0.0, 0.03, 0.0]",0.09000000000000002,"[(28, 46), (32, 34), (32, 46), (32, 49), (12, 19), (12, 28), (5, 19), (12, 34), (5, 28), (12, 49), (34, 49), (12, 46), (5, 34), (28, 42), (34, 46), (5, 49), (5, 46), (32, 42), (12, 15), (12, 21), (5, 9), (5, 12), (5, 15), (5, 21), (12, 42), (34, 42), (28, 29), (28, 32), (5, 42), (12, 26), (12, 29), (12, 32), (5, 26), (5, 32), (5, 29), (28, 34), (28, 49)]"
99,Anti-Plurality,ATVA_1,50,3,"{'C': 35, 'B': 34, 'A': 31}","[0.43, 0.43, 0.43, 1.0, 0.43, 0.81, 1.0, 0.43, 1.0, 0.81, 1.0, 1.0, 0.52, 1.0, 0.43, 1.0, 1.0, 0.81, 1.0, 0.43, 1.0, 1.0, 1.0, 0.81, 0.43, 0.52, 0.81, 0.43, 0.52, 1.0, 0.52, 0.52, 0.81, 0.81, 1.0, 0.52, 1.0, 1.0, 0.52, 0.81, 0.81, 0.43, 0.52, 0.43, 0.81, 1.0, 1.0, 0.52, 0.52, 0.81]",36.84,"[6, 10, 18, 24, 27, 33, 34, 40, 41, 45, 50]","[0.04, 0.04, 0.04, 0.01, 0.04, 0.01, 0.01, 0.04, 0.0, 0.01, 0.0, 0.01, 0.03, 0.0, 0.04, 0.01, 0.0, 0.01, 0.01, 0.04, 0.0, 0.01, 0.0, 0.01, 0.04, 0.03, 0.01, 0.04, 0.03, 0.0, 0.03, 0.03, 0.01, 0.01, 0.01, 0.03, 0.01, 0.0, 0.03, 0.01, 0.01, 0.04, 0.03, 0.04, 0.01, 0.01, 0.01, 0.03, 0.03, 0.01]",0.18999999999999995,"[(6, 18), (10, 34), (24, 33), (27, 50), (41, 49), (33, 45), (24, 42), (18, 44), (40, 41), (40, 50), (27, 34), (10, 27), (41, 42), (6, 20), (10, 45), (18, 28), (24, 44), (6, 41), (6, 50), (10, 20), (10, 29), (24, 28), (27, 45), (41, 44), (33, 40), (33, 49), (6, 34), (40, 45), (27, 29), (10, 31), (10, 40), (33, 42), (10, 49), (6, 27), (6, 45), (10, 15), (27, 31), (10, 24), (27, 40), (10, 33), (27, 49), (10, 42), (33, 44), (6, 29), (40, 49), (34, 39), (27, 33), (24, 25), (27, 42), (10, 44), (6, 31), (6, 40), (40, 42), (18, 39), (6, 49), (34, 41), (34, 50), (10, 28), (27, 44), (45, 50), (6, 15), (6, 24), (24, 39), (6, 33), (6, 42), (40, 44), (18, 41), (18, 50), (27, 28), (6, 8), (10, 39), (18, 25), (24, 41), (18, 34), (24, 50), (6, 44), (34, 45), (27, 39), (6, 10), (24, 34), (41, 50), (6, 28), (18, 27), (18, 45), (10, 25), (24, 27), (18, 20), (33, 39), (18, 29), (24, 45), (6, 39), (34, 40), (10, 18), (34, 49), (45, 49), (24, 29), (41, 45), (33, 41), (18, 31), (33, 50), (18, 40), (18, 49), (34, 42), (33, 34), (24, 31), (6, 25), (10, 41), (18, 24), (24, 40), (10, 50), (18, 33), (24, 49), (18, 42), (34, 44), (27, 41)]"
100,Anti-Plurality,ATVA_2,50,3,"{'C': 35, 'B': 34, 'A': 31}","[0.52, 1.0, 0.52, 1.0, 1.0, 0.52, 0.52, 0.52, 0.52, 0.52, 0.81, 0.52, 0.43, 0.43, 0.81, 0.52, 0.81, 0.52, 1.0, 0.81, 0.43, 1.0, 0.52, 0.52, 0.52, 0.81, 0.81, 1.0, 0.52, 0.52, 0.81, 0.43, 0.81, 1.0, 1.0, 1.0, 1.0, 1.0, 0.52, 0.81, 0.43, 1.0, 0.43, 0.81, 1.0, 1.0, 0.52, 0.81, 1.0, 0.81]",36.14,"[11, 19]","[0.03, 0.01, 0.03, 0.01, 0.01, 0.03, 0.03, 0.03, 0.03, 0.03, 0.01, 0.03, 0.04, 0.04, 0.01, 0.03, 0.01, 0.03, 0.0, 0.01, 0.04, 0.0, 0.03, 0.03, 0.03, 0.01, 0.01, 0.0, 0.03, 0.03, 0.01, 0.04, 0.01, 0.01, 0.0, 0.0, 0.01, 0.01, 0.03, 0.01, 0.04, 0.0, 0.04, 0.01, 0.01, 0.01, 0.03, 0.01, 0.0, 0.01]",0.18999999999999995,"[11, 19]"
101,Anti-Plurality,ATVA_2,50,3,"{'A': 36, 'B': 32, 'C': 32}","[0.52, 0.52, 1.0, 0.81, 0.43, 1.0, 0.81, 0.52, 1.0, 1.0, 1.0, 1.0, 1.0, 0.52, 0.81, 0.43, 1.0, 1.0, 1.0, 0.81, 0.81, 0.52, 0.52, 1.0, 1.0, 0.43, 0.52, 1.0, 0.52, 0.43, 0.52, 0.43, 0.52, 0.52, 0.81, 0.52, 1.0, 1.0, 1.0, 0.81, 0.52, 0.81, 0.52, 1.0, 0.52, 1.0, 0.81, 1.0, 1.0, 0.52]",37.76,"[5, 1]","[0.03, 0.03, 0.0, 0.01, 0.04, 0.01, 0.01, 0.03, 0.0, 0.0, 0.0, 0.0, 0.01, 0.03, 0.01, 0.04, 0.01, 0.01, 0.01, 0.01, 0.01, 0.03, 0.03, 0.0, 0.0, 0.04, 0.03, 0.01, 0.03, 0.04, 0.03, 0.04, 0.03, 0.03, 0.01, 0.03, 0.0, 0.01, 0.01, 0.01, 0.03, 0.01, 0.03, 0.01, 0.03, 0.01, 0.01, 0.01, 0.0, 0.03]",0.09000000000000002,"[5, 1]"
102,Anti-Plurality,ATVA_3,50,3,"{'B': 19, 'A': 16, 'C': 15}","[0.81, 1.0, 0.52, 1.0, 0.81, 0.52, 1.0, 0.52, 0.52, 1.0, 0.43, 1.0, 0.52, 1.0, 0.52, 0.43, 0.43, 0.81, 1.0, 0.52, 0.43, 0.81, 1.0, 0.81, 0.81, 1.0, 1.0, 0.81, 0.52, 0.81, 0.52, 1.0, 0.52, 1.0, 0.52, 0.43, 0.52, 0.81, 0.43, 0.52, 0.52, 0.43, 1.0, 1.0, 1.0, 1.0, 1.0, 1.0, 0.43, 1.0]",37.01,"[1, 5, 6, 8, 17, 18, 21, 22, 25, 28, 35, 36, 40, 42]","[0.01, 0.0, 0.03, 0.0, 0.01, 0.01, 0.01, 0.01, 0.04, 0.01, 0.04, 0.0, 0.04, 0.0, 0.03, 0.04, 0.03, 0.01, 0.0, 0.03, 0.03, 0.01, 0.0, 0.03, 0.01, 0.01, 0.0, 0.01, 0.03, 0.03, 0.03, 0.0, 0.04, 0.01, 0.01, 0.03, 0.03, 0.03, 0.04, 0.01, 0.03, 0.03, 0.0, 0.0, 0.0, 0.0, 0.01, 0.0, 0.04, 0.01]",0.18999999999999995,
103,Anti-Plurality,ATVA_3,50,3,"{'C': 22, 'B': 17, 'A': 11}","[1.0, 1.0, 1.0, 0.43, 1.0, 0.81, 1.0, 0.52, 0.52, 0.52, 1.0, 1.0, 0.52, 0.52, 0.52, 0.52, 1.0, 1.0, 1.0, 1.0, 0.52, 0.43, 0.81, 1.0, 0.52, 0.52, 1.0, 1.0, 0.81, 0.81, 1.0, 1.0, 0.81, 0.52, 0.81, 0.52, 1.0, 0.43, 1.0, 0.52, 0.81, 0.81, 0.52, 1.0, 0.81, 0.52, 0.81, 1.0, 1.0, 1.0]",39.190000000000005,"[4, 8, 9, 10, 13, 14, 15, 16, 21, 22, 25, 26, 34, 36, 38, 43, 46]","[0.0, 0.01, 0.0, 0.04, 0.01, 0.03, 0.01, 0.03, 0.04, 0.03, 0.01, 0.01, 0.03, 0.03, 0.04, 0.03, 0.0, 0.0, 0.01, 0.01, 0.04, 0.04, 0.03, 0.0, 0.04, 0.03, 0.0, 0.01, 0.01, 0.03, 0.01, 0.0, 0.01, 0.03, 0.03, 0.03, 0.01, 0.03, 0.01, 0.01, 0.03, 0.03, 0.04, 0.01, 0.01, 0.04, 0.03, 0.01, 0.0, 0.0]",0,
104,Anti-Plurality,ATVA_3,50,3,"{'B': 20, 'A': 17, 'C': 13}","[1.0, 0.52, 0.43, 0.81, 0.52, 1.0, 0.52, 0.52, 1.0, 0.52, 0.43, 1.0, 0.81, 1.0, 0.81, 0.81, 0.52, 0.81, 0.43, 1.0, 0.52, 1.0, 1.0, 1.0, 0.52, 0.52, 1.0, 0.43, 1.0, 0.81, 0.81, 0.81, 0.81, 0.81, 0.81, 1.0, 0.81, 1.0, 1.0, 0.52, 0.52, 1.0, 0.43, 0.43, 0.52, 1.0, 0.81, 0.52, 1.0, 0.52]",37.39000000000001,"[2, 3, 11, 19, 25, 28, 40, 41, 43, 44, 48]","[0.01, 0.0, 0.04, 0.01, 0.04, 0.03, 0.04, 0.01, 0.01, 0.01, 0.04, 0.01, 0.0, 0.01, 0.0, 0.01, 0.03, 0.01, 0.04, 0.01, 0.04, 0.01, 0.01, 0.01, 0.0, 0.03, 0.01, 0.04, 0.01, 0.0, 0.0, 0.0, 0.01, 0.0, 0.01, 0.03, 0.0, 0.03, 0.03, 0.0, 0.0, 0.03, 0.04, 0.04, 0.03, 0.01, 0.0, 0.0, 0.01, 0.04]",0,
105,Anti-Plurality,ATVA_3,50,3,"{'A': 21, 'C': 16, 'B': 13}","[0.43, 1.0, 0.52, 1.0, 1.0, 1.0, 0.43, 0.52, 0.43, 1.0, 1.0, 0.52, 0.52, 0.52, 0.52, 1.0, 1.0, 1.0, 1.0, 1.0, 0.81, 1.0, 0.43, 0.43, 0.81, 1.0, 0.52, 0.52, 0.52, 1.0, 0.52, 0.52, 0.52, 0.43, 0.43, 0.81, 1.0, 1.0, 0.52, 0.43, 0.81, 1.0, 1.0, 0.52, 0.43, 1.0, 1.0, 0.81, 1.0, 0.81]",37.010000000000005,"[1, 3, 7, 9, 12, 14, 23, 24, 28, 33, 35, 40, 45]","[0.01, 0.01, 0.03, 0.0, 0.01, 0.01, 0.01, 0.01, 0.01, 0.0, 0.0, 0.03, 0.01, 0.03, 0.01, 0.01, 0.01, 0.01, 0.01, 0.01, 0.04, 0.01, 0.01, 0.01, 0.03, 0.01, 0.01, 0.03, 0.03, 0.01, 0.04, 0.01, 0.03, 0.03, 0.01, 0.04, 0.0, 0.01, 0.04, 0.01, 0.03, 0.01, 0.01, 0.01, 0.01, 0.01, 0.01, 0.03, 0.01, 0.03]",0.18999999999999995,
106,Anti-Plurality,ATVA_3,50,3,"{'B': 19, 'A': 18, 'C': 13}","[0.81, 1.0, 0.52, 0.52, 0.81, 1.0, 1.0, 1.0, 0.43, 0.81, 0.52, 1.0, 0.81, 0.81, 0.43, 1.0, 1.0, 1.0, 0.43, 0.52, 0.81, 0.81, 0.52, 1.0, 0.52, 0.81, 1.0, 1.0, 1.0, 1.0, 1.0, 0.81, 0.81, 0.43, 0.81, 0.43, 0.52, 0.43, 0.52, 1.0, 1.0, 1.0, 0.52, 0.43, 0.43, 0.81, 1.0, 1.0, 0.43, 0.81]",38.080000000000005,"[1, 4, 5, 9, 10, 13, 14, 15, 19, 20, 21, 22, 23, 25, 26, 32, 33, 34, 35, 36, 43, 45, 46, 49, 50]","[0.01, 0.0, 0.04, 0.01, 0.03, 0.01, 0.0, 0.01, 0.04, 0.01, 0.04, 0.0, 0.01, 0.01, 0.04, 0.0, 0.0, 0.0, 0.04, 0.01, 0.01, 0.01, 0.01, 0.01, 0.01, 0.01, 0.0, 0.01, 0.0, 0.0, 0.01, 0.03, 0.01, 0.04, 0.01, 0.04, 0.04, 0.03, 0.04, 0.0, 0.0, 0.01, 0.01, 0.03, 0.04, 0.03, 0.0, 0.01, 0.04, 0.01]",0.18999999999999995,
107,Anti-Plurality,ATVA_3,50,3,"{'C': 18, 'A': 17, 'B': 15}","[1.0, 0.52, 0.52, 1.0, 0.52, 0.52, 0.52, 1.0, 0.52, 0.52, 0.52, 0.81, 0.43, 0.43, 1.0, 0.52, 0.81, 1.0, 0.81, 0.52, 0.52, 0.52, 0.81, 1.0, 1.0, 1.0, 0.43, 0.81, 0.52, 0.52, 1.0, 1.0, 0.81, 1.0, 0.52, 1.0, 0.81, 1.0, 1.0, 0.52, 1.0, 0.81, 0.52, 0.81, 1.0, 1.0, 0.43, 1.0, 0.52, 0.81]",37.18000000000001,"[2, 3, 5, 6, 9, 10, 11, 12, 13, 14, 16, 17, 19, 20, 21, 22, 23, 27, 28, 29, 30, 33, 37, 40, 42, 43, 44, 47, 49, 50]","[0.0, 0.04, 0.03, 0.0, 0.04, 0.04, 0.03, 0.0, 0.04, 0.04, 0.01, 0.01, 0.04, 0.04, 0.01, 0.03, 0.01, 0.0, 0.01, 0.04, 0.04, 0.03, 0.03, 0.0, 0.01, 0.0, 0.03, 0.03, 0.04, 0.03, 0.01, 0.01, 0.03, 0.01, 0.03, 0.0, 0.01, 0.0, 0.0, 0.04, 0.0, 0.01, 0.03, 0.03, 0.0, 0.01, 0.04, 0.0, 0.03, 0.03]",0,
108,Anti-Plurality,ATVA_3,50,3,"{'C': 19, 'B': 17, 'A': 14}","[0.52, 1.0, 0.81, 0.52, 0.43, 0.52, 0.52, 0.81, 0.52, 0.81, 1.0, 0.52, 1.0, 0.81, 0.43, 0.52, 1.0, 0.52, 1.0, 1.0, 0.43, 0.81, 1.0, 1.0, 0.52, 0.52, 1.0, 1.0, 0.81, 0.81, 0.81, 0.52, 1.0, 1.0, 1.0, 1.0, 0.52, 0.43, 0.52, 0.52, 0.52, 0.52, 1.0, 1.0, 0.81, 1.0, 1.0, 0.43, 1.0, 0.81]",37.57000000000001,"[1, 3, 5, 6, 7, 8, 9, 10, 12, 14, 15, 16, 18, 21, 22, 25, 29, 30, 31, 32, 37, 38, 39, 40, 41, 42, 45, 48, 50]","[0.04, 0.0, 0.03, 0.03, 0.04, 0.01, 0.01, 0.01, 0.04, 0.03, 0.01, 0.04, 0.0, 0.01, 0.04, 0.03, 0.01, 0.04, 0.0, 0.0, 0.03, 0.03, 0.0, 0.01, 0.03, 0.03, 0.0, 0.0, 0.03, 0.01, 0.03, 0.04, 0.01, 0.01, 0.01, 0.0, 0.04, 0.04, 0.04, 0.01, 0.03, 0.03, 0.0, 0.01, 0.03, 0.0, 0.01, 0.04, 0.01, 0.03]",0,
109,Anti-Plurality,ATVA_3,50,3,"{'B': 19, 'A': 16, 'C': 15}","[0.52, 0.52, 1.0, 1.0, 0.81, 0.81, 0.52, 0.52, 0.52, 1.0, 1.0, 0.52, 0.52, 0.43, 1.0, 1.0, 0.43, 1.0, 0.52, 0.52, 0.52, 0.52, 0.81, 1.0, 0.81, 0.81, 1.0, 1.0, 0.43, 1.0, 0.52, 1.0, 0.52, 0.52, 1.0, 1.0, 1.0, 1.0, 0.52, 0.81, 0.52, 0.52, 0.52, 0.52, 0.81, 0.43, 0.52, 0.81, 0.43, 0.52]",35.550000000000004,"[1, 2, 13, 17, 31, 33, 39, 46, 49]","[0.0, 0.0, 0.01, 0.01, 0.0, 0.0, 0.04, 0.04, 0.04, 0.03, 0.01, 0.04, 0.0, 0.03, 0.03, 0.01, 0.04, 0.01, 0.01, 0.04, 0.01, 0.01, 0.0, 0.03, 0.0, 0.0, 0.01, 0.01, 0.03, 0.01, 0.0, 0.01, 0.0, 0.04, 0.03, 0.03, 0.01, 0.01, 0.0, 0.0, 0.04, 0.03, 0.03, 0.01, 0.0, 0.04, 0.01, 0.0, 0.04, 0.04]",0.09000000000000002,
110,Anti-Plurality,ATVA_3,50,3,"{'B': 22, 'C': 15, 'A': 13}","[0.81, 0.52, 1.0, 0.52, 1.0, 0.43, 0.43, 0.81, 0.81, 0.52, 0.52, 0.43, 1.0, 0.52, 0.43, 0.43, 1.0, 0.81, 0.43, 0.52, 1.0, 0.52, 0.81, 0.81, 0.43, 0.52, 0.81, 1.0, 0.52, 0.52, 1.0, 0.52, 1.0, 0.81, 0.81, 0.81, 0.81, 0.43, 0.43, 0.52, 0.81, 0.43, 1.0, 1.0, 0.52, 0.43, 1.0, 1.0, 0.52, 1.0]",34.730000000000004,"[4, 6, 7, 11, 12, 14, 15, 16, 19, 25, 26, 29, 32, 38, 39, 40, 42, 46]","[0.03, 0.03, 0.03, 0.01, 0.04, 0.0, 0.01, 0.01, 0.03, 0.01, 0.01, 0.01, 0.03, 0.01, 0.01, 0.01, 0.04, 0.01, 0.01, 0.0, 0.03, 0.0, 0.01, 0.03, 0.01, 0.01, 0.03, 0.03, 0.01, 0.0, 0.04, 0.01, 0.03, 0.03, 0.03, 0.03, 0.03, 0.01, 0.0, 0.01, 0.01, 0.0, 0.03, 0.04, 0.01, 0.01, 0.03, 0.03, 0.0, 0.03]",0,
111,Anti-Plurality,ATVA_3,50,3,"{'A': 18, 'C': 17, 'B': 15}","[0.81, 0.43, 1.0, 0.52, 1.0, 0.43, 0.81, 0.43, 0.52, 1.0, 0.81, 0.43, 1.0, 1.0, 0.43, 0.52, 0.81, 1.0, 0.43, 1.0, 0.81, 0.81, 0.52, 1.0, 0.52, 0.52, 0.52, 0.52, 0.43, 0.81, 1.0, 0.81, 1.0, 0.52, 1.0, 0.81, 0.52, 1.0, 0.43, 1.0, 0.81, 1.0, 0.81, 0.81, 1.0, 0.52, 1.0, 1.0, 0.52, 0.52]",36.92000000000001,"[1, 2, 4, 6, 7, 8, 11, 12, 15, 17, 19, 21, 22, 23, 28, 29, 30, 32, 34, 36, 39, 41, 43, 44, 49, 50]","[0.01, 0.04, 0.01, 0.01, 0.01, 0.04, 0.01, 0.03, 0.03, 0.01, 0.01, 0.03, 0.01, 0.03, 0.04, 0.03, 0.01, 0.03, 0.04, 0.01, 0.0, 0.0, 0.0, 0.01, 0.03, 0.04, 0.04, 0.01, 0.04, 0.01, 0.01, 0.01, 0.01, 0.01, 0.01, 0.0, 0.04, 0.01, 0.04, 0.01, 0.0, 0.01, 0.01, 0.01, 0.03, 0.04, 0.01, 0.01, 0.01, 0.01]",0.18999999999999995,
112,Anti-Plurality,ATVA_4,50,3,"{'B': 36, 'C': 34, 'A': 30}","[0.52, 0.43, 1.0, 1.0, 0.81, 0.43, 1.0, 0.81, 0.52, 1.0, 1.0, 0.52, 1.0, 1.0, 0.52, 0.43, 0.43, 0.52, 0.52, 1.0, 1.0, 0.81, 0.81, 0.52, 1.0, 0.52, 0.52, 0.81, 1.0, 1.0, 1.0, 1.0, 1.0, 0.52, 0.81, 0.43, 1.0, 0.81, 1.0, 1.0, 0.43, 0.43, 0.52, 1.0, 0.43, 1.0, 1.0, 0.81, 0.52, 1.0]",38.160000000000004,[],"[0.03, 0.04, 0.0, 0.01, 0.01, 0.04, 0.0, 0.01, 0.03, 0.01, 0.01, 0.03, 0.0, 0.0, 0.03, 0.04, 0.04, 0.03, 0.03, 0.0, 0.01, 0.01, 0.01, 0.03, 0.0, 0.03, 0.03, 0.01, 0.0, 0.0, 0.0, 0.0, 0.01, 0.03, 0.01, 0.04, 0.0, 0.01, 0.01, 0.01, 0.04, 0.04, 0.03, 0.01, 0.04, 0.0, 0.01, 0.01, 0.03, 0.01]",0,
113,Anti-Plurality,ATVA_4,50,3,"{'B': 36, 'A': 34, 'C': 30}","[1.0, 0.52, 1.0, 1.0, 0.52, 0.81, 0.81, 0.43, 0.81, 0.81, 0.52, 0.52, 0.52, 0.52, 0.43, 0.81, 0.52, 0.52, 1.0, 1.0, 1.0, 0.52, 1.0, 0.52, 0.81, 0.52, 1.0, 1.0, 0.81, 0.52, 1.0, 0.43, 0.52, 0.43, 0.52, 1.0, 1.0, 0.81, 0.81, 1.0, 0.43, 1.0, 0.52, 0.43, 0.81, 0.52, 0.81, 0.52, 0.81, 0.52]",35.660000000000004,[],"[0.01, 0.03, 0.0, 0.0, 0.03, 0.01, 0.01, 0.04, 0.01, 0.01, 0.03, 0.03, 0.03, 0.03, 0.04, 0.01, 0.03, 0.03, 0.01, 0.0, 0.0, 0.03, 0.0, 0.03, 0.01, 0.03, 0.0, 0.01, 0.01, 0.03, 0.0, 0.04, 0.03, 0.04, 0.03, 0.01, 0.01, 0.01, 0.01, 0.01, 0.04, 0.0, 0.03, 0.04, 0.01, 0.03, 0.01, 0.03, 0.01, 0.03]",0,
114,Anti-Plurality,ATVA_4,50,3,"{'A': 36, 'C': 34, 'B': 30}","[0.52, 1.0, 0.81, 0.52, 0.52, 0.52, 0.81, 0.52, 0.52, 1.0, 0.43, 1.0, 0.52, 0.52, 1.0, 0.52, 1.0, 0.52, 0.52, 1.0, 1.0, 0.52, 0.52, 0.81, 1.0, 1.0, 0.52, 0.43, 0.43, 1.0, 1.0, 1.0, 0.81, 0.52, 1.0, 1.0, 0.52, 1.0, 1.0, 0.52, 0.43, 1.0, 1.0, 0.81, 0.43, 0.81, 0.52, 0.52, 1.0, 0.52]",36.410000000000004,[],"[0.03, 0.0, 0.01, 0.03, 0.03, 0.03, 0.01, 0.03, 0.03, 0.0, 0.04, 0.0, 0.03, 0.03, 0.0, 0.03, 0.0, 0.03, 0.03, 0.0, 0.0, 0.03, 0.03, 0.01, 0.01, 0.0, 0.03, 0.04, 0.04, 0.01, 0.0, 0.0, 0.01, 0.03, 0.01, 0.01, 0.03, 0.0, 0.0, 0.03, 0.04, 0.0, 0.0, 0.01, 0.04, 0.01, 0.03, 0.03, 0.01, 0.03]",0,
115,Anti-Plurality,ATVA_4,50,3,"{'A': 40, 'C': 34, 'B': 26}","[0.52, 0.43, 0.43, 0.81, 1.0, 0.52, 1.0, 0.52, 1.0, 0.81, 1.0, 1.0, 1.0, 0.52, 0.52, 0.81, 1.0, 0.52, 0.52, 1.0, 0.43, 0.52, 0.81, 1.0, 1.0, 0.52, 1.0, 1.0, 1.0, 0.52, 0.43, 1.0, 0.52, 0.52, 0.52, 1.0, 0.81, 0.81, 0.81, 0.81, 1.0, 1.0, 0.52, 1.0, 0.52, 0.52, 1.0, 1.0, 0.81, 1.0]",38.330000000000005,[],"[0.03, 0.04, 0.04, 0.01, 0.0, 0.03, 0.0, 0.03, 0.01, 0.01, 0.0, 0.0, 0.01, 0.03, 0.03, 0.01, 0.0, 0.03, 0.03, 0.0, 0.04, 0.03, 0.01, 0.01, 0.0, 0.03, 0.0, 0.0, 0.0, 0.03, 0.04, 0.0, 0.03, 0.03, 0.03, 0.0, 0.01, 0.01, 0.01, 0.01, 0.01, 0.0, 0.03, 0.0, 0.03, 0.03, 0.01, 0.0, 0.01, 0.01]",0,
116,Anti-Plurality,ATVA_4,50,3,"{'B': 37, 'C': 34, 'A': 29}","[0.43, 0.52, 0.52, 0.52, 0.43, 0.81, 1.0, 0.43, 0.52, 0.52, 0.81, 0.81, 1.0, 0.81, 0.81, 0.52, 0.43, 0.52, 0.52, 1.0, 1.0, 0.81, 1.0, 0.52, 0.81, 1.0, 0.52, 0.81, 0.81, 0.81, 0.52, 1.0, 1.0, 0.52, 0.81, 1.0, 1.0, 0.81, 0.43, 0.81, 0.52, 1.0, 0.52, 0.52, 0.52, 1.0, 1.0, 0.52, 1.0, 1.0]",36.519999999999996,[],"[0.04, 0.03, 0.03, 0.03, 0.04, 0.01, 0.0, 0.04, 0.03, 0.03, 0.01, 0.01, 0.0, 0.01, 0.01, 0.03, 0.04, 0.03, 0.03, 0.0, 0.01, 0.01, 0.0, 0.03, 0.01, 0.0, 0.03, 0.01, 0.01, 0.01, 0.03, 0.01, 0.01, 0.03, 0.01, 0.01, 0.0, 0.01, 0.04, 0.01, 0.03, 0.0, 0.03, 0.03, 0.03, 0.01, 0.0, 0.03, 0.01, 0.01]",0,
117,Anti-Plurality,ATVA_4,50,3,"{'B': 36, 'A': 33, 'C': 31}","[0.52, 0.43, 0.81, 1.0, 0.52, 0.52, 0.52, 0.43, 0.81, 0.52, 0.81, 1.0, 1.0, 0.43, 0.81, 0.81, 0.52, 0.52, 0.43, 0.52, 0.52, 0.81, 0.52, 1.0, 0.81, 0.52, 1.0, 0.81, 0.52, 0.52, 1.0, 1.0, 0.43, 0.52, 0.81, 0.81, 0.43, 1.0, 1.0, 1.0, 0.43, 0.43, 1.0, 0.81, 1.0, 1.0, 1.0, 0.52, 1.0, 1.0]",36.150000000000006,[],"[0.03, 0.04, 0.01, 0.0, 0.03, 0.03, 0.03, 0.04, 0.01, 0.03, 0.01, 0.01, 0.0, 0.04, 0.01, 0.01, 0.03, 0.03, 0.04, 0.03, 0.03, 0.01, 0.03, 0.0, 0.01, 0.03, 0.0, 0.01, 0.03, 0.03, 0.01, 0.01, 0.04, 0.03, 0.01, 0.01, 0.04, 0.01, 0.01, 0.0, 0.04, 0.04, 0.0, 0.01, 0.0, 0.01, 0.01, 0.03, 0.01, 0.0]",0,
118,Anti-Plurality,ATVA_4,50,3,"{'C': 38, 'A': 34, 'B': 28}","[0.81, 0.81, 1.0, 1.0, 0.81, 0.43, 0.43, 0.43, 0.52, 0.52, 0.52, 1.0, 0.52, 0.81, 1.0, 1.0, 0.52, 0.81, 0.52, 0.81, 0.81, 1.0, 1.0, 0.81, 1.0, 1.0, 1.0, 0.52, 1.0, 0.52, 1.0, 0.81, 0.52, 1.0, 0.43, 1.0, 0.81, 1.0, 0.43, 1.0, 0.43, 0.43, 0.81, 0.81, 0.52, 0.43, 1.0, 0.52, 0.52, 0.52]",36.92000000000001,[],"[0.01, 0.01, 0.01, 0.01, 0.01, 0.04, 0.04, 0.04, 0.03, 0.03, 0.03, 0.0, 0.03, 0.01, 0.0, 0.01, 0.03, 0.01, 0.03, 0.01, 0.01, 0.01, 0.0, 0.01, 0.01, 0.0, 0.0, 0.03, 0.01, 0.03, 0.0, 0.01, 0.03, 0.0, 0.04, 0.0, 0.01, 0.0, 0.04, 0.01, 0.04, 0.04, 0.01, 0.01, 0.03, 0.04, 0.0, 0.03, 0.03, 0.03]",0,
119,Anti-Plurality,ATVA_4,50,3,"{'A': 35, 'C': 35, 'B': 30}","[0.43, 0.52, 0.43, 0.81, 0.81, 0.43, 1.0, 1.0, 0.81, 0.52, 0.43, 1.0, 1.0, 1.0, 1.0, 0.81, 1.0, 0.43, 0.81, 0.43, 0.52, 1.0, 1.0, 1.0, 0.52, 0.43, 0.43, 0.52, 0.43, 1.0, 0.43, 1.0, 0.52, 0.52, 0.43, 1.0, 0.52, 0.81, 0.43, 0.81, 0.52, 0.52, 0.81, 0.52, 1.0, 0.52, 1.0, 1.0, 1.0, 1.0]",35.88,"[4, 5, 9, 16, 19, 38, 40, 43]","[0.04, 0.03, 0.04, 0.01, 0.01, 0.04, 0.0, 0.0, 0.01, 0.03, 0.04, 0.0, 0.01, 0.0, 0.0, 0.01, 0.01, 0.04, 0.01, 0.04, 0.03, 0.01, 0.0, 0.01, 0.03, 0.04, 0.04, 0.03, 0.04, 0.0, 0.04, 0.0, 0.03, 0.03, 0.04, 0.0, 0.03, 0.01, 0.04, 0.01, 0.03, 0.03, 0.01, 0.03, 0.0, 0.03, 0.01, 0.0, 0.01, 0.0]",0.18999999999999995,
120,Anti-Plurality,ATVA_4,50,3,"{'A': 37, 'B': 33, 'C': 30}","[1.0, 0.81, 0.52, 1.0, 0.43, 1.0, 1.0, 0.43, 0.52, 1.0, 0.52, 1.0, 1.0, 0.52, 0.52, 0.81, 0.52, 0.52, 0.52, 1.0, 0.81, 1.0, 0.52, 0.81, 0.81, 1.0, 0.43, 0.81, 0.81, 0.52, 0.81, 1.0, 0.81, 0.43, 1.0, 1.0, 1.0, 0.43, 0.52, 0.81, 0.52, 0.52, 1.0, 0.52, 0.52, 1.0, 0.52, 0.52, 0.52, 0.52]",36.13000000000001,[],"[0.0, 0.01, 0.03, 0.0, 0.04, 0.0, 0.0, 0.04, 0.03, 0.0, 0.03, 0.01, 0.01, 0.03, 0.03, 0.01, 0.03, 0.03, 0.03, 0.0, 0.01, 0.01, 0.03, 0.01, 0.01, 0.0, 0.04, 0.01, 0.01, 0.03, 0.01, 0.0, 0.01, 0.04, 0.01, 0.01, 0.0, 0.04, 0.03, 0.01, 0.03, 0.03, 0.01, 0.03, 0.03, 0.0, 0.03, 0.03, 0.03, 0.03]",0,
121,Anti-Plurality,ATVA_4,50,3,"{'A': 37, 'C': 33, 'B': 30}","[1.0, 1.0, 1.0, 0.81, 1.0, 0.52, 0.81, 1.0, 0.52, 0.43, 1.0, 0.52, 0.81, 0.43, 1.0, 0.81, 1.0, 0.81, 1.0, 0.43, 0.81, 0.43, 0.52, 1.0, 0.52, 0.81, 1.0, 0.81, 0.52, 1.0, 0.52, 0.43, 1.0, 0.43, 0.43, 1.0, 0.52, 0.81, 0.81, 0.43, 1.0, 0.52, 0.52, 1.0, 0.52, 0.52, 1.0, 0.52, 0.81, 1.0]",37.11,[],"[0.01, 0.0, 0.0, 0.01, 0.0, 0.03, 0.01, 0.0, 0.03, 0.04, 0.01, 0.03, 0.01, 0.04, 0.0, 0.01, 0.01, 0.01, 0.0, 0.04, 0.01, 0.04, 0.03, 0.0, 0.03, 0.01, 0.01, 0.01, 0.03, 0.0, 0.03, 0.04, 0.01, 0.04, 0.04, 0.0, 0.03, 0.01, 0.01, 0.04, 0.01, 0.03, 0.03, 0.01, 0.03, 0.03, 0.01, 0.03, 0.01, 0.01]",0,
122,Borda,BTVA,50,3,"{'B': 53, 'C': 49, 'A': 48}","[0.43, 1.0, 1.0, 0.52, 0.52, 0.81, 0.43, 1.0, 0.43, 0.81, 0.43, 1.0, 1.0, 0.52, 0.81, 0.81, 0.52, 0.81, 1.0, 0.43, 1.0, 0.43, 0.43, 1.0, 1.0, 0.52, 1.0, 0.52, 0.43, 0.52, 0.43, 0.52, 1.0, 0.81, 1.0, 0.81, 1.0, 0.52, 1.0, 1.0, 0.52, 1.0, 1.0, 0.43, 0.52, 1.0, 0.52, 0.52, 1.0, 1.0]",36.730000000000004,"[7, 9, 11, 20, 22, 23, 29, 31, 44]","[0.04, 0.0, 0.01, 0.03, 0.03, 0.01, 0.04, 0.0, 0.04, 0.01, 0.04, 0.0, 0.0, 0.03, 0.01, 0.01, 0.03, 0.01, 0.01, 0.04, 0.0, 0.04, 0.04, 0.0, 0.01, 0.03, 0.01, 0.03, 0.04, 0.03, 0.04, 0.03, 0.0, 0.01, 0.0, 0.01, 0.0, 0.03, 0.01, 0.01, 0.03, 0.0, 0.01, 0.04, 0.03, 0.01, 0.03, 0.03, 0.01, 0.0]",0.09000000000000002,
123,Borda,BTVA,50,3,"{'B': 58, 'A': 51, 'C': 41}","[1.0, 0.43, 0.43, 0.52, 1.0, 1.0, 1.0, 0.52, 0.81, 1.0, 1.0, 1.0, 0.81, 0.43, 1.0, 0.81, 1.0, 1.0, 1.0, 0.43, 0.81, 0.43, 0.52, 0.43, 1.0, 0.52, 1.0, 1.0, 0.81, 1.0, 0.81, 1.0, 0.52, 0.52, 0.81, 1.0, 0.52, 0.52, 1.0, 0.81, 1.0, 0.43, 0.52, 0.81, 0.43, 0.81, 1.0, 0.52, 0.81, 0.81]",38.36000000000001,[],"[0.0, 0.04, 0.04, 0.03, 0.01, 0.01, 0.0, 0.03, 0.01, 0.0, 0.01, 0.01, 0.01, 0.04, 0.01, 0.01, 0.01, 0.0, 0.01, 0.04, 0.01, 0.04, 0.03, 0.04, 0.0, 0.03, 0.0, 0.01, 0.01, 0.0, 0.01, 0.01, 0.03, 0.03, 0.01, 0.0, 0.03, 0.03, 0.0, 0.01, 0.0, 0.04, 0.03, 0.01, 0.04, 0.01, 0.0, 0.03, 0.01, 0.01]",0,
124,Borda,BTVA,50,3,"{'C': 55, 'A': 48, 'B': 47}","[0.43, 0.52, 1.0, 0.43, 1.0, 0.52, 0.52, 0.81, 0.81, 1.0, 1.0, 0.52, 0.81, 1.0, 0.43, 1.0, 0.81, 0.81, 0.81, 0.52, 0.52, 0.52, 0.52, 1.0, 0.52, 0.52, 0.52, 0.43, 1.0, 1.0, 0.52, 1.0, 1.0, 0.81, 0.81, 0.52, 1.0, 1.0, 0.52, 1.0, 0.52, 1.0, 0.52, 0.43, 1.0, 1.0, 0.52, 0.52, 0.52, 1.0]",36.51,[],"[0.04, 0.03, 0.0, 0.04, 0.0, 0.03, 0.03, 0.01, 0.01, 0.0, 0.01, 0.03, 0.01, 0.0, 0.04, 0.0, 0.01, 0.01, 0.01, 0.03, 0.03, 0.03, 0.03, 0.0, 0.03, 0.03, 0.03, 0.04, 0.0, 0.01, 0.03, 0.01, 0.01, 0.01, 0.01, 0.03, 0.01, 0.0, 0.03, 0.0, 0.03, 0.01, 0.03, 0.04, 0.01, 0.0, 0.03, 0.03, 0.03, 0.0]",0,
125,Borda,BTVA,50,3,"{'A': 64, 'C': 46, 'B': 40}","[0.52, 0.52, 1.0, 0.81, 1.0, 1.0, 0.81, 0.81, 0.52, 1.0, 1.0, 0.52, 0.81, 1.0, 0.52, 1.0, 0.52, 1.0, 1.0, 0.52, 0.52, 0.81, 0.52, 0.52, 1.0, 0.81, 1.0, 1.0, 1.0, 1.0, 0.52, 1.0, 1.0, 0.52, 0.81, 0.52, 1.0, 1.0, 0.81, 0.52, 1.0, 0.52, 0.43, 0.52, 0.52, 1.0, 1.0, 1.0, 0.81, 1.0]",39.56,[],"[0.03, 0.03, 0.0, 0.01, 0.0, 0.0, 0.01, 0.01, 0.03, 0.01, 0.0, 0.03, 0.01, 0.01, 0.03, 0.01, 0.03, 0.01, 0.01, 0.03, 0.03, 0.01, 0.03, 0.03, 0.01, 0.01, 0.01, 0.0, 0.0, 0.01, 0.03, 0.0, 0.0, 0.03, 0.01, 0.03, 0.01, 0.01, 0.01, 0.03, 0.0, 0.03, 0.04, 0.03, 0.03, 0.0, 0.01, 0.0, 0.01, 0.01]",0,
126,Borda,BTVA,50,3,"{'C': 57, 'A': 51, 'B': 42}","[1.0, 1.0, 0.52, 1.0, 1.0, 0.81, 0.52, 0.52, 1.0, 0.52, 0.52, 0.43, 0.81, 1.0, 0.52, 0.52, 0.52, 0.52, 0.81, 1.0, 1.0, 0.81, 1.0, 0.52, 1.0, 0.52, 1.0, 0.52, 0.81, 0.52, 1.0, 1.0, 0.81, 0.52, 0.52, 1.0, 0.52, 1.0, 1.0, 1.0, 0.52, 0.81, 0.43, 1.0, 1.0, 0.52, 1.0, 1.0, 0.52, 0.43]",37.84,[],"[0.0, 0.01, 0.03, 0.0, 0.01, 0.01, 0.03, 0.03, 0.0, 0.03, 0.03, 0.04, 0.01, 0.0, 0.03, 0.03, 0.03, 0.03, 0.01, 0.0, 0.0, 0.01, 0.01, 0.03, 0.0, 0.03, 0.0, 0.03, 0.01, 0.03, 0.01, 0.01, 0.01, 0.03, 0.03, 0.0, 0.03, 0.0, 0.01, 0.01, 0.03, 0.01, 0.04, 0.0, 0.01, 0.03, 0.01, 0.0, 0.03, 0.04]",0,
127,Borda,BTVA,50,3,"{'B': 61, 'A': 46, 'C': 43}","[0.81, 1.0, 0.81, 1.0, 0.81, 0.43, 0.52, 0.52, 0.81, 1.0, 0.43, 0.43, 1.0, 1.0, 0.43, 0.43, 1.0, 0.52, 1.0, 1.0, 0.43, 1.0, 0.81, 0.52, 0.81, 0.43, 0.81, 1.0, 1.0, 1.0, 1.0, 0.52, 0.81, 1.0, 0.52, 1.0, 1.0, 1.0, 0.52, 0.81, 0.81, 1.0, 0.52, 1.0, 1.0, 0.43, 1.0, 0.52, 0.43, 1.0]",38.65,[],"[0.01, 0.01, 0.01, 0.01, 0.01, 0.04, 0.03, 0.03, 0.01, 0.01, 0.04, 0.04, 0.0, 0.0, 0.04, 0.04, 0.01, 0.03, 0.01, 0.0, 0.04, 0.01, 0.01, 0.03, 0.01, 0.04, 0.01, 0.0, 0.01, 0.0, 0.0, 0.03, 0.01, 0.0, 0.03, 0.0, 0.01, 0.01, 0.03, 0.01, 0.01, 0.0, 0.03, 0.0, 0.0, 0.04, 0.0, 0.03, 0.04, 0.0]",0,
128,Borda,BTVA,50,3,"{'C': 53, 'B': 51, 'A': 46}","[1.0, 0.52, 1.0, 0.52, 1.0, 0.43, 0.43, 1.0, 0.52, 0.52, 0.52, 0.52, 1.0, 0.52, 1.0, 1.0, 1.0, 1.0, 0.43, 0.81, 1.0, 0.81, 1.0, 1.0, 0.43, 1.0, 0.52, 0.52, 1.0, 0.81, 1.0, 0.43, 0.43, 0.81, 0.81, 1.0, 0.43, 0.43, 0.81, 0.81, 1.0, 1.0, 1.0, 0.52, 0.52, 0.43, 0.52, 1.0, 1.0, 0.52]",37.300000000000004,[],"[0.01, 0.03, 0.01, 0.03, 0.0, 0.04, 0.04, 0.0, 0.03, 0.03, 0.03, 0.03, 0.0, 0.03, 0.01, 0.01, 0.01, 0.0, 0.04, 0.01, 0.0, 0.01, 0.0, 0.0, 0.04, 0.01, 0.03, 0.03, 0.0, 0.01, 0.01, 0.04, 0.04, 0.01, 0.01, 0.0, 0.04, 0.04, 0.01, 0.01, 0.01, 0.01, 0.0, 0.03, 0.03, 0.04, 0.03, 0.01, 0.01, 0.03]",0,
129,Borda,BTVA,50,3,"{'A': 58, 'B': 46, 'C': 46}","[1.0, 0.52, 1.0, 0.81, 0.81, 0.43, 0.81, 1.0, 0.52, 1.0, 0.52, 1.0, 0.43, 1.0, 1.0, 1.0, 1.0, 0.52, 0.52, 1.0, 0.52, 1.0, 0.81, 0.52, 1.0, 1.0, 0.52, 1.0, 0.52, 0.52, 0.52, 1.0, 1.0, 1.0, 0.52, 1.0, 0.43, 1.0, 0.81, 1.0, 0.43, 1.0, 0.52, 0.52, 0.43, 0.52, 0.81, 0.52, 0.52, 0.52]",37.370000000000005,"[6, 13, 37, 41, 45]","[0.0, 0.03, 0.0, 0.01, 0.01, 0.04, 0.01, 0.0, 0.03, 0.0, 0.03, 0.0, 0.04, 0.0, 0.0, 0.0, 0.01, 0.03, 0.03, 0.01, 0.03, 0.01, 0.01, 0.03, 0.01, 0.0, 0.03, 0.01, 0.03, 0.03, 0.03, 0.0, 0.0, 0.01, 0.03, 0.0, 0.04, 0.01, 0.01, 0.01, 0.04, 0.0, 0.03, 0.03, 0.04, 0.03, 0.01, 0.03, 0.03, 0.03]",0.09000000000000002,
130,Borda,BTVA,50,3,"{'C': 59, 'B': 47, 'A': 44}","[1.0, 1.0, 1.0, 0.81, 1.0, 0.43, 1.0, 1.0, 1.0, 1.0, 0.81, 0.43, 1.0, 1.0, 1.0, 0.52, 0.81, 0.43, 1.0, 0.52, 1.0, 1.0, 0.81, 1.0, 0.81, 0.52, 0.81, 0.52, 0.43, 1.0, 0.81, 1.0, 0.43, 0.81, 1.0, 0.52, 0.81, 0.52, 0.43, 0.52, 1.0, 1.0, 1.0, 0.52, 1.0, 1.0, 0.52, 0.52, 0.43, 0.52]",39.02,[],"[0.01, 0.01, 0.01, 0.01, 0.01, 0.04, 0.01, 0.0, 0.01, 0.01, 0.01, 0.04, 0.0, 0.01, 0.0, 0.03, 0.01, 0.04, 0.01, 0.03, 0.0, 0.0, 0.01, 0.01, 0.01, 0.03, 0.01, 0.03, 0.04, 0.01, 0.01, 0.01, 0.04, 0.01, 0.0, 0.03, 0.01, 0.03, 0.04, 0.03, 0.01, 0.01, 0.0, 0.03, 0.01, 0.0, 0.03, 0.03, 0.04, 0.03]",0,
131,Borda,BTVA,50,3,"{'C': 56, 'B': 55, 'A': 39}","[1.0, 1.0, 0.52, 0.52, 0.43, 0.52, 0.52, 0.52, 1.0, 1.0, 1.0, 0.81, 0.52, 1.0, 0.81, 0.52, 0.81, 1.0, 1.0, 1.0, 0.52, 0.43, 1.0, 0.52, 0.81, 1.0, 1.0, 0.81, 1.0, 0.43, 0.81, 0.43, 1.0, 1.0, 1.0, 1.0, 1.0, 0.43, 1.0, 0.43, 0.81, 0.81, 0.52, 0.52, 0.81, 0.43, 0.81, 0.81, 0.52, 1.0]",38.160000000000004,"[5, 12, 15, 17, 22, 25, 28, 30, 31, 32, 38, 40, 41, 42, 45, 46, 47, 48]","[0.0, 0.0, 0.03, 0.03, 0.04, 0.03, 0.03, 0.03, 0.0, 0.01, 0.0, 0.01, 0.03, 0.01, 0.01, 0.03, 0.01, 0.01, 0.0, 0.0, 0.03, 0.04, 0.0, 0.03, 0.01, 0.0, 0.01, 0.01, 0.01, 0.04, 0.01, 0.04, 0.0, 0.01, 0.01, 0.0, 0.0, 0.04, 0.01, 0.04, 0.01, 0.01, 0.03, 0.03, 0.01, 0.04, 0.01, 0.01, 0.03, 0.0]",0.18999999999999995,
132,Borda,ATVA_1,50,3,"{'A': 56, 'C': 51, 'B': 43}","[0.81, 0.52, 0.52, 0.81, 1.0, 0.81, 0.81, 1.0, 0.81, 0.81, 0.43, 1.0, 0.52, 0.52, 0.81, 0.52, 0.52, 1.0, 0.81, 1.0, 0.81, 1.0, 0.81, 1.0, 0.43, 0.52, 1.0, 0.52, 1.0, 1.0, 0.52, 0.52, 1.0, 0.43, 0.43, 0.52, 1.0, 1.0, 1.0, 1.0, 1.0, 1.0, 0.43, 1.0, 0.52, 0.43, 0.43, 1.0, 0.52, 0.52]",37.39000000000001,[],"[0.01, 0.03, 0.03, 0.01, 0.0, 0.01, 0.01, 0.01, 0.01, 0.01, 0.04, 0.01, 0.03, 0.03, 0.01, 0.03, 0.03, 0.0, 0.01, 0.0, 0.01, 0.0, 0.01, 0.0, 0.04, 0.03, 0.01, 0.03, 0.01, 0.01, 0.03, 0.03, 0.0, 0.04, 0.04, 0.03, 0.0, 0.0, 0.0, 0.01, 0.0, 0.0, 0.04, 0.01, 0.03, 0.04, 0.04, 0.0, 0.03, 0.03]",0,
133,Borda,ATVA_1,50,3,"{'B': 56, 'A': 50, 'C': 44}","[1.0, 0.81, 0.52, 1.0, 0.43, 0.81, 0.43, 1.0, 0.43, 1.0, 0.52, 0.43, 1.0, 1.0, 1.0, 1.0, 1.0, 0.81, 0.52, 0.43, 1.0, 0.52, 1.0, 0.52, 0.81, 0.52, 1.0, 0.81, 0.52, 0.81, 0.43, 1.0, 0.43, 0.52, 1.0, 0.81, 0.52, 1.0, 1.0, 0.81, 1.0, 0.43, 0.81, 0.43, 1.0, 1.0, 0.43, 1.0, 0.52, 1.0]",37.79,[],"[0.0, 0.01, 0.03, 0.0, 0.04, 0.01, 0.04, 0.0, 0.04, 0.0, 0.03, 0.04, 0.01, 0.01, 0.0, 0.01, 0.0, 0.01, 0.03, 0.04, 0.01, 0.03, 0.0, 0.03, 0.01, 0.03, 0.01, 0.01, 0.03, 0.01, 0.04, 0.0, 0.04, 0.03, 0.0, 0.01, 0.03, 0.01, 0.01, 0.01, 0.0, 0.04, 0.01, 0.04, 0.0, 0.0, 0.04, 0.01, 0.03, 0.01]",0,
134,Borda,ATVA_1,50,3,"{'B': 54, 'A': 50, 'C': 46}","[1.0, 0.52, 0.81, 0.52, 1.0, 0.81, 0.52, 1.0, 0.43, 0.81, 0.52, 1.0, 0.52, 0.43, 1.0, 0.52, 0.52, 1.0, 0.81, 1.0, 0.81, 1.0, 1.0, 0.52, 0.43, 0.52, 0.52, 1.0, 0.43, 0.43, 1.0, 1.0, 1.0, 1.0, 1.0, 0.52, 0.52, 1.0, 0.81, 0.52, 0.81, 0.43, 1.0, 0.43, 0.52, 1.0, 0.52, 0.81, 0.81, 1.0]",37.099999999999994,[],"[0.01, 0.03, 0.01, 0.03, 0.0, 0.01, 0.03, 0.01, 0.04, 0.01, 0.03, 0.0, 0.03, 0.04, 0.0, 0.03, 0.03, 0.0, 0.01, 0.01, 0.01, 0.01, 0.01, 0.03, 0.04, 0.03, 0.03, 0.01, 0.04, 0.04, 0.0, 0.01, 0.01, 0.01, 0.01, 0.03, 0.03, 0.0, 0.01, 0.03, 0.01, 0.04, 0.0, 0.04, 0.03, 0.0, 0.03, 0.01, 0.01, 0.0]",0,
135,Borda,ATVA_1,50,3,"{'B': 57, 'A': 50, 'C': 43}","[0.52, 0.52, 0.81, 1.0, 0.43, 1.0, 0.81, 0.81, 1.0, 0.52, 0.81, 1.0, 1.0, 1.0, 1.0, 0.52, 0.81, 0.52, 0.52, 1.0, 1.0, 0.52, 0.81, 1.0, 0.81, 1.0, 1.0, 0.43, 1.0, 0.43, 0.52, 1.0, 0.52, 0.52, 1.0, 1.0, 0.81, 0.43, 0.81, 0.52, 1.0, 0.52, 0.52, 0.43, 0.81, 1.0, 0.81, 0.43, 0.52, 0.43]",37.2,[],"[0.03, 0.03, 0.01, 0.0, 0.04, 0.0, 0.01, 0.01, 0.0, 0.03, 0.01, 0.01, 0.0, 0.0, 0.01, 0.03, 0.01, 0.03, 0.03, 0.0, 0.01, 0.03, 0.01, 0.0, 0.01, 0.0, 0.0, 0.04, 0.0, 0.04, 0.03, 0.01, 0.03, 0.03, 0.0, 0.0, 0.01, 0.04, 0.01, 0.03, 0.0, 0.03, 0.03, 0.04, 0.01, 0.01, 0.01, 0.04, 0.03, 0.04]",0,
136,Borda,ATVA_1,50,3,"{'B': 56, 'A': 51, 'C': 43}","[0.43, 0.43, 1.0, 0.52, 0.52, 0.43, 0.52, 0.52, 1.0, 0.52, 1.0, 1.0, 0.81, 0.81, 0.52, 1.0, 1.0, 0.52, 1.0, 1.0, 1.0, 0.43, 0.43, 0.43, 1.0, 0.81, 1.0, 0.52, 0.52, 0.43, 0.81, 1.0, 0.81, 0.52, 0.52, 0.81, 1.0, 1.0, 1.0, 0.43, 1.0, 0.81, 1.0, 0.81, 1.0, 0.81, 0.43, 1.0, 0.81, 0.81]",37.50000000000001,[],"[0.04, 0.04, 0.01, 0.03, 0.03, 0.04, 0.03, 0.03, 0.01, 0.03, 0.0, 0.0, 0.01, 0.01, 0.03, 0.0, 0.01, 0.03, 0.01, 0.01, 0.01, 0.04, 0.04, 0.04, 0.0, 0.01, 0.0, 0.03, 0.03, 0.04, 0.01, 0.0, 0.01, 0.03, 0.03, 0.01, 0.0, 0.01, 0.0, 0.04, 0.0, 0.01, 0.0, 0.01, 0.0, 0.01, 0.04, 0.0, 0.01, 0.01]",0,
137,Borda,ATVA_1,50,3,"{'A': 60, 'C': 55, 'B': 35}","[0.52, 0.81, 1.0, 1.0, 1.0, 0.52, 0.43, 0.43, 1.0, 1.0, 1.0, 0.52, 0.52, 0.81, 0.81, 1.0, 0.81, 0.81, 0.52, 0.52, 0.43, 1.0, 1.0, 0.81, 0.52, 1.0, 0.52, 1.0, 1.0, 0.52, 1.0, 0.81, 1.0, 0.52, 1.0, 0.43, 0.52, 0.52, 1.0, 0.52, 1.0, 1.0, 0.81, 0.52, 0.81, 1.0, 1.0, 1.0, 1.0, 1.0]",39.29,[],"[0.03, 0.01, 0.01, 0.01, 0.0, 0.03, 0.04, 0.04, 0.0, 0.0, 0.0, 0.03, 0.03, 0.01, 0.01, 0.0, 0.01, 0.01, 0.03, 0.03, 0.04, 0.01, 0.01, 0.01, 0.03, 0.01, 0.03, 0.0, 0.0, 0.03, 0.0, 0.01, 0.0, 0.03, 0.01, 0.04, 0.03, 0.03, 0.01, 0.03, 0.01, 0.0, 0.01, 0.03, 0.01, 0.0, 0.0, 0.0, 0.0, 0.0]",0,
138,Borda,ATVA_1,50,3,"{'B': 62, 'C': 45, 'A': 43}","[0.52, 0.52, 1.0, 1.0, 1.0, 1.0, 0.52, 1.0, 0.52, 0.81, 0.52, 0.52, 0.52, 0.81, 1.0, 1.0, 0.81, 0.52, 0.81, 1.0, 1.0, 1.0, 1.0, 0.52, 1.0, 0.43, 1.0, 1.0, 1.0, 0.81, 1.0, 0.52, 0.81, 0.52, 0.81, 1.0, 0.52, 1.0, 0.52, 1.0, 0.52, 0.52, 0.52, 0.52, 0.52, 0.52, 1.0, 0.43, 1.0, 0.81]",38.22,[],"[0.03, 0.03, 0.01, 0.01, 0.0, 0.0, 0.03, 0.0, 0.03, 0.01, 0.03, 0.03, 0.03, 0.01, 0.0, 0.01, 0.01, 0.03, 0.01, 0.0, 0.0, 0.0, 0.01, 0.03, 0.0, 0.04, 0.01, 0.0, 0.0, 0.01, 0.01, 0.03, 0.01, 0.03, 0.01, 0.0, 0.03, 0.0, 0.03, 0.01, 0.03, 0.03, 0.03, 0.03, 0.03, 0.03, 0.0, 0.04, 0.01, 0.01]",0,
139,Borda,ATVA_1,50,3,"{'B': 57, 'C': 51, 'A': 42}","[0.52, 0.52, 0.52, 0.81, 0.43, 1.0, 1.0, 0.81, 0.81, 0.52, 0.81, 1.0, 0.52, 1.0, 0.52, 0.43, 0.81, 1.0, 0.52, 0.52, 1.0, 1.0, 0.52, 1.0, 0.81, 1.0, 0.52, 0.81, 1.0, 0.43, 1.0, 1.0, 0.52, 0.52, 1.0, 0.52, 0.81, 0.81, 0.81, 0.43, 1.0, 0.52, 0.81, 1.0, 0.52, 1.0, 0.81, 1.0, 1.0, 1.0]",38.24,[],"[0.03, 0.03, 0.03, 0.01, 0.04, 0.01, 0.01, 0.01, 0.01, 0.03, 0.01, 0.01, 0.03, 0.01, 0.03, 0.04, 0.01, 0.0, 0.03, 0.03, 0.01, 0.01, 0.03, 0.0, 0.01, 0.0, 0.03, 0.01, 0.0, 0.04, 0.01, 0.0, 0.03, 0.03, 0.0, 0.03, 0.01, 0.01, 0.01, 0.04, 0.0, 0.03, 0.01, 0.01, 0.03, 0.01, 0.01, 0.01, 0.01, 0.01]",0,
140,Borda,ATVA_1,50,3,"{'B': 53, 'C': 49, 'A': 48}","[1.0, 0.52, 0.81, 0.52, 0.52, 0.43, 0.43, 0.52, 0.52, 0.52, 0.52, 1.0, 1.0, 0.52, 0.81, 1.0, 1.0, 1.0, 0.52, 0.43, 1.0, 0.52, 0.52, 0.81, 0.81, 1.0, 1.0, 0.52, 0.81, 0.43, 0.81, 1.0, 0.81, 0.81, 0.81, 0.52, 1.0, 0.52, 0.43, 0.81, 0.52, 0.52, 1.0, 1.0, 1.0, 0.43, 0.81, 1.0, 0.81, 1.0]",36.620000000000005,"[6, 7, 20, 30, 39, 46]","[0.01, 0.03, 0.01, 0.03, 0.03, 0.04, 0.04, 0.03, 0.03, 0.03, 0.03, 0.01, 0.01, 0.03, 0.01, 0.01, 0.0, 0.01, 0.03, 0.04, 0.01, 0.03, 0.03, 0.01, 0.01, 0.0, 0.01, 0.03, 0.01, 0.04, 0.01, 0.01, 0.01, 0.01, 0.01, 0.03, 0.01, 0.03, 0.04, 0.01, 0.03, 0.03, 0.0, 0.0, 0.01, 0.04, 0.01, 0.0, 0.01, 0.01]",0.09000000000000002,"[(7, 20), (30, 46), (6, 30), (6, 39), (6, 42), (39, 42), (7, 41), (20, 41), (6, 11), (7, 10), (6, 8), (6, 14), (6, 20), (30, 39), (30, 42), (7, 28), (20, 28), (39, 41), (6, 41), (7, 46), (20, 46), (6, 7), (6, 10), (30, 41), (7, 30), (6, 28), (20, 30), (7, 42), (6, 46), (7, 39), (39, 46), (20, 42), (20, 39), (7, 11), (7, 8), (7, 14)]"
141,Borda,ATVA_1,50,3,"{'A': 53, 'C': 49, 'B': 48}","[0.52, 0.52, 0.81, 0.52, 0.52, 0.81, 0.52, 1.0, 0.52, 0.52, 0.43, 0.52, 1.0, 0.52, 1.0, 1.0, 1.0, 1.0, 0.81, 0.52, 0.52, 0.81, 0.52, 0.52, 0.43, 1.0, 1.0, 0.52, 1.0, 0.81, 0.43, 0.43, 0.43, 0.52, 0.52, 1.0, 0.52, 1.0, 0.52, 0.52, 1.0, 0.81, 1.0, 0.81, 1.0, 1.0, 1.0, 0.43, 0.81, 1.0]",35.940000000000005,"[11, 25, 31, 32, 33, 48]","[0.03, 0.03, 0.01, 0.03, 0.03, 0.01, 0.03, 0.0, 0.03, 0.03, 0.04, 0.03, 0.0, 0.03, 0.01, 0.0, 0.01, 0.0, 0.01, 0.03, 0.03, 0.01, 0.03, 0.03, 0.04, 0.0, 0.0, 0.03, 0.0, 0.01, 0.04, 0.04, 0.04, 0.03, 0.03, 0.0, 0.03, 0.0, 0.03, 0.03, 0.01, 0.01, 0.01, 0.01, 0.0, 0.0, 0.01, 0.04, 0.01, 0.01]",0.09000000000000002,"[(32, 37), (32, 34), (32, 40), (25, 32), (11, 48), (33, 48), (31, 32), (11, 20), (32, 33), (11, 32), (25, 31), (25, 34), (25, 40), (25, 37), (32, 48), (31, 37), (31, 34), (31, 40), (11, 25), (11, 31), (33, 37), (11, 34), (11, 40), (25, 33), (33, 34), (11, 37), (33, 40), (25, 48), (31, 33), (11, 12), (11, 21), (31, 48), (11, 24), (11, 33)]"
142,Borda,ATVA_2,50,3,"{'C': 62, 'A': 44, 'B': 44}","[1.0, 1.0, 1.0, 0.52, 0.52, 0.81, 0.81, 0.43, 0.52, 1.0, 0.43, 0.81, 0.52, 0.81, 1.0, 1.0, 0.52, 1.0, 1.0, 1.0, 0.43, 1.0, 0.52, 1.0, 1.0, 0.43, 0.52, 1.0, 0.81, 0.52, 1.0, 1.0, 1.0, 0.81, 1.0, 0.52, 0.52, 1.0, 0.81, 1.0, 0.81, 1.0, 1.0, 1.0, 0.43, 1.0, 0.52, 0.81, 0.43, 0.81]",39.400000000000006,"[8, 4]","[0.0, 0.01, 0.0, 0.03, 0.03, 0.01, 0.01, 0.04, 0.03, 0.01, 0.04, 0.01, 0.03, 0.01, 0.0, 0.0, 0.03, 0.01, 0.01, 0.0, 0.04, 0.01, 0.03, 0.01, 0.01, 0.04, 0.03, 0.01, 0.01, 0.03, 0.0, 0.0, 0.01, 0.01, 0.01, 0.03, 0.03, 0.01, 0.01, 0.01, 0.01, 0.01, 0.0, 0.01, 0.04, 0.01, 0.03, 0.01, 0.04, 0.01]",0.09000000000000002,"[8, 4]"
143,Borda,ATVA_3,50,3,"{'A': 19, 'C': 18, 'B': 13}","[0.52, 1.0, 0.43, 0.81, 1.0, 1.0, 0.81, 1.0, 1.0, 1.0, 0.81, 1.0, 1.0, 0.81, 1.0, 0.52, 0.43, 0.81, 0.81, 0.81, 1.0, 0.52, 0.43, 1.0, 1.0, 0.43, 1.0, 1.0, 1.0, 0.81, 0.43, 1.0, 0.43, 1.0, 0.52, 0.52, 0.52, 1.0, 0.52, 0.52, 0.43, 1.0, 0.52, 0.52, 0.52, 0.52, 0.81, 0.81, 0.52, 0.43]",37.3,"[3, 17, 22, 26, 33, 36, 39, 40, 43, 45, 49, 50]","[0.04, 0.01, 0.03, 0.01, 0.01, 0.01, 0.01, 0.01, 0.01, 0.01, 0.03, 0.01, 0.0, 0.01, 0.01, 0.03, 0.03, 0.01, 0.01, 0.01, 0.01, 0.01, 0.04, 0.0, 0.0, 0.03, 0.0, 0.01, 0.01, 0.01, 0.04, 0.01, 0.03, 0.01, 0.03, 0.01, 0.03, 0.01, 0.01, 0.01, 0.04, 0.01, 0.01, 0.03, 0.01, 0.04, 0.01, 0.01, 0.01, 0.03]",0,
144,Borda,ATVA_3,50,3,"{'A': 19, 'C': 17, 'B': 14}","[0.52, 0.43, 0.52, 1.0, 0.52, 0.52, 0.81, 1.0, 0.43, 0.52, 0.52, 0.52, 0.43, 0.52, 1.0, 1.0, 0.52, 1.0, 1.0, 0.52, 0.81, 0.52, 0.81, 0.81, 1.0, 0.81, 0.81, 1.0, 0.43, 0.52, 1.0, 0.43, 0.81, 0.52, 0.81, 0.52, 1.0, 0.52, 0.81, 0.81, 0.52, 0.81, 1.0, 1.0, 1.0, 1.0, 0.52, 1.0, 1.0, 1.0]",36.9,"[1, 2, 3, 5, 6, 7, 11, 13, 20, 21, 23, 24, 26, 27, 29, 32, 33, 34, 35, 39, 40, 41, 42]","[0.01, 0.03, 0.0, 0.03, 0.0, 0.0, 0.01, 0.01, 0.04, 0.03, 0.01, 0.03, 0.03, 0.03, 0.01, 0.01, 0.03, 0.01, 0.01, 0.0, 0.01, 0.03, 0.01, 0.0, 0.01, 0.0, 0.0, 0.03, 0.03, 0.03, 0.01, 0.03, 0.01, 0.0, 0.0, 0.03, 0.01, 0.03, 0.01, 0.01, 0.01, 0.01, 0.03, 0.01, 0.01, 0.01, 0.04, 0.01, 0.01, 0.01]",0,
145,Borda,ATVA_3,50,3,"{'A': 18, 'B': 17, 'C': 15}","[0.52, 1.0, 0.52, 1.0, 1.0, 0.52, 0.52, 0.81, 0.81, 0.81, 0.52, 1.0, 0.52, 0.81, 0.52, 0.43, 1.0, 1.0, 0.52, 0.43, 0.81, 1.0, 0.81, 0.43, 0.81, 0.81, 0.81, 0.52, 1.0, 0.52, 1.0, 1.0, 1.0, 1.0, 0.81, 0.81, 0.52, 1.0, 0.52, 0.43, 1.0, 1.0, 1.0, 0.52, 0.52, 0.52, 1.0, 0.43, 0.52, 0.52]",36.900000000000006,"[3, 6, 8, 9, 10, 13, 14, 16, 21, 23, 24, 25, 26, 27, 28, 35, 36, 37, 39, 40, 45, 48]","[0.03, 0.03, 0.01, 0.01, 0.03, 0.0, 0.04, 0.0, 0.0, 0.0, 0.03, 0.03, 0.01, 0.0, 0.04, 0.03, 0.03, 0.01, 0.04, 0.04, 0.01, 0.01, 0.0, 0.03, 0.0, 0.01, 0.0, 0.0, 0.01, 0.03, 0.03, 0.01, 0.01, 0.01, 0.01, 0.01, 0.0, 0.01, 0.0, 0.03, 0.01, 0.01, 0.03, 0.04, 0.01, 0.03, 0.01, 0.03, 0.03, 0.03]",0,
146,Borda,ATVA_3,50,3,"{'B': 18, 'A': 17, 'C': 15}","[1.0, 0.43, 0.52, 0.81, 0.81, 1.0, 0.81, 0.81, 1.0, 0.81, 0.43, 1.0, 1.0, 0.81, 0.52, 0.52, 1.0, 0.81, 1.0, 0.43, 0.43, 0.52, 0.52, 1.0, 0.52, 1.0, 0.52, 0.43, 1.0, 0.43, 0.52, 0.52, 1.0, 0.81, 0.81, 0.52, 0.52, 0.52, 0.81, 1.0, 1.0, 0.52, 1.0, 1.0, 1.0, 0.52, 0.81, 0.52, 1.0, 0.52]",36.81,"[2, 15, 16, 20, 21, 22, 27, 28, 30, 36, 46]","[0.01, 0.04, 0.04, 0.0, 0.0, 0.01, 0.0, 0.0, 0.01, 0.01, 0.03, 0.03, 0.01, 0.0, 0.0, 0.0, 0.03, 0.01, 0.03, 0.04, 0.04, 0.0, 0.04, 0.01, 0.03, 0.01, 0.0, 0.04, 0.01, 0.04, 0.01, 0.04, 0.01, 0.01, 0.0, 0.0, 0.03, 0.03, 0.0, 0.01, 0.01, 0.04, 0.01, 0.01, 0.01, 0.0, 0.0, 0.04, 0.03, 0.03]",0.09000000000000002,
147,Borda,ATVA_3,50,3,"{'A': 21, 'C': 18, 'B': 11}","[1.0, 0.52, 1.0, 1.0, 0.52, 0.81, 0.81, 1.0, 0.81, 1.0, 0.52, 0.81, 1.0, 0.81, 1.0, 1.0, 0.52, 1.0, 1.0, 0.52, 1.0, 0.52, 0.81, 0.81, 0.52, 0.43, 1.0, 1.0, 1.0, 1.0, 0.52, 0.52, 0.52, 0.52, 1.0, 1.0, 0.43, 0.52, 0.81, 0.52, 1.0, 0.43, 1.0, 0.52, 1.0, 1.0, 0.43, 0.52, 0.43, 0.52]",37.95,"[5, 17, 20, 26, 32, 34, 38, 42, 44, 47, 49]","[0.0, 0.03, 0.01, 0.01, 0.01, 0.03, 0.01, 0.0, 0.03, 0.0, 0.03, 0.01, 0.0, 0.01, 0.0, 0.0, 0.01, 0.01, 0.0, 0.01, 0.01, 0.03, 0.01, 0.01, 0.04, 0.03, 0.01, 0.01, 0.01, 0.0, 0.04, 0.01, 0.03, 0.01, 0.01, 0.0, 0.04, 0.01, 0.01, 0.03, 0.0, 0.03, 0.0, 0.01, 0.01, 0.0, 0.03, 0.04, 0.03, 0.03]",0,
148,Borda,ATVA_3,50,3,"{'A': 21, 'C': 15, 'B': 14}","[1.0, 0.52, 1.0, 1.0, 1.0, 1.0, 1.0, 0.43, 0.43, 0.81, 0.43, 1.0, 0.52, 1.0, 0.52, 0.81, 0.52, 0.81, 1.0, 1.0, 1.0, 1.0, 0.43, 0.43, 0.43, 0.52, 0.52, 0.81, 1.0, 1.0, 0.43, 0.52, 1.0, 0.81, 0.81, 1.0, 0.52, 1.0, 0.52, 1.0, 0.81, 1.0, 0.52, 0.43, 1.0, 0.43, 1.0, 0.43, 0.43, 0.52]",37.120000000000005,"[2, 9, 11, 26, 27, 31, 32, 46, 48, 49]","[0.01, 0.03, 0.01, 0.0, 0.01, 0.01, 0.0, 0.03, 0.01, 0.04, 0.01, 0.0, 0.04, 0.01, 0.04, 0.03, 0.01, 0.03, 0.0, 0.01, 0.01, 0.01, 0.03, 0.03, 0.03, 0.03, 0.03, 0.03, 0.01, 0.01, 0.01, 0.03, 0.01, 0.03, 0.04, 0.0, 0.01, 0.0, 0.04, 0.01, 0.03, 0.01, 0.03, 0.03, 0.01, 0.01, 0.0, 0.01, 0.01, 0.01]",0,
149,Borda,ATVA_3,50,3,"{'B': 20, 'C': 18, 'A': 12}","[1.0, 0.52, 1.0, 0.52, 0.52, 0.81, 0.43, 0.81, 1.0, 0.52, 0.52, 1.0, 0.43, 0.52, 0.52, 1.0, 0.52, 1.0, 0.52, 0.52, 0.81, 1.0, 1.0, 0.81, 0.52, 0.43, 0.52, 1.0, 0.52, 0.81, 1.0, 0.43, 0.43, 1.0, 0.43, 1.0, 1.0, 1.0, 1.0, 1.0, 0.52, 0.52, 0.81, 1.0, 0.52, 1.0, 0.81, 1.0, 0.81, 1.0]",37.38,"[7, 17, 26, 33, 35, 41, 42]","[0.01, 0.04, 0.01, 0.03, 0.03, 0.01, 0.03, 0.03, 0.01, 0.03, 0.03, 0.0, 0.04, 0.04, 0.03, 0.01, 0.01, 0.01, 0.03, 0.03, 0.03, 0.0, 0.0, 0.01, 0.03, 0.03, 0.04, 0.01, 0.03, 0.01, 0.0, 0.04, 0.03, 0.0, 0.03, 0.01, 0.01, 0.0, 0.01, 0.0, 0.01, 0.01, 0.03, 0.0, 0.03, 0.0, 0.03, 0.01, 0.01, 0.01]",0,
150,Borda,ATVA_3,50,3,"{'C': 23, 'B': 14, 'A': 13}","[1.0, 0.43, 0.52, 0.52, 1.0, 0.52, 1.0, 1.0, 1.0, 1.0, 1.0, 0.52, 1.0, 0.43, 1.0, 0.43, 1.0, 0.52, 0.81, 1.0, 1.0, 0.81, 0.81, 0.52, 0.81, 1.0, 0.81, 0.81, 1.0, 1.0, 0.52, 0.81, 1.0, 1.0, 1.0, 0.52, 1.0, 1.0, 0.43, 0.81, 0.81, 0.52, 1.0, 0.52, 0.43, 1.0, 1.0, 0.52, 0.81, 0.81]",39.78000000000001,"[2, 3, 14, 16, 39, 45]","[0.01, 0.04, 0.03, 0.03, 0.01, 0.04, 0.0, 0.01, 0.0, 0.0, 0.0, 0.04, 0.01, 0.03, 0.01, 0.03, 0.0, 0.04, 0.01, 0.01, 0.0, 0.03, 0.03, 0.04, 0.03, 0.01, 0.03, 0.03, 0.01, 0.0, 0.01, 0.03, 0.01, 0.0, 0.01, 0.04, 0.01, 0.01, 0.04, 0.01, 0.03, 0.01, 0.01, 0.04, 0.04, 0.01, 0.0, 0.04, 0.01, 0.01]",0.09000000000000002,
151,Borda,ATVA_3,50,3,"{'A': 19, 'C': 17, 'B': 14}","[0.43, 1.0, 0.52, 1.0, 0.81, 0.52, 1.0, 0.81, 1.0, 1.0, 1.0, 0.52, 0.52, 0.43, 1.0, 1.0, 0.81, 0.43, 0.81, 1.0, 0.43, 0.52, 1.0, 1.0, 1.0, 0.43, 0.81, 0.81, 0.81, 0.52, 0.81, 0.52, 1.0, 0.52, 0.43, 1.0, 1.0, 0.43, 1.0, 0.43, 0.52, 0.52, 0.52, 0.43, 0.43, 1.0, 0.52, 1.0, 1.0, 0.52]",36.54,"[1, 3, 6, 12, 14, 18, 21, 26, 34, 43, 45]","[0.01, 0.01, 0.03, 0.01, 0.03, 0.03, 0.0, 0.03, 0.01, 0.0, 0.01, 0.03, 0.01, 0.01, 0.01, 0.01, 0.03, 0.01, 0.03, 0.01, 0.01, 0.01, 0.0, 0.0, 0.01, 0.01, 0.03, 0.03, 0.03, 0.03, 0.03, 0.03, 0.01, 0.03, 0.03, 0.01, 0.0, 0.03, 0.0, 0.03, 0.04, 0.01, 0.03, 0.03, 0.01, 0.01, 0.01, 0.01, 0.0, 0.01]",0,
152,Borda,ATVA_3,50,3,"{'B': 18, 'A': 16, 'C': 16}","[0.52, 0.81, 0.52, 0.81, 1.0, 0.81, 1.0, 1.0, 0.81, 1.0, 1.0, 0.81, 1.0, 0.52, 1.0, 1.0, 1.0, 1.0, 0.52, 0.52, 0.43, 1.0, 1.0, 0.43, 0.52, 1.0, 0.43, 0.43, 0.52, 1.0, 0.81, 1.0, 0.81, 0.81, 0.43, 0.52, 0.43, 0.52, 1.0, 0.52, 0.43, 0.52, 0.43, 0.81, 1.0, 0.52, 1.0, 0.52, 0.52, 0.43]",36.440000000000005,"[1, 3, 20, 21, 24, 27, 28, 35, 36, 37, 38, 40, 41, 42, 43, 50]","[0.03, 0.04, 0.01, 0.04, 0.0, 0.04, 0.0, 0.0, 0.03, 0.0, 0.01, 0.04, 0.0, 0.04, 0.0, 0.0, 0.01, 0.0, 0.04, 0.03, 0.01, 0.0, 0.0, 0.01, 0.04, 0.0, 0.01, 0.03, 0.04, 0.0, 0.03, 0.0, 0.04, 0.03, 0.03, 0.01, 0.01, 0.01, 0.0, 0.01, 0.01, 0.01, 0.03, 0.04, 0.0, 0.04, 0.0, 0.04, 0.04, 0.01]",0,
153,Borda,ATVA_4,50,3,"{'C': 61, 'B': 46, 'A': 43}","[1.0, 0.52, 0.43, 0.81, 0.81, 0.81, 0.43, 1.0, 0.81, 0.52, 1.0, 1.0, 1.0, 1.0, 0.43, 0.43, 0.52, 1.0, 1.0, 1.0, 1.0, 1.0, 0.81, 0.43, 1.0, 0.43, 0.43, 0.81, 0.81, 1.0, 0.52, 0.52, 0.52, 0.52, 1.0, 0.81, 1.0, 1.0, 1.0, 0.52, 1.0, 1.0, 0.52, 1.0, 0.52, 0.81, 1.0, 1.0, 0.43, 1.0]",38.93,[],"[0.0, 0.03, 0.04, 0.01, 0.01, 0.01, 0.04, 0.01, 0.01, 0.03, 0.01, 0.01, 0.0, 0.0, 0.04, 0.04, 0.03, 0.0, 0.01, 0.01, 0.01, 0.0, 0.01, 0.04, 0.0, 0.04, 0.04, 0.01, 0.01, 0.0, 0.03, 0.03, 0.03, 0.03, 0.0, 0.01, 0.01, 0.01, 0.0, 0.03, 0.01, 0.0, 0.03, 0.0, 0.03, 0.01, 0.01, 0.0, 0.04, 0.01]",0,
154,Borda,ATVA_4,50,3,"{'B': 55, 'C': 52, 'A': 43}","[0.43, 1.0, 1.0, 1.0, 0.81, 1.0, 1.0, 1.0, 1.0, 0.43, 1.0, 1.0, 0.81, 0.43, 0.52, 1.0, 0.81, 0.81, 0.52, 0.43, 0.52, 1.0, 1.0, 0.43, 0.52, 0.81, 0.52, 0.81, 1.0, 1.0, 1.0, 0.52, 1.0, 0.52, 0.52, 0.81, 0.43, 0.52, 0.43, 0.81, 1.0, 0.52, 0.81, 0.43, 0.81, 1.0, 1.0, 0.43, 1.0, 0.52]",37.690000000000005,[],"[0.04, 0.0, 0.0, 0.0, 0.01, 0.01, 0.01, 0.0, 0.01, 0.04, 0.01, 0.0, 0.01, 0.04, 0.03, 0.0, 0.01, 0.01, 0.03, 0.04, 0.03, 0.01, 0.01, 0.04, 0.03, 0.01, 0.03, 0.01, 0.0, 0.0, 0.01, 0.03, 0.01, 0.03, 0.03, 0.01, 0.04, 0.03, 0.04, 0.01, 0.0, 0.03, 0.01, 0.04, 0.01, 0.0, 0.01, 0.04, 0.0, 0.03]",0,
155,Borda,ATVA_4,50,3,"{'C': 54, 'A': 50, 'B': 46}","[1.0, 1.0, 1.0, 0.43, 0.81, 1.0, 0.52, 0.43, 0.52, 0.81, 1.0, 1.0, 1.0, 1.0, 1.0, 0.43, 0.52, 0.52, 0.43, 1.0, 1.0, 0.81, 0.52, 0.81, 0.52, 1.0, 0.52, 0.43, 0.81, 0.81, 0.52, 1.0, 0.81, 0.52, 0.81, 1.0, 0.52, 0.43, 1.0, 0.43, 0.52, 0.43, 1.0, 1.0, 0.52, 0.52, 0.52, 0.81, 1.0, 1.0]",37.01,[],"[0.0, 0.0, 0.01, 0.04, 0.01, 0.0, 0.03, 0.04, 0.03, 0.01, 0.01, 0.0, 0.0, 0.01, 0.01, 0.04, 0.03, 0.03, 0.04, 0.0, 0.01, 0.01, 0.03, 0.01, 0.03, 0.01, 0.03, 0.04, 0.01, 0.01, 0.03, 0.0, 0.01, 0.03, 0.01, 0.0, 0.03, 0.04, 0.0, 0.04, 0.03, 0.04, 0.0, 0.01, 0.03, 0.03, 0.03, 0.01, 0.01, 0.01]",0,
156,Borda,ATVA_4,50,3,"{'A': 54, 'C': 52, 'B': 44}","[1.0, 0.81, 0.81, 0.81, 1.0, 0.43, 1.0, 0.52, 1.0, 0.52, 0.81, 0.52, 1.0, 0.43, 1.0, 1.0, 1.0, 0.43, 0.43, 0.43, 0.52, 0.81, 0.52, 0.52, 0.43, 0.52, 0.52, 1.0, 0.52, 1.0, 0.81, 0.81, 1.0, 1.0, 0.52, 0.52, 1.0, 0.81, 0.52, 1.0, 0.81, 0.52, 0.43, 0.81, 1.0, 1.0, 0.52, 0.43, 1.0, 1.0]",36.82000000000001,[],"[0.01, 0.01, 0.01, 0.01, 0.01, 0.04, 0.0, 0.03, 0.01, 0.03, 0.01, 0.03, 0.01, 0.04, 0.0, 0.0, 0.0, 0.04, 0.04, 0.04, 0.03, 0.01, 0.03, 0.03, 0.04, 0.03, 0.03, 0.0, 0.03, 0.0, 0.01, 0.01, 0.01, 0.0, 0.03, 0.03, 0.0, 0.01, 0.03, 0.0, 0.01, 0.03, 0.04, 0.01, 0.0, 0.0, 0.03, 0.04, 0.01, 0.0]",0,
157,Borda,ATVA_4,50,3,"{'C': 58, 'B': 47, 'A': 45}","[0.52, 0.52, 1.0, 0.81, 1.0, 1.0, 0.52, 0.81, 1.0, 1.0, 0.52, 1.0, 1.0, 0.52, 1.0, 0.43, 0.43, 0.52, 0.43, 1.0, 0.52, 1.0, 0.52, 1.0, 0.81, 1.0, 0.52, 0.52, 0.81, 1.0, 1.0, 1.0, 0.52, 1.0, 1.0, 0.43, 1.0, 0.52, 0.43, 0.43, 1.0, 0.81, 1.0, 0.52, 0.52, 1.0, 1.0, 0.43, 1.0, 1.0]",38.34,[],"[0.03, 0.03, 0.01, 0.01, 0.0, 0.01, 0.03, 0.01, 0.0, 0.0, 0.03, 0.01, 0.01, 0.03, 0.0, 0.04, 0.04, 0.03, 0.04, 0.0, 0.03, 0.0, 0.03, 0.0, 0.01, 0.01, 0.03, 0.03, 0.01, 0.0, 0.01, 0.01, 0.03, 0.01, 0.01, 0.04, 0.01, 0.03, 0.04, 0.04, 0.0, 0.01, 0.0, 0.03, 0.03, 0.01, 0.01, 0.04, 0.0, 0.0]",0,
158,Borda,ATVA_4,50,3,"{'A': 53, 'B': 52, 'C': 45}","[0.81, 0.81, 0.52, 1.0, 0.52, 1.0, 1.0, 1.0, 0.81, 0.52, 0.52, 1.0, 0.52, 0.52, 0.52, 0.52, 0.43, 0.81, 1.0, 0.43, 0.52, 1.0, 0.81, 1.0, 1.0, 1.0, 0.43, 1.0, 0.81, 0.52, 1.0, 0.43, 0.52, 0.81, 0.52, 0.81, 1.0, 0.52, 0.52, 1.0, 0.52, 0.81, 0.52, 1.0, 1.0, 1.0, 0.81, 0.52, 1.0, 0.52]",37.18000000000001,[],"[0.01, 0.01, 0.03, 0.01, 0.03, 0.01, 0.01, 0.0, 0.01, 0.03, 0.03, 0.01, 0.03, 0.03, 0.03, 0.03, 0.04, 0.01, 0.0, 0.04, 0.03, 0.01, 0.01, 0.01, 0.01, 0.0, 0.04, 0.01, 0.01, 0.03, 0.0, 0.04, 0.03, 0.01, 0.03, 0.01, 0.01, 0.03, 0.03, 0.01, 0.03, 0.01, 0.03, 0.0, 0.0, 0.01, 0.01, 0.03, 0.01, 0.03]",0,
159,Borda,ATVA_4,50,3,"{'B': 51, 'C': 50, 'A': 49}","[0.52, 0.81, 0.43, 0.43, 0.43, 1.0, 0.43, 0.43, 1.0, 0.52, 1.0, 1.0, 0.52, 0.81, 0.52, 1.0, 0.81, 0.52, 0.43, 0.81, 1.0, 1.0, 1.0, 1.0, 1.0, 0.52, 0.81, 1.0, 1.0, 0.52, 0.43, 0.52, 1.0, 1.0, 0.52, 1.0, 0.81, 0.52, 0.52, 1.0, 1.0, 0.52, 0.81, 0.43, 0.43, 1.0, 1.0, 0.43, 0.52, 0.81]",36.540000000000006,"[3, 4, 5, 7, 8, 19, 31, 44, 45, 48]","[0.03, 0.01, 0.04, 0.04, 0.04, 0.0, 0.04, 0.04, 0.0, 0.03, 0.01, 0.01, 0.03, 0.01, 0.03, 0.0, 0.01, 0.03, 0.04, 0.01, 0.01, 0.0, 0.0, 0.01, 0.01, 0.03, 0.01, 0.01, 0.01, 0.03, 0.04, 0.03, 0.0, 0.01, 0.03, 0.01, 0.01, 0.03, 0.03, 0.01, 0.01, 0.03, 0.01, 0.04, 0.04, 0.0, 0.0, 0.04, 0.03, 0.01]",0.09000000000000002,
160,Borda,ATVA_4,50,3,"{'A': 61, 'B': 54, 'C': 35}","[0.52, 0.81, 1.0, 1.0, 1.0, 1.0, 0.52, 1.0, 0.52, 1.0, 1.0, 0.52, 1.0, 0.81, 1.0, 0.52, 1.0, 0.81, 0.52, 1.0, 1.0, 0.81, 0.52, 0.52, 0.43, 0.43, 1.0, 0.52, 1.0, 1.0, 1.0, 0.52, 0.81, 1.0, 0.52, 0.52, 1.0, 0.52, 0.81, 1.0, 1.0, 1.0, 1.0, 0.52, 1.0, 0.43, 0.43, 1.0, 0.52, 1.0]",39.38,[],"[0.03, 0.01, 0.0, 0.0, 0.0, 0.0, 0.03, 0.0, 0.03, 0.01, 0.0, 0.03, 0.0, 0.01, 0.0, 0.03, 0.0, 0.01, 0.03, 0.01, 0.0, 0.01, 0.03, 0.03, 0.04, 0.04, 0.01, 0.03, 0.0, 0.01, 0.0, 0.03, 0.01, 0.0, 0.03, 0.03, 0.0, 0.03, 0.01, 0.01, 0.0, 0.01, 0.01, 0.03, 0.0, 0.04, 0.04, 0.0, 0.03, 0.0]",0,
161,Borda,ATVA_4,50,3,"{'B': 53, 'A': 49, 'C': 48}","[1.0, 0.52, 0.52, 0.43, 0.52, 0.52, 0.52, 0.52, 0.52, 1.0, 0.81, 0.52, 0.52, 1.0, 1.0, 0.52, 1.0, 0.81, 0.52, 0.52, 0.52, 1.0, 0.43, 0.81, 0.52, 1.0, 1.0, 1.0, 1.0, 0.43, 1.0, 0.43, 0.43, 1.0, 0.43, 0.81, 0.43, 0.81, 1.0, 1.0, 1.0, 0.81, 0.81, 0.52, 0.81, 0.52, 1.0, 1.0, 0.81, 0.81]",36.43000000000001,[],"[0.01, 0.03, 0.03, 0.04, 0.03, 0.03, 0.03, 0.03, 0.03, 0.01, 0.01, 0.03, 0.03, 0.01, 0.0, 0.03, 0.01, 0.01, 0.03, 0.03, 0.03, 0.01, 0.04, 0.01, 0.03, 0.0, 0.0, 0.0, 0.0, 0.04, 0.01, 0.04, 0.04, 0.0, 0.04, 0.01, 0.04, 0.01, 0.0, 0.01, 0.0, 0.01, 0.01, 0.03, 0.01, 0.03, 0.01, 0.01, 0.01, 0.01]",0,
162,Borda,ATVA_4,50,3,"{'A': 61, 'C': 48, 'B': 41}","[1.0, 0.43, 0.52, 1.0, 1.0, 0.52, 0.81, 0.81, 1.0, 0.52, 0.43, 0.43, 0.52, 1.0, 0.52, 0.43, 0.81, 1.0, 1.0, 1.0, 1.0, 0.43, 1.0, 0.81, 0.43, 0.81, 0.52, 1.0, 0.81, 1.0, 1.0, 0.52, 0.43, 0.43, 0.43, 0.52, 1.0, 1.0, 0.81, 1.0, 0.81, 1.0, 1.0, 0.81, 1.0, 1.0, 1.0, 1.0, 0.52, 0.81]",38.650000000000006,[],"[0.0, 0.04, 0.03, 0.0, 0.0, 0.03, 0.01, 0.01, 0.01, 0.03, 0.04, 0.04, 0.03, 0.01, 0.03, 0.04, 0.01, 0.0, 0.0, 0.0, 0.01, 0.04, 0.01, 0.01, 0.04, 0.01, 0.03, 0.0, 0.01, 0.0, 0.01, 0.03, 0.04, 0.04, 0.04, 0.03, 0.0, 0.0, 0.01, 0.0, 0.01, 0.01, 0.01, 0.01, 0.0, 0.0, 0.0, 0.0, 0.03, 0.01]",0,
