vote_id,voting_scheme,limitation_dropped,num_voters,num_candidates,outcome,hapiness_list,overall_hapiness,strategic_voters,risk_of_strategic_voting,alternative_risk,pairs
0,Plurality,BTVA,50,4,"{'B': 17, 'D': 15, 'C': 10, 'A': 8}","[1.0, 0.54, 0.79, 1.0, 0.88, 0.88, 1.0, 0.88, 0.58, 1.0, 0.46, 0.58, 1.0, 0.54, 0.46, 1.0, 0.75, 0.58, 1.0, 1.0, 1.0, 0.5, 0.5, 1.0, 0.46, 0.88, 0.5, 0.58, 1.0, 0.75, 0.58, 0.54, 0.58, 0.54, 0.46, 0.58, 0.67, 0.67, 0.42, 0.88, 1.0, 0.79, 1.0, 0.58, 1.0, 0.75, 1.0, 1.0, 0.58, 1.0]",37.709999999999994,[],"[0.04, 0.07, 0.03, 0.03, 0.01, 0.01, 0.0, 0.01, 0.06, 0.01, 0.09, 0.06, 0.03, 0.07, 0.09, 0.01, 0.04, 0.06, 0.0, 0.01, 0.03, 0.08, 0.08, 0.04, 0.09, 0.01, 0.08, 0.05, 0.01, 0.02, 0.07, 0.07, 0.07, 0.07, 0.09, 0.07, 0.05, 0.05, 0.1, 0.01, 0.03, 0.03, 0.04, 0.05, 0.01, 0.04, 0.03, 0.01, 0.07, 0.03]",0,
1,Plurality,BTVA,50,4,"{'B': 15, 'C': 13, 'D': 13, 'A': 9}","[0.88, 0.58, 0.54, 0.58, 0.75, 0.58, 0.79, 1.0, 1.0, 0.46, 1.0, 0.75, 1.0, 0.42, 0.42, 1.0, 0.58, 1.0, 0.5, 0.5, 0.58, 0.88, 0.5, 0.5, 1.0, 1.0, 0.75, 0.42, 0.75, 0.54, 0.67, 0.75, 1.0, 0.58, 1.0, 0.75, 1.0, 1.0, 0.5, 0.58, 0.46, 1.0, 1.0, 0.75, 0.5, 0.75, 0.88, 1.0, 0.58, 0.58]",36.58,"[3, 14, 15, 28, 30, 41]","[0.01, 0.06, 0.07, 0.06, 0.04, 0.06, 0.03, 0.04, 0.03, 0.09, 0.0, 0.02, 0.03, 0.1, 0.1, 0.01, 0.06, 0.04, 0.09, 0.08, 0.06, 0.01, 0.08, 0.08, 0.01, 0.0, 0.03, 0.1, 0.03, 0.07, 0.05, 0.03, 0.01, 0.06, 0.03, 0.03, 0.03, 0.04, 0.08, 0.05, 0.09, 0.01, 0.03, 0.04, 0.08, 0.02, 0.01, 0.03, 0.06, 0.06]",0.11999999999999994,
2,Plurality,BTVA,50,4,"{'C': 15, 'D': 13, 'A': 11, 'B': 11}","[0.46, 0.42, 0.67, 1.0, 0.5, 0.46, 0.79, 1.0, 0.58, 1.0, 1.0, 0.75, 1.0, 0.75, 0.58, 1.0, 0.54, 1.0, 0.75, 1.0, 1.0, 0.46, 0.5, 0.75, 0.5, 0.5, 0.75, 0.58, 0.42, 1.0, 0.88, 0.54, 0.58, 1.0, 1.0, 0.5, 0.58, 0.5, 0.46, 1.0, 0.5, 1.0, 0.5, 0.58, 0.58, 0.58, 0.88, 1.0, 0.79, 0.75]",35.910000000000004,[3],"[0.09, 0.1, 0.05, 0.01, 0.08, 0.09, 0.03, 0.04, 0.06, 0.04, 0.04, 0.02, 0.0, 0.02, 0.06, 0.03, 0.07, 0.0, 0.02, 0.01, 0.04, 0.09, 0.08, 0.02, 0.08, 0.09, 0.04, 0.06, 0.1, 0.01, 0.01, 0.07, 0.07, 0.03, 0.01, 0.08, 0.06, 0.08, 0.09, 0.01, 0.08, 0.03, 0.08, 0.07, 0.05, 0.06, 0.01, 0.03, 0.03, 0.02]",0.07999999999999996,
3,Plurality,BTVA,50,4,"{'B': 17, 'C': 13, 'D': 11, 'A': 9}","[1.0, 1.0, 0.54, 0.75, 0.5, 0.54, 1.0, 0.5, 0.67, 0.75, 1.0, 0.58, 0.79, 0.79, 0.58, 0.67, 1.0, 1.0, 0.54, 1.0, 1.0, 0.58, 0.79, 0.58, 0.67, 0.46, 1.0, 0.58, 0.58, 1.0, 0.58, 0.58, 0.75, 0.58, 0.88, 1.0, 1.0, 0.58, 0.67, 1.0, 0.5, 0.46, 0.75, 1.0, 1.0, 0.46, 1.0, 1.0, 0.58, 0.75]",37.56,[],"[0.0, 0.03, 0.07, 0.04, 0.08, 0.07, 0.01, 0.08, 0.05, 0.04, 0.01, 0.07, 0.03, 0.03, 0.07, 0.05, 0.03, 0.01, 0.07, 0.0, 0.0, 0.06, 0.03, 0.05, 0.05, 0.09, 0.03, 0.06, 0.07, 0.01, 0.06, 0.05, 0.04, 0.05, 0.01, 0.03, 0.01, 0.07, 0.05, 0.0, 0.09, 0.09, 0.03, 0.04, 0.01, 0.09, 0.01, 0.01, 0.07, 0.04]",0,
4,Plurality,BTVA,50,4,"{'C': 18, 'A': 16, 'D': 9, 'B': 7}","[1.0, 1.0, 0.79, 0.75, 1.0, 1.0, 1.0, 0.58, 0.79, 0.67, 1.0, 0.75, 0.67, 0.58, 1.0, 0.75, 0.75, 0.46, 0.46, 0.46, 0.46, 0.75, 1.0, 1.0, 0.54, 1.0, 1.0, 0.54, 0.58, 1.0, 1.0, 0.88, 0.67, 0.79, 1.0, 1.0, 0.46, 0.75, 0.58, 0.67, 0.54, 1.0, 0.75, 0.75, 0.46, 0.75, 1.0, 1.0, 0.58, 0.67]",38.63,[],"[0.01, 0.03, 0.03, 0.03, 0.01, 0.04, 0.03, 0.06, 0.03, 0.05, 0.04, 0.02, 0.05, 0.06, 0.0, 0.04, 0.02, 0.09, 0.09, 0.09, 0.09, 0.02, 0.01, 0.03, 0.07, 0.03, 0.04, 0.07, 0.06, 0.01, 0.01, 0.01, 0.05, 0.03, 0.04, 0.03, 0.09, 0.04, 0.07, 0.05, 0.07, 0.03, 0.04, 0.03, 0.09, 0.03, 0.01, 0.01, 0.07, 0.05]",0,
5,Plurality,BTVA,50,4,"{'C': 19, 'A': 15, 'D': 11, 'B': 5}","[1.0, 1.0, 0.58, 1.0, 0.5, 0.75, 1.0, 1.0, 0.75, 0.79, 0.46, 0.58, 0.75, 0.58, 0.75, 0.79, 1.0, 1.0, 0.58, 0.42, 1.0, 0.5, 0.58, 0.58, 0.75, 0.75, 0.58, 0.67, 1.0, 0.58, 1.0, 1.0, 1.0, 1.0, 0.58, 0.75, 0.75, 0.88, 0.58, 1.0, 0.75, 1.0, 0.88, 1.0, 0.5, 1.0, 1.0, 1.0, 0.67, 0.46]",39.07,[],"[0.01, 0.0, 0.06, 0.01, 0.09, 0.04, 0.03, 0.04, 0.03, 0.03, 0.09, 0.07, 0.04, 0.06, 0.04, 0.03, 0.03, 0.01, 0.06, 0.1, 0.03, 0.09, 0.05, 0.07, 0.04, 0.03, 0.07, 0.05, 0.01, 0.06, 0.03, 0.01, 0.03, 0.0, 0.07, 0.02, 0.02, 0.01, 0.05, 0.03, 0.04, 0.04, 0.01, 0.0, 0.09, 0.03, 0.03, 0.03, 0.05, 0.09]",0,
6,Plurality,BTVA,50,4,"{'A': 19, 'D': 14, 'B': 10, 'C': 7}","[1.0, 0.58, 1.0, 0.75, 1.0, 0.46, 0.67, 0.67, 0.67, 0.54, 0.46, 1.0, 0.5, 1.0, 0.79, 0.58, 1.0, 1.0, 0.75, 1.0, 1.0, 0.58, 0.54, 1.0, 1.0, 1.0, 1.0, 0.54, 1.0, 1.0, 0.58, 0.58, 0.58, 0.58, 0.42, 1.0, 1.0, 0.88, 0.54, 0.88, 1.0, 0.75, 1.0, 0.58, 0.58, 0.5, 0.46, 0.46, 0.75, 0.79]",37.99,[],"[0.0, 0.06, 0.01, 0.02, 0.01, 0.09, 0.05, 0.05, 0.05, 0.07, 0.09, 0.01, 0.09, 0.04, 0.03, 0.06, 0.03, 0.03, 0.04, 0.04, 0.03, 0.07, 0.07, 0.03, 0.01, 0.03, 0.01, 0.07, 0.01, 0.03, 0.06, 0.05, 0.06, 0.06, 0.1, 0.03, 0.0, 0.01, 0.07, 0.01, 0.03, 0.03, 0.03, 0.06, 0.06, 0.09, 0.09, 0.09, 0.04, 0.03]",0,
7,Plurality,BTVA,50,4,"{'C': 19, 'B': 13, 'A': 10, 'D': 8}","[0.58, 1.0, 0.58, 0.58, 0.88, 0.58, 0.54, 0.88, 1.0, 0.58, 0.79, 0.58, 0.42, 0.75, 0.67, 0.5, 0.58, 1.0, 1.0, 1.0, 1.0, 1.0, 0.88, 0.58, 0.58, 0.75, 0.75, 0.75, 1.0, 1.0, 0.54, 0.5, 0.75, 1.0, 1.0, 1.0, 1.0, 0.58, 1.0, 1.0, 1.0, 1.0, 0.5, 1.0, 0.54, 0.46, 0.5, 1.0, 0.42, 0.58]",38.150000000000006,[],"[0.07, 0.01, 0.07, 0.07, 0.01, 0.06, 0.07, 0.01, 0.01, 0.06, 0.03, 0.07, 0.1, 0.03, 0.05, 0.08, 0.05, 0.04, 0.03, 0.04, 0.03, 0.03, 0.01, 0.06, 0.05, 0.03, 0.02, 0.04, 0.01, 0.04, 0.07, 0.09, 0.04, 0.0, 0.03, 0.03, 0.01, 0.06, 0.03, 0.03, 0.04, 0.0, 0.09, 0.01, 0.07, 0.09, 0.08, 0.01, 0.1, 0.06]",0,
8,Plurality,BTVA,50,4,"{'B': 16, 'D': 14, 'C': 13, 'A': 7}","[0.75, 0.5, 1.0, 1.0, 0.79, 1.0, 0.58, 0.54, 0.67, 0.75, 0.58, 0.46, 0.42, 0.75, 0.42, 1.0, 1.0, 0.58, 1.0, 0.67, 0.58, 1.0, 0.67, 0.79, 0.67, 0.75, 1.0, 0.88, 1.0, 1.0, 0.58, 0.75, 0.5, 0.46, 1.0, 0.46, 0.46, 0.54, 0.5, 0.67, 0.54, 0.42, 0.42, 1.0, 1.0, 0.5, 1.0, 1.0, 1.0, 0.75]",36.349999999999994,"[13, 15, 41, 42, 43]","[0.02, 0.08, 0.04, 0.04, 0.03, 0.0, 0.05, 0.07, 0.05, 0.03, 0.06, 0.09, 0.1, 0.02, 0.1, 0.04, 0.0, 0.05, 0.0, 0.05, 0.06, 0.0, 0.05, 0.03, 0.05, 0.02, 0.0, 0.01, 0.03, 0.01, 0.07, 0.02, 0.08, 0.09, 0.03, 0.09, 0.09, 0.07, 0.09, 0.05, 0.07, 0.1, 0.1, 0.0, 0.03, 0.08, 0.01, 0.04, 0.0, 0.04]",0.08000000000000002,
9,Plurality,BTVA,50,4,"{'B': 15, 'D': 14, 'C': 11, 'A': 10}","[0.58, 0.58, 1.0, 1.0, 0.75, 0.67, 0.58, 0.46, 0.75, 1.0, 0.79, 0.58, 0.67, 0.5, 0.46, 0.46, 1.0, 1.0, 0.46, 0.75, 1.0, 1.0, 0.58, 0.5, 1.0, 0.58, 0.54, 0.58, 0.58, 0.88, 1.0, 1.0, 0.75, 1.0, 1.0, 0.46, 0.54, 0.5, 0.58, 0.75, 0.54, 0.75, 0.42, 1.0, 1.0, 0.46, 1.0, 0.75, 0.58, 0.58]",35.94,"[5, 6, 13, 33, 40, 48]","[0.06, 0.07, 0.04, 0.01, 0.02, 0.05, 0.06, 0.09, 0.03, 0.03, 0.03, 0.07, 0.05, 0.09, 0.09, 0.09, 0.01, 0.01, 0.09, 0.04, 0.03, 0.01, 0.07, 0.08, 0.01, 0.06, 0.07, 0.07, 0.07, 0.01, 0.01, 0.03, 0.02, 0.04, 0.03, 0.09, 0.07, 0.08, 0.05, 0.02, 0.07, 0.04, 0.1, 0.01, 0.01, 0.09, 0.01, 0.02, 0.06, 0.05]",0.13,
10,Plurality,ATVA_1,50,4,"{'A': 21, 'C': 13, 'D': 10, 'B': 6}","[1.0, 1.0, 1.0, 0.46, 0.46, 1.0, 0.67, 1.0, 1.0, 1.0, 0.5, 0.88, 0.58, 1.0, 0.58, 0.58, 0.58, 1.0, 1.0, 1.0, 1.0, 1.0, 0.67, 1.0, 1.0, 1.0, 0.5, 0.58, 0.88, 0.42, 0.58, 0.58, 1.0, 1.0, 0.5, 1.0, 1.0, 1.0, 0.5, 0.46, 0.58, 0.75, 0.67, 0.46, 0.88, 0.58, 0.5, 0.58, 0.88, 0.75]",38.59,[],"[0.03, 0.01, 0.01, 0.09, 0.09, 0.03, 0.05, 0.0, 0.04, 0.03, 0.08, 0.01, 0.07, 0.03, 0.06, 0.07, 0.06, 0.01, 0.03, 0.03, 0.04, 0.04, 0.05, 0.01, 0.01, 0.03, 0.08, 0.07, 0.01, 0.1, 0.07, 0.07, 0.01, 0.03, 0.08, 0.03, 0.0, 0.0, 0.08, 0.09, 0.07, 0.03, 0.05, 0.09, 0.01, 0.05, 0.08, 0.07, 0.01, 0.04]",0,
11,Plurality,ATVA_1,50,4,"{'C': 18, 'B': 13, 'A': 10, 'D': 9}","[0.5, 0.58, 0.54, 0.58, 0.46, 1.0, 1.0, 0.54, 1.0, 0.75, 0.58, 0.58, 1.0, 0.46, 1.0, 1.0, 1.0, 0.58, 1.0, 0.88, 0.5, 0.75, 0.54, 1.0, 1.0, 0.79, 0.42, 1.0, 0.54, 1.0, 0.58, 0.54, 1.0, 0.58, 0.5, 0.58, 0.58, 1.0, 0.58, 1.0, 1.0, 0.79, 0.67, 0.88, 0.67, 0.46, 0.58, 1.0, 0.58, 1.0]",37.14,[],"[0.09, 0.07, 0.07, 0.06, 0.09, 0.01, 0.0, 0.07, 0.03, 0.04, 0.07, 0.06, 0.03, 0.09, 0.01, 0.01, 0.03, 0.05, 0.03, 0.01, 0.09, 0.02, 0.07, 0.01, 0.03, 0.03, 0.1, 0.01, 0.07, 0.01, 0.07, 0.07, 0.01, 0.07, 0.09, 0.06, 0.07, 0.0, 0.07, 0.03, 0.04, 0.03, 0.05, 0.01, 0.05, 0.09, 0.05, 0.04, 0.05, 0.01]",0,
12,Plurality,ATVA_1,50,4,"{'B': 15, 'D': 14, 'A': 13, 'C': 8}","[0.58, 1.0, 0.75, 0.67, 0.58, 1.0, 0.58, 0.54, 1.0, 0.46, 1.0, 0.75, 0.5, 0.54, 1.0, 0.79, 1.0, 0.58, 0.58, 0.75, 0.75, 0.67, 0.54, 0.46, 0.75, 1.0, 0.58, 0.46, 0.58, 0.75, 0.58, 1.0, 1.0, 1.0, 0.75, 1.0, 0.5, 1.0, 0.42, 0.46, 0.5, 1.0, 0.67, 1.0, 0.75, 0.88, 1.0, 0.5, 0.46, 0.54]",36.2,"[10, 14, 39, 49]","[0.07, 0.01, 0.04, 0.05, 0.05, 0.04, 0.05, 0.07, 0.01, 0.09, 0.01, 0.04, 0.09, 0.07, 0.01, 0.03, 0.03, 0.06, 0.06, 0.02, 0.02, 0.05, 0.07, 0.09, 0.02, 0.0, 0.06, 0.09, 0.07, 0.02, 0.06, 0.01, 0.03, 0.03, 0.02, 0.03, 0.08, 0.01, 0.1, 0.09, 0.09, 0.0, 0.05, 0.04, 0.03, 0.01, 0.04, 0.08, 0.09, 0.07]",0.11999999999999994,"[(10, 37), (10, 40), (10, 49), (49, 50), (14, 28), (39, 45), (14, 37), (10, 12), (39, 48), (14, 40), (10, 24), (14, 49), (10, 39), (10, 45), (10, 48), (14, 24), (10, 14), (39, 50), (10, 23), (14, 39), (14, 45), (14, 48), (10, 50), (14, 23), (39, 40), (39, 49), (10, 28), (14, 50)]"
13,Plurality,ATVA_1,50,4,"{'C': 18, 'D': 15, 'B': 12, 'A': 5}","[0.67, 1.0, 0.46, 0.46, 0.5, 1.0, 0.46, 1.0, 1.0, 1.0, 0.54, 0.75, 0.5, 0.5, 1.0, 0.75, 1.0, 0.79, 1.0, 0.54, 1.0, 0.58, 0.75, 0.88, 0.67, 1.0, 1.0, 0.75, 0.42, 0.67, 1.0, 0.58, 0.67, 1.0, 1.0, 0.58, 0.75, 0.79, 0.79, 0.75, 0.54, 0.67, 0.79, 0.46, 1.0, 0.88, 1.0, 1.0, 0.5, 1.0]",38.39,[],"[0.05, 0.03, 0.09, 0.09, 0.08, 0.0, 0.09, 0.0, 0.01, 0.03, 0.07, 0.03, 0.08, 0.09, 0.01, 0.04, 0.04, 0.03, 0.03, 0.07, 0.03, 0.05, 0.02, 0.01, 0.05, 0.01, 0.03, 0.03, 0.1, 0.05, 0.01, 0.06, 0.05, 0.03, 0.01, 0.07, 0.02, 0.03, 0.03, 0.04, 0.07, 0.05, 0.03, 0.09, 0.01, 0.01, 0.03, 0.01, 0.08, 0.01]",0,
14,Plurality,ATVA_1,50,4,"{'B': 15, 'A': 12, 'C': 12, 'D': 11}","[1.0, 0.75, 0.42, 0.54, 0.54, 1.0, 0.75, 1.0, 0.58, 1.0, 0.58, 0.54, 0.88, 0.58, 1.0, 1.0, 1.0, 1.0, 1.0, 0.75, 0.42, 0.46, 0.46, 0.58, 0.54, 0.46, 0.58, 1.0, 0.42, 1.0, 0.54, 0.88, 1.0, 0.58, 0.58, 0.88, 0.75, 0.58, 0.75, 0.5, 0.58, 0.75, 0.58, 0.75, 0.58, 0.75, 1.0, 0.75, 1.0, 1.0]",36.61,"[3, 4, 21, 23, 25, 26, 29]","[0.03, 0.03, 0.1, 0.07, 0.07, 0.03, 0.02, 0.0, 0.07, 0.0, 0.07, 0.07, 0.01, 0.05, 0.01, 0.04, 0.04, 0.01, 0.04, 0.04, 0.1, 0.09, 0.09, 0.06, 0.07, 0.09, 0.06, 0.03, 0.1, 0.0, 0.07, 0.01, 0.01, 0.07, 0.06, 0.01, 0.03, 0.06, 0.04, 0.08, 0.07, 0.02, 0.07, 0.04, 0.07, 0.03, 0.0, 0.02, 0.03, 0.01]",0.11999999999999994,"[(25, 29), (3, 4), (26, 39), (4, 12), (21, 22), (25, 44), (21, 25), (4, 21), (21, 31), (3, 25), (29, 44), (23, 25), (3, 22), (21, 40), (23, 31), (21, 37), (23, 37), (3, 31), (3, 37), (23, 40), (21, 46), (3, 40), (4, 39), (23, 46), (3, 46), (25, 31), (4, 5), (25, 40), (26, 29), (25, 37), (4, 14), (3, 12), (26, 44), (25, 46), (29, 31), (29, 37), (3, 21), (29, 40), (4, 20), (4, 26), (4, 23), (4, 29), (21, 39), (29, 46), (23, 39), (3, 39), (4, 44), (3, 5), (21, 23), (25, 39), (26, 31), (21, 26), (3, 14), (26, 37), (26, 40), (21, 29), (23, 26), (3, 23), (26, 46), (4, 22), (3, 20), (3, 26), (23, 29), (4, 25), (4, 31), (3, 29), (23, 44), (29, 39), (21, 44), (4, 40), (3, 44), (4, 37), (4, 46), (25, 26)]"
15,Plurality,ATVA_1,50,4,"{'A': 15, 'D': 13, 'B': 11, 'C': 11}","[1.0, 1.0, 0.54, 0.88, 0.58, 1.0, 0.5, 0.46, 0.5, 0.75, 1.0, 1.0, 0.75, 1.0, 0.42, 1.0, 0.5, 0.42, 1.0, 0.79, 1.0, 0.54, 0.88, 0.58, 0.42, 0.46, 1.0, 1.0, 0.67, 0.75, 0.54, 0.5, 0.58, 1.0, 0.46, 0.58, 1.0, 0.79, 0.58, 0.58, 0.67, 0.75, 1.0, 0.75, 1.0, 0.67, 0.58, 0.58, 0.46, 0.75]",36.21,"[29, 41, 46]","[0.03, 0.04, 0.07, 0.01, 0.07, 0.01, 0.08, 0.09, 0.08, 0.03, 0.01, 0.03, 0.02, 0.0, 0.1, 0.01, 0.09, 0.1, 0.04, 0.03, 0.01, 0.07, 0.01, 0.07, 0.1, 0.09, 0.04, 0.0, 0.05, 0.03, 0.07, 0.09, 0.06, 0.01, 0.09, 0.07, 0.0, 0.03, 0.06, 0.07, 0.05, 0.03, 0.0, 0.02, 0.01, 0.05, 0.05, 0.07, 0.09, 0.04]",0.07999999999999996,"[(29, 49), (46, 49), (29, 46), (41, 49), (29, 36), (41, 46), (29, 35), (29, 32), (29, 41), (29, 31)]"
16,Plurality,ATVA_1,50,4,"{'C': 13, 'D': 13, 'A': 12, 'B': 12}","[0.54, 1.0, 0.88, 0.54, 1.0, 0.42, 0.54, 1.0, 1.0, 0.79, 0.58, 1.0, 0.5, 0.46, 0.75, 0.54, 1.0, 0.88, 0.58, 0.54, 0.54, 0.75, 1.0, 0.75, 0.67, 0.88, 0.58, 0.58, 1.0, 0.75, 0.58, 1.0, 0.5, 0.5, 0.46, 0.54, 1.0, 1.0, 0.46, 1.0, 0.54, 0.46, 0.42, 0.58, 0.67, 0.79, 0.5, 1.0, 0.58, 0.5]",35.12,"[1, 4, 6, 13, 14, 16, 33, 34, 35, 36, 39, 42, 43, 47, 50]","[0.07, 0.01, 0.01, 0.07, 0.0, 0.1, 0.07, 0.03, 0.01, 0.03, 0.07, 0.0, 0.08, 0.09, 0.04, 0.07, 0.04, 0.01, 0.05, 0.07, 0.07, 0.03, 0.04, 0.02, 0.05, 0.01, 0.06, 0.07, 0.01, 0.03, 0.07, 0.04, 0.09, 0.09, 0.09, 0.07, 0.0, 0.04, 0.09, 0.01, 0.07, 0.09, 0.1, 0.07, 0.05, 0.03, 0.08, 0.0, 0.06, 0.09]",0.12000000000000005,"[(6, 18), (16, 20), (13, 33), (43, 46), (33, 45), (13, 42), (35, 42), (16, 47), (39, 42), (14, 22), (4, 30), (4, 39), (1, 15), (6, 11), (6, 20), (16, 22), (13, 35), (42, 50), (1, 42), (14, 15), (6, 41), (6, 50), (14, 33), (14, 42), (4, 41), (6, 13), (42, 43), (1, 35), (16, 42), (6, 34), (6, 43), (14, 35), (4, 43), (36, 41), (1, 19), (47, 50), (42, 45), (33, 42), (16, 35), (6, 27), (6, 36), (14, 19), (6, 45), (4, 36), (13, 14), (34, 46), (36, 43), (1, 21), (16, 19), (33, 35), (1, 30), (42, 47), (33, 44), (1, 39), (39, 41), (14, 21), (4, 20), (6, 47), (14, 30), (34, 39), (1, 14), (13, 16), (4, 47), (16, 21), (16, 30), (42, 49), (6, 22), (6, 31), (43, 50), (4, 13), (4, 22), (1, 7), (34, 41), (1, 16), (34, 50), (36, 47), (6, 15), (6, 24), (4, 6), (13, 39), (35, 39), (6, 33), (14, 16), (4, 15), (6, 42), (34, 43), (47, 49), (6, 26), (43, 45), (35, 41), (6, 35), (13, 50), (35, 50), (6, 44), (4, 35), (39, 50), (34, 45), (36, 42), (1, 20), (14, 39), (6, 10), (13, 25), (6, 19), (13, 34), (6, 28), (43, 47), (33, 46), (1, 41), (13, 43), (35, 43), (16, 39), (4, 19), (6, 46), (39, 43), (1, 4), (1, 13), (14, 41), (14, 50), (6, 21), (33, 39), (13, 36), (35, 36), (6, 30), (1, 43), (13, 45), (6, 39), (16, 41), (4, 21), (35, 45), (1, 6), (14, 34), (14, 43), (4, 42), (6, 14), (33, 41), (1, 36), (4, 14), (13, 47), (33, 50), (35, 47), (16, 43), (39, 47), (34, 42), (36, 39), (14, 36), (6, 7), (6, 16), (33, 34), (6, 25), (43, 44), (4, 7), (33, 43), (16, 36), (4, 16), (1, 47), (13, 49), (35, 49), (14, 20), (34, 35), (34, 44), (14, 47), (1, 22)]"
17,Plurality,ATVA_1,50,4,"{'D': 15, 'A': 13, 'B': 13, 'C': 9}","[1.0, 1.0, 0.79, 0.54, 0.5, 0.58, 1.0, 0.42, 0.75, 0.75, 0.58, 0.79, 1.0, 0.88, 0.58, 0.5, 0.79, 1.0, 1.0, 0.5, 0.54, 0.58, 1.0, 0.58, 1.0, 1.0, 0.67, 1.0, 0.46, 1.0, 0.46, 0.88, 0.58, 0.58, 0.75, 0.46, 0.88, 0.54, 0.54, 0.5, 0.46, 0.5, 1.0, 1.0, 0.5, 1.0, 0.75, 0.75, 0.58, 1.0]",36.49,"[8, 21, 36, 39]","[0.01, 0.04, 0.03, 0.07, 0.09, 0.06, 0.03, 0.1, 0.04, 0.04, 0.07, 0.03, 0.01, 0.01, 0.07, 0.08, 0.03, 0.0, 0.0, 0.08, 0.07, 0.06, 0.0, 0.07, 0.01, 0.0, 0.05, 0.04, 0.09, 0.01, 0.09, 0.01, 0.05, 0.07, 0.02, 0.09, 0.01, 0.07, 0.07, 0.09, 0.09, 0.08, 0.03, 0.04, 0.09, 0.03, 0.03, 0.04, 0.06, 0.03]",0.11999999999999994,"[(21, 31), (8, 9), (39, 42), (8, 21), (39, 48), (8, 33), (8, 36), (8, 42), (8, 39), (8, 48), (39, 41), (21, 33), (21, 36), (21, 42), (39, 47), (21, 39), (36, 41), (36, 39), (21, 48), (8, 20), (36, 42), (8, 29), (8, 38), (36, 48), (8, 41), (8, 47), (21, 29), (21, 38), (8, 10), (8, 16), (21, 41), (21, 47), (36, 38), (8, 31), (36, 47)]"
18,Plurality,ATVA_1,50,4,"{'D': 18, 'A': 15, 'C': 13, 'B': 4}","[0.88, 1.0, 0.58, 0.75, 0.58, 0.67, 0.42, 0.46, 0.79, 0.75, 0.54, 0.75, 0.75, 0.67, 1.0, 0.75, 0.58, 1.0, 1.0, 1.0, 0.75, 0.54, 0.75, 1.0, 0.88, 1.0, 0.58, 1.0, 0.79, 0.54, 1.0, 0.75, 0.75, 0.58, 0.54, 1.0, 1.0, 0.75, 0.88, 1.0, 1.0, 1.0, 1.0, 1.0, 0.5, 0.75, 0.75, 1.0, 0.5, 1.0]",39.5,[],"[0.01, 0.03, 0.07, 0.03, 0.06, 0.05, 0.1, 0.09, 0.03, 0.02, 0.07, 0.02, 0.03, 0.05, 0.0, 0.04, 0.06, 0.04, 0.01, 0.0, 0.02, 0.07, 0.02, 0.03, 0.01, 0.01, 0.05, 0.01, 0.03, 0.07, 0.03, 0.03, 0.02, 0.07, 0.07, 0.04, 0.04, 0.03, 0.01, 0.04, 0.03, 0.0, 0.04, 0.0, 0.09, 0.04, 0.02, 0.0, 0.08, 0.03]",0,
19,Plurality,ATVA_1,50,4,"{'B': 17, 'C': 13, 'A': 12, 'D': 8}","[1.0, 0.5, 1.0, 0.5, 0.67, 0.75, 0.54, 1.0, 0.79, 0.75, 0.58, 1.0, 0.75, 0.58, 0.67, 1.0, 0.54, 0.58, 1.0, 1.0, 0.5, 1.0, 1.0, 1.0, 1.0, 1.0, 0.75, 0.79, 0.58, 0.88, 0.46, 0.5, 1.0, 1.0, 0.79, 0.75, 0.75, 1.0, 1.0, 1.0, 0.5, 0.67, 0.75, 0.58, 0.5, 0.79, 0.79, 0.5, 0.58, 0.75]",38.36,"[17, 31]","[0.03, 0.09, 0.03, 0.08, 0.05, 0.04, 0.07, 0.01, 0.03, 0.02, 0.06, 0.03, 0.03, 0.05, 0.05, 0.01, 0.07, 0.07, 0.03, 0.03, 0.08, 0.0, 0.03, 0.03, 0.0, 0.03, 0.03, 0.03, 0.07, 0.01, 0.09, 0.09, 0.03, 0.03, 0.03, 0.04, 0.04, 0.01, 0.01, 0.0, 0.09, 0.05, 0.04, 0.05, 0.09, 0.03, 0.03, 0.08, 0.07, 0.02]",0.11999999999999994,"[(17, 36), (31, 43), (31, 36), (17, 48), (31, 37), (31, 44), (17, 31), (17, 37), (17, 21), (17, 44), (31, 48), (17, 43), (17, 27)]"
20,Plurality,ATVA_3,50,4,"{'A': 15, 'C': 14, 'B': 11, 'D': 10}","[0.88, 1.0, 0.5, 0.58, 0.75, 0.58, 0.54, 0.75, 1.0, 0.58, 0.5, 0.42, 0.79, 0.58, 1.0, 1.0, 1.0, 1.0, 0.54, 0.54, 1.0, 0.79, 1.0, 0.75, 0.58, 1.0, 1.0, 0.58, 0.75, 0.5, 0.58, 0.58, 0.75, 0.46, 1.0, 0.58, 0.67, 0.75, 0.79, 1.0, 0.58, 0.5, 1.0, 0.58, 1.0, 0.67, 0.75, 0.54, 1.0, 0.54]",36.8,"[3, 4, 5, 11, 12, 13, 14, 20, 28, 32, 34, 36, 37, 41, 42, 46, 48, 50]","[0.01, 0.01, 0.03, 0.03, 0.03, 0.1, 0.08, 0.08, 0.01, 0.06, 0.04, 0.09, 0.01, 0.04, 0.01, 0.01, 0.01, 0.01, 0.09, 0.03, 0.03, 0.06, 0.03, 0.03, 0.09, 0.04, 0.01, 0.02, 0.09, 0.09, 0.07, 0.03, 0.02, 0.08, 0.0, 0.01, 0.02, 0.08, 0.03, 0.01, 0.03, 0.07, 0.03, 0.07, 0.03, 0.01, 0.05, 0.07, 0.03, 0.06]",0,
21,Plurality,ATVA_3,50,4,"{'B': 16, 'C': 13, 'D': 11, 'A': 10}","[0.42, 0.58, 1.0, 1.0, 0.58, 0.75, 0.5, 0.46, 0.58, 1.0, 1.0, 1.0, 0.75, 0.58, 0.5, 1.0, 0.75, 0.88, 0.58, 1.0, 0.67, 0.58, 0.58, 1.0, 0.58, 0.58, 0.58, 0.58, 1.0, 1.0, 0.75, 0.58, 0.58, 0.5, 0.75, 1.0, 1.0, 0.75, 1.0, 0.75, 0.46, 0.75, 0.54, 0.88, 0.54, 0.79, 1.0, 1.0, 1.0, 0.67]",37.35,"[1, 5, 7, 14, 15, 22, 28, 32, 50]","[0.07, 0.07, 0.03, 0.01, 0.05, 0.07, 0.07, 0.09, 0.06, 0.03, 0.01, 0.03, 0.07, 0.02, 0.07, 0.03, 0.05, 0.05, 0.07, 0.03, 0.07, 0.03, 0.09, 0.0, 0.07, 0.08, 0.1, 0.05, 0.03, 0.04, 0.06, 0.05, 0.06, 0.1, 0.05, 0.01, 0.01, 0.09, 0.03, 0.08, 0.08, 0.06, 0.08, 0.06, 0.09, 0.06, 0.01, 0.04, 0.01, 0.02]",0.13,
22,Plurality,ATVA_3,50,4,"{'A': 17, 'D': 13, 'C': 12, 'B': 8}","[1.0, 0.67, 1.0, 0.75, 1.0, 0.58, 0.75, 0.58, 0.42, 0.58, 0.79, 1.0, 1.0, 0.58, 1.0, 1.0, 0.58, 1.0, 0.46, 0.75, 1.0, 0.58, 1.0, 0.75, 0.79, 0.5, 0.88, 0.75, 0.58, 1.0, 1.0, 0.58, 0.75, 1.0, 0.46, 1.0, 0.58, 0.88, 0.58, 0.75, 0.75, 0.5, 1.0, 1.0, 0.79, 0.42, 0.58, 1.0, 0.75, 0.58]",38.269999999999996,"[9, 19, 26, 35, 42, 46, 50]","[0.03, 0.02, 0.04, 0.05, 0.01, 0.02, 0.09, 0.07, 0.07, 0.05, 0.02, 0.04, 0.03, 0.05, 0.0, 0.04, 0.06, 0.0, 0.09, 0.05, 0.03, 0.07, 0.01, 0.07, 0.05, 0.09, 0.01, 0.02, 0.07, 0.03, 0.04, 0.08, 0.07, 0.0, 0.04, 0.04, 0.06, 0.03, 0.07, 0.05, 0.05, 0.03, 0.04, 0.01, 0.02, 0.07, 0.07, 0.03, 0.04, 0.01]",0.11999999999999994,
23,Plurality,ATVA_3,50,4,"{'A': 17, 'D': 16, 'B': 9, 'C': 8}","[1.0, 0.75, 0.67, 1.0, 0.58, 0.88, 0.75, 0.75, 0.75, 0.42, 0.58, 0.46, 1.0, 1.0, 0.58, 1.0, 1.0, 1.0, 1.0, 1.0, 0.46, 0.88, 0.75, 0.58, 1.0, 0.79, 1.0, 0.42, 1.0, 0.54, 0.75, 0.58, 0.88, 0.58, 0.46, 0.58, 0.54, 0.58, 0.54, 1.0, 1.0, 0.58, 0.54, 1.0, 0.58, 0.58, 0.75, 1.0, 0.67, 1.0]",37.78,"[3, 9, 10, 12, 15, 21, 23, 26, 28, 30, 31, 34, 35, 39, 42, 43, 47, 49]","[0.03, 0.05, 0.02, 0.0, 0.09, 0.07, 0.08, 0.05, 0.03, 0.07, 0.09, 0.03, 0.03, 0.0, 0.02, 0.0, 0.01, 0.01, 0.0, 0.04, 0.05, 0.03, 0.03, 0.05, 0.0, 0.01, 0.03, 0.07, 0.0, 0.05, 0.01, 0.06, 0.06, 0.03, 0.05, 0.06, 0.07, 0.07, 0.03, 0.01, 0.03, 0.02, 0.03, 0.03, 0.07, 0.07, 0.03, 0.03, 0.01, 0.01]",0,
24,Plurality,ATVA_3,50,4,"{'B': 15, 'D': 14, 'A': 13, 'C': 8}","[0.67, 1.0, 1.0, 0.54, 0.54, 1.0, 0.75, 0.42, 0.46, 1.0, 0.88, 0.79, 0.75, 0.75, 1.0, 0.46, 0.54, 1.0, 1.0, 0.46, 1.0, 1.0, 1.0, 0.75, 1.0, 0.79, 0.88, 0.54, 0.75, 0.5, 0.46, 0.88, 0.42, 0.67, 0.58, 0.46, 0.54, 0.88, 0.46, 0.75, 1.0, 0.75, 0.54, 1.0, 0.58, 0.79, 1.0, 0.75, 1.0, 0.42]",37.15,"[1, 4, 5, 8, 9, 16, 20, 31, 33, 36, 37, 39, 50]","[0.03, 0.04, 0.01, 0.05, 0.03, 0.03, 0.05, 0.09, 0.09, 0.01, 0.07, 0.07, 0.05, 0.07, 0.03, 0.08, 0.08, 0.03, 0.04, 0.04, 0.03, 0.03, 0.01, 0.05, 0.01, 0.07, 0.06, 0.09, 0.02, 0.08, 0.05, 0.03, 0.06, 0.06, 0.07, 0.03, 0.07, 0.02, 0.09, 0.03, 0.01, 0.05, 0.08, 0.0, 0.07, 0.01, 0.03, 0.06, 0.01, 0.07]",0.11999999999999994,
25,Plurality,ATVA_3,50,4,"{'A': 19, 'D': 12, 'C': 11, 'B': 8}","[1.0, 1.0, 0.58, 0.58, 1.0, 1.0, 0.88, 1.0, 0.75, 0.58, 0.67, 1.0, 0.67, 0.75, 0.5, 0.58, 0.75, 0.58, 0.75, 0.58, 0.58, 0.58, 0.67, 0.58, 0.75, 0.58, 1.0, 1.0, 0.67, 1.0, 1.0, 0.5, 0.5, 1.0, 0.46, 1.0, 0.75, 0.58, 1.0, 1.0, 0.67, 0.79, 0.75, 0.75, 1.0, 0.5, 1.0, 1.0, 1.0, 1.0]",38.86,"[29, 33, 35, 38, 46]","[0.03, 0.04, 0.07, 0.05, 0.03, 0.0, 0.02, 0.04, 0.02, 0.07, 0.07, 0.01, 0.05, 0.05, 0.08, 0.02, 0.02, 0.05, 0.08, 0.07, 0.07, 0.07, 0.02, 0.06, 0.08, 0.07, 0.04, 0.04, 0.03, 0.03, 0.03, 0.08, 0.07, 0.03, 0.03, 0.03, 0.04, 0.03, 0.01, 0.03, 0.07, 0.03, 0.05, 0.03, 0.03, 0.05, 0.04, 0.04, 0.04, 0.04]",0,
26,Plurality,ATVA_3,50,4,"{'A': 14, 'C': 13, 'B': 12, 'D': 11}","[0.58, 0.75, 0.5, 0.58, 0.75, 1.0, 0.67, 0.5, 1.0, 0.58, 1.0, 1.0, 1.0, 0.75, 1.0, 0.54, 0.42, 0.75, 0.46, 0.54, 0.58, 1.0, 1.0, 0.58, 0.58, 0.75, 0.58, 0.75, 0.75, 0.58, 1.0, 0.58, 0.54, 0.67, 0.67, 1.0, 0.67, 0.75, 0.5, 0.46, 0.75, 0.88, 1.0, 1.0, 0.54, 1.0, 0.58, 0.58, 0.54, 1.0]",36.23,"[3, 8, 16, 17, 19, 20, 21, 24, 27, 30, 33, 34, 37, 39, 40, 45]","[0.05, 0.05, 0.06, 0.09, 0.01, 0.03, 0.07, 0.03, 0.01, 0.1, 0.04, 0.0, 0.03, 0.04, 0.03, 0.04, 0.09, 0.01, 0.09, 0.07, 0.01, 0.03, 0.0, 0.04, 0.07, 0.03, 0.03, 0.09, 0.08, 0.01, 0.01, 0.07, 0.07, 0.01, 0.02, 0.01, 0.03, 0.02, 0.06, 0.08, 0.03, 0.02, 0.01, 0.04, 0.09, 0.01, 0.09, 0.07, 0.09, 0.03]",0.11999999999999994,
27,Plurality,ATVA_3,50,4,"{'C': 16, 'A': 15, 'D': 10, 'B': 9}","[0.88, 0.58, 0.58, 1.0, 0.5, 0.88, 1.0, 1.0, 0.58, 0.79, 1.0, 0.58, 1.0, 0.88, 0.75, 0.58, 0.58, 0.88, 1.0, 0.58, 0.79, 0.58, 0.46, 1.0, 0.58, 1.0, 0.54, 0.88, 0.46, 1.0, 1.0, 0.46, 0.75, 0.58, 0.58, 0.58, 0.58, 0.75, 1.0, 1.0, 0.88, 0.54, 1.0, 1.0, 1.0, 0.54, 0.58, 0.58, 1.0, 0.58]",37.89,"[2, 5, 22, 25, 27, 29, 35, 46]","[0.05, 0.05, 0.07, 0.03, 0.07, 0.07, 0.0, 0.01, 0.04, 0.07, 0.01, 0.07, 0.0, 0.07, 0.07, 0.09, 0.06, 0.05, 0.01, 0.07, 0.05, 0.05, 0.09, 0.0, 0.05, 0.03, 0.04, 0.06, 0.07, 0.01, 0.01, 0.09, 0.07, 0.07, 0.05, 0.06, 0.07, 0.09, 0.03, 0.01, 0.05, 0.09, 0.0, 0.03, 0.03, 0.07, 0.06, 0.07, 0.0, 0.08]",0.13,
28,Plurality,ATVA_3,50,4,"{'C': 19, 'A': 12, 'D': 12, 'B': 7}","[0.58, 1.0, 0.46, 0.58, 0.54, 0.46, 1.0, 0.58, 0.75, 0.58, 1.0, 0.88, 0.54, 0.75, 1.0, 1.0, 0.75, 1.0, 0.58, 0.5, 1.0, 1.0, 0.88, 0.75, 0.75, 1.0, 0.75, 0.88, 0.46, 0.58, 0.58, 0.5, 1.0, 1.0, 0.42, 1.0, 0.58, 0.75, 1.0, 1.0, 1.0, 0.46, 1.0, 0.79, 0.42, 1.0, 0.58, 1.0, 0.75, 1.0]",38.410000000000004,"[3, 6, 13, 20, 29, 35, 42, 45]","[0.06, 0.03, 0.04, 0.05, 0.07, 0.06, 0.0, 0.09, 0.09, 0.05, 0.01, 0.03, 0.07, 0.04, 0.04, 0.01, 0.04, 0.03, 0.07, 0.07, 0.01, 0.04, 0.05, 0.06, 0.07, 0.01, 0.07, 0.05, 0.03, 0.05, 0.07, 0.09, 0.03, 0.0, 0.07, 0.03, 0.06, 0.05, 0.01, 0.04, 0.01, 0.09, 0.01, 0.06, 0.07, 0.0, 0.06, 0.03, 0.04, 0.01]",0.11999999999999994,
29,Plurality,ATVA_3,50,4,"{'B': 20, 'D': 13, 'C': 12, 'A': 5}","[0.67, 0.58, 0.67, 0.5, 0.5, 0.58, 1.0, 1.0, 1.0, 0.58, 0.58, 0.46, 1.0, 0.58, 1.0, 1.0, 0.75, 0.5, 0.42, 0.46, 0.58, 1.0, 1.0, 1.0, 0.58, 0.5, 0.58, 0.58, 0.79, 1.0, 1.0, 1.0, 0.58, 0.67, 0.75, 1.0, 1.0, 0.58, 0.75, 1.0, 0.88, 1.0, 1.0, 0.58, 1.0, 0.46, 1.0, 0.5, 1.0, 0.58]",37.769999999999996,"[4, 5, 12, 19, 28]","[0.07, 0.09, 0.05, 0.07, 0.06, 0.05, 0.01, 0.04, 0.0, 0.05, 0.05, 0.08, 0.01, 0.08, 0.03, 0.03, 0.05, 0.08, 0.07, 0.09, 0.05, 0.0, 0.03, 0.0, 0.08, 0.09, 0.07, 0.04, 0.03, 0.03, 0.04, 0.03, 0.05, 0.07, 0.05, 0.01, 0.01, 0.06, 0.09, 0.03, 0.05, 0.04, 0.01, 0.06, 0.01, 0.09, 0.01, 0.09, 0.03, 0.05]",0.08000000000000002,
30,Plurality,ATVA_4,50,4,"{'D': 15, 'C': 13, 'A': 12, 'B': 10}","[1.0, 1.0, 1.0, 0.58, 0.58, 0.46, 0.58, 1.0, 0.58, 0.75, 0.75, 0.75, 0.67, 1.0, 0.54, 1.0, 0.79, 1.0, 0.42, 1.0, 1.0, 0.46, 0.58, 0.5, 0.42, 0.75, 0.75, 0.58, 0.58, 0.75, 0.58, 0.58, 1.0, 0.75, 1.0, 1.0, 0.42, 0.58, 1.0, 1.0, 0.46, 0.75, 1.0, 0.75, 0.58, 0.75, 0.58, 0.58, 0.88, 0.79]",36.85,"[6, 19, 25, 37, 41]","[0.03, 0.03, 0.04, 0.06, 0.07, 0.09, 0.07, 0.04, 0.05, 0.02, 0.02, 0.02, 0.05, 0.01, 0.07, 0.03, 0.03, 0.04, 0.1, 0.03, 0.01, 0.09, 0.06, 0.09, 0.1, 0.04, 0.04, 0.06, 0.06, 0.04, 0.06, 0.05, 0.01, 0.03, 0.04, 0.01, 0.1, 0.05, 0.03, 0.03, 0.09, 0.03, 0.03, 0.03, 0.07, 0.04, 0.07, 0.06, 0.01, 0.03]",0.11999999999999994,
31,Plurality,ATVA_4,50,4,"{'B': 15, 'C': 12, 'D': 12, 'A': 11}","[0.5, 1.0, 1.0, 0.42, 1.0, 0.75, 0.58, 0.67, 1.0, 0.58, 0.58, 1.0, 0.46, 1.0, 0.88, 1.0, 1.0, 0.46, 0.42, 0.79, 0.42, 0.58, 0.58, 0.75, 1.0, 0.5, 0.46, 1.0, 0.46, 0.58, 1.0, 0.5, 0.88, 0.75, 0.58, 0.58, 0.58, 1.0, 0.54, 1.0, 1.0, 0.58, 0.5, 1.0, 0.5, 0.54, 0.75, 0.75, 0.54, 0.58]",35.57,"[1, 4, 13, 18, 19, 21, 26, 27, 29, 43, 45, 46, 49]","[0.08, 0.01, 0.01, 0.1, 0.01, 0.02, 0.07, 0.05, 0.01, 0.07, 0.07, 0.01, 0.09, 0.01, 0.01, 0.01, 0.01, 0.09, 0.1, 0.03, 0.1, 0.05, 0.05, 0.04, 0.04, 0.08, 0.09, 0.04, 0.09, 0.07, 0.03, 0.09, 0.01, 0.03, 0.07, 0.07, 0.07, 0.03, 0.07, 0.01, 0.0, 0.07, 0.08, 0.03, 0.08, 0.07, 0.04, 0.02, 0.07, 0.06]",0.11999999999999994,
32,Plurality,ATVA_4,50,4,"{'B': 18, 'C': 13, 'D': 13, 'A': 6}","[0.54, 1.0, 0.58, 0.58, 1.0, 1.0, 1.0, 1.0, 0.79, 1.0, 1.0, 0.75, 0.5, 0.58, 0.42, 0.58, 0.75, 1.0, 0.42, 1.0, 0.46, 0.5, 0.75, 0.58, 0.58, 1.0, 0.75, 1.0, 0.75, 0.54, 0.5, 0.58, 0.67, 1.0, 1.0, 0.54, 0.54, 0.5, 1.0, 0.75, 1.0, 0.58, 0.75, 1.0, 0.58, 0.88, 0.79, 1.0, 0.46, 1.0]",37.52,"[15, 19, 30, 36]","[0.07, 0.0, 0.07, 0.07, 0.03, 0.03, 0.03, 0.03, 0.03, 0.0, 0.04, 0.02, 0.08, 0.07, 0.1, 0.07, 0.03, 0.03, 0.1, 0.03, 0.09, 0.08, 0.03, 0.06, 0.06, 0.04, 0.02, 0.01, 0.03, 0.07, 0.09, 0.05, 0.05, 0.01, 0.03, 0.07, 0.07, 0.08, 0.03, 0.02, 0.03, 0.07, 0.04, 0.01, 0.05, 0.01, 0.03, 0.03, 0.09, 0.03]",0.08000000000000002,
33,Plurality,ATVA_4,50,4,"{'A': 16, 'C': 13, 'B': 11, 'D': 10}","[1.0, 0.58, 1.0, 1.0, 1.0, 0.46, 0.5, 0.58, 0.67, 0.79, 0.79, 1.0, 1.0, 0.88, 0.88, 0.5, 0.5, 0.75, 1.0, 1.0, 0.58, 1.0, 0.58, 1.0, 1.0, 1.0, 1.0, 0.54, 0.58, 1.0, 0.75, 0.58, 1.0, 0.75, 0.67, 0.5, 0.79, 0.75, 0.54, 0.75, 0.75, 0.75, 1.0, 0.88, 0.58, 0.46, 0.42, 0.58, 0.88, 0.5]",38.04,[],"[0.04, 0.06, 0.0, 0.01, 0.01, 0.09, 0.08, 0.06, 0.05, 0.03, 0.03, 0.0, 0.0, 0.01, 0.01, 0.08, 0.09, 0.02, 0.04, 0.03, 0.06, 0.04, 0.07, 0.01, 0.04, 0.0, 0.01, 0.07, 0.05, 0.03, 0.02, 0.07, 0.0, 0.03, 0.05, 0.09, 0.03, 0.04, 0.07, 0.04, 0.04, 0.03, 0.0, 0.01, 0.06, 0.09, 0.1, 0.07, 0.01, 0.09]",0,
34,Plurality,ATVA_4,50,4,"{'A': 15, 'B': 14, 'D': 12, 'C': 9}","[0.5, 0.58, 0.79, 0.54, 1.0, 1.0, 0.5, 0.75, 0.58, 0.5, 1.0, 0.88, 0.79, 0.79, 0.67, 0.58, 0.46, 1.0, 0.46, 0.75, 0.58, 0.75, 1.0, 0.75, 0.58, 0.67, 1.0, 0.58, 0.5, 0.75, 0.54, 0.42, 1.0, 0.46, 0.75, 0.54, 0.75, 1.0, 0.75, 1.0, 0.5, 0.46, 1.0, 1.0, 0.42, 0.79, 1.0, 1.0, 1.0, 1.0]",36.66,[],"[0.08, 0.06, 0.03, 0.07, 0.04, 0.0, 0.08, 0.04, 0.07, 0.08, 0.0, 0.01, 0.03, 0.03, 0.05, 0.07, 0.09, 0.0, 0.09, 0.02, 0.07, 0.02, 0.04, 0.03, 0.06, 0.05, 0.04, 0.07, 0.09, 0.04, 0.07, 0.1, 0.04, 0.09, 0.02, 0.07, 0.03, 0.01, 0.02, 0.04, 0.08, 0.09, 0.03, 0.01, 0.1, 0.03, 0.01, 0.04, 0.01, 0.0]",0,
35,Plurality,ATVA_4,50,4,"{'B': 16, 'D': 14, 'A': 13, 'C': 7}","[0.5, 0.58, 1.0, 1.0, 1.0, 0.46, 0.67, 0.88, 1.0, 0.5, 0.5, 0.67, 0.58, 0.58, 0.58, 1.0, 0.88, 1.0, 0.88, 0.58, 0.58, 1.0, 1.0, 0.75, 0.58, 1.0, 0.46, 0.54, 0.46, 0.75, 1.0, 0.46, 0.75, 0.5, 0.79, 1.0, 1.0, 0.42, 0.79, 0.75, 0.58, 1.0, 0.88, 1.0, 0.58, 0.54, 0.67, 1.0, 0.75, 1.0]",37.42,"[6, 38]","[0.09, 0.05, 0.04, 0.04, 0.01, 0.09, 0.05, 0.01, 0.04, 0.08, 0.09, 0.05, 0.07, 0.07, 0.06, 0.01, 0.01, 0.01, 0.01, 0.07, 0.07, 0.04, 0.03, 0.04, 0.07, 0.03, 0.09, 0.07, 0.09, 0.02, 0.03, 0.09, 0.03, 0.08, 0.03, 0.03, 0.04, 0.1, 0.03, 0.03, 0.05, 0.03, 0.01, 0.0, 0.06, 0.07, 0.05, 0.03, 0.04, 0.04]",0.11999999999999994,
36,Plurality,ATVA_4,50,4,"{'A': 16, 'C': 13, 'D': 11, 'B': 10}","[1.0, 1.0, 1.0, 0.58, 0.75, 0.58, 0.75, 0.75, 1.0, 0.79, 0.75, 1.0, 0.67, 0.5, 0.5, 1.0, 0.5, 0.54, 0.5, 0.88, 0.58, 0.67, 0.79, 0.54, 0.75, 0.46, 1.0, 0.5, 0.58, 0.58, 1.0, 1.0, 0.46, 0.58, 0.42, 1.0, 0.46, 1.0, 1.0, 0.46, 0.46, 1.0, 1.0, 1.0, 0.58, 0.54, 0.75, 1.0, 0.58, 0.67]",36.45,"[5, 8, 13, 22, 50]","[0.03, 0.03, 0.04, 0.06, 0.02, 0.05, 0.04, 0.02, 0.03, 0.03, 0.04, 0.04, 0.05, 0.08, 0.09, 0.03, 0.09, 0.07, 0.08, 0.01, 0.06, 0.05, 0.03, 0.07, 0.03, 0.09, 0.03, 0.09, 0.07, 0.06, 0.04, 0.0, 0.09, 0.07, 0.1, 0.01, 0.09, 0.0, 0.04, 0.09, 0.09, 0.03, 0.01, 0.01, 0.07, 0.07, 0.04, 0.04, 0.07, 0.05]",0.13,
37,Plurality,ATVA_4,50,4,"{'C': 16, 'B': 13, 'D': 12, 'A': 9}","[0.58, 1.0, 1.0, 0.42, 0.75, 0.88, 1.0, 1.0, 1.0, 0.58, 0.46, 0.5, 1.0, 1.0, 0.42, 0.5, 0.58, 1.0, 1.0, 0.79, 0.88, 0.67, 0.58, 0.75, 1.0, 0.54, 1.0, 1.0, 0.54, 1.0, 0.88, 0.54, 0.88, 0.46, 0.46, 1.0, 1.0, 0.54, 0.54, 0.58, 0.54, 0.42, 0.58, 0.58, 0.58, 1.0, 0.46, 0.75, 0.75, 0.46]",36.419999999999995,[],"[0.06, 0.04, 0.04, 0.1, 0.03, 0.01, 0.03, 0.01, 0.01, 0.06, 0.09, 0.09, 0.04, 0.03, 0.1, 0.08, 0.07, 0.01, 0.01, 0.03, 0.01, 0.05, 0.07, 0.03, 0.03, 0.07, 0.04, 0.01, 0.07, 0.03, 0.01, 0.07, 0.01, 0.09, 0.09, 0.01, 0.0, 0.07, 0.07, 0.07, 0.07, 0.1, 0.07, 0.06, 0.07, 0.01, 0.09, 0.03, 0.03, 0.09]",0,
38,Plurality,ATVA_4,50,4,"{'B': 16, 'D': 15, 'C': 11, 'A': 8}","[0.46, 1.0, 0.5, 0.88, 0.88, 1.0, 0.46, 0.79, 0.58, 0.54, 0.54, 0.5, 0.79, 1.0, 1.0, 0.5, 0.58, 0.5, 0.54, 1.0, 0.46, 0.5, 0.75, 0.58, 1.0, 1.0, 0.58, 0.67, 1.0, 1.0, 0.79, 0.58, 0.67, 1.0, 1.0, 1.0, 0.58, 0.58, 0.58, 0.58, 0.88, 1.0, 0.5, 1.0, 1.0, 0.58, 0.46, 0.79, 0.75, 1.0]",36.900000000000006,[],"[0.09, 0.03, 0.08, 0.01, 0.01, 0.01, 0.09, 0.03, 0.06, 0.07, 0.07, 0.09, 0.03, 0.04, 0.03, 0.09, 0.06, 0.08, 0.07, 0.0, 0.09, 0.08, 0.03, 0.07, 0.04, 0.01, 0.07, 0.05, 0.03, 0.0, 0.03, 0.06, 0.05, 0.01, 0.0, 0.01, 0.07, 0.07, 0.06, 0.07, 0.01, 0.04, 0.08, 0.01, 0.0, 0.06, 0.09, 0.03, 0.04, 0.01]",0,
39,Plurality,ATVA_4,50,4,"{'A': 17, 'D': 14, 'B': 10, 'C': 9}","[0.58, 0.75, 0.58, 1.0, 1.0, 0.58, 0.67, 1.0, 0.88, 0.58, 0.42, 1.0, 0.75, 1.0, 0.58, 1.0, 1.0, 0.5, 0.58, 1.0, 1.0, 0.58, 1.0, 0.54, 0.67, 0.75, 0.79, 0.67, 1.0, 0.75, 0.75, 0.58, 1.0, 1.0, 0.42, 0.58, 0.42, 0.42, 0.54, 0.58, 0.46, 0.54, 0.5, 1.0, 0.5, 1.0, 0.46, 0.58, 1.0, 1.0]",36.53,[],"[0.06, 0.04, 0.07, 0.04, 0.04, 0.07, 0.05, 0.01, 0.01, 0.06, 0.1, 0.03, 0.02, 0.01, 0.07, 0.0, 0.04, 0.09, 0.07, 0.04, 0.01, 0.05, 0.04, 0.07, 0.05, 0.04, 0.03, 0.05, 0.03, 0.03, 0.03, 0.06, 0.04, 0.01, 0.1, 0.07, 0.1, 0.1, 0.07, 0.05, 0.09, 0.07, 0.08, 0.03, 0.08, 0.03, 0.09, 0.07, 0.0, 0.03]",0,
40,Vote For 2,BTVA,50,4,"{'A': 33, 'C': 26, 'D': 24, 'B': 17}","[0.75, 0.75, 0.58, 1.0, 1.0, 1.0, 1.0, 0.75, 0.58, 1.0, 0.58, 0.58, 1.0, 0.58, 0.88, 0.5, 0.58, 0.67, 1.0, 1.0, 0.75, 0.75, 1.0, 1.0, 1.0, 0.75, 0.58, 1.0, 1.0, 0.75, 0.58, 0.58, 1.0, 0.75, 0.75, 0.75, 0.5, 1.0, 1.0, 0.58, 0.58, 1.0, 0.58, 0.58, 0.46, 0.58, 0.46, 0.88, 0.58, 1.0]",38.55,[],"[0.03, 0.04, 0.05, 0.01, 0.01, 0.03, 0.01, 0.02, 0.06, 0.0, 0.07, 0.05, 0.01, 0.07, 0.01, 0.09, 0.07, 0.05, 0.03, 0.03, 0.04, 0.02, 0.03, 0.0, 0.01, 0.04, 0.06, 0.0, 0.01, 0.03, 0.07, 0.05, 0.01, 0.02, 0.03, 0.04, 0.08, 0.03, 0.01, 0.06, 0.06, 0.0, 0.06, 0.05, 0.09, 0.06, 0.09, 0.01, 0.06, 0.04]",0,
41,Vote For 2,BTVA,50,4,"{'B': 31, 'A': 26, 'D': 24, 'C': 19}","[0.88, 0.54, 0.42, 1.0, 1.0, 0.75, 0.88, 0.58, 0.75, 0.58, 1.0, 0.58, 1.0, 0.5, 0.54, 0.79, 0.75, 1.0, 1.0, 1.0, 0.67, 0.54, 0.58, 0.58, 0.75, 0.58, 1.0, 0.58, 0.67, 1.0, 0.58, 1.0, 1.0, 1.0, 0.58, 1.0, 1.0, 0.54, 0.75, 0.46, 1.0, 0.67, 0.58, 0.58, 0.46, 1.0, 1.0, 1.0, 0.88, 1.0]",38.57,[],"[0.01, 0.07, 0.1, 0.01, 0.03, 0.04, 0.01, 0.06, 0.04, 0.05, 0.01, 0.06, 0.0, 0.09, 0.07, 0.03, 0.04, 0.03, 0.04, 0.01, 0.05, 0.07, 0.06, 0.05, 0.03, 0.07, 0.01, 0.05, 0.05, 0.01, 0.06, 0.01, 0.01, 0.01, 0.07, 0.0, 0.04, 0.07, 0.03, 0.09, 0.01, 0.05, 0.07, 0.06, 0.09, 0.01, 0.04, 0.01, 0.01, 0.03]",0,
42,Vote For 2,BTVA,50,4,"{'A': 26, 'B': 25, 'C': 25, 'D': 24}","[1.0, 0.58, 0.67, 0.54, 0.58, 0.88, 1.0, 1.0, 0.79, 1.0, 0.79, 0.58, 1.0, 0.75, 0.46, 0.58, 1.0, 0.58, 0.46, 0.5, 0.46, 0.42, 1.0, 0.54, 1.0, 0.5, 0.75, 1.0, 0.58, 0.58, 0.75, 1.0, 0.75, 0.88, 1.0, 1.0, 0.54, 0.5, 0.5, 1.0, 0.79, 0.54, 0.58, 0.58, 0.58, 1.0, 1.0, 0.79, 0.46, 0.75]",36.56,"[4, 24, 33, 37, 42]","[0.01, 0.07, 0.05, 0.07, 0.06, 0.01, 0.03, 0.04, 0.03, 0.01, 0.03, 0.07, 0.04, 0.02, 0.09, 0.07, 0.01, 0.07, 0.09, 0.08, 0.09, 0.1, 0.03, 0.07, 0.0, 0.09, 0.03, 0.01, 0.06, 0.06, 0.02, 0.01, 0.04, 0.01, 0.01, 0.01, 0.07, 0.08, 0.09, 0.04, 0.03, 0.07, 0.05, 0.07, 0.06, 0.0, 0.03, 0.03, 0.09, 0.03]",0.040000000000000036,
43,Vote For 2,BTVA,50,4,"{'B': 29, 'A': 28, 'D': 24, 'C': 19}","[0.58, 0.58, 0.58, 0.75, 0.58, 0.5, 1.0, 0.67, 0.67, 1.0, 1.0, 1.0, 0.54, 0.54, 1.0, 0.42, 1.0, 0.54, 0.67, 0.42, 0.75, 1.0, 0.75, 0.75, 0.79, 1.0, 0.75, 0.58, 0.75, 1.0, 1.0, 0.58, 0.58, 1.0, 0.5, 0.58, 1.0, 0.75, 0.58, 1.0, 0.79, 0.58, 0.88, 0.58, 1.0, 0.88, 0.58, 0.58, 1.0, 0.58]",37.17999999999999,"[16, 20, 21, 24, 38, 43, 46]","[0.06, 0.07, 0.07, 0.03, 0.05, 0.08, 0.0, 0.05, 0.05, 0.01, 0.01, 0.03, 0.07, 0.07, 0.03, 0.1, 0.04, 0.07, 0.05, 0.1, 0.02, 0.04, 0.04, 0.02, 0.03, 0.01, 0.03, 0.06, 0.04, 0.01, 0.01, 0.06, 0.05, 0.03, 0.09, 0.06, 0.04, 0.02, 0.05, 0.03, 0.03, 0.05, 0.01, 0.06, 0.0, 0.01, 0.07, 0.07, 0.01, 0.07]",0.25,
44,Vote For 2,BTVA,50,4,"{'A': 28, 'C': 26, 'B': 23, 'D': 23}","[0.58, 0.58, 1.0, 1.0, 0.58, 1.0, 0.88, 0.58, 0.5, 0.67, 0.46, 0.75, 0.75, 1.0, 0.75, 0.88, 0.75, 0.54, 1.0, 0.54, 0.58, 1.0, 0.58, 0.67, 1.0, 0.58, 1.0, 0.79, 0.67, 1.0, 0.58, 0.46, 0.54, 1.0, 1.0, 0.58, 0.5, 0.75, 0.58, 0.75, 0.75, 0.75, 0.46, 0.58, 0.46, 0.58, 0.46, 0.75, 1.0, 0.58]",35.769999999999996,"[11, 12, 41, 42, 43, 48]","[0.07, 0.07, 0.03, 0.03, 0.07, 0.01, 0.01, 0.07, 0.08, 0.05, 0.09, 0.02, 0.04, 0.01, 0.03, 0.01, 0.03, 0.07, 0.03, 0.07, 0.06, 0.03, 0.06, 0.05, 0.0, 0.05, 0.01, 0.03, 0.05, 0.03, 0.06, 0.09, 0.07, 0.0, 0.03, 0.06, 0.09, 0.03, 0.05, 0.04, 0.02, 0.02, 0.09, 0.07, 0.09, 0.07, 0.09, 0.02, 0.01, 0.07]",0.13,
45,Vote For 2,BTVA,50,4,"{'A': 32, 'B': 24, 'C': 23, 'D': 21}","[0.46, 1.0, 0.75, 0.46, 0.58, 1.0, 1.0, 1.0, 1.0, 1.0, 0.54, 0.58, 0.58, 1.0, 0.5, 0.75, 0.54, 1.0, 0.54, 0.75, 0.75, 0.58, 0.54, 1.0, 1.0, 0.58, 1.0, 0.58, 0.58, 0.58, 1.0, 0.75, 0.75, 0.75, 0.58, 0.5, 0.67, 0.54, 1.0, 1.0, 0.46, 0.75, 1.0, 0.58, 0.79, 0.5, 0.58, 0.46, 0.75, 1.0]",36.629999999999995,[],"[0.09, 0.0, 0.02, 0.09, 0.07, 0.01, 0.03, 0.01, 0.01, 0.03, 0.07, 0.06, 0.05, 0.01, 0.08, 0.02, 0.07, 0.04, 0.07, 0.02, 0.04, 0.06, 0.07, 0.01, 0.0, 0.06, 0.03, 0.06, 0.07, 0.05, 0.0, 0.04, 0.02, 0.02, 0.06, 0.08, 0.05, 0.07, 0.03, 0.01, 0.09, 0.02, 0.01, 0.06, 0.03, 0.09, 0.05, 0.09, 0.04, 0.03]",0,
46,Vote For 2,BTVA,50,4,"{'D': 28, 'A': 25, 'C': 24, 'B': 23}","[0.54, 0.67, 1.0, 0.75, 1.0, 1.0, 0.75, 0.75, 0.88, 0.79, 0.58, 0.5, 0.46, 1.0, 1.0, 0.46, 0.54, 1.0, 0.46, 0.75, 0.58, 0.54, 1.0, 1.0, 0.42, 1.0, 1.0, 0.79, 0.58, 0.58, 0.75, 1.0, 0.58, 0.54, 0.67, 0.75, 0.58, 0.67, 0.46, 0.54, 1.0, 0.75, 0.46, 0.58, 0.58, 0.75, 0.88, 0.46, 0.46, 0.54]",35.370000000000005,"[4, 16, 20, 25, 43, 46, 49]","[0.07, 0.05, 0.03, 0.02, 0.01, 0.0, 0.04, 0.03, 0.01, 0.03, 0.06, 0.09, 0.09, 0.03, 0.04, 0.09, 0.07, 0.04, 0.09, 0.02, 0.07, 0.07, 0.03, 0.03, 0.1, 0.01, 0.01, 0.03, 0.07, 0.06, 0.03, 0.01, 0.05, 0.07, 0.05, 0.04, 0.05, 0.05, 0.09, 0.07, 0.0, 0.03, 0.09, 0.05, 0.06, 0.02, 0.01, 0.09, 0.09, 0.07]",0.13,
47,Vote For 2,BTVA,50,4,"{'B': 30, 'A': 28, 'D': 27, 'C': 15}","[0.75, 1.0, 0.58, 0.58, 0.75, 1.0, 0.5, 0.58, 1.0, 1.0, 0.75, 0.75, 0.75, 0.58, 0.88, 1.0, 0.79, 1.0, 0.88, 1.0, 1.0, 0.5, 1.0, 0.75, 0.54, 1.0, 0.75, 1.0, 1.0, 0.79, 1.0, 1.0, 0.58, 0.88, 0.58, 0.5, 0.58, 0.42, 0.79, 0.54, 0.75, 1.0, 0.54, 0.67, 0.75, 0.46, 0.5, 0.46, 0.54, 1.0]",37.989999999999995,[],"[0.03, 0.01, 0.06, 0.07, 0.04, 0.01, 0.08, 0.06, 0.03, 0.0, 0.03, 0.02, 0.02, 0.07, 0.01, 0.01, 0.03, 0.03, 0.01, 0.0, 0.01, 0.09, 0.01, 0.02, 0.07, 0.03, 0.04, 0.01, 0.03, 0.03, 0.03, 0.03, 0.07, 0.01, 0.05, 0.09, 0.05, 0.1, 0.03, 0.07, 0.02, 0.01, 0.07, 0.05, 0.03, 0.09, 0.08, 0.09, 0.07, 0.03]",0,
48,Vote For 2,BTVA,50,4,"{'A': 28, 'D': 26, 'B': 25, 'C': 21}","[0.58, 0.75, 0.88, 0.79, 0.5, 0.58, 0.5, 0.75, 0.58, 1.0, 0.75, 0.54, 1.0, 1.0, 1.0, 1.0, 0.58, 0.5, 0.88, 0.75, 0.5, 0.54, 0.75, 0.88, 0.54, 0.75, 0.58, 1.0, 0.58, 0.58, 0.54, 0.75, 0.54, 0.75, 1.0, 1.0, 0.88, 0.5, 0.58, 0.54, 0.58, 0.58, 0.88, 1.0, 0.42, 0.58, 0.58, 1.0, 1.0, 0.79]",36.1,"[2, 12, 20, 22, 25, 31, 32, 33, 34, 40]","[0.06, 0.04, 0.01, 0.03, 0.09, 0.07, 0.08, 0.02, 0.06, 0.0, 0.03, 0.07, 0.04, 0.01, 0.03, 0.01, 0.06, 0.08, 0.01, 0.04, 0.08, 0.07, 0.03, 0.01, 0.07, 0.03, 0.06, 0.03, 0.05, 0.06, 0.07, 0.04, 0.07, 0.04, 0.03, 0.03, 0.01, 0.09, 0.06, 0.07, 0.07, 0.07, 0.01, 0.03, 0.1, 0.07, 0.05, 0.03, 0.0, 0.03]",0.040000000000000036,
49,Vote For 2,BTVA,50,4,"{'B': 35, 'A': 24, 'D': 22, 'C': 19}","[1.0, 0.42, 1.0, 0.75, 0.58, 1.0, 0.75, 0.58, 0.54, 1.0, 1.0, 1.0, 0.54, 0.88, 1.0, 1.0, 0.58, 0.88, 1.0, 0.58, 1.0, 0.5, 0.58, 0.58, 0.75, 1.0, 0.54, 0.46, 0.79, 1.0, 1.0, 0.75, 0.88, 0.75, 1.0, 1.0, 0.58, 0.79, 0.46, 0.58, 1.0, 0.54, 1.0, 0.75, 1.0, 0.5, 1.0, 1.0, 0.58, 0.75]",39.19,[],"[0.03, 0.1, 0.01, 0.04, 0.05, 0.03, 0.03, 0.07, 0.07, 0.03, 0.0, 0.03, 0.07, 0.01, 0.0, 0.01, 0.06, 0.01, 0.01, 0.07, 0.0, 0.08, 0.07, 0.06, 0.04, 0.04, 0.07, 0.09, 0.03, 0.01, 0.0, 0.02, 0.01, 0.02, 0.03, 0.01, 0.06, 0.03, 0.09, 0.06, 0.0, 0.07, 0.0, 0.03, 0.03, 0.09, 0.03, 0.01, 0.06, 0.03]",0,
50,Vote For 2,ATVA_1,50,4,"{'A': 26, 'D': 26, 'C': 25, 'B': 23}","[0.58, 0.5, 0.75, 0.54, 0.54, 0.79, 1.0, 1.0, 1.0, 0.46, 0.58, 0.46, 0.46, 1.0, 0.58, 0.54, 0.58, 1.0, 1.0, 0.54, 0.58, 1.0, 1.0, 1.0, 0.54, 1.0, 0.75, 1.0, 0.58, 0.46, 0.54, 0.54, 0.75, 0.58, 0.58, 0.5, 0.54, 1.0, 0.75, 1.0, 0.54, 0.5, 0.58, 0.88, 0.54, 0.75, 0.58, 0.58, 1.0, 0.5]",35.040000000000006,"[3, 5, 13, 20, 27, 30, 31, 33, 37, 39, 44, 45]","[0.07, 0.09, 0.02, 0.07, 0.07, 0.03, 0.01, 0.03, 0.03, 0.09, 0.06, 0.09, 0.09, 0.01, 0.07, 0.07, 0.06, 0.04, 0.03, 0.07, 0.05, 0.01, 0.0, 0.01, 0.07, 0.0, 0.04, 0.04, 0.06, 0.09, 0.07, 0.07, 0.02, 0.06, 0.06, 0.09, 0.07, 0.03, 0.04, 0.01, 0.07, 0.08, 0.07, 0.01, 0.07, 0.03, 0.07, 0.06, 0.01, 0.09]",0.25,"[(32, 37), (16, 20), (33, 36), (13, 33), (25, 32), (32, 46), (33, 45), (44, 45), (25, 41), (3, 13), (5, 10), (39, 42), (3, 31), (4, 30), (37, 42), (5, 37), (4, 39), (13, 17), (41, 42), (32, 39), (13, 35), (16, 31), (33, 47), (13, 44), (44, 47), (3, 6), (5, 12), (20, 31), (5, 21), (3, 33), (5, 30), (4, 32), (5, 39), (4, 41), (27, 45), (25, 27), (13, 37), (30, 50), (25, 45), (16, 42), (3, 17), (39, 46), (20, 42), (4, 25), (31, 42), (3, 35), (5, 32), (3, 44), (30, 34), (13, 30), (30, 43), (3, 10), (5, 16), (5, 25), (4, 27), (3, 37), (27, 31), (4, 45), (45, 46), (30, 36), (33, 35), (5, 46), (25, 31), (30, 45), (33, 44), (3, 12), (39, 41), (20, 37), (4, 20), (31, 37), (3, 30), (27, 42), (16, 21), (33, 37), (16, 30), (30, 47), (25, 42), (3, 5), (20, 21), (32, 41), (20, 30), (4, 13), (31, 39), (4, 31), (30, 31), (37, 46), (5, 41), (41, 46), (5, 13), (20, 32), (31, 32), (27, 37), (37, 39), (30, 33), (27, 46), (3, 46), (32, 45), (20, 25), (16, 37), (13, 50), (16, 46), (27, 30), (5, 27), (20, 46), (31, 46), (27, 39), (37, 41), (30, 35), (5, 45), (30, 44), (13, 34), (3, 11), (4, 10), (13, 43), (33, 46), (44, 46), (16, 39), (5, 20), (20, 39), (27, 32), (30, 37), (3, 50), (13, 36), (16, 32), (4, 12), (13, 45), (16, 41), (4, 21), (39, 45), (20, 41), (31, 41), (3, 34), (5, 31), (3, 43), (37, 45), (4, 42), (13, 20), (41, 45), (32, 42), (16, 25), (4, 5), (25, 37), (33, 50), (13, 47), (44, 50), (25, 46), (3, 36), (3, 45), (5, 42), (33, 34), (13, 31), (25, 30), (16, 27), (33, 43), (25, 39), (4, 16), (16, 45), (20, 27), (3, 20), (20, 45), (31, 45), (4, 37), (3, 47), (4, 46), (27, 41)]"
51,Vote For 2,ATVA_1,50,4,"{'C': 28, 'D': 27, 'A': 24, 'B': 21}","[0.58, 1.0, 0.75, 1.0, 0.46, 0.58, 1.0, 0.46, 1.0, 1.0, 0.5, 0.5, 0.58, 0.46, 0.54, 0.5, 0.58, 0.67, 0.54, 0.75, 0.88, 1.0, 0.58, 0.58, 0.58, 0.75, 1.0, 0.75, 1.0, 0.5, 0.75, 0.42, 1.0, 1.0, 0.46, 1.0, 0.67, 0.79, 0.46, 0.58, 0.58, 1.0, 1.0, 0.54, 0.46, 1.0, 1.0, 0.58, 1.0, 1.0]",36.36,[],"[0.07, 0.03, 0.04, 0.03, 0.09, 0.05, 0.01, 0.09, 0.0, 0.01, 0.09, 0.08, 0.06, 0.09, 0.07, 0.09, 0.05, 0.05, 0.07, 0.02, 0.01, 0.0, 0.07, 0.07, 0.06, 0.04, 0.03, 0.02, 0.01, 0.09, 0.02, 0.1, 0.03, 0.01, 0.09, 0.01, 0.05, 0.03, 0.09, 0.05, 0.05, 0.01, 0.0, 0.07, 0.09, 0.01, 0.04, 0.05, 0.01, 0.03]",0,
52,Vote For 2,ATVA_1,50,4,"{'A': 28, 'D': 28, 'B': 23, 'C': 21}","[1.0, 1.0, 0.88, 0.54, 0.67, 0.42, 0.58, 0.5, 0.58, 0.5, 0.75, 0.58, 0.42, 0.58, 0.75, 0.67, 0.88, 0.54, 1.0, 1.0, 0.88, 1.0, 0.46, 1.0, 0.58, 1.0, 0.42, 1.0, 0.58, 0.58, 0.5, 0.75, 0.46, 0.75, 1.0, 0.75, 1.0, 1.0, 0.75, 0.67, 0.46, 0.88, 1.0, 0.58, 0.58, 1.0, 0.58, 0.58, 0.5, 0.54]",35.669999999999995,"[3, 6, 13, 17, 21, 27, 32, 33, 34, 36, 41, 42]","[0.01, 0.01, 0.01, 0.07, 0.05, 0.1, 0.07, 0.08, 0.06, 0.09, 0.03, 0.06, 0.1, 0.05, 0.03, 0.05, 0.01, 0.07, 0.0, 0.03, 0.01, 0.01, 0.09, 0.04, 0.06, 0.0, 0.1, 0.0, 0.06, 0.06, 0.08, 0.02, 0.09, 0.02, 0.03, 0.02, 0.01, 0.01, 0.04, 0.05, 0.09, 0.01, 0.01, 0.06, 0.07, 0.03, 0.05, 0.07, 0.09, 0.07]",0.25,"[(6, 18), (33, 36), (13, 33), (41, 49), (33, 45), (13, 42), (3, 13), (17, 21), (3, 40), (3, 49), (13, 17), (27, 34), (41, 42), (13, 44), (3, 6), (6, 41), (3, 33), (3, 42), (27, 36), (6, 13), (27, 45), (41, 44), (17, 44), (33, 40), (33, 49), (3, 17), (6, 34), (21, 32), (21, 41), (3, 44), (27, 29), (36, 41), (13, 21), (42, 45), (33, 42), (3, 10), (6, 27), (21, 25), (6, 36), (21, 34), (6, 45), (27, 40), (27, 49), (33, 44), (6, 29), (21, 27), (3, 21), (21, 36), (21, 45), (13, 16), (27, 33), (17, 32), (36, 45), (27, 42), (17, 41), (42, 49), (3, 5), (32, 41), (21, 29), (6, 40), (6, 49), (17, 25), (34, 41), (13, 18), (17, 34), (27, 44), (32, 34), (3, 16), (6, 33), (3, 25), (6, 42), (21, 40), (17, 18), (21, 49), (17, 27), (36, 40), (17, 36), (36, 49), (17, 45), (6, 17), (32, 36), (13, 32), (32, 45), (13, 41), (3, 18), (21, 33), (6, 44), (21, 42), (34, 36), (17, 29), (34, 45), (36, 42), (6, 10), (13, 25), (13, 34), (27, 32), (3, 32), (36, 44), (3, 41), (17, 40), (17, 49), (13, 27), (3, 4), (6, 21), (32, 40), (13, 36), (32, 49), (13, 45), (34, 40), (3, 34), (17, 33), (34, 49), (17, 42), (32, 33), (13, 29), (41, 45), (32, 42), (42, 44), (33, 41), (6, 32), (3, 27), (34, 42), (3, 36), (3, 45), (6, 16), (33, 34), (6, 25), (32, 44), (13, 40), (13, 49), (3, 29), (34, 44), (21, 44), (27, 41)]"
53,Vote For 2,ATVA_1,50,4,"{'A': 27, 'C': 27, 'D': 24, 'B': 22}","[0.79, 0.58, 1.0, 0.42, 0.58, 0.58, 1.0, 1.0, 0.5, 1.0, 1.0, 0.42, 0.67, 1.0, 0.46, 0.58, 0.58, 0.58, 0.58, 0.58, 0.5, 0.75, 0.67, 0.42, 0.58, 0.75, 1.0, 0.79, 1.0, 1.0, 0.88, 1.0, 1.0, 0.54, 0.79, 0.58, 1.0, 0.42, 0.58, 0.79, 0.88, 0.58, 0.79, 0.54, 0.75, 0.5, 0.88, 0.75, 0.5, 0.79]",35.9,"[4, 12, 15, 22, 24, 26, 31, 38, 41, 47, 48]","[0.03, 0.05, 0.04, 0.1, 0.07, 0.05, 0.03, 0.03, 0.08, 0.01, 0.0, 0.1, 0.05, 0.01, 0.09, 0.06, 0.06, 0.06, 0.06, 0.05, 0.09, 0.02, 0.05, 0.1, 0.07, 0.02, 0.01, 0.03, 0.03, 0.01, 0.01, 0.01, 0.01, 0.07, 0.03, 0.06, 0.03, 0.1, 0.07, 0.03, 0.01, 0.06, 0.03, 0.07, 0.03, 0.09, 0.01, 0.02, 0.09, 0.03]",0.25,"[(15, 21), (41, 49), (22, 26), (12, 25), (31, 38), (22, 35), (12, 34), (31, 47), (12, 43), (4, 48), (24, 26), (15, 23), (24, 35), (12, 18), (22, 28), (38, 46), (31, 40), (4, 23), (31, 49), (22, 46), (4, 41), (15, 16), (4, 50), (47, 48), (24, 28), (15, 25), (48, 49), (15, 46), (38, 48), (4, 25), (12, 38), (4, 34), (12, 47), (4, 43), (15, 18), (47, 50), (12, 13), (22, 23), (12, 22), (38, 41), (31, 35), (4, 18), (12, 31), (15, 48), (26, 48), (38, 50), (12, 40), (12, 49), (12, 15), (22, 25), (12, 24), (15, 41), (26, 41), (38, 43), (15, 50), (26, 50), (4, 38), (4, 47), (24, 25), (15, 34), (26, 34), (4, 13), (24, 46), (12, 26), (15, 43), (26, 43), (4, 22), (12, 35), (4, 31), (4, 40), (22, 48), (41, 46), (4, 15), (24, 48), (12, 28), (38, 47), (4, 24), (22, 41), (22, 50), (47, 49), (41, 48), (24, 41), (12, 21), (15, 38), (26, 38), (38, 40), (24, 50), (15, 47), (26, 47), (38, 49), (4, 26), (4, 35), (22, 34), (31, 46), (22, 43), (15, 22), (24, 34), (15, 31), (26, 31), (41, 50), (24, 43), (12, 23), (15, 40), (26, 40), (15, 49), (26, 49), (4, 28), (31, 48), (4, 49), (15, 24), (41, 43), (12, 16), (4, 12), (4, 21), (31, 41), (22, 38), (31, 50), (22, 47), (12, 46), (15, 26), (4, 5), (24, 38), (15, 35), (26, 35), (24, 47), (31, 34), (22, 31), (48, 50), (31, 43), (22, 40), (22, 49), (12, 48), (24, 31), (15, 28), (26, 28), (41, 47), (24, 40), (4, 16), (24, 49), (26, 46), (22, 24), (12, 41), (12, 50), (4, 46)]"
54,Vote For 2,ATVA_1,50,4,"{'D': 28, 'B': 27, 'A': 23, 'C': 22}","[0.5, 0.88, 0.54, 0.58, 0.75, 0.75, 1.0, 0.58, 0.67, 0.5, 1.0, 0.75, 0.46, 0.5, 0.58, 1.0, 0.5, 0.75, 0.58, 1.0, 1.0, 1.0, 1.0, 0.5, 0.79, 0.88, 0.58, 0.58, 1.0, 1.0, 0.58, 1.0, 0.54, 0.75, 1.0, 0.5, 0.58, 1.0, 0.79, 1.0, 0.5, 0.88, 0.58, 0.67, 0.5, 1.0, 1.0, 0.88, 0.88, 0.42]",37.25000000000001,"[2, 13, 18, 26, 42, 48, 49, 50]","[0.09, 0.01, 0.07, 0.05, 0.04, 0.03, 0.01, 0.07, 0.05, 0.09, 0.01, 0.04, 0.09, 0.08, 0.05, 0.01, 0.09, 0.02, 0.07, 0.01, 0.03, 0.0, 0.03, 0.08, 0.03, 0.01, 0.06, 0.06, 0.03, 0.01, 0.05, 0.03, 0.07, 0.03, 0.03, 0.09, 0.07, 0.0, 0.03, 0.01, 0.08, 0.01, 0.07, 0.05, 0.09, 0.03, 0.03, 0.01, 0.01, 0.1]",0.25,"[(2, 27), (2, 33), (13, 27), (13, 33), (42, 45), (2, 36), (2, 42), (13, 36), (13, 42), (2, 39), (2, 45), (13, 39), (13, 45), (18, 26), (2, 48), (13, 48), (18, 44), (26, 36), (26, 42), (26, 45), (26, 48), (49, 50), (18, 50), (2, 17), (13, 17), (2, 26), (13, 26), (42, 44), (42, 50), (26, 39), (13, 44), (18, 25), (26, 44), (2, 44), (2, 50), (13, 50), (18, 43), (18, 49), (26, 50), (48, 50), (2, 10), (26, 33), (2, 13), (2, 25), (13, 25), (42, 43), (42, 49), (2, 43), (2, 49), (13, 43), (13, 49), (18, 27), (18, 33), (18, 36), (18, 42), (26, 27), (18, 39), (18, 45), (26, 43), (26, 49), (48, 49), (18, 48), (2, 9), (42, 48), (2, 18), (13, 18)]"
55,Vote For 2,ATVA_1,50,4,"{'C': 30, 'B': 26, 'A': 22, 'D': 22}","[0.58, 0.54, 0.75, 0.58, 0.75, 0.58, 0.46, 0.58, 0.46, 0.42, 0.46, 0.75, 0.75, 0.58, 0.88, 0.79, 1.0, 0.58, 0.54, 1.0, 1.0, 1.0, 0.54, 1.0, 0.46, 0.58, 0.67, 1.0, 0.75, 0.54, 0.67, 1.0, 1.0, 0.5, 0.58, 0.67, 0.54, 0.54, 0.58, 0.58, 1.0, 1.0, 1.0, 0.58, 0.54, 0.88, 0.54, 0.58, 0.79, 1.0]",35.14,"[5, 9, 10, 11, 12, 13, 29]","[0.05, 0.07, 0.03, 0.06, 0.02, 0.07, 0.09, 0.06, 0.09, 0.1, 0.09, 0.02, 0.02, 0.07, 0.01, 0.03, 0.0, 0.06, 0.07, 0.03, 0.0, 0.0, 0.07, 0.01, 0.09, 0.05, 0.05, 0.03, 0.02, 0.07, 0.05, 0.01, 0.0, 0.08, 0.07, 0.05, 0.07, 0.07, 0.06, 0.06, 0.03, 0.03, 0.01, 0.06, 0.07, 0.01, 0.07, 0.06, 0.03, 0.01]",0.13,"[(5, 10), (5, 19), (11, 14), (11, 23), (5, 37), (10, 27), (10, 36), (10, 45), (13, 44), (11, 44), (12, 18), (5, 12), (9, 10), (12, 27), (9, 19), (12, 36), (12, 45), (13, 19), (10, 29), (13, 37), (11, 37), (10, 47), (29, 36), (5, 14), (9, 12), (12, 29), (5, 23), (29, 45), (12, 47), (10, 31), (11, 48), (12, 13), (9, 14), (12, 31), (29, 47), (13, 14), (13, 23), (9, 44), (29, 31), (5, 9), (5, 18), (9, 37), (5, 48), (10, 44), (5, 11), (10, 19), (13, 18), (11, 18), (11, 27), (10, 37), (11, 36), (9, 48), (11, 45), (12, 19), (5, 13), (13, 48), (29, 44), (12, 37), (10, 12), (9, 23), (11, 29), (11, 47), (29, 37), (10, 14), (11, 13), (5, 27), (10, 23), (5, 36), (11, 31), (5, 45), (12, 14), (12, 23), (9, 18), (5, 29), (9, 27), (12, 44), (9, 36), (5, 47), (9, 45), (13, 27), (13, 36), (13, 45), (9, 11), (10, 18), (5, 31), (9, 29), (9, 47), (13, 29), (10, 48), (13, 47), (10, 11), (9, 13), (11, 19), (9, 31), (12, 48), (13, 31), (5, 8), (10, 13), (11, 12), (29, 48), (5, 44)]"
56,Vote For 2,ATVA_1,50,4,"{'D': 31, 'B': 30, 'A': 22, 'C': 17}","[1.0, 0.58, 0.46, 0.58, 1.0, 0.67, 0.75, 1.0, 0.75, 0.88, 0.58, 1.0, 0.54, 1.0, 0.75, 0.79, 0.58, 1.0, 0.75, 1.0, 0.58, 0.58, 0.5, 0.88, 0.88, 0.58, 0.58, 1.0, 0.79, 0.75, 1.0, 0.88, 0.58, 1.0, 0.79, 0.67, 0.79, 0.58, 0.75, 1.0, 0.5, 1.0, 0.58, 0.75, 0.88, 0.5, 0.58, 0.88, 0.58, 1.0]",38.07,"[3, 7, 9, 10, 24, 25, 32, 45, 48]","[0.03, 0.05, 0.09, 0.07, 0.03, 0.05, 0.02, 0.03, 0.02, 0.01, 0.06, 0.04, 0.07, 0.0, 0.03, 0.03, 0.06, 0.01, 0.03, 0.01, 0.06, 0.06, 0.08, 0.01, 0.01, 0.07, 0.06, 0.01, 0.03, 0.04, 0.0, 0.01, 0.06, 0.01, 0.03, 0.05, 0.03, 0.05, 0.04, 0.01, 0.09, 0.03, 0.05, 0.04, 0.01, 0.08, 0.07, 0.01, 0.06, 0.0]",0.25,"[(32, 37), (25, 32), (25, 41), (7, 35), (3, 13), (3, 22), (9, 35), (7, 10), (10, 36), (24, 35), (10, 45), (3, 6), (7, 37), (9, 10), (3, 24), (10, 29), (24, 37), (25, 36), (10, 47), (25, 45), (3, 35), (10, 22), (25, 29), (25, 47), (3, 10), (3, 37), (10, 24), (7, 16), (32, 48), (9, 16), (45, 48), (7, 9), (24, 25), (10, 35), (9, 37), (32, 41), (7, 48), (7, 11), (10, 37), (25, 35), (9, 48), (3, 7), (3, 16), (7, 32), (24, 48), (3, 25), (7, 41), (9, 32), (9, 41), (32, 36), (24, 32), (3, 9), (32, 45), (7, 25), (24, 41), (9, 25), (10, 32), (3, 48), (3, 11), (32, 47), (7, 36), (7, 45), (10, 16), (3, 32), (45, 47), (10, 25), (3, 41), (9, 36), (9, 45), (24, 36), (7, 29), (24, 45), (7, 47), (9, 11), (9, 29), (7, 13), (9, 47), (24, 29), (7, 22), (25, 37), (10, 48), (24, 47), (10, 11), (9, 13), (9, 22), (3, 36), (3, 45), (32, 35), (7, 24), (10, 41), (25, 48), (10, 13), (3, 29), (9, 24), (3, 47)]"
57,Vote For 2,ATVA_1,50,4,"{'B': 28, 'A': 25, 'C': 24, 'D': 23}","[0.58, 0.54, 0.58, 0.79, 0.5, 1.0, 0.58, 0.58, 0.42, 0.5, 1.0, 1.0, 1.0, 0.5, 0.88, 1.0, 1.0, 1.0, 0.42, 0.75, 1.0, 0.58, 1.0, 1.0, 1.0, 0.88, 1.0, 0.54, 0.79, 0.42, 0.5, 0.58, 0.58, 0.58, 1.0, 0.75, 0.67, 0.79, 0.58, 1.0, 0.54, 0.5, 1.0, 1.0, 0.75, 1.0, 0.75, 0.58, 0.42, 0.79]",37.190000000000005,[],"[0.06, 0.07, 0.06, 0.03, 0.09, 0.0, 0.05, 0.07, 0.1, 0.08, 0.03, 0.01, 0.03, 0.09, 0.01, 0.04, 0.0, 0.01, 0.1, 0.04, 0.04, 0.06, 0.04, 0.03, 0.03, 0.01, 0.03, 0.07, 0.03, 0.1, 0.08, 0.07, 0.07, 0.05, 0.03, 0.02, 0.05, 0.03, 0.06, 0.01, 0.07, 0.09, 0.01, 0.01, 0.03, 0.0, 0.02, 0.05, 0.1, 0.03]",0,
58,Vote For 2,ATVA_1,50,4,"{'A': 32, 'B': 28, 'D': 22, 'C': 18}","[0.79, 0.54, 0.58, 0.58, 0.46, 0.75, 0.54, 0.67, 1.0, 0.58, 1.0, 1.0, 0.88, 0.88, 0.75, 0.88, 0.58, 1.0, 0.79, 0.58, 0.88, 0.79, 1.0, 0.67, 1.0, 1.0, 0.58, 1.0, 0.67, 0.88, 0.5, 1.0, 0.5, 1.0, 0.46, 1.0, 0.88, 1.0, 1.0, 0.75, 0.5, 0.75, 1.0, 1.0, 0.88, 1.0, 1.0, 0.46, 1.0, 1.0]",39.980000000000004,[],"[0.03, 0.07, 0.07, 0.06, 0.09, 0.03, 0.07, 0.05, 0.0, 0.05, 0.01, 0.03, 0.01, 0.01, 0.03, 0.01, 0.06, 0.03, 0.03, 0.07, 0.01, 0.03, 0.03, 0.05, 0.01, 0.01, 0.06, 0.01, 0.05, 0.01, 0.08, 0.01, 0.08, 0.03, 0.09, 0.0, 0.01, 0.0, 0.0, 0.04, 0.08, 0.03, 0.01, 0.01, 0.01, 0.01, 0.03, 0.09, 0.03, 0.03]",0,
59,Vote For 2,ATVA_1,50,4,"{'C': 27, 'A': 25, 'D': 25, 'B': 23}","[0.58, 0.75, 0.75, 0.79, 1.0, 0.54, 0.54, 0.58, 0.75, 0.54, 0.75, 1.0, 1.0, 0.42, 0.58, 0.5, 1.0, 1.0, 0.46, 0.58, 0.42, 0.42, 0.58, 1.0, 0.58, 1.0, 1.0, 0.46, 0.67, 0.58, 0.58, 0.75, 0.75, 0.88, 1.0, 0.58, 0.88, 0.5, 0.75, 1.0, 1.0, 0.58, 0.75, 0.46, 1.0, 1.0, 0.79, 0.42, 0.58, 0.5]",35.57,"[6, 7, 10, 32]","[0.05, 0.03, 0.02, 0.03, 0.01, 0.07, 0.07, 0.06, 0.03, 0.07, 0.03, 0.01, 0.04, 0.1, 0.07, 0.08, 0.01, 0.03, 0.09, 0.06, 0.1, 0.1, 0.06, 0.0, 0.07, 0.01, 0.0, 0.09, 0.05, 0.05, 0.07, 0.04, 0.02, 0.01, 0.03, 0.07, 0.01, 0.09, 0.02, 0.0, 0.0, 0.07, 0.03, 0.09, 0.04, 0.03, 0.03, 0.1, 0.07, 0.08]",0.040000000000000036,"[(6, 21), (10, 43), (32, 43), (6, 30), (10, 28), (7, 32), (7, 44), (7, 50), (6, 48), (10, 21), (10, 30), (6, 11), (7, 10), (7, 16), (6, 14), (7, 19), (7, 22), (7, 28), (6, 32), (10, 48), (32, 48), (6, 44), (7, 43), (10, 11), (6, 50), (10, 14), (7, 9), (6, 7), (10, 32), (6, 10), (6, 16), (7, 21), (6, 19), (10, 44), (32, 44), (6, 22), (6, 28), (7, 30), (10, 50), (32, 50), (6, 43), (7, 48), (10, 16), (10, 19), (10, 22), (7, 11), (6, 9), (7, 14)]"
60,Vote For 2,ATVA_3,50,4,"{'B': 13, 'C': 13, 'A': 12, 'D': 12}","[0.54, 0.58, 0.5, 0.58, 0.46, 0.58, 0.42, 1.0, 1.0, 0.46, 0.88, 0.75, 1.0, 0.58, 0.88, 1.0, 0.58, 0.75, 0.67, 0.58, 0.75, 1.0, 1.0, 0.42, 1.0, 0.5, 0.54, 0.58, 1.0, 0.42, 0.75, 0.75, 0.58, 0.58, 0.67, 1.0, 0.58, 0.58, 0.58, 1.0, 0.54, 0.58, 0.79, 1.0, 0.75, 0.58, 1.0, 1.0, 0.79, 0.46]",35.56,"[1, 2, 3, 4, 5, 6, 7, 10, 17, 18, 24, 26, 27, 28, 30, 31, 32, 33, 34, 35, 38, 39, 41, 42, 45, 46, 50]","[0.08, 0.09, 0.09, 0.01, 0.1, 0.09, 0.1, 0.06, 0.03, 0.09, 0.01, 0.01, 0.02, 0.1, 0.01, 0.01, 0.04, 0.04, 0.0, 0.06, 0.01, 0.03, 0.06, 0.06, 0.03, 0.09, 0.03, 0.03, 0.06, 0.09, 0.04, 0.03, 0.03, 0.09, 0.01, 0.07, 0.1, 0.05, 0.04, 0.01, 0.05, 0.07, 0.01, 0.03, 0.04, 0.05, 0.01, 0.07, 0.04, 0.05]",0.040000000000000036,
61,Vote For 2,ATVA_3,50,4,"{'D': 14, 'B': 13, 'A': 12, 'C': 11}","[0.58, 0.67, 1.0, 0.75, 1.0, 0.58, 0.54, 0.79, 0.75, 0.42, 0.79, 0.58, 0.75, 0.75, 0.54, 0.75, 0.88, 0.46, 1.0, 0.5, 1.0, 0.5, 1.0, 0.75, 0.88, 0.58, 0.5, 0.58, 1.0, 0.88, 0.54, 1.0, 0.5, 0.58, 0.54, 0.54, 0.54, 0.79, 1.0, 0.46, 1.0, 1.0, 1.0, 0.46, 0.54, 0.79, 0.75, 0.75, 0.75, 1.0]",36.28,"[2, 4, 7, 10, 11, 13, 18, 20, 22, 27, 31, 33, 34, 36, 40, 44, 45]","[0.01, 0.06, 0.07, 0.07, 0.09, 0.09, 0.1, 0.02, 0.05, 0.07, 0.06, 0.07, 0.06, 0.01, 0.04, 0.04, 0.05, 0.1, 0.07, 0.09, 0.07, 0.09, 0.09, 0.01, 0.06, 0.03, 0.07, 0.01, 0.04, 0.06, 0.1, 0.07, 0.03, 0.03, 0.07, 0.09, 0.03, 0.05, 0.04, 0.01, 0.04, 0.09, 0.07, 0.01, 0.01, 0.07, 0.01, 0.01, 0.0, 0.07]",0,
62,Vote For 2,ATVA_3,50,4,"{'D': 19, 'B': 11, 'A': 10, 'C': 10}","[0.42, 0.58, 0.58, 1.0, 0.75, 0.75, 1.0, 0.54, 0.79, 0.54, 0.58, 0.58, 0.75, 1.0, 0.88, 0.75, 1.0, 1.0, 0.75, 0.67, 0.67, 0.79, 0.88, 0.58, 1.0, 1.0, 0.5, 0.79, 0.58, 0.75, 1.0, 0.75, 0.58, 0.58, 0.79, 1.0, 1.0, 0.88, 0.58, 0.58, 0.5, 0.75, 0.5, 0.79, 0.88, 0.58, 0.46, 0.75, 1.0, 0.46]",36.86000000000001,"[1, 3, 8, 10, 12, 24, 27, 29, 34, 39, 40, 41, 43, 46, 47, 50]","[0.07, 0.04, 0.07, 0.07, 0.01, 0.03, 0.03, 0.09, 0.04, 0.05, 0.01, 0.1, 0.1, 0.06, 0.04, 0.01, 0.07, 0.01, 0.07, 0.03, 0.0, 0.01, 0.01, 0.08, 0.06, 0.06, 0.09, 0.03, 0.04, 0.03, 0.05, 0.09, 0.01, 0.1, 0.04, 0.07, 0.05, 0.03, 0.04, 0.1, 0.07, 0.09, 0.04, 0.01, 0.03, 0.07, 0.09, 0.03, 0.06, 0.1]",0,
63,Vote For 2,ATVA_3,50,4,"{'C': 19, 'B': 15, 'D': 9, 'A': 7}","[0.75, 1.0, 1.0, 0.54, 0.75, 0.58, 0.75, 0.67, 1.0, 1.0, 1.0, 0.54, 1.0, 1.0, 0.46, 0.58, 0.88, 0.79, 1.0, 0.46, 0.58, 1.0, 0.79, 0.54, 0.88, 1.0, 0.75, 0.58, 0.79, 1.0, 0.79, 0.58, 1.0, 0.58, 1.0, 1.0, 1.0, 0.5, 0.75, 1.0, 1.0, 1.0, 0.5, 0.75, 0.75, 0.46, 0.67, 1.0, 0.67, 0.54]",39.2,"[4, 6, 8, 16, 20, 21, 24, 28, 32, 34, 43, 46, 50]","[0.08, 0.03, 0.04, 0.06, 0.07, 0.05, 0.08, 0.02, 0.03, 0.03, 0.01, 0.07, 0.01, 0.04, 0.07, 0.06, 0.05, 0.05, 0.03, 0.07, 0.06, 0.04, 0.03, 0.08, 0.02, 0.04, 0.02, 0.06, 0.02, 0.01, 0.07, 0.05, 0.03, 0.09, 0.01, 0.03, 0.04, 0.07, 0.06, 0.04, 0.01, 0.03, 0.08, 0.02, 0.05, 0.09, 0.07, 0.03, 0.07, 0.05]",0,
64,Vote For 2,ATVA_3,50,4,"{'C': 18, 'A': 14, 'D': 13, 'B': 5}","[0.75, 0.5, 0.75, 0.75, 0.58, 0.54, 0.5, 0.5, 0.75, 0.58, 0.75, 1.0, 0.46, 1.0, 1.0, 0.58, 0.58, 0.75, 0.75, 0.58, 0.75, 0.75, 1.0, 0.75, 0.5, 0.88, 0.42, 0.75, 0.75, 0.42, 0.5, 0.79, 0.54, 0.58, 0.46, 0.88, 0.88, 0.58, 0.5, 0.67, 0.54, 0.58, 0.58, 1.0, 0.42, 0.88, 0.54, 0.58, 0.5, 0.79]",33.41,"[2, 5, 6, 7, 8, 10, 13, 16, 17, 25, 27, 30, 31, 33, 34, 35, 38, 39, 41, 42, 43, 45, 47, 48, 49]","[0.09, 0.01, 0.08, 0.01, 0.06, 0.07, 0.01, 0.03, 0.09, 0.03, 0.01, 0.06, 0.0, 0.06, 0.07, 0.03, 0.05, 0.07, 0.07, 0.04, 0.01, 0.0, 0.07, 0.03, 0.01, 0.03, 0.05, 0.0, 0.0, 0.05, 0.07, 0.04, 0.01, 0.07, 0.01, 0.07, 0.09, 0.07, 0.07, 0.09, 0.05, 0.05, 0.03, 0.1, 0.01, 0.07, 0.0, 0.05, 0.0, 0.09]",0.25,
65,Vote For 2,ATVA_3,50,4,"{'D': 17, 'A': 15, 'C': 13, 'B': 5}","[1.0, 1.0, 0.46, 0.58, 1.0, 1.0, 0.58, 0.54, 0.58, 0.54, 0.5, 0.75, 1.0, 1.0, 0.58, 0.5, 0.58, 0.58, 1.0, 0.67, 1.0, 0.75, 0.75, 0.5, 0.67, 0.58, 1.0, 0.54, 0.54, 1.0, 0.75, 0.54, 1.0, 1.0, 1.0, 0.67, 0.75, 0.54, 1.0, 0.58, 1.0, 0.58, 0.75, 0.88, 0.75, 1.0, 0.88, 0.58, 1.0, 0.88]",37.9,"[3, 4, 8, 9, 10, 11, 12, 16, 17, 23, 24, 28, 29, 31, 32, 37, 38, 42, 43, 48]","[0.04, 0.0, 0.06, 0.05, 0.03, 0.01, 0.09, 0.02, 0.07, 0.07, 0.07, 0.07, 0.0, 0.0, 0.03, 0.06, 0.1, 0.07, 0.01, 0.07, 0.0, 0.08, 0.07, 0.05, 0.09, 0.03, 0.01, 0.07, 0.09, 0.01, 0.06, 0.09, 0.01, 0.01, 0.03, 0.03, 0.05, 0.02, 0.0, 0.04, 0.03, 0.05, 0.07, 0.08, 0.04, 0.01, 0.03, 0.09, 0.0, 0.09]",0,
66,Vote For 2,ATVA_3,50,4,"{'A': 15, 'D': 13, 'B': 11, 'C': 11}","[0.58, 0.75, 1.0, 0.75, 1.0, 0.58, 0.54, 1.0, 1.0, 0.58, 1.0, 0.75, 0.46, 0.5, 1.0, 0.58, 0.5, 0.75, 0.58, 1.0, 0.5, 0.58, 0.75, 0.88, 0.5, 0.58, 0.46, 0.54, 0.46, 1.0, 0.5, 0.54, 1.0, 0.75, 1.0, 0.67, 0.46, 0.75, 0.5, 1.0, 1.0, 0.88, 0.75, 0.75, 0.75, 0.79, 1.0, 0.42, 0.88, 0.54]",36.08,"[2, 6, 7, 10, 13, 14, 16, 17, 18, 21, 23, 25, 27, 29, 31, 34, 37, 38, 39, 43, 48, 50]","[0.06, 0.0, 0.02, 0.08, 0.02, 0.04, 0.01, 0.01, 0.01, 0.04, 0.02, 0.05, 0.04, 0.01, 0.07, 0.01, 0.03, 0.01, 0.07, 0.01, 0.0, 0.09, 0.04, 0.08, 0.06, 0.1, 0.07, 0.09, 0.03, 0.01, 0.07, 0.09, 0.01, 0.0, 0.02, 0.05, 0.06, 0.03, 0.03, 0.01, 0.03, 0.04, 0.01, 0.08, 0.09, 0.05, 0.02, 0.07, 0.08, 0.01]",0.040000000000000036,
67,Vote For 2,ATVA_3,50,4,"{'C': 16, 'D': 13, 'A': 12, 'B': 9}","[0.75, 0.79, 0.46, 1.0, 1.0, 0.58, 0.88, 0.5, 0.75, 1.0, 1.0, 0.5, 0.54, 0.79, 0.79, 0.79, 1.0, 0.88, 0.54, 0.58, 0.58, 0.75, 0.42, 0.54, 0.75, 0.58, 0.46, 0.54, 0.79, 0.58, 1.0, 0.58, 1.0, 0.5, 0.58, 0.58, 0.75, 0.79, 0.58, 0.58, 1.0, 0.54, 0.88, 1.0, 0.75, 0.75, 0.46, 0.79, 0.88, 0.58]",35.68,"[3, 6, 8, 12, 13, 14, 16, 19, 20, 21, 23, 24, 26, 27, 28, 29, 32, 34, 35, 36, 45, 47]","[0.06, 0.01, 0.06, 0.09, 0.06, 0.01, 0.03, 0.03, 0.06, 0.09, 0.09, 0.03, 0.03, 0.03, 0.0, 0.03, 0.07, 0.01, 0.05, 0.05, 0.09, 0.01, 0.03, 0.08, 0.07, 0.01, 0.08, 0.08, 0.03, 0.01, 0.07, 0.09, 0.1, 0.09, 0.03, 0.05, 0.06, 0.0, 0.06, 0.07, 0.1, 0.06, 0.04, 0.09, 0.04, 0.03, 0.01, 0.04, 0.01, 0.06]",0.25,
68,Vote For 2,ATVA_3,50,4,"{'B': 18, 'A': 13, 'D': 11, 'C': 8}","[0.79, 1.0, 0.58, 0.79, 1.0, 1.0, 0.58, 1.0, 0.75, 1.0, 0.5, 1.0, 0.67, 1.0, 0.75, 0.88, 0.54, 0.75, 1.0, 0.75, 1.0, 0.54, 1.0, 0.88, 0.58, 0.75, 1.0, 0.79, 0.58, 0.54, 1.0, 0.54, 0.75, 1.0, 1.0, 0.75, 1.0, 0.46, 1.0, 0.58, 0.79, 1.0, 0.5, 0.75, 1.0, 0.58, 0.54, 0.54, 0.88, 0.58]",39.23,"[9, 11, 15, 17, 18, 20, 22, 26, 30, 32, 33, 36, 38, 43, 44, 46, 47]","[0.1, 0.01, 0.09, 0.06, 0.04, 0.01, 0.08, 0.01, 0.03, 0.03, 0.03, 0.03, 0.07, 0.03, 0.06, 0.09, 0.07, 0.03, 0.01, 0.02, 0.01, 0.05, 0.01, 0.09, 0.07, 0.02, 0.01, 0.06, 0.07, 0.02, 0.01, 0.04, 0.02, 0.03, 0.03, 0.05, 0.01, 0.07, 0.03, 0.07, 0.06, 0.03, 0.04, 0.01, 0.01, 0.03, 0.03, 0.05, 0.06, 0.07]",0,
69,Vote For 2,ATVA_3,50,4,"{'D': 17, 'B': 14, 'C': 11, 'A': 8}","[0.67, 0.58, 0.58, 0.88, 0.79, 1.0, 0.58, 0.5, 1.0, 0.58, 0.46, 0.58, 0.54, 0.58, 0.42, 1.0, 1.0, 0.5, 0.58, 0.88, 0.75, 0.75, 0.75, 0.75, 0.58, 0.75, 0.46, 0.58, 0.58, 0.75, 1.0, 0.58, 1.0, 0.58, 0.58, 0.75, 0.46, 1.0, 0.46, 1.0, 0.75, 0.88, 0.88, 1.0, 0.42, 0.75, 0.88, 1.0, 1.0, 0.75]",36.120000000000005,"[2, 3, 7, 8, 10, 11, 12, 13, 14, 15, 18, 19, 22, 25, 27, 28, 29, 32, 35, 37, 39, 45, 46]","[0.04, 0.07, 0.01, 0.04, 0.03, 0.08, 0.02, 0.05, 0.07, 0.03, 0.09, 0.1, 0.09, 0.03, 0.1, 0.07, 0.08, 0.07, 0.07, 0.0, 0.01, 0.02, 0.07, 0.06, 0.03, 0.06, 0.07, 0.09, 0.03, 0.07, 0.05, 0.07, 0.08, 0.04, 0.01, 0.03, 0.07, 0.05, 0.07, 0.07, 0.04, 0.01, 0.01, 0.08, 0.1, 0.05, 0.03, 0.08, 0.07, 0.07]",0.040000000000000036,
70,Vote For 2,ATVA_4,50,4,"{'A': 31, 'C': 27, 'B': 23, 'D': 19}","[1.0, 0.75, 1.0, 0.58, 0.88, 0.58, 1.0, 0.67, 1.0, 0.75, 1.0, 0.46, 1.0, 1.0, 0.58, 0.42, 0.54, 0.54, 0.58, 0.67, 1.0, 0.75, 1.0, 0.88, 0.54, 0.75, 0.58, 1.0, 0.58, 1.0, 1.0, 0.5, 0.5, 0.75, 1.0, 1.0, 1.0, 0.58, 0.54, 0.58, 0.88, 1.0, 1.0, 0.58, 0.42, 1.0, 1.0, 0.5, 0.58, 1.0]",38.489999999999995,[],"[0.01, 0.04, 0.01, 0.05, 0.01, 0.05, 0.01, 0.05, 0.0, 0.04, 0.04, 0.09, 0.01, 0.03, 0.07, 0.1, 0.07, 0.07, 0.06, 0.05, 0.01, 0.04, 0.0, 0.01, 0.07, 0.04, 0.06, 0.03, 0.05, 0.01, 0.03, 0.09, 0.08, 0.02, 0.01, 0.03, 0.04, 0.06, 0.07, 0.06, 0.01, 0.03, 0.01, 0.07, 0.1, 0.01, 0.0, 0.09, 0.05, 0.0]",0,
71,Vote For 2,ATVA_4,50,4,"{'A': 27, 'C': 26, 'D': 24, 'B': 23}","[1.0, 0.58, 0.75, 0.58, 1.0, 0.58, 0.79, 0.54, 0.46, 1.0, 0.54, 0.58, 0.54, 0.75, 0.58, 0.46, 0.54, 0.88, 1.0, 1.0, 0.75, 0.5, 1.0, 0.5, 0.75, 0.42, 0.5, 0.58, 0.5, 0.58, 1.0, 0.88, 0.58, 0.88, 0.5, 0.88, 0.5, 0.67, 0.88, 0.5, 0.46, 0.75, 0.58, 0.88, 0.54, 0.58, 1.0, 0.75, 0.75, 0.67]",34.46,"[25, 26, 48]","[0.03, 0.06, 0.03, 0.06, 0.0, 0.07, 0.03, 0.07, 0.09, 0.01, 0.07, 0.06, 0.07, 0.03, 0.07, 0.09, 0.07, 0.01, 0.04, 0.01, 0.03, 0.08, 0.03, 0.09, 0.02, 0.1, 0.09, 0.07, 0.08, 0.06, 0.03, 0.01, 0.05, 0.01, 0.09, 0.01, 0.08, 0.05, 0.01, 0.08, 0.09, 0.04, 0.06, 0.01, 0.07, 0.05, 0.0, 0.02, 0.03, 0.05]",0.13,
72,Vote For 2,ATVA_4,50,4,"{'D': 34, 'A': 25, 'B': 23, 'C': 18}","[0.88, 1.0, 1.0, 0.5, 0.58, 1.0, 0.79, 1.0, 0.75, 0.5, 1.0, 1.0, 0.75, 0.75, 0.58, 0.46, 1.0, 1.0, 1.0, 0.58, 0.75, 0.75, 1.0, 0.88, 0.75, 1.0, 0.75, 1.0, 0.75, 1.0, 0.58, 0.58, 0.58, 0.79, 1.0, 0.67, 0.75, 1.0, 0.5, 1.0, 0.58, 0.58, 1.0, 0.58, 1.0, 0.54, 1.0, 0.75, 0.75, 0.5]",39.480000000000004,[],"[0.01, 0.01, 0.0, 0.08, 0.06, 0.03, 0.03, 0.0, 0.02, 0.08, 0.01, 0.04, 0.04, 0.02, 0.05, 0.09, 0.03, 0.03, 0.01, 0.06, 0.03, 0.04, 0.03, 0.01, 0.02, 0.04, 0.03, 0.04, 0.03, 0.01, 0.07, 0.06, 0.06, 0.03, 0.01, 0.05, 0.03, 0.01, 0.08, 0.03, 0.07, 0.05, 0.03, 0.07, 0.03, 0.07, 0.03, 0.04, 0.02, 0.09]",0,
73,Vote For 2,ATVA_4,50,4,"{'B': 27, 'C': 26, 'A': 25, 'D': 22}","[0.46, 0.67, 1.0, 0.58, 0.42, 0.46, 1.0, 1.0, 0.58, 1.0, 1.0, 0.54, 0.75, 0.54, 0.54, 0.79, 1.0, 0.79, 1.0, 0.79, 0.58, 0.54, 0.58, 1.0, 1.0, 0.5, 0.58, 0.75, 0.75, 0.75, 1.0, 0.54, 0.46, 0.79, 0.5, 0.75, 0.54, 0.58, 0.75, 0.58, 0.67, 0.79, 0.88, 0.58, 0.75, 0.42, 0.58, 0.58, 1.0, 0.88]",35.56000000000001,"[12, 14, 15, 22, 32, 37, 39]","[0.09, 0.05, 0.0, 0.05, 0.1, 0.09, 0.01, 0.03, 0.07, 0.04, 0.01, 0.07, 0.03, 0.07, 0.07, 0.03, 0.04, 0.03, 0.01, 0.03, 0.07, 0.07, 0.05, 0.03, 0.01, 0.08, 0.06, 0.03, 0.02, 0.02, 0.03, 0.07, 0.09, 0.03, 0.09, 0.02, 0.07, 0.07, 0.04, 0.07, 0.05, 0.03, 0.01, 0.06, 0.03, 0.1, 0.06, 0.05, 0.01, 0.01]",0.040000000000000036,
74,Vote For 2,ATVA_4,50,4,"{'A': 29, 'B': 26, 'C': 25, 'D': 20}","[0.79, 0.67, 0.58, 0.46, 0.79, 0.5, 0.75, 0.46, 0.46, 1.0, 1.0, 0.75, 0.46, 0.75, 1.0, 0.88, 0.42, 0.58, 1.0, 0.5, 1.0, 0.58, 1.0, 0.58, 0.75, 1.0, 1.0, 0.75, 0.58, 0.75, 0.75, 1.0, 0.58, 0.75, 0.88, 0.42, 0.54, 0.75, 0.46, 1.0, 1.0, 0.42, 0.58, 0.67, 0.42, 1.0, 0.58, 0.75, 0.58, 0.46]",35.38,[],"[0.03, 0.05, 0.05, 0.09, 0.03, 0.08, 0.02, 0.09, 0.09, 0.01, 0.03, 0.02, 0.09, 0.03, 0.01, 0.01, 0.1, 0.05, 0.01, 0.09, 0.01, 0.05, 0.03, 0.06, 0.02, 0.04, 0.01, 0.04, 0.07, 0.03, 0.02, 0.01, 0.06, 0.02, 0.01, 0.1, 0.07, 0.02, 0.09, 0.03, 0.0, 0.1, 0.07, 0.05, 0.1, 0.01, 0.06, 0.02, 0.06, 0.09]",0,
75,Vote For 2,ATVA_4,50,4,"{'B': 26, 'C': 25, 'D': 25, 'A': 24}","[1.0, 0.54, 0.58, 0.46, 0.46, 0.88, 0.46, 0.75, 0.5, 1.0, 1.0, 0.75, 0.58, 0.58, 1.0, 1.0, 1.0, 0.75, 0.58, 0.58, 0.58, 0.46, 0.58, 0.75, 0.5, 0.58, 1.0, 0.5, 0.58, 0.75, 0.58, 0.42, 1.0, 1.0, 1.0, 0.58, 1.0, 0.88, 0.5, 1.0, 1.0, 1.0, 1.0, 0.58, 0.58, 0.46, 0.58, 0.58, 0.79, 1.0]",36.26,"[2, 5, 22, 32]","[0.04, 0.07, 0.07, 0.09, 0.09, 0.01, 0.09, 0.04, 0.09, 0.03, 0.03, 0.04, 0.07, 0.06, 0.03, 0.0, 0.01, 0.03, 0.06, 0.05, 0.06, 0.09, 0.06, 0.03, 0.09, 0.05, 0.0, 0.09, 0.07, 0.04, 0.06, 0.1, 0.01, 0.01, 0.01, 0.07, 0.01, 0.01, 0.08, 0.01, 0.01, 0.04, 0.03, 0.06, 0.06, 0.09, 0.06, 0.07, 0.03, 0.03]",0.040000000000000036,
76,Vote For 2,ATVA_4,50,4,"{'B': 28, 'C': 26, 'A': 25, 'D': 21}","[0.54, 0.54, 0.58, 0.58, 0.75, 0.58, 1.0, 0.88, 0.75, 0.54, 0.46, 0.88, 0.42, 0.58, 0.58, 1.0, 0.58, 0.75, 1.0, 1.0, 0.54, 1.0, 0.5, 1.0, 0.46, 0.46, 0.58, 0.54, 1.0, 1.0, 1.0, 1.0, 0.54, 0.88, 1.0, 0.58, 0.75, 0.54, 0.88, 0.88, 0.46, 0.75, 0.75, 0.58, 0.75, 0.75, 0.75, 0.46, 0.58, 0.46]",35.410000000000004,"[1, 2, 5, 9, 10, 18, 21, 28, 33, 38, 42, 43]","[0.07, 0.07, 0.06, 0.06, 0.04, 0.05, 0.01, 0.01, 0.04, 0.07, 0.09, 0.01, 0.1, 0.07, 0.07, 0.04, 0.05, 0.04, 0.03, 0.04, 0.07, 0.0, 0.09, 0.03, 0.09, 0.09, 0.06, 0.07, 0.04, 0.01, 0.03, 0.01, 0.07, 0.01, 0.01, 0.07, 0.02, 0.07, 0.01, 0.01, 0.09, 0.04, 0.04, 0.06, 0.02, 0.02, 0.03, 0.09, 0.06, 0.09]",0.040000000000000036,
77,Vote For 2,ATVA_4,50,4,"{'B': 30, 'C': 28, 'A': 21, 'D': 21}","[0.42, 1.0, 0.88, 0.58, 0.75, 0.75, 1.0, 1.0, 0.5, 0.42, 0.54, 1.0, 0.58, 1.0, 0.75, 0.75, 1.0, 1.0, 0.5, 0.54, 0.5, 1.0, 0.58, 0.75, 0.75, 0.88, 0.79, 1.0, 0.58, 0.75, 0.58, 0.67, 0.75, 0.88, 1.0, 0.54, 0.58, 0.88, 0.75, 0.58, 0.75, 0.58, 0.54, 1.0, 0.58, 0.79, 0.5, 0.46, 1.0, 0.79]",36.74,"[1, 6, 10, 15, 24, 25, 39]","[0.1, 0.04, 0.01, 0.06, 0.03, 0.02, 0.0, 0.01, 0.08, 0.1, 0.07, 0.03, 0.06, 0.01, 0.02, 0.03, 0.01, 0.03, 0.08, 0.07, 0.09, 0.03, 0.06, 0.02, 0.02, 0.01, 0.03, 0.0, 0.07, 0.04, 0.07, 0.05, 0.03, 0.01, 0.04, 0.07, 0.06, 0.01, 0.02, 0.07, 0.03, 0.05, 0.07, 0.03, 0.06, 0.03, 0.08, 0.09, 0.04, 0.03]",0.13,
78,Vote For 2,ATVA_4,50,4,"{'B': 31, 'C': 30, 'A': 23, 'D': 16}","[1.0, 1.0, 1.0, 0.5, 1.0, 0.79, 0.88, 1.0, 0.67, 1.0, 0.58, 0.58, 1.0, 0.88, 1.0, 1.0, 0.75, 1.0, 0.58, 0.54, 0.58, 1.0, 1.0, 0.75, 0.75, 0.67, 1.0, 0.75, 1.0, 0.75, 1.0, 0.58, 1.0, 1.0, 0.88, 1.0, 0.67, 0.75, 0.54, 1.0, 1.0, 0.54, 1.0, 0.75, 0.58, 0.79, 0.54, 1.0, 0.79, 0.46]",40.87,[],"[0.01, 0.03, 0.0, 0.08, 0.04, 0.03, 0.01, 0.01, 0.05, 0.0, 0.06, 0.07, 0.03, 0.01, 0.03, 0.01, 0.03, 0.01, 0.07, 0.07, 0.07, 0.01, 0.01, 0.02, 0.04, 0.05, 0.03, 0.02, 0.03, 0.02, 0.01, 0.06, 0.0, 0.04, 0.01, 0.01, 0.05, 0.03, 0.07, 0.01, 0.01, 0.07, 0.04, 0.04, 0.07, 0.03, 0.07, 0.01, 0.03, 0.09]",0,
79,Vote For 2,ATVA_4,50,4,"{'D': 27, 'A': 26, 'C': 25, 'B': 22}","[0.88, 1.0, 0.58, 0.46, 1.0, 1.0, 0.54, 0.5, 0.58, 0.58, 1.0, 0.75, 0.42, 1.0, 0.46, 0.75, 0.67, 0.79, 0.75, 0.75, 1.0, 0.58, 0.58, 0.79, 0.75, 0.5, 1.0, 1.0, 1.0, 1.0, 0.58, 0.88, 1.0, 0.58, 1.0, 0.58, 0.88, 0.58, 0.5, 1.0, 1.0, 0.42, 0.75, 1.0, 0.58, 0.5, 0.5, 0.75, 0.5, 0.5]",36.739999999999995,"[1, 4, 13, 15, 16, 20, 32, 37, 42]","[0.01, 0.01, 0.05, 0.09, 0.04, 0.04, 0.07, 0.09, 0.06, 0.06, 0.01, 0.04, 0.1, 0.0, 0.09, 0.02, 0.05, 0.03, 0.03, 0.02, 0.01, 0.05, 0.06, 0.03, 0.04, 0.09, 0.01, 0.03, 0.03, 0.04, 0.06, 0.01, 0.01, 0.07, 0.0, 0.06, 0.01, 0.07, 0.08, 0.01, 0.04, 0.1, 0.04, 0.01, 0.05, 0.09, 0.09, 0.04, 0.08, 0.08]",0.25,
80,Anti-Plurality,BTVA,50,4,"{'C': 42, 'A': 40, 'B': 34, 'D': 34}","[1.0, 1.0, 0.54, 0.5, 1.0, 0.58, 1.0, 1.0, 0.75, 0.46, 0.42, 0.42, 0.58, 0.75, 0.54, 0.54, 0.58, 1.0, 0.67, 0.75, 0.75, 0.75, 0.75, 0.75, 0.88, 0.42, 0.75, 1.0, 0.58, 0.58, 1.0, 0.58, 0.88, 1.0, 0.75, 0.58, 0.75, 0.79, 1.0, 0.75, 0.67, 1.0, 0.42, 1.0, 0.5, 0.88, 0.42, 1.0, 1.0, 0.75]",37.010000000000005,"[3, 15, 16, 45]","[0.0, 0.03, 0.07, 0.08, 0.0, 0.05, 0.01, 0.03, 0.04, 0.09, 0.1, 0.1, 0.06, 0.02, 0.07, 0.07, 0.06, 0.01, 0.05, 0.04, 0.03, 0.03, 0.03, 0.04, 0.01, 0.1, 0.04, 0.01, 0.07, 0.06, 0.01, 0.05, 0.01, 0.01, 0.02, 0.06, 0.03, 0.03, 0.04, 0.03, 0.05, 0.01, 0.1, 0.01, 0.09, 0.01, 0.1, 0.0, 0.03, 0.02]",0.040000000000000036,
81,Anti-Plurality,BTVA,50,4,"{'B': 41, 'C': 38, 'A': 36, 'D': 35}","[0.75, 0.67, 0.42, 1.0, 0.46, 0.58, 0.42, 1.0, 0.79, 0.75, 0.75, 0.79, 0.54, 0.88, 0.58, 1.0, 1.0, 0.54, 0.58, 0.58, 0.75, 0.42, 1.0, 0.58, 1.0, 0.46, 1.0, 1.0, 0.42, 1.0, 0.54, 1.0, 1.0, 1.0, 1.0, 0.58, 0.58, 0.67, 0.42, 1.0, 0.42, 0.75, 1.0, 0.75, 0.54, 0.79, 1.0, 0.79, 1.0, 0.67]",37.21,[],"[0.04, 0.05, 0.1, 0.03, 0.09, 0.06, 0.1, 0.0, 0.03, 0.03, 0.02, 0.03, 0.07, 0.01, 0.06, 0.0, 0.04, 0.07, 0.05, 0.06, 0.04, 0.1, 0.01, 0.07, 0.03, 0.09, 0.01, 0.01, 0.1, 0.04, 0.07, 0.0, 0.03, 0.04, 0.04, 0.06, 0.07, 0.05, 0.1, 0.01, 0.1, 0.04, 0.01, 0.02, 0.07, 0.03, 0.04, 0.03, 0.0, 0.05]",0,
82,Anti-Plurality,BTVA,50,4,"{'B': 43, 'D': 40, 'C': 35, 'A': 32}","[1.0, 0.42, 0.79, 0.46, 0.75, 1.0, 1.0, 0.46, 1.0, 0.79, 0.79, 0.67, 0.5, 1.0, 0.54, 0.42, 0.75, 0.58, 0.75, 1.0, 0.58, 0.79, 0.58, 0.75, 1.0, 1.0, 1.0, 0.88, 1.0, 0.79, 0.67, 1.0, 1.0, 0.42, 0.58, 1.0, 0.58, 1.0, 0.5, 1.0, 1.0, 0.67, 0.58, 1.0, 1.0, 0.58, 0.75, 0.58, 0.5, 0.88]",38.330000000000005,[],"[0.0, 0.1, 0.03, 0.09, 0.03, 0.01, 0.0, 0.09, 0.03, 0.03, 0.03, 0.05, 0.08, 0.03, 0.07, 0.1, 0.02, 0.06, 0.02, 0.01, 0.06, 0.03, 0.06, 0.03, 0.03, 0.01, 0.03, 0.01, 0.03, 0.03, 0.05, 0.04, 0.01, 0.1, 0.07, 0.01, 0.07, 0.01, 0.09, 0.0, 0.03, 0.05, 0.05, 0.03, 0.03, 0.06, 0.04, 0.06, 0.08, 0.01]",0,
83,Anti-Plurality,BTVA,50,4,"{'B': 44, 'A': 38, 'D': 35, 'C': 33}","[0.75, 1.0, 0.58, 0.54, 1.0, 1.0, 0.46, 1.0, 0.58, 1.0, 0.75, 0.75, 0.42, 0.58, 1.0, 0.54, 0.58, 1.0, 1.0, 1.0, 0.75, 1.0, 0.75, 0.75, 0.58, 0.58, 0.88, 0.79, 0.58, 0.67, 0.88, 0.75, 0.54, 0.46, 0.58, 1.0, 0.67, 0.46, 0.79, 0.67, 0.75, 0.54, 0.54, 0.42, 1.0, 0.54, 0.75, 0.67, 0.75, 1.0]",36.62,[],"[0.03, 0.03, 0.07, 0.07, 0.01, 0.01, 0.09, 0.01, 0.07, 0.04, 0.04, 0.04, 0.1, 0.06, 0.01, 0.07, 0.07, 0.01, 0.01, 0.04, 0.04, 0.04, 0.03, 0.03, 0.07, 0.06, 0.01, 0.03, 0.05, 0.05, 0.01, 0.03, 0.07, 0.09, 0.07, 0.01, 0.05, 0.09, 0.03, 0.05, 0.04, 0.07, 0.07, 0.1, 0.01, 0.07, 0.03, 0.05, 0.02, 0.01]",0,
84,Anti-Plurality,BTVA,50,4,"{'B': 41, 'C': 39, 'A': 37, 'D': 33}","[0.54, 1.0, 0.54, 0.75, 1.0, 0.58, 0.58, 1.0, 0.67, 0.67, 0.79, 0.75, 0.54, 0.58, 0.54, 0.75, 0.54, 1.0, 0.79, 1.0, 1.0, 0.75, 0.5, 0.67, 1.0, 0.75, 0.58, 0.58, 0.42, 0.75, 1.0, 0.5, 0.54, 0.58, 0.75, 0.88, 1.0, 1.0, 0.54, 0.58, 0.58, 0.58, 0.75, 0.75, 1.0, 0.42, 0.58, 0.75, 0.58, 1.0]",35.97,[],"[0.07, 0.01, 0.07, 0.02, 0.03, 0.07, 0.06, 0.03, 0.05, 0.05, 0.03, 0.04, 0.07, 0.06, 0.07, 0.02, 0.07, 0.0, 0.03, 0.0, 0.0, 0.03, 0.09, 0.05, 0.04, 0.04, 0.07, 0.06, 0.1, 0.04, 0.01, 0.09, 0.07, 0.06, 0.04, 0.01, 0.0, 0.03, 0.07, 0.07, 0.07, 0.07, 0.03, 0.04, 0.04, 0.1, 0.05, 0.03, 0.06, 0.01]",0,
85,Anti-Plurality,BTVA,50,4,"{'D': 40, 'A': 37, 'B': 37, 'C': 36}","[1.0, 0.79, 1.0, 0.58, 1.0, 0.54, 0.75, 0.5, 0.58, 1.0, 0.88, 0.58, 1.0, 0.46, 0.58, 0.58, 0.75, 0.79, 0.58, 0.42, 1.0, 0.88, 0.75, 1.0, 0.58, 0.58, 0.58, 0.75, 0.88, 0.58, 0.75, 1.0, 0.79, 1.0, 0.42, 0.58, 1.0, 0.75, 0.5, 0.46, 1.0, 0.5, 0.42, 1.0, 1.0, 1.0, 0.58, 1.0, 0.46, 1.0]",37.15,"[14, 20, 35, 40, 43, 49]","[0.0, 0.03, 0.01, 0.06, 0.03, 0.07, 0.04, 0.08, 0.07, 0.04, 0.01, 0.07, 0.04, 0.09, 0.05, 0.06, 0.02, 0.03, 0.07, 0.1, 0.0, 0.01, 0.03, 0.01, 0.07, 0.07, 0.06, 0.03, 0.01, 0.07, 0.02, 0.01, 0.03, 0.03, 0.1, 0.05, 0.0, 0.04, 0.08, 0.09, 0.04, 0.08, 0.1, 0.03, 0.01, 0.03, 0.05, 0.03, 0.09, 0.01]",0.11999999999999994,
86,Anti-Plurality,BTVA,50,4,"{'A': 39, 'D': 39, 'C': 38, 'B': 34}","[1.0, 1.0, 0.75, 0.46, 1.0, 1.0, 0.5, 1.0, 0.42, 1.0, 1.0, 0.75, 1.0, 0.46, 0.75, 0.58, 0.79, 0.75, 0.88, 0.46, 0.75, 0.5, 0.75, 1.0, 0.75, 0.58, 0.67, 1.0, 0.58, 0.58, 0.5, 0.46, 0.58, 0.79, 1.0, 1.0, 0.58, 0.42, 0.54, 0.58, 0.75, 0.79, 0.75, 1.0, 0.67, 0.75, 0.46, 0.58, 1.0, 0.42]",36.33,"[3, 4, 9, 12, 14, 15, 17, 18, 20, 21, 23, 25, 32, 34, 38, 42, 50]","[0.04, 0.03, 0.03, 0.09, 0.04, 0.0, 0.08, 0.01, 0.1, 0.01, 0.01, 0.03, 0.01, 0.09, 0.03, 0.06, 0.03, 0.03, 0.01, 0.09, 0.03, 0.08, 0.03, 0.03, 0.03, 0.05, 0.05, 0.04, 0.06, 0.07, 0.09, 0.09, 0.07, 0.03, 0.01, 0.03, 0.07, 0.1, 0.07, 0.07, 0.04, 0.03, 0.02, 0.03, 0.05, 0.04, 0.09, 0.07, 0.03, 0.1]",0.20999999999999996,
87,Anti-Plurality,BTVA,50,4,"{'C': 41, 'B': 39, 'D': 39, 'A': 31}","[0.58, 0.42, 0.54, 0.58, 0.79, 0.5, 0.88, 1.0, 0.54, 0.75, 0.5, 0.79, 1.0, 0.88, 1.0, 0.58, 0.79, 0.5, 0.79, 1.0, 1.0, 0.79, 0.75, 0.75, 0.75, 0.88, 0.67, 1.0, 0.67, 0.79, 0.75, 1.0, 0.54, 0.54, 0.58, 0.42, 0.67, 0.54, 0.54, 0.46, 0.5, 0.42, 0.88, 0.58, 0.42, 0.5, 0.58, 1.0, 1.0, 0.58]",34.959999999999994,"[2, 10, 25, 31, 36, 40, 42, 45]","[0.05, 0.1, 0.07, 0.07, 0.03, 0.08, 0.01, 0.03, 0.07, 0.03, 0.09, 0.03, 0.0, 0.01, 0.01, 0.07, 0.03, 0.08, 0.03, 0.01, 0.01, 0.03, 0.02, 0.02, 0.03, 0.01, 0.05, 0.01, 0.05, 0.03, 0.03, 0.01, 0.07, 0.07, 0.07, 0.1, 0.05, 0.07, 0.07, 0.09, 0.09, 0.1, 0.01, 0.06, 0.1, 0.08, 0.07, 0.0, 0.04, 0.05]",0.13,
88,Anti-Plurality,BTVA,50,4,"{'A': 41, 'C': 38, 'D': 37, 'B': 34}","[0.75, 1.0, 0.46, 0.54, 0.58, 0.54, 1.0, 0.54, 1.0, 0.58, 0.58, 0.54, 0.58, 0.75, 0.58, 0.58, 1.0, 0.42, 0.58, 0.58, 1.0, 0.75, 0.75, 1.0, 0.54, 1.0, 0.58, 0.79, 0.58, 0.75, 0.88, 0.46, 1.0, 1.0, 0.46, 1.0, 0.58, 0.88, 0.58, 0.75, 0.67, 0.75, 0.79, 0.79, 0.75, 0.58, 1.0, 0.5, 0.46, 1.0]",35.800000000000004,[],"[0.04, 0.01, 0.09, 0.07, 0.06, 0.07, 0.03, 0.07, 0.0, 0.06, 0.07, 0.07, 0.05, 0.02, 0.05, 0.05, 0.01, 0.1, 0.07, 0.06, 0.03, 0.04, 0.02, 0.0, 0.07, 0.04, 0.06, 0.03, 0.07, 0.03, 0.01, 0.09, 0.0, 0.0, 0.09, 0.03, 0.07, 0.01, 0.07, 0.03, 0.05, 0.03, 0.03, 0.03, 0.04, 0.07, 0.04, 0.08, 0.09, 0.01]",0,
89,Anti-Plurality,BTVA,50,4,"{'A': 41, 'D': 38, 'B': 36, 'C': 35}","[0.79, 0.79, 0.42, 0.58, 0.58, 0.58, 1.0, 0.5, 0.58, 1.0, 1.0, 1.0, 0.79, 1.0, 1.0, 1.0, 1.0, 0.79, 1.0, 0.88, 0.67, 0.58, 0.58, 0.54, 0.5, 0.75, 0.58, 0.46, 0.88, 0.58, 0.88, 0.54, 0.46, 0.58, 0.75, 0.58, 0.58, 0.5, 0.58, 1.0, 0.75, 1.0, 0.46, 1.0, 0.88, 1.0, 0.58, 1.0, 1.0, 0.88]",37.400000000000006,[],"[0.03, 0.03, 0.1, 0.06, 0.05, 0.05, 0.03, 0.08, 0.07, 0.01, 0.04, 0.03, 0.03, 0.03, 0.01, 0.0, 0.0, 0.03, 0.01, 0.01, 0.05, 0.07, 0.07, 0.07, 0.09, 0.02, 0.06, 0.09, 0.01, 0.07, 0.01, 0.07, 0.09, 0.06, 0.03, 0.06, 0.07, 0.08, 0.07, 0.03, 0.03, 0.01, 0.09, 0.01, 0.01, 0.04, 0.06, 0.0, 0.03, 0.01]",0,
90,Anti-Plurality,ATVA_1,50,4,"{'D': 40, 'A': 39, 'B': 37, 'C': 34}","[0.75, 0.58, 0.58, 0.58, 0.46, 0.75, 0.58, 0.75, 0.46, 0.75, 0.75, 0.54, 1.0, 0.58, 0.5, 0.58, 1.0, 0.42, 0.75, 1.0, 0.75, 1.0, 0.75, 0.58, 0.75, 1.0, 0.42, 1.0, 0.79, 0.46, 0.88, 1.0, 0.46, 0.54, 0.58, 0.75, 0.5, 0.58, 1.0, 0.67, 1.0, 1.0, 0.67, 0.67, 0.75, 0.75, 0.58, 0.58, 1.0, 1.0]",35.82,"[29, 40, 43, 44]","[0.04, 0.06, 0.05, 0.07, 0.09, 0.04, 0.06, 0.04, 0.09, 0.04, 0.04, 0.07, 0.03, 0.06, 0.09, 0.07, 0.04, 0.1, 0.02, 0.0, 0.04, 0.03, 0.04, 0.05, 0.02, 0.01, 0.1, 0.03, 0.03, 0.09, 0.01, 0.03, 0.09, 0.07, 0.06, 0.03, 0.08, 0.07, 0.0, 0.05, 0.03, 0.0, 0.05, 0.05, 0.03, 0.03, 0.06, 0.06, 0.01, 0.01]",0.32999999999999996,"[(25, 29), (19, 43), (25, 35), (43, 46), (19, 46), (44, 45), (25, 47), (44, 48), (29, 35), (25, 44), (29, 44), (31, 35), (40, 44), (29, 47), (31, 44), (40, 47), (19, 21), (31, 47), (19, 30), (19, 27), (19, 33), (19, 36), (25, 31), (19, 45), (19, 48), (25, 40), (43, 45), (25, 37), (25, 43), (44, 47), (29, 31), (43, 48), (25, 46), (29, 40), (29, 43), (31, 40), (40, 43), (40, 46), (31, 43), (19, 23), (19, 29), (19, 35), (19, 44), (25, 27), (25, 33), (19, 47), (25, 30), (25, 36), (43, 44), (29, 30), (43, 47), (25, 45), (44, 46), (25, 48), (40, 45), (29, 48), (40, 48), (19, 25), (31, 48), (19, 31), (19, 37), (19, 40)]"
91,Anti-Plurality,ATVA_1,50,4,"{'B': 39, 'A': 37, 'C': 37, 'D': 37}","[0.58, 0.88, 0.46, 1.0, 1.0, 0.88, 0.88, 1.0, 0.67, 0.5, 0.42, 0.75, 1.0, 0.88, 1.0, 0.46, 0.58, 1.0, 0.75, 1.0, 0.67, 0.58, 0.58, 0.42, 1.0, 0.54, 0.58, 0.54, 0.58, 0.46, 0.75, 1.0, 0.67, 0.58, 0.46, 1.0, 1.0, 0.58, 1.0, 0.5, 0.5, 0.5, 0.46, 0.75, 0.88, 0.79, 0.5, 0.58, 0.58, 0.88]",35.6,"[10, 11, 16, 24, 26, 28, 30, 40, 42, 43]","[0.06, 0.01, 0.09, 0.01, 0.0, 0.01, 0.01, 0.0, 0.05, 0.09, 0.1, 0.02, 0.03, 0.01, 0.03, 0.09, 0.05, 0.04, 0.02, 0.03, 0.05, 0.06, 0.05, 0.1, 0.03, 0.07, 0.05, 0.07, 0.06, 0.09, 0.03, 0.01, 0.05, 0.05, 0.09, 0.03, 0.01, 0.06, 0.04, 0.09, 0.08, 0.09, 0.09, 0.04, 0.01, 0.03, 0.08, 0.06, 0.07, 0.01]",0.12000000000000005,"[(24, 33), (42, 48), (10, 43), (24, 42), (35, 42), (16, 47), (3, 40), (11, 23), (3, 49), (24, 26), (24, 35), (16, 40), (3, 24), (40, 43), (3, 33), (11, 16), (3, 42), (24, 28), (16, 24), (30, 41), (42, 43), (16, 42), (3, 26), (3, 35), (16, 17), (30, 34), (24, 30), (16, 26), (10, 40), (30, 43), (16, 35), (10, 49), (11, 48), (3, 10), (3, 19), (26, 48), (3, 28), (10, 24), (10, 33), (28, 48), (16, 28), (10, 42), (11, 41), (3, 12), (3, 21), (40, 49), (10, 26), (10, 35), (11, 34), (16, 30), (30, 47), (42, 49), (11, 43), (40, 42), (10, 19), (10, 28), (11, 27), (16, 23), (30, 40), (24, 48), (35, 48), (10, 12), (10, 21), (10, 30), (30, 42), (11, 47), (3, 9), (24, 41), (30, 35), (3, 48), (11, 40), (11, 49), (24, 34), (3, 11), (43, 47), (24, 43), (26, 40), (26, 49), (10, 16), (11, 24), (28, 40), (11, 33), (28, 49), (11, 42), (24, 27), (26, 33), (26, 42), (16, 41), (11, 17), (28, 33), (11, 26), (28, 42), (11, 35), (26, 35), (16, 34), (10, 48), (24, 47), (16, 43), (10, 11), (11, 19), (28, 35), (11, 28), (26, 28), (16, 27), (24, 40), (35, 40), (24, 49), (35, 49), (11, 12), (40, 48), (11, 21), (11, 30)]"
92,Anti-Plurality,ATVA_1,50,4,"{'B': 42, 'A': 38, 'D': 37, 'C': 33}","[0.75, 1.0, 1.0, 0.58, 0.67, 1.0, 0.75, 1.0, 0.67, 1.0, 0.54, 0.46, 0.88, 0.5, 0.75, 1.0, 0.79, 0.42, 0.75, 0.5, 0.46, 0.75, 0.75, 1.0, 0.67, 0.88, 0.88, 0.5, 0.58, 0.58, 0.58, 1.0, 0.75, 1.0, 0.88, 0.46, 0.58, 0.5, 0.58, 0.88, 0.75, 1.0, 0.54, 0.54, 1.0, 0.46, 0.5, 1.0, 0.88, 0.67]",36.61000000000001,[],"[0.04, 0.0, 0.03, 0.07, 0.05, 0.01, 0.03, 0.03, 0.05, 0.03, 0.07, 0.09, 0.01, 0.08, 0.02, 0.01, 0.03, 0.1, 0.04, 0.08, 0.09, 0.03, 0.03, 0.03, 0.05, 0.01, 0.01, 0.09, 0.05, 0.06, 0.07, 0.04, 0.02, 0.01, 0.01, 0.09, 0.06, 0.08, 0.05, 0.01, 0.04, 0.03, 0.07, 0.07, 0.01, 0.09, 0.09, 0.0, 0.01, 0.05]",0,
93,Anti-Plurality,ATVA_1,50,4,"{'B': 39, 'C': 39, 'D': 39, 'A': 33}","[0.75, 0.5, 1.0, 0.75, 0.54, 0.58, 0.67, 0.75, 0.58, 1.0, 0.75, 0.58, 0.58, 0.46, 0.58, 0.75, 0.58, 0.58, 0.88, 0.58, 0.46, 0.58, 1.0, 0.58, 0.75, 0.5, 0.88, 0.75, 0.58, 0.58, 0.58, 0.5, 0.79, 0.67, 1.0, 0.75, 0.58, 1.0, 0.5, 0.54, 0.75, 0.67, 0.58, 0.5, 0.75, 0.58, 0.58, 0.58, 1.0, 0.46]",33.46,"[1, 2, 4, 8, 11, 14, 16, 21, 25, 26, 28, 32, 33, 36, 39, 41, 45, 50]","[0.03, 0.08, 0.03, 0.04, 0.07, 0.05, 0.05, 0.04, 0.07, 0.01, 0.03, 0.06, 0.06, 0.09, 0.07, 0.03, 0.06, 0.05, 0.01, 0.06, 0.09, 0.06, 0.01, 0.07, 0.03, 0.08, 0.01, 0.03, 0.07, 0.07, 0.06, 0.08, 0.03, 0.05, 0.03, 0.03, 0.05, 0.01, 0.08, 0.07, 0.04, 0.05, 0.07, 0.09, 0.04, 0.06, 0.06, 0.07, 0.0, 0.09]",0.25,"[(26, 30), (26, 39), (8, 18), (21, 37), (11, 14), (41, 42), (2, 32), (25, 34), (33, 47), (2, 41), (2, 50), (21, 32), (21, 41), (21, 50), (2, 27), (25, 29), (33, 42), (2, 36), (2, 45), (25, 47), (14, 28), (14, 37), (28, 39), (21, 36), (21, 45), (2, 22), (25, 33), (25, 42), (32, 41), (32, 50), (14, 32), (28, 34), (36, 47), (21, 40), (2, 8), (2, 17), (2, 26), (25, 28), (32, 36), (32, 45), (14, 18), (16, 37), (28, 29), (36, 42), (28, 47), (21, 26), (2, 21), (2, 30), (1, 34), (16, 32), (16, 41), (16, 50), (36, 37), (28, 33), (28, 42), (39, 47), (2, 7), (2, 16), (4, 44), (16, 18), (1, 29), (32, 44), (16, 27), (16, 36), (1, 47), (16, 45), (28, 37), (27, 41), (27, 50), (39, 42), (2, 11), (4, 30), (4, 39), (1, 15), (1, 24), (32, 39), (16, 22), (1, 33), (1, 42), (16, 40), (27, 36), (8, 32), (19, 32), (27, 45), (8, 41), (19, 41), (11, 37), (8, 50), (19, 50), (4, 25), (4, 34), (1, 19), (16, 17), (1, 28), (16, 26), (1, 37), (8, 27), (19, 27), (8, 36), (19, 36), (11, 32), (8, 45), (19, 45), (11, 41), (11, 50), (4, 11), (39, 41), (4, 29), (1, 5), (1, 14), (4, 47), (16, 21), (1, 32), (16, 30), (26, 34), (8, 22), (19, 22), (11, 18), (27, 44), (11, 27), (8, 40), (11, 36), (11, 45), (4, 6), (4, 15), (4, 24), (4, 33), (1, 18), (26, 29), (26, 47), (8, 17), (27, 30), (8, 26), (19, 26), (27, 39), (11, 22), (8, 44), (19, 44), (11, 40), (41, 50), (4, 19), (4, 28), (1, 4), (45, 47), (14, 41), (14, 50), (26, 33), (26, 42), (8, 21), (19, 21), (11, 17), (8, 30), (19, 30), (11, 26), (41, 45), (4, 5), (33, 41), (25, 37), (4, 14), (33, 50), (2, 44), (14, 36), (14, 45), (26, 28), (8, 16), (19, 25), (11, 21), (11, 30), (33, 36), (25, 32), (33, 45), (2, 39), (25, 41), (25, 50), (14, 40), (26, 32), (8, 11), (21, 39), (11, 16), (41, 44), (25, 27), (2, 25), (2, 34), (25, 36), (25, 45), (14, 26), (36, 41), (36, 50), (21, 25), (2, 29), (33, 44), (25, 40), (2, 47), (14, 21), (28, 32), (36, 45), (28, 41), (28, 50), (2, 15), (2, 24), (25, 26), (2, 33), (32, 34), (2, 42), (14, 16), (14, 25), (16, 44), (36, 40), (28, 36), (28, 45), (39, 50), (2, 19), (2, 28), (32, 47), (1, 41), (16, 39), (1, 50), (36, 44), (28, 40), (21, 28), (39, 45), (2, 14), (4, 42), (32, 33), (1, 27), (32, 42), (16, 25), (1, 36), (16, 34), (1, 45), (36, 39), (28, 44), (4, 37), (1, 22), (16, 29), (1, 40), (16, 47), (28, 30), (27, 34), (8, 39), (19, 39), (11, 44), (39, 44), (2, 4), (4, 32), (1, 8), (4, 41), (1, 17), (4, 50), (1, 26), (16, 24), (16, 33), (1, 44), (16, 42), (27, 29), (8, 25), (8, 34), (19, 34), (27, 47), (11, 39), (4, 18), (4, 27), (4, 36), (4, 45), (1, 21), (16, 19), (1, 30), (16, 28), (1, 39), (26, 41), (26, 50), (27, 33), (8, 29), (19, 29), (27, 42), (11, 25), (11, 34), (8, 47), (19, 47), (4, 22), (1, 7), (4, 40), (1, 16), (45, 50), (1, 25), (26, 27), (26, 36), (26, 45), (8, 15), (27, 28), (8, 24), (19, 24), (8, 33), (19, 33), (11, 29), (8, 42), (19, 42), (11, 47), (4, 8), (4, 17), (4, 26), (1, 2), (1, 11), (14, 39), (8, 19), (27, 32), (11, 15), (8, 28), (19, 28), (11, 24), (8, 37), (11, 33), (11, 42), (33, 39), (25, 44), (4, 21), (1, 6), (26, 44), (8, 14), (11, 19), (11, 28), (33, 34), (41, 47), (25, 30), (4, 7), (25, 39), (4, 16)]"
94,Anti-Plurality,ATVA_1,50,4,"{'A': 40, 'D': 40, 'B': 38, 'C': 32}","[1.0, 0.67, 0.58, 0.75, 0.46, 0.75, 0.75, 0.54, 0.67, 0.46, 0.67, 1.0, 0.75, 0.79, 0.58, 0.75, 0.88, 0.58, 1.0, 0.58, 1.0, 0.58, 0.75, 0.79, 0.75, 0.75, 0.75, 0.5, 1.0, 0.5, 0.79, 0.58, 1.0, 1.0, 0.42, 0.58, 1.0, 0.54, 0.75, 0.67, 0.5, 0.58, 0.75, 0.46, 0.5, 1.0, 1.0, 1.0, 0.58, 0.5]",35.78,"[2, 9, 11, 14, 24, 31, 40]","[0.03, 0.05, 0.07, 0.04, 0.09, 0.03, 0.03, 0.07, 0.05, 0.09, 0.05, 0.03, 0.03, 0.03, 0.07, 0.03, 0.01, 0.07, 0.03, 0.06, 0.03, 0.07, 0.04, 0.03, 0.03, 0.04, 0.04, 0.08, 0.03, 0.08, 0.03, 0.06, 0.03, 0.01, 0.1, 0.06, 0.01, 0.07, 0.03, 0.05, 0.09, 0.06, 0.03, 0.09, 0.08, 0.01, 0.03, 0.04, 0.07, 0.09]",0.32999999999999996,"[(2, 39), (14, 22), (31, 38), (40, 41), (9, 17), (11, 14), (2, 11), (14, 31), (40, 50), (9, 26), (11, 23), (14, 40), (9, 35), (24, 35), (24, 44), (11, 44), (2, 41), (2, 50), (9, 10), (14, 24), (2, 4), (31, 40), (40, 43), (11, 16), (9, 28), (2, 25), (17, 44), (2, 43), (14, 17), (40, 45), (14, 35), (14, 44), (2, 27), (11, 39), (2, 45), (31, 35), (9, 14), (31, 44), (9, 44), (11, 41), (2, 38), (11, 50), (9, 16), (2, 13), (11, 25), (2, 22), (17, 41), (2, 31), (17, 50), (11, 43), (2, 40), (2, 6), (11, 18), (9, 30), (11, 27), (2, 24), (9, 39), (11, 45), (40, 44), (17, 18), (2, 8), (9, 23), (2, 17), (2, 26), (9, 41), (11, 38), (2, 35), (9, 50), (24, 41), (14, 18), (24, 50), (11, 13), (2, 10), (9, 25), (11, 22), (17, 38), (11, 31), (2, 28), (9, 43), (11, 40), (2, 3), (17, 22), (9, 18), (17, 31), (9, 27), (11, 24), (14, 41), (17, 40), (14, 50), (2, 30), (9, 45), (9, 11), (2, 5), (17, 24), (31, 41), (11, 17), (2, 14), (31, 50), (11, 26), (2, 23), (9, 38), (11, 35), (24, 38), (2, 44), (9, 13), (2, 7), (9, 22), (2, 16), (17, 35), (9, 31), (11, 28), (9, 40), (24, 31), (24, 40), (2, 9), (9, 24), (14, 38), (2, 18), (11, 30)]"
95,Anti-Plurality,ATVA_1,50,4,"{'A': 42, 'B': 39, 'C': 37, 'D': 32}","[0.79, 1.0, 0.5, 0.46, 0.67, 0.75, 0.58, 0.58, 0.58, 1.0, 1.0, 0.75, 0.54, 0.46, 0.58, 0.67, 0.75, 0.54, 0.58, 0.54, 1.0, 0.5, 0.79, 0.42, 1.0, 0.88, 0.79, 0.88, 0.75, 0.58, 0.54, 0.75, 0.79, 0.42, 1.0, 0.58, 0.54, 1.0, 0.88, 1.0, 0.75, 0.88, 0.79, 1.0, 0.58, 0.58, 0.58, 0.58, 1.0, 0.58]",35.73,[],"[0.03, 0.04, 0.08, 0.09, 0.05, 0.03, 0.07, 0.07, 0.06, 0.01, 0.03, 0.03, 0.07, 0.09, 0.05, 0.05, 0.02, 0.07, 0.05, 0.07, 0.03, 0.09, 0.03, 0.1, 0.04, 0.01, 0.03, 0.01, 0.04, 0.07, 0.07, 0.02, 0.03, 0.1, 0.0, 0.05, 0.07, 0.01, 0.01, 0.03, 0.04, 0.01, 0.03, 0.01, 0.07, 0.07, 0.07, 0.06, 0.01, 0.06]",0,
96,Anti-Plurality,ATVA_1,50,4,"{'A': 42, 'D': 38, 'C': 37, 'B': 33}","[1.0, 0.75, 0.54, 1.0, 1.0, 0.46, 0.75, 0.46, 0.88, 0.58, 0.67, 0.58, 0.79, 0.79, 0.75, 0.75, 0.75, 1.0, 0.58, 0.58, 1.0, 1.0, 0.46, 0.58, 0.46, 0.58, 0.75, 0.75, 1.0, 0.75, 0.67, 0.79, 0.58, 0.5, 0.79, 1.0, 1.0, 0.67, 0.54, 0.58, 1.0, 0.88, 0.46, 0.5, 1.0, 0.75, 1.0, 1.0, 0.46, 0.5]",36.660000000000004,"[6, 8, 23, 27, 49]","[0.01, 0.04, 0.07, 0.0, 0.03, 0.09, 0.04, 0.09, 0.01, 0.05, 0.05, 0.05, 0.03, 0.03, 0.02, 0.02, 0.04, 0.01, 0.05, 0.07, 0.0, 0.04, 0.09, 0.07, 0.09, 0.07, 0.03, 0.04, 0.0, 0.04, 0.05, 0.03, 0.07, 0.08, 0.03, 0.01, 0.03, 0.05, 0.07, 0.07, 0.04, 0.01, 0.09, 0.09, 0.01, 0.02, 0.04, 0.01, 0.09, 0.08]",0.13,"[(7, 17), (27, 50), (2, 39), (23, 25), (23, 34), (17, 30), (28, 30), (23, 43), (27, 34), (7, 10), (27, 43), (8, 39), (7, 19), (30, 39), (7, 28), (2, 50), (23, 27), (17, 23), (6, 50), (7, 12), (2, 25), (2, 34), (8, 50), (7, 30), (30, 50), (2, 43), (6, 34), (6, 43), (8, 25), (8, 34), (30, 34), (2, 27), (8, 43), (7, 23), (30, 43), (6, 27), (49, 50), (23, 49), (8, 27), (17, 39), (28, 39), (27, 49), (17, 50), (28, 50), (2, 49), (7, 39), (6, 49), (2, 6), (17, 25), (17, 34), (28, 34), (17, 43), (28, 43), (8, 49), (30, 49), (23, 28), (7, 50), (27, 28), (2, 8), (17, 27), (2, 17), (6, 8), (6, 17), (7, 25), (7, 34), (23, 30), (7, 43), (8, 17), (27, 30), (2, 10), (27, 39), (2, 19), (2, 28), (6, 10), (6, 19), (6, 28), (7, 27), (8, 10), (2, 3), (8, 19), (2, 12), (8, 28), (17, 49), (6, 12), (2, 30), (28, 49), (6, 30), (6, 39), (8, 12), (8, 30), (2, 23), (6, 23), (7, 49), (2, 7), (8, 23), (23, 39), (6, 7), (6, 25), (17, 19), (17, 28), (23, 50), (7, 8)]"
97,Anti-Plurality,ATVA_1,50,4,"{'B': 42, 'C': 39, 'D': 35, 'A': 34}","[0.58, 0.58, 0.75, 1.0, 0.58, 0.46, 0.75, 0.79, 0.58, 0.79, 0.58, 0.88, 1.0, 0.75, 0.58, 0.75, 0.67, 1.0, 0.5, 0.58, 0.75, 0.75, 0.75, 1.0, 0.42, 0.58, 1.0, 0.58, 0.5, 0.5, 1.0, 0.58, 0.46, 1.0, 1.0, 0.5, 1.0, 1.0, 0.79, 0.75, 0.75, 1.0, 0.54, 0.58, 0.58, 0.54, 1.0, 1.0, 0.58, 0.58]",36.209999999999994,"[19, 29, 43, 46]","[0.06, 0.06, 0.02, 0.04, 0.06, 0.09, 0.03, 0.03, 0.07, 0.03, 0.05, 0.01, 0.01, 0.03, 0.06, 0.04, 0.05, 0.0, 0.09, 0.06, 0.04, 0.03, 0.03, 0.01, 0.1, 0.05, 0.01, 0.07, 0.09, 0.08, 0.04, 0.06, 0.09, 0.03, 0.04, 0.08, 0.03, 0.0, 0.03, 0.03, 0.02, 0.01, 0.07, 0.06, 0.06, 0.07, 0.0, 0.0, 0.06, 0.07]",0.040000000000000036,"[(25, 29), (19, 43), (19, 49), (25, 32), (19, 46), (43, 46), (43, 49), (25, 41), (25, 44), (25, 50), (29, 32), (29, 44), (29, 41), (6, 45), (29, 50), (25, 28), (6, 20), (19, 45), (6, 17), (43, 45), (6, 32), (25, 43), (6, 29), (25, 46), (46, 50), (6, 44), (25, 49), (6, 41), (29, 43), (29, 49), (29, 46), (6, 50), (19, 20), (19, 29), (19, 32), (19, 44), (19, 41), (6, 19), (6, 25), (43, 44), (19, 50), (6, 28), (25, 45), (43, 50), (46, 49), (6, 46), (6, 43), (6, 49), (29, 45), (19, 25), (19, 28)]"
98,Anti-Plurality,ATVA_1,50,4,"{'A': 40, 'B': 39, 'C': 36, 'D': 35}","[0.58, 1.0, 0.58, 0.75, 1.0, 0.5, 1.0, 0.58, 1.0, 0.75, 0.58, 0.67, 0.46, 0.67, 0.5, 0.42, 0.46, 0.75, 1.0, 0.88, 1.0, 1.0, 0.75, 0.79, 0.54, 1.0, 0.75, 0.58, 0.75, 0.42, 1.0, 0.58, 0.46, 0.54, 1.0, 0.75, 0.46, 1.0, 0.58, 0.75, 0.75, 0.58, 0.58, 0.67, 1.0, 0.79, 0.58, 0.5, 1.0, 1.0]",36.28,[],"[0.06, 0.01, 0.06, 0.04, 0.03, 0.09, 0.03, 0.06, 0.0, 0.04, 0.06, 0.05, 0.09, 0.05, 0.09, 0.1, 0.09, 0.03, 0.01, 0.01, 0.01, 0.03, 0.02, 0.03, 0.07, 0.03, 0.03, 0.07, 0.04, 0.1, 0.01, 0.07, 0.09, 0.07, 0.0, 0.03, 0.09, 0.04, 0.05, 0.04, 0.02, 0.06, 0.05, 0.05, 0.04, 0.03, 0.06, 0.09, 0.04, 0.03]",0,
99,Anti-Plurality,ATVA_1,50,4,"{'D': 39, 'C': 38, 'A': 37, 'B': 36}","[1.0, 0.75, 1.0, 0.75, 0.54, 0.58, 0.5, 0.75, 0.75, 1.0, 0.67, 0.54, 0.75, 0.46, 0.75, 0.58, 0.88, 0.58, 0.58, 0.75, 1.0, 0.5, 1.0, 0.75, 0.58, 0.46, 0.75, 0.75, 0.58, 0.58, 0.42, 0.5, 0.75, 0.58, 0.42, 0.58, 0.88, 0.58, 0.75, 1.0, 0.5, 1.0, 0.58, 0.54, 0.75, 1.0, 1.0, 0.5, 0.54, 1.0]",34.98,"[14, 31, 35]","[0.01, 0.02, 0.04, 0.04, 0.07, 0.06, 0.09, 0.03, 0.04, 0.04, 0.05, 0.07, 0.04, 0.09, 0.04, 0.07, 0.01, 0.06, 0.07, 0.03, 0.03, 0.08, 0.04, 0.03, 0.06, 0.09, 0.04, 0.02, 0.07, 0.05, 0.1, 0.08, 0.04, 0.05, 0.1, 0.07, 0.01, 0.05, 0.02, 0.01, 0.09, 0.01, 0.07, 0.07, 0.02, 0.03, 0.03, 0.08, 0.07, 0.01]",0.11999999999999994,"[(14, 22), (31, 38), (12, 34), (14, 31), (14, 49), (35, 44), (14, 15), (5, 12), (12, 27), (14, 24), (14, 33), (5, 30), (31, 49), (17, 44), (44, 49), (12, 20), (5, 14), (31, 33), (14, 26), (12, 38), (14, 35), (5, 32), (14, 44), (12, 13), (12, 22), (31, 35), (12, 31), (31, 44), (12, 49), (17, 39), (17, 48), (12, 15), (5, 9), (12, 24), (12, 33), (14, 30), (17, 32), (37, 44), (17, 41), (5, 48), (12, 26), (12, 35), (14, 32), (5, 13), (31, 32), (35, 48), (17, 18), (37, 39), (5, 34), (17, 36), (37, 48), (17, 45), (12, 30), (5, 27), (37, 41), (14, 48), (12, 14), (5, 20), (17, 22), (17, 31), (31, 48), (12, 44), (5, 38), (44, 48), (5, 22), (14, 34), (5, 31), (37, 45), (5, 49), (35, 38), (5, 15), (31, 34), (14, 27), (5, 24), (17, 26), (5, 33), (17, 35), (12, 48), (35, 49), (5, 8), (14, 20), (12, 32), (17, 28), (5, 26), (14, 38), (5, 35), (17, 37), (5, 44)]"
100,Anti-Plurality,ATVA_2,50,4,"{'A': 39, 'D': 38, 'B': 37, 'C': 36}","[0.75, 0.75, 0.67, 0.58, 0.75, 0.67, 0.5, 1.0, 0.75, 0.42, 0.75, 0.75, 0.5, 1.0, 0.58, 0.75, 0.46, 0.58, 0.58, 0.54, 0.46, 0.46, 0.58, 0.58, 1.0, 0.75, 0.58, 0.79, 1.0, 0.58, 0.5, 0.46, 0.75, 1.0, 0.58, 1.0, 0.88, 0.5, 1.0, 0.58, 0.58, 0.58, 0.58, 0.58, 1.0, 1.0, 0.75, 0.58, 0.54, 1.0]",34.550000000000004,"[17, 4]","[0.04, 0.03, 0.05, 0.07, 0.04, 0.05, 0.08, 0.03, 0.03, 0.1, 0.04, 0.02, 0.08, 0.0, 0.06, 0.03, 0.09, 0.06, 0.06, 0.07, 0.09, 0.09, 0.05, 0.07, 0.01, 0.02, 0.06, 0.03, 0.03, 0.05, 0.09, 0.09, 0.04, 0.03, 0.07, 0.01, 0.01, 0.08, 0.03, 0.06, 0.05, 0.07, 0.07, 0.07, 0.01, 0.03, 0.03, 0.07, 0.07, 0.01]",0.11999999999999994,"[17, 4]"
101,Anti-Plurality,ATVA_3,50,4,"{'A': 16, 'D': 13, 'C': 11, 'B': 10}","[1.0, 0.58, 0.58, 0.5, 1.0, 0.75, 1.0, 0.88, 0.46, 0.54, 1.0, 0.54, 0.58, 0.75, 0.58, 1.0, 0.79, 0.54, 1.0, 1.0, 0.75, 1.0, 0.79, 0.58, 0.75, 0.88, 0.58, 0.75, 1.0, 1.0, 0.58, 0.79, 1.0, 0.75, 0.88, 1.0, 0.58, 0.58, 0.46, 1.0, 1.0, 0.79, 0.58, 0.75, 0.54, 0.75, 0.58, 0.75, 1.0, 1.0]",38.510000000000005,"[2, 3, 4, 6, 9, 10, 12, 13, 15, 27, 31, 39, 43, 44, 45, 46]","[0.04, 0.05, 0.02, 0.05, 0.0, 0.06, 0.03, 0.03, 0.05, 0.02, 0.03, 0.07, 0.05, 0.09, 0.02, 0.0, 0.08, 0.07, 0.03, 0.01, 0.09, 0.04, 0.08, 0.05, 0.07, 0.05, 0.02, 0.03, 0.01, 0.0, 0.02, 0.04, 0.04, 0.07, 0.09, 0.03, 0.03, 0.07, 0.07, 0.03, 0.01, 0.03, 0.07, 0.06, 0.01, 0.06, 0.01, 0.03, 0.01, 0.03]",0,
102,Anti-Plurality,ATVA_3,50,4,"{'D': 22, 'C': 11, 'A': 10, 'B': 7}","[1.0, 0.67, 0.58, 0.88, 0.58, 0.75, 0.42, 0.58, 0.54, 0.54, 0.58, 1.0, 1.0, 1.0, 0.58, 0.75, 0.88, 0.58, 0.58, 1.0, 1.0, 1.0, 1.0, 0.58, 1.0, 0.75, 1.0, 0.46, 0.46, 0.75, 1.0, 1.0, 0.75, 0.58, 1.0, 1.0, 1.0, 1.0, 0.58, 0.54, 1.0, 1.0, 0.75, 1.0, 1.0, 0.54, 0.42, 1.0, 0.58, 1.0]",39.23,"[2, 3, 5, 7, 8, 9, 10, 11, 15, 18, 19, 24, 28, 29, 34, 39, 46, 47, 49]","[0.03, 0.1, 0.06, 0.09, 0.09, 0.01, 0.09, 0.07, 0.05, 0.07, 0.06, 0.01, 0.01, 0.0, 0.07, 0.03, 0.09, 0.09, 0.07, 0.04, 0.04, 0.01, 0.0, 0.03, 0.03, 0.06, 0.0, 0.09, 0.03, 0.06, 0.03, 0.01, 0.06, 0.08, 0.01, 0.03, 0.03, 0.04, 0.09, 0.05, 0.03, 0.04, 0.06, 0.03, 0.01, 0.07, 0.09, 0.04, 0.03, 0.03]",0.32999999999999996,
103,Anti-Plurality,ATVA_3,50,4,"{'B': 17, 'C': 15, 'A': 11, 'D': 7}","[0.79, 0.88, 0.88, 0.5, 0.75, 0.46, 0.75, 1.0, 0.58, 0.5, 0.58, 1.0, 0.75, 0.5, 0.75, 0.75, 0.46, 0.46, 1.0, 0.5, 0.88, 0.46, 0.75, 0.67, 0.88, 0.42, 1.0, 0.58, 0.58, 0.75, 0.88, 0.5, 0.5, 1.0, 0.67, 0.67, 0.75, 0.58, 0.58, 0.67, 0.42, 0.67, 1.0, 0.5, 0.67, 0.42, 0.54, 0.58, 1.0, 0.79]",34.199999999999996,"[4, 6, 9, 10, 11, 14, 15, 17, 18, 20, 22, 24, 26, 28, 29, 32, 33, 35, 36, 37, 38, 39, 40, 41, 42, 44, 45, 46, 47, 48]","[0.04, 0.04, 0.0, 0.05, 0.06, 0.03, 0.06, 0.1, 0.01, 0.05, 0.03, 0.1, 0.03, 0.01, 0.01, 0.02, 0.04, 0.07, 0.09, 0.02, 0.01, 0.07, 0.06, 0.0, 0.04, 0.03, 0.07, 0.01, 0.03, 0.01, 0.0, 0.03, 0.03, 0.07, 0.03, 0.01, 0.01, 0.01, 0.03, 0.03, 0.05, 0.01, 0.09, 0.05, 0.03, 0.04, 0.05, 0.03, 0.06, 0.0]",0.32999999999999996,
104,Anti-Plurality,ATVA_3,50,4,"{'D': 16, 'C': 13, 'B': 11, 'A': 10}","[0.58, 0.75, 1.0, 0.75, 0.46, 0.54, 0.75, 0.88, 1.0, 1.0, 0.88, 1.0, 1.0, 0.46, 0.88, 0.75, 0.58, 0.58, 1.0, 0.58, 0.42, 0.46, 0.75, 0.75, 0.46, 0.54, 0.54, 0.54, 1.0, 0.54, 0.75, 0.58, 0.79, 0.58, 1.0, 0.54, 0.58, 0.58, 0.5, 0.42, 0.54, 0.88, 0.88, 0.88, 0.75, 1.0, 0.58, 1.0, 0.79, 0.5]",35.54,"[5, 6, 14, 16, 18, 21, 22, 25, 27, 30, 31, 33, 36, 39, 40, 41, 47, 50]","[0.05, 0.06, 0.09, 0.02, 0.01, 0.04, 0.06, 0.03, 0.09, 0.09, 0.04, 0.1, 0.09, 0.03, 0.05, 0.09, 0.03, 0.09, 0.09, 0.04, 0.04, 0.01, 0.07, 0.05, 0.06, 0.01, 0.03, 0.03, 0.09, 0.07, 0.09, 0.03, 0.09, 0.03, 0.07, 0.07, 0.04, 0.03, 0.05, 0.04, 0.07, 0.03, 0.07, 0.07, 0.07, 0.06, 0.07, 0.1, 0.08, 0.03]",0.13,
105,Anti-Plurality,ATVA_3,50,4,"{'C': 13, 'D': 13, 'A': 12, 'B': 12}","[0.75, 0.58, 0.75, 0.42, 0.46, 0.88, 0.58, 0.42, 0.67, 0.58, 0.58, 0.75, 1.0, 0.67, 1.0, 0.42, 0.58, 0.5, 0.75, 0.75, 1.0, 1.0, 1.0, 1.0, 0.58, 0.54, 1.0, 0.42, 0.88, 0.5, 0.54, 0.46, 0.88, 1.0, 0.79, 0.58, 0.58, 0.79, 1.0, 0.54, 0.5, 0.5, 1.0, 0.58, 1.0, 0.58, 1.0, 0.79, 0.79, 0.58]",35.49,"[4, 5, 8, 9, 11, 16, 17, 18, 19, 20, 25, 26, 28, 30, 31, 32, 36, 40, 42, 46]","[0.01, 0.02, 0.03, 0.03, 0.09, 0.04, 0.01, 0.01, 0.04, 0.06, 0.09, 0.09, 0.08, 0.0, 0.07, 0.01, 0.09, 0.09, 0.07, 0.07, 0.09, 0.09, 0.03, 0.07, 0.03, 0.09, 0.08, 0.03, 0.04, 0.09, 0.07, 0.05, 0.0, 0.08, 0.04, 0.09, 0.05, 0.03, 0.08, 0.06, 0.05, 0.07, 0.09, 0.06, 0.09, 0.09, 0.09, 0.01, 0.01, 0.06]",0.11999999999999994,
106,Anti-Plurality,ATVA_3,50,4,"{'B': 18, 'A': 11, 'D': 11, 'C': 10}","[0.88, 0.46, 0.58, 0.75, 0.5, 0.5, 1.0, 0.58, 0.75, 1.0, 1.0, 0.88, 0.88, 1.0, 1.0, 0.79, 0.46, 0.75, 0.88, 0.58, 0.5, 0.58, 1.0, 0.75, 1.0, 0.88, 0.58, 0.58, 0.88, 0.58, 0.54, 0.42, 0.42, 1.0, 0.88, 0.5, 1.0, 1.0, 0.46, 0.58, 0.75, 1.0, 0.88, 0.88, 0.79, 0.58, 0.67, 0.5, 0.58, 0.58]",36.559999999999995,"[1, 2, 3, 4, 12, 13, 16, 17, 18, 19, 21, 26, 27, 28, 29, 31, 32, 33, 35, 36, 39, 40, 41, 43, 44, 45, 47, 48, 50]","[0.0, 0.07, 0.07, 0.01, 0.1, 0.08, 0.05, 0.09, 0.09, 0.05, 0.03, 0.03, 0.03, 0.05, 0.05, 0.03, 0.07, 0.01, 0.01, 0.09, 0.07, 0.03, 0.01, 0.09, 0.03, 0.01, 0.01, 0.07, 0.01, 0.03, 0.07, 0.03, 0.04, 0.01, 0.03, 0.07, 0.01, 0.01, 0.03, 0.0, 0.01, 0.02, 0.01, 0.0, 0.03, 0.03, 0.01, 0.03, 0.03, 0.03]",0,
107,Anti-Plurality,ATVA_3,50,4,"{'D': 16, 'A': 15, 'B': 14, 'C': 5}","[0.75, 0.75, 1.0, 0.88, 1.0, 1.0, 1.0, 1.0, 0.79, 0.75, 0.46, 1.0, 0.79, 1.0, 0.75, 0.46, 0.75, 0.58, 1.0, 1.0, 0.5, 1.0, 0.5, 0.58, 0.79, 1.0, 0.88, 0.79, 0.58, 0.79, 1.0, 0.75, 0.58, 0.54, 0.5, 0.58, 0.75, 1.0, 0.75, 0.75, 0.5, 0.58, 1.0, 1.0, 0.54, 0.75, 0.75, 0.58, 1.0, 0.75]",38.769999999999996,"[2, 4, 9, 11, 13, 15, 16, 17, 18, 21, 23, 24, 25, 27, 28, 29, 30, 33, 34, 35, 36, 37, 39, 40, 41, 42, 45, 46, 48, 50]","[0.04, 0.09, 0.01, 0.07, 0.01, 0.0, 0.0, 0.03, 0.03, 0.03, 0.04, 0.04, 0.03, 0.03, 0.05, 0.07, 0.05, 0.07, 0.01, 0.0, 0.1, 0.01, 0.1, 0.07, 0.03, 0.01, 0.07, 0.07, 0.1, 0.02, 0.01, 0.04, 0.06, 0.03, 0.04, 0.06, 0.07, 0.01, 0.03, 0.07, 0.09, 0.1, 0.0, 0.03, 0.09, 0.06, 0.03, 0.09, 0.04, 0.09]",0,
108,Anti-Plurality,ATVA_3,50,4,"{'C': 18, 'D': 14, 'B': 12, 'A': 6}","[0.75, 1.0, 1.0, 0.79, 1.0, 1.0, 0.75, 0.67, 0.5, 1.0, 1.0, 0.79, 0.58, 0.58, 0.88, 1.0, 0.79, 0.75, 0.79, 1.0, 1.0, 1.0, 0.75, 0.42, 0.54, 1.0, 0.75, 0.58, 0.79, 1.0, 1.0, 0.46, 0.58, 0.58, 0.75, 1.0, 0.58, 0.75, 0.58, 1.0, 0.54, 0.5, 0.75, 0.79, 0.46, 1.0, 1.0, 0.75, 1.0, 0.42]",38.940000000000005,"[7, 8, 9, 14, 19, 24, 28, 32, 33, 34, 39, 41, 42, 48, 50]","[0.07, 0.03, 0.03, 0.07, 0.04, 0.03, 0.08, 0.08, 0.07, 0.03, 0.03, 0.09, 0.05, 0.09, 0.09, 0.03, 0.09, 0.07, 0.08, 0.0, 0.03, 0.03, 0.07, 0.07, 0.01, 0.01, 0.03, 0.08, 0.05, 0.03, 0.03, 0.07, 0.1, 0.09, 0.07, 0.03, 0.05, 0.07, 0.09, 0.04, 0.07, 0.07, 0.07, 0.09, 0.02, 0.04, 0.01, 0.08, 0.03, 0.07]",0,
109,Anti-Plurality,ATVA_3,50,4,"{'A': 15, 'B': 13, 'D': 12, 'C': 10}","[0.88, 0.79, 1.0, 0.54, 1.0, 0.42, 0.54, 0.88, 0.58, 0.54, 0.75, 0.67, 0.5, 0.58, 1.0, 0.46, 1.0, 0.75, 0.75, 0.79, 0.67, 0.58, 0.46, 0.58, 0.58, 0.5, 0.75, 1.0, 0.75, 0.58, 1.0, 0.75, 0.5, 1.0, 0.58, 0.88, 0.46, 1.0, 1.0, 0.58, 0.75, 0.58, 1.0, 0.79, 0.75, 0.54, 0.5, 1.0, 1.0, 0.75]",36.28,"[1, 2, 4, 6, 7, 8, 9, 10, 11, 12, 13, 14, 18, 20, 21, 22, 24, 26, 29, 30, 32, 33, 35, 36, 37, 41, 42, 44, 46, 47]","[0.03, 0.0, 0.03, 0.07, 0.04, 0.07, 0.02, 0.0, 0.03, 0.02, 0.01, 0.01, 0.02, 0.06, 0.04, 0.1, 0.04, 0.01, 0.07, 0.01, 0.01, 0.01, 0.1, 0.03, 0.09, 0.05, 0.01, 0.04, 0.02, 0.03, 0.08, 0.01, 0.06, 0.05, 0.06, 0.03, 0.06, 0.03, 0.03, 0.07, 0.01, 0.03, 0.03, 0.01, 0.01, 0.05, 0.06, 0.04, 0.05, 0.03]",0.12000000000000005,
110,Anti-Plurality,ATVA_3,50,4,"{'C': 19, 'A': 15, 'D': 11, 'B': 5}","[0.88, 0.58, 1.0, 0.67, 1.0, 0.58, 0.88, 0.58, 0.54, 0.58, 0.58, 0.79, 0.75, 1.0, 1.0, 1.0, 1.0, 0.88, 1.0, 1.0, 0.5, 1.0, 1.0, 0.5, 0.46, 0.54, 0.75, 0.5, 0.75, 0.46, 0.58, 1.0, 0.79, 0.79, 0.75, 1.0, 0.58, 0.88, 0.58, 0.67, 1.0, 1.0, 0.5, 0.88, 0.46, 0.67, 1.0, 0.75, 0.79, 0.75]",38.169999999999995,"[2, 4, 6, 9, 10, 21, 24, 25, 26, 28, 30, 31, 37, 40, 43, 45, 48, 49]","[0.01, 0.0, 0.02, 0.0, 0.07, 0.0, 0.01, 0.07, 0.04, 0.0, 0.09, 0.0, 0.08, 0.05, 0.07, 0.02, 0.07, 0.01, 0.07, 0.05, 0.04, 0.05, 0.05, 0.09, 0.07, 0.07, 0.01, 0.04, 0.04, 0.09, 0.01, 0.01, 0.01, 0.0, 0.07, 0.05, 0.03, 0.03, 0.07, 0.01, 0.05, 0.07, 0.03, 0.0, 0.04, 0.04, 0.02, 0.01, 0.01, 0.09]",0,
111,Anti-Plurality,ATVA_4,50,4,"{'A': 41, 'D': 38, 'B': 36, 'C': 35}","[1.0, 0.58, 0.75, 0.58, 1.0, 1.0, 0.5, 1.0, 1.0, 1.0, 0.58, 1.0, 0.75, 0.75, 1.0, 0.75, 0.75, 0.5, 0.58, 0.75, 0.88, 0.75, 0.58, 0.46, 1.0, 0.58, 1.0, 0.75, 0.54, 0.58, 1.0, 0.42, 0.46, 0.5, 0.58, 1.0, 0.79, 0.75, 1.0, 0.88, 0.42, 1.0, 0.58, 1.0, 1.0, 1.0, 0.54, 0.46, 0.5, 1.0]",37.81999999999999,[],"[0.03, 0.07, 0.03, 0.06, 0.01, 0.03, 0.08, 0.03, 0.0, 0.03, 0.07, 0.01, 0.03, 0.02, 0.01, 0.03, 0.03, 0.08, 0.06, 0.03, 0.01, 0.03, 0.07, 0.09, 0.03, 0.07, 0.03, 0.03, 0.07, 0.05, 0.04, 0.1, 0.09, 0.08, 0.07, 0.0, 0.03, 0.04, 0.01, 0.01, 0.1, 0.01, 0.06, 0.03, 0.04, 0.03, 0.07, 0.09, 0.08, 0.04]",0,
112,Anti-Plurality,ATVA_4,50,4,"{'D': 39, 'A': 37, 'B': 37, 'C': 37}","[0.54, 0.58, 0.5, 0.54, 0.58, 0.58, 0.54, 0.46, 1.0, 0.5, 0.54, 0.58, 1.0, 1.0, 0.54, 0.5, 0.88, 0.75, 1.0, 0.67, 0.5, 1.0, 1.0, 1.0, 0.75, 1.0, 0.54, 0.79, 0.79, 0.46, 0.58, 0.58, 0.67, 0.75, 0.58, 1.0, 1.0, 1.0, 0.75, 0.58, 1.0, 0.58, 0.58, 1.0, 1.0, 0.5, 0.67, 0.54, 0.5, 0.75]",35.72,"[1, 3, 4, 7, 10, 11, 16, 49]","[0.07, 0.06, 0.09, 0.07, 0.06, 0.07, 0.07, 0.09, 0.03, 0.09, 0.07, 0.06, 0.0, 0.03, 0.07, 0.09, 0.01, 0.03, 0.01, 0.05, 0.08, 0.01, 0.01, 0.03, 0.04, 0.04, 0.07, 0.03, 0.03, 0.09, 0.07, 0.06, 0.05, 0.04, 0.07, 0.0, 0.0, 0.0, 0.04, 0.05, 0.03, 0.06, 0.06, 0.01, 0.03, 0.08, 0.05, 0.07, 0.09, 0.02]",0.040000000000000036,
113,Anti-Plurality,ATVA_4,50,4,"{'A': 39, 'B': 39, 'C': 36, 'D': 36}","[0.58, 0.54, 1.0, 0.75, 0.79, 0.5, 1.0, 1.0, 1.0, 0.75, 0.58, 0.42, 0.46, 0.75, 0.88, 1.0, 1.0, 0.58, 0.58, 0.58, 0.58, 1.0, 0.75, 0.58, 1.0, 1.0, 0.46, 0.5, 0.75, 0.75, 1.0, 1.0, 0.58, 0.75, 0.54, 0.75, 1.0, 0.58, 0.5, 1.0, 0.58, 0.5, 0.58, 0.46, 0.75, 0.5, 0.79, 0.58, 1.0, 0.75]",36.3,"[5, 28, 39, 47]","[0.05, 0.07, 0.0, 0.04, 0.03, 0.08, 0.03, 0.01, 0.01, 0.02, 0.06, 0.1, 0.09, 0.04, 0.01, 0.03, 0.03, 0.06, 0.06, 0.06, 0.07, 0.04, 0.02, 0.06, 0.0, 0.03, 0.09, 0.09, 0.03, 0.03, 0.01, 0.0, 0.06, 0.02, 0.07, 0.04, 0.01, 0.07, 0.09, 0.01, 0.06, 0.08, 0.05, 0.09, 0.04, 0.08, 0.03, 0.06, 0.01, 0.03]",0.20999999999999996,
114,Anti-Plurality,ATVA_4,50,4,"{'A': 40, 'D': 40, 'C': 36, 'B': 34}","[0.54, 1.0, 0.75, 1.0, 0.54, 0.54, 0.54, 0.42, 0.67, 0.42, 1.0, 0.75, 1.0, 0.54, 0.88, 1.0, 0.79, 1.0, 0.75, 0.75, 0.58, 1.0, 0.75, 0.58, 0.75, 0.58, 1.0, 1.0, 0.75, 0.46, 0.67, 0.54, 0.58, 0.42, 0.58, 1.0, 0.5, 0.75, 1.0, 0.46, 0.75, 0.54, 1.0, 0.58, 0.58, 0.79, 0.58, 0.75, 0.75, 0.58]",35.730000000000004,"[9, 17, 31, 46]","[0.07, 0.0, 0.04, 0.0, 0.07, 0.07, 0.07, 0.1, 0.05, 0.1, 0.03, 0.04, 0.03, 0.07, 0.01, 0.01, 0.03, 0.04, 0.02, 0.04, 0.07, 0.04, 0.02, 0.07, 0.04, 0.07, 0.01, 0.0, 0.03, 0.09, 0.05, 0.07, 0.06, 0.1, 0.07, 0.03, 0.08, 0.02, 0.01, 0.09, 0.03, 0.07, 0.0, 0.05, 0.06, 0.03, 0.06, 0.02, 0.04, 0.07]",0.32999999999999996,
115,Anti-Plurality,ATVA_4,50,4,"{'B': 40, 'C': 40, 'A': 36, 'D': 34}","[0.54, 0.46, 0.58, 1.0, 0.67, 0.75, 1.0, 0.46, 0.58, 1.0, 0.58, 0.54, 0.58, 0.42, 1.0, 0.42, 0.88, 0.75, 0.46, 0.58, 0.79, 1.0, 0.5, 1.0, 0.58, 0.88, 0.58, 0.75, 0.58, 0.58, 0.5, 0.67, 0.5, 0.42, 0.54, 0.54, 0.75, 0.75, 0.58, 0.75, 1.0, 0.75, 0.58, 0.67, 0.5, 0.58, 1.0, 1.0, 0.46, 0.88]",33.910000000000004,"[5, 21, 32, 44]","[0.07, 0.09, 0.07, 0.04, 0.05, 0.02, 0.03, 0.09, 0.07, 0.01, 0.06, 0.07, 0.05, 0.1, 0.01, 0.1, 0.01, 0.03, 0.09, 0.06, 0.03, 0.01, 0.08, 0.0, 0.06, 0.01, 0.06, 0.02, 0.07, 0.06, 0.09, 0.05, 0.08, 0.1, 0.07, 0.07, 0.03, 0.03, 0.07, 0.03, 0.01, 0.03, 0.07, 0.05, 0.09, 0.07, 0.01, 0.01, 0.09, 0.01]",0.32999999999999996,
116,Anti-Plurality,ATVA_4,50,4,"{'C': 42, 'B': 40, 'A': 34, 'D': 34}","[1.0, 1.0, 0.58, 0.58, 0.58, 0.75, 0.79, 0.75, 1.0, 0.75, 0.5, 0.58, 1.0, 0.75, 1.0, 0.88, 1.0, 1.0, 0.67, 0.46, 0.5, 0.75, 0.54, 1.0, 1.0, 0.54, 1.0, 1.0, 1.0, 1.0, 0.58, 0.88, 0.79, 1.0, 0.46, 0.79, 1.0, 0.54, 0.67, 0.88, 1.0, 0.5, 1.0, 0.58, 0.5, 0.5, 0.46, 1.0, 0.75, 0.79]",38.62,"[11, 23, 38, 42, 45]","[0.01, 0.01, 0.07, 0.06, 0.05, 0.04, 0.03, 0.03, 0.01, 0.04, 0.09, 0.07, 0.01, 0.03, 0.01, 0.01, 0.04, 0.04, 0.05, 0.09, 0.08, 0.04, 0.07, 0.01, 0.01, 0.07, 0.01, 0.04, 0.01, 0.04, 0.07, 0.01, 0.03, 0.03, 0.09, 0.03, 0.03, 0.07, 0.05, 0.01, 0.01, 0.09, 0.03, 0.06, 0.09, 0.08, 0.09, 0.03, 0.03, 0.03]",0.040000000000000036,
117,Anti-Plurality,ATVA_4,50,4,"{'C': 40, 'A': 39, 'B': 37, 'D': 34}","[1.0, 0.58, 0.46, 0.58, 0.75, 0.75, 1.0, 0.75, 0.88, 0.88, 0.75, 0.46, 0.79, 1.0, 0.58, 0.58, 0.42, 0.54, 0.75, 0.58, 0.75, 0.46, 0.54, 0.75, 0.5, 0.46, 0.58, 0.79, 0.88, 0.75, 0.58, 0.75, 1.0, 1.0, 1.0, 0.5, 0.5, 1.0, 0.75, 1.0, 0.75, 0.58, 1.0, 0.67, 0.58, 0.58, 0.75, 0.54, 0.58, 0.5]",35.15,"[13, 28, 44]","[0.03, 0.07, 0.09, 0.07, 0.04, 0.04, 0.01, 0.04, 0.01, 0.01, 0.02, 0.09, 0.03, 0.03, 0.07, 0.06, 0.1, 0.07, 0.02, 0.05, 0.04, 0.09, 0.07, 0.03, 0.08, 0.09, 0.05, 0.03, 0.01, 0.02, 0.07, 0.03, 0.0, 0.04, 0.0, 0.08, 0.08, 0.01, 0.02, 0.01, 0.03, 0.07, 0.04, 0.05, 0.07, 0.07, 0.02, 0.07, 0.05, 0.08]",0.32999999999999996,
118,Anti-Plurality,ATVA_4,50,4,"{'A': 42, 'B': 38, 'D': 37, 'C': 33}","[0.58, 0.75, 0.58, 1.0, 1.0, 0.75, 1.0, 1.0, 0.58, 0.54, 0.58, 0.46, 1.0, 1.0, 0.58, 1.0, 0.58, 0.75, 0.54, 0.75, 0.58, 1.0, 1.0, 1.0, 0.79, 1.0, 0.58, 0.79, 0.58, 0.58, 0.46, 0.58, 1.0, 0.58, 1.0, 0.42, 1.0, 0.58, 0.79, 0.79, 0.46, 1.0, 0.88, 0.75, 0.67, 0.79, 0.54, 1.0, 1.0, 0.75]",37.96,[],"[0.07, 0.03, 0.07, 0.01, 0.0, 0.04, 0.01, 0.03, 0.05, 0.07, 0.05, 0.09, 0.01, 0.04, 0.06, 0.04, 0.07, 0.02, 0.07, 0.04, 0.05, 0.0, 0.03, 0.04, 0.03, 0.01, 0.07, 0.03, 0.06, 0.06, 0.09, 0.07, 0.0, 0.07, 0.03, 0.1, 0.01, 0.06, 0.03, 0.03, 0.09, 0.03, 0.01, 0.03, 0.05, 0.03, 0.07, 0.01, 0.03, 0.03]",0,
119,Anti-Plurality,ATVA_4,50,4,"{'A': 41, 'C': 40, 'D': 38, 'B': 31}","[1.0, 0.79, 1.0, 1.0, 1.0, 1.0, 0.79, 1.0, 0.58, 0.46, 1.0, 0.67, 0.5, 0.75, 0.75, 0.46, 0.75, 0.79, 0.75, 0.42, 0.58, 0.42, 0.75, 1.0, 0.67, 0.58, 0.54, 0.75, 1.0, 0.75, 0.58, 0.75, 0.42, 0.75, 1.0, 0.46, 1.0, 1.0, 0.46, 0.46, 1.0, 0.5, 0.67, 0.58, 1.0, 0.54, 0.79, 0.58, 0.46, 0.88]",36.38,[],"[0.04, 0.03, 0.0, 0.0, 0.01, 0.01, 0.03, 0.0, 0.07, 0.09, 0.03, 0.05, 0.09, 0.03, 0.02, 0.09, 0.04, 0.03, 0.04, 0.1, 0.07, 0.1, 0.03, 0.03, 0.05, 0.06, 0.07, 0.04, 0.04, 0.03, 0.06, 0.02, 0.1, 0.04, 0.01, 0.09, 0.01, 0.0, 0.09, 0.09, 0.03, 0.08, 0.05, 0.05, 0.0, 0.07, 0.03, 0.07, 0.09, 0.01]",0,
120,Anti-Plurality,ATVA_4,50,4,"{'D': 39, 'C': 38, 'A': 37, 'B': 36}","[1.0, 0.58, 1.0, 0.75, 0.79, 0.58, 0.54, 1.0, 0.54, 1.0, 0.58, 0.58, 0.58, 1.0, 0.54, 0.5, 0.58, 0.58, 0.54, 0.54, 0.58, 0.58, 0.54, 1.0, 0.79, 0.67, 1.0, 1.0, 0.58, 1.0, 0.58, 0.5, 1.0, 0.79, 0.88, 0.75, 0.5, 0.88, 0.46, 0.58, 1.0, 0.75, 1.0, 0.54, 0.46, 0.67, 0.75, 0.5, 1.0, 1.0]",36.13,"[5, 25, 34, 39, 45]","[0.01, 0.06, 0.04, 0.03, 0.03, 0.06, 0.07, 0.04, 0.07, 0.03, 0.06, 0.06, 0.06, 0.01, 0.07, 0.09, 0.07, 0.07, 0.07, 0.07, 0.06, 0.07, 0.07, 0.0, 0.03, 0.05, 0.03, 0.03, 0.07, 0.03, 0.06, 0.08, 0.03, 0.03, 0.01, 0.03, 0.08, 0.01, 0.09, 0.05, 0.01, 0.04, 0.0, 0.07, 0.09, 0.05, 0.04, 0.08, 0.0, 0.03]",0.20999999999999996,
121,Borda,BTVA,50,4,"{'B': 82, 'A': 74, 'C': 73, 'D': 71}","[0.54, 0.88, 1.0, 1.0, 1.0, 0.75, 0.46, 0.75, 0.79, 0.75, 0.54, 0.75, 0.67, 1.0, 1.0, 1.0, 1.0, 0.79, 0.58, 0.58, 0.5, 0.42, 0.88, 0.75, 0.46, 1.0, 0.42, 1.0, 1.0, 1.0, 0.42, 0.54, 0.46, 0.54, 0.42, 0.5, 0.79, 1.0, 0.58, 0.79, 1.0, 0.58, 0.54, 0.75, 1.0, 0.58, 0.46, 1.0, 0.58, 0.58]",36.36999999999999,"[1, 10, 11, 12, 32, 34, 43]","[0.07, 0.01, 0.0, 0.04, 0.01, 0.03, 0.09, 0.03, 0.03, 0.04, 0.07, 0.04, 0.05, 0.01, 0.01, 0.01, 0.01, 0.03, 0.06, 0.07, 0.08, 0.1, 0.01, 0.02, 0.09, 0.0, 0.1, 0.01, 0.04, 0.0, 0.1, 0.07, 0.09, 0.07, 0.1, 0.09, 0.03, 0.0, 0.07, 0.03, 0.04, 0.05, 0.07, 0.02, 0.03, 0.06, 0.09, 0.03, 0.07, 0.06]",0.040000000000000036,
122,Borda,BTVA,50,4,"{'B': 83, 'C': 83, 'A': 76, 'D': 58}","[0.75, 1.0, 0.58, 0.54, 1.0, 0.58, 0.58, 1.0, 0.79, 1.0, 0.75, 1.0, 0.75, 0.5, 1.0, 0.5, 0.79, 0.75, 1.0, 1.0, 1.0, 0.54, 1.0, 0.58, 1.0, 1.0, 0.54, 0.46, 0.58, 0.42, 1.0, 1.0, 0.58, 1.0, 0.75, 0.75, 1.0, 0.88, 0.58, 1.0, 0.46, 1.0, 0.88, 0.54, 1.0, 0.58, 0.58, 0.5, 0.42, 1.0]",38.480000000000004,"[4, 9, 14, 16, 17, 22, 27, 28, 30, 38, 43, 44, 49]","[0.02, 0.0, 0.07, 0.07, 0.03, 0.06, 0.06, 0.0, 0.03, 0.01, 0.03, 0.01, 0.03, 0.09, 0.01, 0.09, 0.03, 0.04, 0.03, 0.04, 0.0, 0.07, 0.03, 0.06, 0.04, 0.03, 0.07, 0.09, 0.06, 0.1, 0.01, 0.03, 0.05, 0.01, 0.04, 0.03, 0.01, 0.01, 0.07, 0.04, 0.09, 0.0, 0.01, 0.07, 0.0, 0.06, 0.07, 0.08, 0.1, 0.01]",0.20999999999999996,
123,Borda,BTVA,50,4,"{'C': 88, 'D': 77, 'A': 76, 'B': 59}","[0.58, 1.0, 0.88, 0.58, 0.58, 0.54, 0.46, 0.88, 0.46, 0.46, 1.0, 1.0, 1.0, 1.0, 0.5, 0.88, 1.0, 1.0, 0.46, 1.0, 0.67, 0.58, 0.79, 1.0, 1.0, 1.0, 0.58, 0.75, 0.58, 1.0, 0.79, 0.5, 1.0, 1.0, 0.5, 0.54, 0.79, 0.58, 0.88, 1.0, 0.75, 0.54, 1.0, 0.46, 0.58, 1.0, 0.58, 0.58, 0.58, 1.0]",37.86,"[6, 7, 9, 10, 19, 28, 36, 41, 42, 44]","[0.06, 0.0, 0.01, 0.06, 0.06, 0.07, 0.09, 0.01, 0.09, 0.09, 0.01, 0.03, 0.0, 0.03, 0.08, 0.01, 0.01, 0.01, 0.09, 0.04, 0.05, 0.06, 0.03, 0.01, 0.0, 0.01, 0.05, 0.03, 0.06, 0.01, 0.03, 0.08, 0.0, 0.0, 0.08, 0.07, 0.03, 0.07, 0.01, 0.03, 0.04, 0.07, 0.03, 0.09, 0.07, 0.01, 0.06, 0.06, 0.07, 0.0]",0.13,
124,Borda,BTVA,50,4,"{'D': 82, 'C': 81, 'B': 73, 'A': 64}","[0.79, 0.67, 0.58, 1.0, 0.46, 0.58, 1.0, 0.88, 1.0, 0.58, 0.58, 1.0, 0.67, 0.79, 1.0, 0.46, 1.0, 0.75, 0.54, 0.58, 0.75, 0.5, 0.58, 0.58, 1.0, 0.54, 0.54, 0.67, 1.0, 0.75, 1.0, 0.79, 0.58, 0.54, 0.88, 1.0, 0.75, 1.0, 1.0, 0.46, 0.58, 1.0, 0.75, 0.75, 0.46, 1.0, 0.88, 0.79, 0.54, 0.58]",37.15,"[2, 8, 13, 14, 18, 27, 28, 32, 35, 43, 44, 45, 47, 48]","[0.03, 0.05, 0.06, 0.01, 0.09, 0.06, 0.03, 0.01, 0.01, 0.07, 0.07, 0.03, 0.05, 0.03, 0.01, 0.09, 0.01, 0.02, 0.07, 0.05, 0.04, 0.08, 0.06, 0.06, 0.04, 0.07, 0.07, 0.05, 0.03, 0.04, 0.0, 0.03, 0.07, 0.07, 0.01, 0.04, 0.03, 0.0, 0.04, 0.09, 0.07, 0.01, 0.02, 0.02, 0.09, 0.03, 0.01, 0.03, 0.07, 0.07]",0.32999999999999996,
125,Borda,BTVA,50,4,"{'D': 87, 'C': 78, 'A': 73, 'B': 62}","[1.0, 1.0, 1.0, 1.0, 1.0, 0.58, 1.0, 0.58, 0.79, 0.58, 0.58, 1.0, 1.0, 1.0, 0.58, 1.0, 0.75, 1.0, 0.46, 1.0, 1.0, 0.54, 0.58, 0.46, 0.75, 0.58, 0.54, 0.58, 0.54, 0.75, 0.5, 0.88, 0.75, 0.54, 0.58, 0.75, 1.0, 1.0, 0.5, 0.75, 1.0, 0.79, 0.75, 1.0, 0.42, 0.58, 0.79, 0.46, 0.75, 1.0]",38.010000000000005,[],"[0.03, 0.04, 0.0, 0.04, 0.01, 0.06, 0.03, 0.06, 0.03, 0.07, 0.05, 0.01, 0.03, 0.01, 0.05, 0.0, 0.02, 0.03, 0.09, 0.04, 0.04, 0.07, 0.07, 0.09, 0.03, 0.07, 0.07, 0.07, 0.07, 0.02, 0.09, 0.01, 0.02, 0.07, 0.06, 0.02, 0.01, 0.0, 0.08, 0.02, 0.03, 0.03, 0.03, 0.01, 0.1, 0.07, 0.03, 0.09, 0.02, 0.01]",0,
126,Borda,BTVA,50,4,"{'C': 79, 'A': 75, 'D': 74, 'B': 72}","[0.75, 1.0, 1.0, 0.46, 0.58, 1.0, 0.54, 0.75, 0.58, 0.75, 1.0, 0.5, 1.0, 0.75, 1.0, 0.79, 0.58, 0.75, 0.58, 0.67, 1.0, 0.58, 0.88, 0.67, 1.0, 1.0, 0.58, 0.58, 0.58, 0.46, 1.0, 0.75, 0.5, 0.5, 1.0, 0.75, 1.0, 0.5, 0.58, 0.46, 0.42, 1.0, 1.0, 0.5, 0.75, 0.42, 0.58, 0.75, 0.75, 0.58]",36.150000000000006,"[7, 8, 10, 14, 18, 32, 41, 45, 46, 49]","[0.03, 0.0, 0.0, 0.09, 0.07, 0.04, 0.07, 0.02, 0.05, 0.04, 0.01, 0.09, 0.03, 0.02, 0.04, 0.03, 0.05, 0.02, 0.07, 0.05, 0.04, 0.05, 0.01, 0.05, 0.01, 0.03, 0.05, 0.07, 0.06, 0.09, 0.03, 0.04, 0.09, 0.08, 0.03, 0.03, 0.0, 0.09, 0.06, 0.09, 0.1, 0.04, 0.03, 0.09, 0.02, 0.1, 0.06, 0.03, 0.04, 0.06]",0.13,
127,Borda,BTVA,50,4,"{'A': 82, 'B': 77, 'D': 73, 'C': 68}","[0.75, 0.58, 0.75, 1.0, 0.79, 0.42, 0.75, 0.46, 0.5, 0.67, 0.79, 1.0, 0.5, 0.75, 0.5, 1.0, 1.0, 0.54, 0.58, 0.58, 1.0, 0.75, 0.46, 0.67, 0.67, 1.0, 0.58, 0.5, 0.46, 1.0, 0.75, 0.58, 1.0, 0.58, 0.46, 0.75, 0.54, 0.58, 0.75, 0.75, 0.75, 0.88, 1.0, 0.5, 1.0, 1.0, 0.88, 1.0, 0.67, 0.79]",36.21,[],"[0.02, 0.07, 0.02, 0.03, 0.03, 0.1, 0.03, 0.09, 0.09, 0.05, 0.03, 0.01, 0.08, 0.02, 0.08, 0.03, 0.03, 0.07, 0.06, 0.07, 0.01, 0.03, 0.09, 0.05, 0.05, 0.01, 0.05, 0.08, 0.09, 0.0, 0.03, 0.06, 0.0, 0.06, 0.09, 0.03, 0.07, 0.06, 0.04, 0.02, 0.04, 0.01, 0.01, 0.08, 0.03, 0.04, 0.01, 0.04, 0.05, 0.03]",0,
128,Borda,BTVA,50,4,"{'D': 82, 'A': 78, 'B': 73, 'C': 67}","[0.75, 1.0, 1.0, 0.79, 0.58, 0.46, 1.0, 0.58, 0.67, 0.54, 0.58, 0.54, 0.58, 0.67, 0.75, 0.75, 0.5, 1.0, 0.58, 0.75, 0.46, 1.0, 1.0, 0.46, 0.75, 1.0, 1.0, 1.0, 0.75, 0.46, 0.75, 0.75, 0.58, 0.58, 0.5, 0.58, 0.58, 1.0, 1.0, 0.79, 0.58, 0.75, 0.46, 1.0, 1.0, 0.75, 0.75, 1.0, 1.0, 0.58]",36.92999999999999,[],"[0.02, 0.03, 0.04, 0.03, 0.07, 0.09, 0.03, 0.07, 0.05, 0.07, 0.07, 0.07, 0.06, 0.05, 0.04, 0.03, 0.09, 0.03, 0.05, 0.02, 0.09, 0.0, 0.0, 0.09, 0.04, 0.0, 0.03, 0.04, 0.04, 0.09, 0.02, 0.02, 0.06, 0.06, 0.08, 0.07, 0.07, 0.03, 0.0, 0.03, 0.05, 0.02, 0.09, 0.03, 0.03, 0.04, 0.02, 0.01, 0.04, 0.05]",0,
129,Borda,BTVA,50,4,"{'A': 83, 'B': 80, 'D': 78, 'C': 59}","[0.79, 0.42, 0.88, 0.54, 1.0, 0.75, 0.75, 0.67, 0.75, 0.75, 0.75, 0.46, 0.58, 0.75, 0.58, 0.42, 0.58, 0.58, 0.88, 0.75, 0.58, 0.46, 0.79, 0.58, 1.0, 0.58, 0.58, 0.88, 1.0, 0.75, 0.58, 0.75, 0.75, 0.5, 0.58, 1.0, 1.0, 1.0, 1.0, 0.46, 1.0, 0.75, 1.0, 0.58, 0.58, 1.0, 1.0, 1.0, 0.58, 0.67]",36.61,[],"[0.03, 0.1, 0.01, 0.07, 0.03, 0.03, 0.04, 0.05, 0.03, 0.02, 0.02, 0.09, 0.06, 0.02, 0.05, 0.1, 0.07, 0.07, 0.01, 0.02, 0.07, 0.09, 0.03, 0.05, 0.01, 0.07, 0.05, 0.01, 0.01, 0.03, 0.05, 0.03, 0.04, 0.09, 0.07, 0.04, 0.03, 0.04, 0.01, 0.09, 0.0, 0.03, 0.03, 0.05, 0.07, 0.0, 0.01, 0.01, 0.05, 0.05]",0,
130,Borda,BTVA,50,4,"{'C': 77, 'A': 76, 'D': 75, 'B': 72}","[1.0, 0.79, 1.0, 0.67, 0.5, 1.0, 0.58, 0.58, 0.79, 0.58, 0.75, 0.5, 0.46, 0.88, 0.42, 0.75, 1.0, 1.0, 1.0, 0.75, 0.42, 1.0, 0.46, 0.58, 0.46, 1.0, 0.75, 1.0, 0.75, 1.0, 1.0, 1.0, 0.46, 0.75, 0.58, 1.0, 0.46, 0.5, 0.58, 1.0, 0.79, 1.0, 0.58, 0.42, 0.79, 0.58, 0.5, 1.0, 0.58, 0.46]",36.449999999999996,"[2, 4, 5, 9, 11, 14, 15, 21, 23, 25, 27, 29, 33, 37, 38, 41, 44, 45]","[0.04, 0.03, 0.03, 0.05, 0.09, 0.01, 0.07, 0.07, 0.03, 0.06, 0.02, 0.08, 0.09, 0.01, 0.1, 0.03, 0.0, 0.0, 0.04, 0.03, 0.1, 0.03, 0.09, 0.06, 0.09, 0.0, 0.04, 0.03, 0.04, 0.01, 0.01, 0.03, 0.09, 0.03, 0.07, 0.03, 0.09, 0.09, 0.06, 0.0, 0.03, 0.03, 0.07, 0.1, 0.03, 0.06, 0.08, 0.0, 0.06, 0.09]",0.32999999999999996,
131,Borda,ATVA_1,50,4,"{'A': 86, 'B': 82, 'C': 68, 'D': 64}","[1.0, 0.75, 0.75, 1.0, 0.79, 1.0, 0.58, 0.46, 0.79, 0.79, 0.67, 0.75, 1.0, 1.0, 0.75, 0.58, 0.88, 1.0, 1.0, 0.58, 0.5, 0.46, 0.58, 0.58, 1.0, 1.0, 0.58, 1.0, 0.46, 1.0, 1.0, 0.42, 1.0, 0.58, 0.46, 0.88, 0.46, 1.0, 0.79, 1.0, 0.67, 0.54, 0.5, 0.79, 0.5, 0.75, 0.58, 1.0, 1.0, 0.5]",37.7,[],"[0.01, 0.03, 0.04, 0.0, 0.03, 0.01, 0.06, 0.09, 0.03, 0.03, 0.05, 0.02, 0.01, 0.03, 0.02, 0.07, 0.01, 0.03, 0.01, 0.06, 0.09, 0.09, 0.07, 0.07, 0.01, 0.0, 0.07, 0.01, 0.09, 0.0, 0.01, 0.1, 0.01, 0.06, 0.09, 0.01, 0.09, 0.03, 0.03, 0.01, 0.05, 0.07, 0.08, 0.03, 0.08, 0.02, 0.07, 0.03, 0.01, 0.08]",0,
132,Borda,ATVA_1,50,4,"{'D': 83, 'A': 76, 'B': 71, 'C': 70}","[1.0, 0.46, 0.75, 0.42, 0.58, 0.75, 0.75, 0.88, 1.0, 0.79, 0.54, 0.79, 1.0, 1.0, 0.58, 0.46, 0.42, 0.67, 0.88, 0.58, 0.54, 0.75, 0.75, 0.58, 0.79, 1.0, 0.67, 0.54, 0.54, 1.0, 1.0, 0.79, 0.79, 0.5, 0.67, 1.0, 0.54, 1.0, 1.0, 1.0, 0.5, 0.58, 0.42, 1.0, 1.0, 0.79, 0.54, 0.5, 0.54, 0.75]",36.37,"[4, 7, 16, 17, 23, 43]","[0.03, 0.09, 0.03, 0.1, 0.05, 0.04, 0.02, 0.01, 0.04, 0.03, 0.07, 0.03, 0.0, 0.03, 0.07, 0.09, 0.1, 0.05, 0.01, 0.05, 0.07, 0.04, 0.02, 0.06, 0.03, 0.0, 0.05, 0.07, 0.07, 0.01, 0.01, 0.03, 0.03, 0.09, 0.05, 0.03, 0.07, 0.01, 0.04, 0.01, 0.08, 0.07, 0.1, 0.0, 0.0, 0.03, 0.07, 0.09, 0.07, 0.04]",0.13,"[(7, 17), (16, 29), (7, 35), (17, 21), (23, 34), (23, 43), (4, 48), (7, 28), (7, 37), (16, 49), (23, 27), (17, 23), (4, 23), (16, 24), (7, 21), (16, 42), (23, 29), (4, 34), (4, 43), (16, 17), (7, 23), (16, 35), (4, 18), (4, 27), (23, 49), (7, 16), (17, 48), (16, 28), (43, 48), (4, 11), (23, 24), (4, 29), (23, 42), (16, 21), (23, 35), (7, 48), (17, 34), (7, 11), (17, 43), (16, 23), (4, 15), (23, 28), (4, 24), (23, 37), (17, 18), (17, 27), (16, 37), (4, 17), (7, 34), (7, 43), (4, 35), (17, 29), (7, 18), (7, 27), (16, 48), (4, 28), (17, 49), (4, 49), (43, 49), (7, 29), (4, 21), (17, 24), (17, 42), (4, 42), (16, 34), (16, 43), (7, 49), (17, 35), (23, 48), (16, 18), (7, 15), (16, 27), (4, 7), (7, 24), (4, 16), (7, 42), (17, 28), (17, 37), (4, 37)]"
133,Borda,ATVA_1,50,4,"{'B': 84, 'C': 78, 'A': 75, 'D': 63}","[0.58, 0.88, 0.58, 0.75, 1.0, 0.46, 1.0, 0.58, 0.58, 0.79, 0.46, 0.46, 0.58, 0.88, 1.0, 1.0, 1.0, 1.0, 0.75, 0.58, 0.58, 1.0, 1.0, 0.58, 0.58, 0.75, 1.0, 0.79, 0.67, 0.5, 0.42, 1.0, 1.0, 1.0, 0.58, 0.75, 0.58, 1.0, 0.75, 0.46, 0.58, 0.58, 1.0, 0.5, 1.0, 1.0, 0.88, 1.0, 0.67, 0.5]",37.61,[],"[0.07, 0.01, 0.07, 0.02, 0.03, 0.09, 0.03, 0.06, 0.05, 0.03, 0.09, 0.09, 0.05, 0.01, 0.01, 0.04, 0.03, 0.01, 0.04, 0.07, 0.06, 0.03, 0.03, 0.06, 0.06, 0.03, 0.0, 0.03, 0.05, 0.08, 0.1, 0.04, 0.0, 0.01, 0.06, 0.04, 0.06, 0.0, 0.02, 0.09, 0.05, 0.06, 0.03, 0.09, 0.01, 0.03, 0.01, 0.01, 0.05, 0.08]",0,
134,Borda,ATVA_1,50,4,"{'D': 82, 'A': 77, 'B': 76, 'C': 65}","[0.79, 0.58, 1.0, 1.0, 0.46, 0.58, 0.88, 1.0, 0.67, 0.58, 0.54, 0.46, 0.5, 0.75, 0.79, 0.42, 0.5, 0.75, 0.46, 0.5, 0.88, 0.58, 0.58, 0.46, 0.58, 1.0, 0.54, 1.0, 1.0, 0.75, 0.46, 1.0, 0.58, 1.0, 1.0, 0.58, 0.88, 0.88, 1.0, 1.0, 0.88, 1.0, 1.0, 0.75, 0.54, 0.67, 1.0, 1.0, 0.54, 1.0]",37.339999999999996,"[11, 14, 27, 45, 49]","[0.03, 0.06, 0.01, 0.01, 0.09, 0.05, 0.01, 0.03, 0.05, 0.06, 0.07, 0.09, 0.08, 0.04, 0.03, 0.1, 0.09, 0.02, 0.09, 0.09, 0.01, 0.07, 0.06, 0.09, 0.06, 0.04, 0.07, 0.04, 0.03, 0.03, 0.09, 0.03, 0.05, 0.03, 0.01, 0.06, 0.01, 0.01, 0.01, 0.01, 0.01, 0.01, 0.04, 0.03, 0.07, 0.05, 0.03, 0.01, 0.07, 0.01]",0.040000000000000036,"[(11, 45), (14, 16), (14, 19), (14, 31), (11, 14), (27, 31), (45, 49), (14, 49), (27, 49), (11, 44), (14, 24), (14, 30), (14, 27), (11, 16), (14, 33), (27, 30), (11, 13), (11, 19), (27, 33), (14, 45), (11, 31), (27, 45), (11, 49), (11, 12), (14, 44), (11, 24), (11, 30), (27, 44), (11, 27), (11, 33)]"
135,Borda,ATVA_1,50,4,"{'B': 87, 'C': 85, 'D': 75, 'A': 53}","[1.0, 0.46, 1.0, 1.0, 1.0, 1.0, 0.46, 0.58, 1.0, 0.88, 1.0, 0.67, 1.0, 0.79, 0.58, 1.0, 0.88, 0.67, 0.58, 0.79, 0.5, 0.46, 1.0, 1.0, 0.88, 0.58, 0.54, 0.46, 0.58, 0.75, 0.54, 0.5, 0.46, 1.0, 1.0, 1.0, 0.58, 0.75, 1.0, 0.79, 1.0, 1.0, 1.0, 0.58, 0.67, 0.58, 1.0, 0.79, 0.54, 0.58]",38.449999999999996,[],"[0.0, 0.09, 0.03, 0.0, 0.0, 0.01, 0.09, 0.06, 0.01, 0.01, 0.03, 0.05, 0.03, 0.03, 0.06, 0.01, 0.01, 0.05, 0.06, 0.03, 0.08, 0.09, 0.01, 0.0, 0.01, 0.07, 0.07, 0.09, 0.05, 0.04, 0.07, 0.08, 0.09, 0.04, 0.01, 0.01, 0.06, 0.04, 0.0, 0.03, 0.0, 0.0, 0.01, 0.05, 0.05, 0.07, 0.0, 0.03, 0.07, 0.06]",0,
136,Borda,ATVA_1,50,4,"{'C': 87, 'B': 74, 'D': 73, 'A': 66}","[0.88, 0.58, 0.42, 0.75, 0.5, 0.75, 0.58, 0.88, 0.75, 0.79, 0.75, 1.0, 0.42, 0.58, 0.54, 0.5, 0.58, 0.58, 0.58, 1.0, 0.75, 1.0, 1.0, 0.42, 0.58, 1.0, 0.79, 0.58, 0.79, 0.67, 1.0, 1.0, 0.58, 0.58, 0.5, 0.46, 1.0, 0.88, 1.0, 0.67, 1.0, 1.0, 1.0, 0.46, 1.0, 1.0, 0.58, 1.0, 0.58, 1.0]",37.279999999999994,"[4, 11, 15]","[0.01, 0.07, 0.1, 0.04, 0.08, 0.03, 0.07, 0.01, 0.03, 0.03, 0.04, 0.03, 0.1, 0.06, 0.07, 0.08, 0.05, 0.05, 0.05, 0.01, 0.02, 0.03, 0.01, 0.1, 0.05, 0.0, 0.03, 0.07, 0.03, 0.05, 0.01, 0.03, 0.07, 0.06, 0.08, 0.09, 0.0, 0.01, 0.01, 0.05, 0.01, 0.03, 0.03, 0.09, 0.01, 0.0, 0.07, 0.03, 0.07, 0.03]",0.040000000000000036,"[(11, 36), (15, 24), (4, 9), (4, 6), (15, 36), (4, 15), (4, 18), (4, 24), (4, 36), (11, 17), (11, 35), (15, 17), (4, 5), (15, 35), (11, 44), (15, 44), (4, 11), (4, 17), (4, 35), (11, 16), (11, 13), (11, 19), (4, 44), (11, 25), (15, 16), (15, 19), (15, 25), (4, 16), (4, 13), (4, 19), (4, 25), (11, 15), (11, 18), (11, 24), (15, 18)]"
137,Borda,ATVA_1,50,4,"{'A': 77, 'D': 77, 'B': 74, 'C': 72}","[0.75, 0.58, 0.79, 0.58, 0.75, 1.0, 0.79, 0.5, 0.5, 1.0, 1.0, 1.0, 0.5, 0.58, 0.46, 0.79, 0.54, 0.42, 0.5, 0.58, 0.46, 1.0, 0.42, 0.46, 1.0, 1.0, 1.0, 0.58, 1.0, 0.58, 1.0, 0.58, 1.0, 1.0, 0.88, 0.58, 0.88, 0.58, 1.0, 0.79, 0.54, 0.58, 0.75, 0.5, 0.79, 1.0, 0.54, 0.46, 0.75, 0.88]",36.190000000000005,"[3, 7, 8, 9, 15, 16, 17, 18, 19, 21, 23, 35, 37, 40, 41, 44, 45, 47, 49, 50]","[0.03, 0.07, 0.03, 0.06, 0.04, 0.03, 0.03, 0.09, 0.09, 0.0, 0.0, 0.03, 0.08, 0.05, 0.09, 0.03, 0.07, 0.1, 0.09, 0.06, 0.09, 0.03, 0.1, 0.09, 0.03, 0.01, 0.03, 0.06, 0.01, 0.06, 0.01, 0.07, 0.03, 0.01, 0.01, 0.06, 0.01, 0.06, 0.03, 0.03, 0.07, 0.06, 0.04, 0.09, 0.03, 0.03, 0.07, 0.09, 0.02, 0.01]",0.25,"[(15, 21), (7, 17), (41, 49), (44, 45), (7, 35), (18, 35), (16, 47), (18, 44), (8, 9), (40, 41), (17, 21), (8, 18), (21, 37), (9, 17), (40, 50), (3, 40), (9, 35), (3, 49), (15, 23), (7, 19), (18, 19), (7, 28), (18, 28), (35, 44), (44, 47), (16, 40), (7, 37), (18, 37), (3, 15), (16, 49), (17, 23), (9, 19), (9, 28), (23, 45), (15, 16), (41, 44), (17, 44), (8, 41), (7, 21), (18, 21), (19, 41), (35, 37), (8, 50), (19, 50), (9, 49), (44, 49), (3, 8), (3, 17), (40, 45), (21, 41), (9, 21), (3, 35), (21, 50), (23, 47), (3, 44), (15, 18), (16, 17), (47, 50), (7, 23), (18, 23), (16, 35), (3, 19), (49, 50), (3, 28), (40, 47), (7, 44), (23, 40), (3, 37), (23, 49), (16, 19), (7, 16), (8, 45), (16, 28), (9, 44), (19, 45), (15, 41), (3, 21), (9, 16), (15, 50), (40, 49), (21, 45), (7, 9), (37, 44), (17, 41), (16, 21), (9, 37), (17, 50), (8, 47), (19, 47), (3, 23), (23, 35), (21, 47), (23, 44), (45, 50), (8, 40), (16, 23), (19, 40), (8, 49), (19, 49), (3, 7), (3, 16), (35, 48), (15, 45), (23, 28), (16, 44), (7, 41), (18, 41), (21, 40), (23, 37), (40, 44), (7, 50), (8, 15), (17, 18), (18, 50), (21, 49), (9, 23), (47, 49), (37, 48), (17, 45), (9, 41), (9, 50), (3, 9), (35, 41), (3, 18), (16, 37), (35, 50), (15, 47), (8, 17), (37, 41), (8, 35), (19, 35), (37, 50), (17, 47), (8, 44), (19, 44), (7, 18), (41, 50), (35, 43), (15, 40), (37, 49), (21, 35), (15, 49), (7, 45), (18, 45), (8, 19), (9, 18), (8, 28), (19, 28), (45, 47), (3, 41), (17, 40), (8, 37), (19, 37), (37, 43), (3, 50), (17, 49), (9, 45), (21, 28), (35, 45), (16, 41), (16, 50), (7, 47), (18, 47), (8, 21), (19, 21), (45, 49), (37, 45), (15, 17), (9, 47), (41, 45), (15, 35), (44, 50), (35, 47), (15, 44), (7, 40), (18, 40), (7, 49), (18, 49), (8, 23), (19, 23), (17, 35), (3, 45), (37, 47), (9, 40), (15, 19), (16, 18), (7, 15), (15, 28), (41, 47), (21, 23), (15, 37), (35, 40), (35, 49), (16, 45), (17, 19), (8, 16), (9, 15), (17, 28), (21, 44), (23, 41), (37, 40), (17, 37), (23, 50), (3, 47), (7, 8)]"
138,Borda,ATVA_1,50,4,"{'C': 84, 'A': 81, 'D': 72, 'B': 63}","[0.54, 1.0, 0.58, 0.75, 0.58, 1.0, 0.54, 1.0, 0.54, 0.58, 0.5, 0.79, 0.54, 0.75, 0.46, 1.0, 0.67, 0.75, 0.58, 0.58, 0.5, 0.42, 0.75, 1.0, 1.0, 0.79, 0.58, 1.0, 1.0, 0.58, 0.42, 0.79, 1.0, 0.67, 0.75, 0.58, 0.58, 1.0, 1.0, 0.58, 1.0, 0.58, 0.75, 0.67, 0.79, 0.75, 1.0, 1.0, 0.58, 0.67]",36.510000000000005,[],"[0.07, 0.01, 0.05, 0.03, 0.07, 0.03, 0.07, 0.0, 0.07, 0.06, 0.09, 0.03, 0.07, 0.02, 0.09, 0.01, 0.05, 0.02, 0.07, 0.07, 0.08, 0.1, 0.03, 0.01, 0.03, 0.03, 0.06, 0.01, 0.03, 0.06, 0.1, 0.03, 0.0, 0.05, 0.02, 0.07, 0.05, 0.0, 0.03, 0.05, 0.01, 0.05, 0.04, 0.05, 0.03, 0.03, 0.0, 0.01, 0.05, 0.05]",0,
139,Borda,ATVA_1,50,4,"{'C': 88, 'B': 80, 'A': 69, 'D': 63}","[0.75, 1.0, 0.79, 0.75, 1.0, 0.75, 0.42, 0.79, 0.75, 0.75, 0.67, 1.0, 0.58, 1.0, 0.46, 1.0, 0.46, 1.0, 0.54, 0.75, 1.0, 0.75, 0.88, 0.75, 1.0, 1.0, 0.88, 0.75, 0.75, 0.58, 0.5, 1.0, 0.58, 0.46, 1.0, 0.42, 1.0, 0.58, 1.0, 0.75, 1.0, 0.58, 0.67, 0.58, 0.42, 0.58, 1.0, 1.0, 0.75, 0.67]",38.09,[],"[0.02, 0.01, 0.03, 0.02, 0.04, 0.03, 0.1, 0.03, 0.04, 0.04, 0.05, 0.0, 0.05, 0.04, 0.09, 0.0, 0.09, 0.04, 0.07, 0.04, 0.04, 0.04, 0.01, 0.02, 0.04, 0.0, 0.01, 0.04, 0.02, 0.07, 0.09, 0.03, 0.07, 0.09, 0.0, 0.1, 0.01, 0.06, 0.0, 0.03, 0.01, 0.06, 0.05, 0.06, 0.1, 0.05, 0.03, 0.04, 0.02, 0.05]",0,
140,Borda,ATVA_1,50,4,"{'A': 80, 'C': 77, 'B': 76, 'D': 67}","[0.42, 1.0, 0.79, 1.0, 1.0, 0.58, 0.58, 0.75, 0.75, 1.0, 1.0, 0.79, 0.88, 0.58, 1.0, 0.42, 0.5, 0.88, 0.5, 0.58, 1.0, 0.75, 0.88, 1.0, 1.0, 0.5, 0.58, 0.58, 1.0, 0.5, 0.5, 1.0, 0.58, 0.42, 0.79, 0.75, 0.88, 0.88, 0.46, 0.58, 0.75, 0.79, 0.79, 0.54, 0.54, 0.42, 1.0, 1.0, 1.0, 0.58]",37.04,"[1, 8, 9, 16, 22, 34, 36, 39, 44, 45, 46]","[0.1, 0.03, 0.03, 0.03, 0.03, 0.06, 0.06, 0.03, 0.03, 0.01, 0.04, 0.03, 0.01, 0.07, 0.01, 0.1, 0.09, 0.01, 0.08, 0.07, 0.03, 0.04, 0.01, 0.03, 0.03, 0.08, 0.07, 0.07, 0.01, 0.08, 0.09, 0.0, 0.05, 0.1, 0.03, 0.04, 0.01, 0.01, 0.09, 0.06, 0.02, 0.03, 0.03, 0.07, 0.07, 0.1, 0.03, 0.03, 0.01, 0.06]",0.13,"[(9, 39), (9, 45), (16, 26), (8, 46), (1, 34), (44, 45), (1, 46), (8, 9), (16, 44), (22, 26), (39, 45), (1, 9), (22, 44), (9, 26), (8, 30), (34, 46), (8, 33), (45, 46), (8, 36), (16, 19), (1, 30), (36, 46), (8, 39), (8, 45), (1, 33), (1, 39), (9, 44), (16, 22), (1, 36), (16, 34), (1, 45), (16, 46), (36, 44), (9, 16), (39, 44), (9, 19), (22, 34), (34, 36), (22, 46), (9, 22), (34, 39), (1, 8), (8, 26), (34, 45), (36, 39), (36, 45), (9, 34), (1, 26), (8, 44), (16, 30), (9, 46), (16, 33), (1, 44), (16, 36), (44, 46), (16, 39), (16, 45), (22, 30), (39, 46), (8, 16), (22, 33), (22, 39), (8, 19), (22, 36), (34, 44), (8, 22), (22, 45), (1, 16), (9, 33), (1, 19), (9, 30), (9, 36), (8, 34), (1, 22)]"
141,Borda,ATVA_2,50,4,"{'A': 78, 'D': 75, 'B': 74, 'C': 73}","[0.46, 0.79, 0.58, 0.58, 0.5, 1.0, 0.42, 0.54, 1.0, 0.5, 0.79, 0.58, 0.75, 1.0, 1.0, 1.0, 0.5, 0.54, 0.54, 0.88, 0.79, 0.67, 0.58, 0.46, 0.88, 0.54, 0.75, 0.58, 1.0, 0.67, 0.75, 1.0, 0.46, 0.58, 1.0, 0.88, 0.46, 0.54, 1.0, 0.54, 0.75, 0.58, 0.75, 0.58, 1.0, 0.75, 0.75, 0.46, 0.58, 1.0]",35.28,"[13, 20]","[0.09, 0.03, 0.07, 0.06, 0.08, 0.01, 0.1, 0.07, 0.04, 0.08, 0.03, 0.07, 0.03, 0.03, 0.03, 0.01, 0.08, 0.07, 0.07, 0.01, 0.03, 0.05, 0.06, 0.09, 0.01, 0.07, 0.04, 0.06, 0.03, 0.05, 0.03, 0.01, 0.09, 0.05, 0.01, 0.01, 0.09, 0.07, 0.01, 0.07, 0.04, 0.07, 0.04, 0.07, 0.01, 0.02, 0.02, 0.09, 0.06, 0.01]",0.13,"[13, 20]"
142,Borda,ATVA_3,50,4,"{'B': 16, 'C': 13, 'A': 12, 'D': 9}","[1.0, 0.75, 0.58, 0.75, 0.54, 0.54, 0.75, 0.67, 0.75, 0.67, 0.58, 0.58, 0.75, 1.0, 0.79, 0.58, 1.0, 0.5, 0.67, 1.0, 1.0, 1.0, 0.58, 0.42, 1.0, 0.88, 0.54, 0.58, 1.0, 0.46, 0.79, 0.75, 0.58, 1.0, 0.75, 0.54, 0.67, 0.67, 1.0, 0.58, 0.75, 0.58, 0.46, 0.75, 0.79, 1.0, 1.0, 0.58, 0.5, 0.58]",36.230000000000004,"[5, 8, 10, 12, 18, 23, 24, 27, 30, 32, 33, 36, 38, 40, 42, 43, 48, 50]","[0.03, 0.01, 0.06, 0.04, 0.06, 0.09, 0.07, 0.01, 0.02, 0.01, 0.06, 0.03, 0.06, 0.03, 0.03, 0.09, 0.07, 0.1, 0.04, 0.09, 0.05, 0.04, 0.01, 0.09, 0.03, 0.01, 0.09, 0.06, 0.03, 0.07, 0.0, 0.01, 0.01, 0.05, 0.02, 0.09, 0.04, 0.03, 0.07, 0.0, 0.03, 0.03, 0.01, 0.01, 0.03, 0.05, 0.03, 0.01, 0.09, 0.01]",0,
143,Borda,ATVA_3,50,4,"{'B': 15, 'C': 15, 'D': 11, 'A': 9}","[1.0, 0.88, 0.88, 1.0, 0.79, 0.5, 1.0, 1.0, 1.0, 0.88, 0.79, 0.54, 0.75, 0.79, 0.58, 1.0, 0.58, 0.54, 0.75, 0.79, 1.0, 0.67, 0.58, 0.54, 0.58, 0.58, 1.0, 0.67, 0.75, 1.0, 1.0, 0.58, 0.46, 0.75, 0.5, 0.58, 1.0, 0.54, 1.0, 0.54, 0.54, 0.75, 1.0, 1.0, 0.46, 0.46, 1.0, 0.58, 0.58, 0.54]",37.269999999999996,"[6, 13, 18, 19, 22, 24, 25, 28, 29, 33, 40, 45, 46, 48, 49, 50]","[0.04, 0.05, 0.07, 0.01, 0.02, 0.07, 0.04, 0.03, 0.03, 0.07, 0.02, 0.09, 0.07, 0.05, 0.05, 0.04, 0.03, 0.05, 0.06, 0.05, 0.03, 0.05, 0.09, 0.05, 0.05, 0.07, 0.03, 0.05, 0.06, 0.03, 0.03, 0.07, 0.1, 0.05, 0.04, 0.05, 0.03, 0.07, 0.03, 0.09, 0.09, 0.03, 0.03, 0.01, 0.07, 0.09, 0.04, 0.06, 0.05, 0.09]",0,
144,Borda,ATVA_3,50,4,"{'C': 15, 'D': 15, 'A': 13, 'B': 7}","[1.0, 0.42, 0.75, 0.58, 0.67, 0.58, 0.5, 1.0, 0.58, 1.0, 0.54, 0.75, 0.54, 0.46, 1.0, 0.58, 1.0, 0.46, 0.46, 0.75, 0.75, 0.79, 0.54, 1.0, 1.0, 0.75, 0.58, 0.58, 0.75, 1.0, 0.58, 0.58, 1.0, 1.0, 0.5, 0.5, 0.58, 0.54, 0.58, 0.75, 0.75, 1.0, 0.67, 0.75, 1.0, 1.0, 1.0, 0.5, 0.5, 1.0]",36.14,"[2, 6, 7, 9, 11, 12, 14, 16, 18, 19, 21, 23, 31, 36, 37, 38, 48, 49]","[0.01, 0.1, 0.06, 0.01, 0.01, 0.09, 0.07, 0.04, 0.05, 0.03, 0.08, 0.05, 0.06, 0.05, 0.03, 0.05, 0.04, 0.08, 0.08, 0.06, 0.08, 0.03, 0.08, 0.03, 0.03, 0.07, 0.03, 0.06, 0.03, 0.04, 0.09, 0.07, 0.0, 0.01, 0.07, 0.09, 0.09, 0.1, 0.05, 0.06, 0.03, 0.01, 0.07, 0.07, 0.01, 0.01, 0.01, 0.04, 0.03, 0.03]",0,
145,Borda,ATVA_3,50,4,"{'A': 16, 'D': 14, 'B': 13, 'C': 7}","[1.0, 0.46, 1.0, 1.0, 0.54, 0.67, 1.0, 0.58, 0.42, 1.0, 0.75, 0.58, 1.0, 0.54, 0.75, 0.75, 0.58, 0.58, 0.5, 1.0, 0.67, 1.0, 0.58, 1.0, 0.75, 1.0, 0.54, 1.0, 1.0, 0.58, 0.46, 0.67, 0.46, 0.67, 0.88, 1.0, 0.58, 1.0, 0.54, 0.88, 0.75, 0.58, 0.88, 0.75, 1.0, 0.46, 0.5, 1.0, 0.75, 0.58]",37.209999999999994,"[2, 6, 9, 14, 18, 19, 21, 23, 31, 33, 34, 39, 42, 44, 46, 47]","[0.01, 0.07, 0.01, 0.03, 0.07, 0.03, 0.03, 0.05, 0.07, 0.03, 0.03, 0.07, 0.03, 0.01, 0.05, 0.03, 0.06, 0.08, 0.06, 0.04, 0.03, 0.01, 0.04, 0.03, 0.03, 0.03, 0.07, 0.03, 0.03, 0.09, 0.03, 0.08, 0.01, 0.03, 0.05, 0.03, 0.07, 0.04, 0.03, 0.03, 0.05, 0.05, 0.08, 0.04, 0.0, 0.02, 0.02, 0.03, 0.01, 0.02]",0.13,
146,Borda,ATVA_3,50,4,"{'B': 16, 'C': 14, 'D': 11, 'A': 9}","[1.0, 0.5, 0.67, 0.42, 0.58, 0.5, 0.88, 0.54, 0.58, 0.88, 0.5, 1.0, 0.67, 1.0, 0.75, 0.67, 0.75, 0.46, 0.5, 1.0, 1.0, 0.79, 0.54, 0.88, 0.88, 0.79, 0.75, 1.0, 0.5, 0.58, 0.58, 0.58, 0.54, 1.0, 0.75, 1.0, 0.46, 0.58, 0.75, 0.58, 1.0, 0.58, 0.58, 0.88, 0.5, 1.0, 0.46, 0.79, 0.46, 1.0]",35.63,"[2, 3, 4, 5, 6, 7, 8, 9, 10, 13, 15, 16, 18, 19, 22, 23, 24, 25, 26, 27, 29, 30, 31, 32, 33, 37, 38, 40, 42, 44, 45, 47, 48, 49]","[0.03, 0.07, 0.03, 0.06, 0.07, 0.05, 0.04, 0.05, 0.04, 0.04, 0.06, 0.09, 0.03, 0.08, 0.03, 0.04, 0.02, 0.09, 0.07, 0.04, 0.09, 0.01, 0.06, 0.03, 0.04, 0.03, 0.03, 0.08, 0.05, 0.02, 0.03, 0.05, 0.02, 0.04, 0.07, 0.05, 0.01, 0.06, 0.05, 0.03, 0.08, 0.02, 0.09, 0.0, 0.02, 0.08, 0.06, 0.04, 0.06, 0.04]",0.25,
147,Borda,ATVA_3,50,4,"{'A': 14, 'D': 13, 'C': 12, 'B': 11}","[0.79, 0.58, 1.0, 1.0, 0.75, 0.88, 0.46, 0.58, 0.54, 0.67, 0.58, 0.58, 0.58, 0.54, 0.58, 1.0, 0.54, 0.58, 1.0, 0.67, 0.58, 0.75, 1.0, 1.0, 0.75, 0.67, 0.75, 1.0, 0.75, 0.42, 1.0, 0.5, 1.0, 0.54, 0.5, 0.58, 0.46, 0.5, 0.58, 0.54, 1.0, 0.42, 1.0, 1.0, 0.75, 0.46, 0.5, 0.75, 0.75, 0.54]",34.940000000000005,"[1, 2, 5, 6, 7, 9, 10, 12, 14, 15, 17, 18, 20, 21, 25, 26, 29, 30, 32, 34, 35, 37, 38, 39, 40, 42, 46, 48]","[0.03, 0.03, 0.08, 0.03, 0.03, 0.01, 0.02, 0.03, 0.09, 0.03, 0.05, 0.03, 0.09, 0.07, 0.0, 0.09, 0.06, 0.04, 0.07, 0.04, 0.04, 0.02, 0.08, 0.05, 0.04, 0.03, 0.03, 0.05, 0.04, 0.09, 0.03, 0.09, 0.05, 0.07, 0.02, 0.06, 0.06, 0.05, 0.07, 0.02, 0.08, 0.09, 0.04, 0.05, 0.05, 0.06, 0.06, 0.04, 0.02, 0.06]",0.32999999999999996,
148,Borda,ATVA_3,50,4,"{'C': 14, 'B': 13, 'D': 12, 'A': 11}","[0.58, 0.46, 0.58, 1.0, 0.75, 0.58, 0.58, 1.0, 0.5, 0.46, 0.58, 0.75, 0.79, 1.0, 0.58, 0.5, 0.46, 0.75, 1.0, 0.46, 1.0, 0.75, 0.46, 0.58, 0.54, 0.79, 0.75, 1.0, 0.58, 0.75, 0.46, 0.88, 0.5, 0.58, 0.75, 1.0, 0.88, 1.0, 1.0, 0.75, 0.58, 1.0, 1.0, 0.75, 1.0, 0.58, 0.58, 0.75, 0.67, 0.5]",35.77,"[1, 2, 3, 6, 7, 9, 10, 11, 15, 16, 17, 20, 23, 24, 25, 26, 31, 33, 34, 35, 41, 46, 47]","[0.03, 0.06, 0.03, 0.07, 0.03, 0.09, 0.07, 0.08, 0.07, 0.06, 0.02, 0.03, 0.07, 0.09, 0.02, 0.07, 0.01, 0.03, 0.09, 0.01, 0.08, 0.03, 0.1, 0.06, 0.04, 0.05, 0.07, 0.09, 0.03, 0.0, 0.03, 0.02, 0.07, 0.07, 0.05, 0.03, 0.07, 0.09, 0.07, 0.01, 0.06, 0.05, 0.08, 0.04, 0.05, 0.05, 0.06, 0.06, 0.03, 0.01]",0.32999999999999996,
149,Borda,ATVA_3,50,4,"{'A': 17, 'B': 12, 'C': 12, 'D': 9}","[1.0, 1.0, 1.0, 0.54, 1.0, 1.0, 1.0, 0.46, 0.46, 0.79, 0.75, 0.58, 0.88, 0.58, 1.0, 0.79, 0.42, 0.79, 1.0, 0.54, 0.58, 0.75, 1.0, 0.42, 0.75, 0.75, 0.75, 1.0, 1.0, 0.58, 0.75, 0.58, 0.54, 1.0, 0.46, 0.46, 1.0, 1.0, 1.0, 0.58, 0.42, 0.58, 1.0, 0.75, 0.58, 1.0, 0.67, 0.75, 0.88, 0.75]",37.910000000000004,"[4, 8, 9, 10, 11, 14, 17, 20, 21, 24, 26, 31, 33, 35, 36, 41, 42, 44, 45, 47, 50]","[0.0, 0.03, 0.01, 0.05, 0.01, 0.03, 0.0, 0.04, 0.03, 0.01, 0.03, 0.07, 0.03, 0.01, 0.0, 0.07, 0.07, 0.02, 0.01, 0.05, 0.05, 0.08, 0.0, 0.09, 0.07, 0.03, 0.05, 0.0, 0.01, 0.06, 0.01, 0.09, 0.05, 0.01, 0.09, 0.06, 0.01, 0.03, 0.0, 0.09, 0.07, 0.01, 0.04, 0.01, 0.03, 0.0, 0.01, 0.08, 0.01, 0.01]",0,
150,Borda,ATVA_3,50,4,"{'C': 18, 'D': 13, 'B': 11, 'A': 8}","[0.54, 1.0, 1.0, 1.0, 0.58, 0.46, 0.79, 1.0, 1.0, 0.58, 0.46, 1.0, 0.58, 1.0, 0.58, 1.0, 1.0, 0.88, 0.58, 0.5, 0.67, 0.75, 1.0, 0.58, 1.0, 1.0, 0.58, 0.5, 0.54, 0.88, 0.58, 0.79, 0.58, 0.79, 0.58, 0.75, 0.79, 1.0, 0.58, 1.0, 0.79, 1.0, 1.0, 0.5, 1.0, 0.75, 0.5, 0.79, 1.0, 0.5]",38.3,"[1, 6, 10, 11, 13, 15, 20, 22, 24, 27, 28, 29, 33, 35, 36, 39, 44, 47, 50]","[0.09, 0.03, 0.04, 0.0, 0.07, 0.03, 0.07, 0.04, 0.01, 0.09, 0.07, 0.03, 0.08, 0.03, 0.09, 0.0, 0.03, 0.05, 0.07, 0.1, 0.06, 0.04, 0.04, 0.1, 0.04, 0.04, 0.09, 0.1, 0.09, 0.06, 0.07, 0.02, 0.08, 0.02, 0.05, 0.09, 0.06, 0.0, 0.09, 0.04, 0.01, 0.01, 0.03, 0.03, 0.01, 0.02, 0.09, 0.06, 0.03, 0.09]",0.13,
151,Borda,ATVA_3,50,4,"{'D': 15, 'B': 14, 'C': 13, 'A': 8}","[0.58, 0.75, 1.0, 0.5, 0.75, 0.88, 0.75, 1.0, 0.42, 0.75, 1.0, 0.58, 0.88, 0.88, 0.58, 0.79, 0.58, 0.75, 1.0, 1.0, 0.88, 1.0, 0.75, 0.58, 0.58, 0.58, 0.54, 0.58, 1.0, 1.0, 0.54, 0.58, 1.0, 0.75, 0.58, 0.58, 0.75, 1.0, 1.0, 1.0, 0.79, 0.88, 1.0, 0.79, 0.75, 0.88, 0.54, 0.58, 0.58, 0.75]",38.230000000000004,"[1, 4, 6, 7, 9, 12, 14, 16, 18, 24, 25, 26, 28, 31, 32, 35, 36, 41, 42, 44, 46, 47, 48, 49]","[0.05, 0.03, 0.07, 0.09, 0.01, 0.05, 0.02, 0.04, 0.09, 0.01, 0.09, 0.07, 0.03, 0.07, 0.04, 0.07, 0.01, 0.02, 0.07, 0.07, 0.01, 0.09, 0.01, 0.03, 0.09, 0.07, 0.03, 0.06, 0.09, 0.08, 0.04, 0.09, 0.03, 0.03, 0.03, 0.06, 0.03, 0.09, 0.08, 0.07, 0.05, 0.05, 0.09, 0.05, 0.01, 0.07, 0.04, 0.07, 0.1, 0.01]",0,
152,Borda,ATVA_4,50,4,"{'B': 79, 'C': 77, 'A': 75, 'D': 69}","[1.0, 1.0, 1.0, 0.46, 1.0, 0.5, 0.75, 0.42, 0.75, 0.75, 0.54, 1.0, 0.75, 0.58, 0.58, 1.0, 0.58, 0.58, 0.58, 1.0, 0.54, 0.67, 0.58, 1.0, 0.58, 0.88, 0.5, 1.0, 0.58, 0.58, 0.58, 1.0, 0.58, 0.79, 0.46, 0.42, 1.0, 0.58, 0.75, 0.54, 1.0, 0.75, 0.58, 0.58, 0.88, 0.5, 0.58, 0.75, 0.42, 0.75]",35.22,"[11, 21, 40, 42]","[0.01, 0.01, 0.03, 0.09, 0.0, 0.08, 0.02, 0.1, 0.03, 0.03, 0.07, 0.0, 0.02, 0.06, 0.05, 0.01, 0.07, 0.07, 0.07, 0.01, 0.07, 0.05, 0.07, 0.03, 0.06, 0.01, 0.09, 0.01, 0.05, 0.05, 0.06, 0.01, 0.06, 0.03, 0.09, 0.1, 0.01, 0.07, 0.02, 0.07, 0.03, 0.04, 0.05, 0.07, 0.01, 0.08, 0.07, 0.02, 0.1, 0.03]",0.040000000000000036,
153,Borda,ATVA_4,50,4,"{'A': 80, 'D': 79, 'C': 73, 'B': 68}","[0.46, 1.0, 0.75, 0.54, 1.0, 0.79, 0.54, 0.58, 0.88, 1.0, 0.75, 1.0, 1.0, 0.67, 0.58, 0.46, 0.46, 0.75, 1.0, 1.0, 0.58, 0.58, 0.75, 0.75, 0.5, 0.54, 0.58, 0.67, 0.75, 0.58, 0.58, 0.75, 0.54, 0.75, 0.75, 0.75, 0.46, 0.75, 0.58, 0.46, 0.58, 0.58, 0.58, 0.5, 0.67, 0.46, 1.0, 1.0, 1.0, 0.88]",35.11000000000001,"[9, 11, 17, 24, 36, 38, 40, 46, 50]","[0.09, 0.01, 0.04, 0.07, 0.0, 0.03, 0.07, 0.06, 0.01, 0.0, 0.02, 0.01, 0.01, 0.05, 0.05, 0.09, 0.09, 0.04, 0.03, 0.01, 0.06, 0.06, 0.04, 0.02, 0.09, 0.07, 0.06, 0.05, 0.03, 0.07, 0.05, 0.03, 0.07, 0.04, 0.04, 0.02, 0.09, 0.02, 0.05, 0.09, 0.06, 0.06, 0.06, 0.08, 0.05, 0.09, 0.0, 0.04, 0.01, 0.01]",0.25,
154,Borda,ATVA_4,50,4,"{'A': 89, 'B': 78, 'C': 70, 'D': 63}","[0.75, 0.42, 1.0, 0.67, 0.79, 0.75, 0.79, 0.54, 0.88, 0.75, 0.58, 0.88, 1.0, 1.0, 0.58, 0.67, 0.75, 0.54, 1.0, 0.58, 0.88, 1.0, 1.0, 0.79, 1.0, 0.58, 1.0, 0.58, 0.46, 0.46, 1.0, 1.0, 1.0, 0.58, 0.54, 0.5, 0.88, 1.0, 0.46, 0.46, 1.0, 1.0, 1.0, 0.75, 0.5, 0.75, 0.42, 1.0, 1.0, 1.0]",38.51,[],"[0.04, 0.1, 0.03, 0.05, 0.03, 0.04, 0.03, 0.07, 0.01, 0.04, 0.07, 0.01, 0.04, 0.03, 0.06, 0.05, 0.02, 0.07, 0.03, 0.07, 0.01, 0.03, 0.0, 0.03, 0.01, 0.07, 0.0, 0.06, 0.09, 0.09, 0.01, 0.0, 0.01, 0.05, 0.07, 0.09, 0.01, 0.03, 0.09, 0.09, 0.01, 0.03, 0.01, 0.02, 0.08, 0.04, 0.1, 0.01, 0.03, 0.01]",0,
155,Borda,ATVA_4,50,4,"{'B': 86, 'D': 78, 'A': 68, 'C': 68}","[1.0, 1.0, 0.75, 1.0, 0.46, 0.88, 0.58, 1.0, 1.0, 0.58, 0.58, 1.0, 0.79, 0.58, 1.0, 1.0, 0.75, 0.54, 0.75, 0.67, 0.58, 1.0, 0.58, 0.54, 1.0, 0.58, 1.0, 0.75, 0.58, 0.88, 0.67, 0.5, 0.75, 0.58, 1.0, 0.79, 0.42, 0.75, 0.46, 0.67, 1.0, 0.58, 0.58, 1.0, 0.75, 0.79, 1.0, 0.54, 0.75, 0.46]",37.440000000000005,"[5, 18, 20, 31, 37, 40, 45, 48, 49]","[0.04, 0.03, 0.03, 0.03, 0.09, 0.01, 0.07, 0.01, 0.04, 0.06, 0.07, 0.01, 0.03, 0.06, 0.03, 0.03, 0.04, 0.07, 0.03, 0.05, 0.06, 0.01, 0.05, 0.07, 0.03, 0.06, 0.01, 0.03, 0.06, 0.01, 0.05, 0.08, 0.04, 0.06, 0.01, 0.03, 0.1, 0.04, 0.09, 0.05, 0.04, 0.06, 0.06, 0.01, 0.02, 0.03, 0.01, 0.07, 0.02, 0.09]",0.13,
156,Borda,ATVA_4,50,4,"{'D': 80, 'A': 79, 'C': 75, 'B': 66}","[0.5, 0.5, 1.0, 0.58, 0.75, 0.88, 0.58, 0.58, 1.0, 0.75, 0.58, 0.88, 0.54, 0.75, 1.0, 0.54, 1.0, 0.75, 0.75, 1.0, 0.75, 0.46, 0.46, 1.0, 0.58, 0.75, 0.79, 1.0, 0.46, 1.0, 1.0, 0.75, 0.58, 1.0, 0.58, 0.88, 0.88, 0.58, 0.5, 0.79, 0.54, 0.79, 0.46, 0.67, 0.75, 0.75, 0.42, 0.5, 0.75, 0.75]",36.08,"[1, 5, 6, 12, 23, 27, 29, 32, 36, 37, 40, 42, 44, 46, 47, 48, 50]","[0.09, 0.08, 0.03, 0.06, 0.02, 0.01, 0.06, 0.06, 0.0, 0.03, 0.07, 0.01, 0.07, 0.04, 0.03, 0.07, 0.04, 0.03, 0.04, 0.04, 0.03, 0.09, 0.09, 0.01, 0.06, 0.04, 0.03, 0.01, 0.09, 0.01, 0.04, 0.02, 0.06, 0.04, 0.05, 0.01, 0.01, 0.06, 0.08, 0.03, 0.07, 0.03, 0.09, 0.05, 0.03, 0.02, 0.1, 0.09, 0.03, 0.02]",0.32999999999999996,
157,Borda,ATVA_4,50,4,"{'C': 90, 'D': 82, 'B': 77, 'A': 51}","[1.0, 0.58, 1.0, 0.75, 1.0, 0.75, 0.58, 0.79, 0.58, 0.88, 1.0, 0.67, 0.79, 0.79, 0.79, 0.79, 0.58, 0.58, 0.54, 0.5, 0.58, 1.0, 1.0, 0.75, 0.75, 0.75, 0.79, 0.46, 0.79, 1.0, 0.54, 1.0, 1.0, 0.5, 0.58, 0.75, 0.54, 0.54, 1.0, 1.0, 0.88, 0.58, 1.0, 0.67, 0.58, 0.42, 0.75, 0.75, 1.0, 1.0]",37.89,[],"[0.04, 0.06, 0.0, 0.03, 0.03, 0.02, 0.06, 0.03, 0.05, 0.01, 0.04, 0.05, 0.03, 0.03, 0.03, 0.03, 0.05, 0.06, 0.07, 0.08, 0.06, 0.01, 0.01, 0.02, 0.03, 0.02, 0.03, 0.09, 0.03, 0.01, 0.07, 0.01, 0.01, 0.08, 0.05, 0.02, 0.07, 0.07, 0.01, 0.01, 0.01, 0.06, 0.03, 0.05, 0.05, 0.1, 0.03, 0.04, 0.0, 0.01]",0,
158,Borda,ATVA_4,50,4,"{'C': 87, 'D': 81, 'B': 68, 'A': 64}","[1.0, 0.75, 1.0, 0.58, 0.46, 1.0, 1.0, 1.0, 0.58, 0.88, 0.58, 1.0, 0.75, 0.58, 0.79, 0.67, 0.75, 1.0, 0.58, 0.58, 1.0, 0.54, 1.0, 0.46, 0.42, 0.58, 1.0, 1.0, 0.88, 0.88, 0.58, 0.67, 0.75, 0.67, 1.0, 1.0, 0.58, 1.0, 0.67, 0.54, 1.0, 0.54, 1.0, 0.58, 1.0, 0.58, 0.46, 0.58, 0.58, 0.58]",37.65,[],"[0.01, 0.03, 0.01, 0.06, 0.09, 0.0, 0.03, 0.01, 0.06, 0.01, 0.06, 0.0, 0.02, 0.05, 0.03, 0.05, 0.03, 0.03, 0.07, 0.07, 0.03, 0.07, 0.03, 0.09, 0.1, 0.07, 0.01, 0.04, 0.01, 0.01, 0.07, 0.05, 0.02, 0.05, 0.01, 0.0, 0.06, 0.03, 0.05, 0.07, 0.01, 0.07, 0.03, 0.05, 0.01, 0.06, 0.09, 0.05, 0.06, 0.07]",0,
159,Borda,ATVA_4,50,4,"{'B': 85, 'C': 80, 'D': 73, 'A': 62}","[0.79, 1.0, 0.58, 0.58, 1.0, 0.79, 0.5, 0.54, 1.0, 0.88, 1.0, 0.79, 1.0, 1.0, 0.88, 0.75, 0.42, 1.0, 0.58, 0.5, 0.54, 0.42, 0.5, 1.0, 0.58, 0.75, 0.79, 1.0, 0.58, 1.0, 0.58, 0.46, 0.58, 0.58, 0.75, 0.75, 0.58, 1.0, 1.0, 0.88, 1.0, 0.54, 0.5, 1.0, 1.0, 1.0, 0.46, 0.75, 0.58, 1.0]",37.730000000000004,[],"[0.03, 0.01, 0.06, 0.06, 0.03, 0.03, 0.09, 0.07, 0.01, 0.01, 0.0, 0.03, 0.01, 0.03, 0.01, 0.04, 0.1, 0.0, 0.05, 0.09, 0.07, 0.1, 0.08, 0.04, 0.06, 0.03, 0.03, 0.03, 0.06, 0.03, 0.07, 0.09, 0.07, 0.07, 0.04, 0.02, 0.06, 0.01, 0.03, 0.01, 0.0, 0.07, 0.09, 0.03, 0.0, 0.0, 0.09, 0.03, 0.05, 0.0]",0,
160,Borda,ATVA_4,50,4,"{'B': 87, 'D': 76, 'A': 69, 'C': 68}","[0.58, 0.58, 0.75, 0.88, 0.42, 0.58, 1.0, 0.79, 0.75, 0.75, 0.58, 0.75, 1.0, 1.0, 0.67, 0.58, 1.0, 0.58, 0.54, 1.0, 1.0, 0.75, 0.58, 0.54, 0.79, 1.0, 0.46, 0.54, 0.88, 0.79, 0.88, 0.58, 1.0, 0.75, 0.54, 0.58, 0.46, 1.0, 1.0, 0.58, 1.0, 1.0, 0.58, 0.67, 1.0, 0.58, 0.75, 0.5, 0.58, 0.67]",36.81,"[5, 12, 22, 27, 34]","[0.06, 0.05, 0.03, 0.01, 0.1, 0.06, 0.04, 0.03, 0.03, 0.03, 0.06, 0.02, 0.04, 0.03, 0.05, 0.06, 0.03, 0.07, 0.07, 0.0, 0.01, 0.02, 0.07, 0.07, 0.03, 0.01, 0.09, 0.07, 0.01, 0.03, 0.01, 0.05, 0.04, 0.02, 0.07, 0.05, 0.09, 0.01, 0.03, 0.07, 0.0, 0.03, 0.06, 0.05, 0.03, 0.05, 0.03, 0.09, 0.07, 0.05]",0.13,
161,Borda,ATVA_4,50,4,"{'C': 87, 'D': 83, 'B': 66, 'A': 64}","[0.54, 0.88, 0.75, 0.79, 0.79, 0.5, 0.54, 0.79, 0.58, 1.0, 1.0, 1.0, 0.88, 1.0, 1.0, 0.5, 1.0, 0.75, 0.88, 0.5, 1.0, 1.0, 0.58, 1.0, 0.88, 0.54, 1.0, 0.67, 0.88, 1.0, 1.0, 0.46, 0.46, 0.5, 0.75, 0.75, 1.0, 1.0, 1.0, 0.42, 0.67, 0.58, 1.0, 0.75, 1.0, 1.0, 0.46, 0.46, 0.58, 0.5]",38.56,"[32, 36, 40, 47]","[0.07, 0.01, 0.03, 0.03, 0.03, 0.09, 0.07, 0.03, 0.07, 0.01, 0.04, 0.0, 0.01, 0.0, 0.01, 0.09, 0.01, 0.04, 0.01, 0.08, 0.0, 0.03, 0.07, 0.01, 0.01, 0.07, 0.01, 0.05, 0.01, 0.04, 0.04, 0.09, 0.09, 0.08, 0.03, 0.02, 0.01, 0.03, 0.03, 0.1, 0.05, 0.06, 0.0, 0.04, 0.0, 0.04, 0.09, 0.09, 0.07, 0.08]",0.13,
