vote_id,voting_scheme,limitation_dropped,num_voters,num_candidates,outcome,hapiness_list,overall_hapiness,strategic_voters,risk_of_strategic_voting,alternative_risk,pairs
0,Plurality,BTVA,150,4,"{'D': 44, 'B': 40, 'C': 39, 'A': 27}","[0.75, 1.0, 1.0, 0.58, 1.0, 0.5, 0.58, 0.75, 0.88, 0.67, 0.79, 0.88, 0.79, 1.0, 0.75, 0.58, 1.0, 0.88, 0.58, 1.0, 0.54, 0.46, 0.42, 0.58, 1.0, 0.42, 0.42, 0.75, 1.0, 0.42, 1.0, 0.75, 0.58, 1.0, 0.75, 0.5, 0.75, 1.0, 0.75, 1.0, 0.58, 0.58, 0.58, 0.58, 0.46, 0.5, 0.58, 1.0, 1.0, 1.0, 0.54, 0.79, 0.75, 1.0, 0.58, 0.5, 1.0, 1.0, 0.79, 0.67, 0.88, 0.54, 0.67, 0.58, 0.46, 0.5, 1.0, 0.5, 0.58, 0.58, 0.75, 1.0, 1.0, 0.5, 0.79, 0.75, 1.0, 0.58, 0.5, 0.54, 1.0, 0.46, 0.75, 1.0, 0.54, 0.88, 1.0, 0.88, 0.58, 0.46, 0.88, 0.75, 0.46, 0.5, 0.79, 1.0, 0.54, 0.58, 0.46, 0.79, 0.54, 0.79, 0.46, 0.58, 0.67, 0.58, 1.0, 0.46, 1.0, 1.0, 1.0, 0.75, 0.5, 0.58, 0.54, 1.0, 1.0, 0.75, 0.58, 1.0, 0.75, 0.54, 0.58, 0.75, 0.58, 0.5, 1.0, 0.58, 0.58, 1.0, 1.0, 1.0, 1.0, 0.58, 1.0, 0.67, 1.0, 0.88, 0.79, 0.54, 0.58, 1.0, 1.0, 0.5, 0.46, 0.67, 1.0, 0.75, 1.0, 0.75]",110.34,[],"[0.02, 0.04, 0.03, 0.06, 0.01, 0.08, 0.06, 0.04, 0.01, 0.05, 0.03, 0.01, 0.03, 0.04, 0.02, 0.07, 0.03, 0.01, 0.05, 0.04, 0.07, 0.09, 0.1, 0.07, 0.01, 0.1, 0.1, 0.02, 0.01, 0.1, 0.0, 0.04, 0.06, 0.04, 0.03, 0.09, 0.03, 0.04, 0.03, 0.0, 0.05, 0.07, 0.05, 0.07, 0.09, 0.09, 0.07, 0.03, 0.03, 0.03, 0.07, 0.03, 0.02, 0.01, 0.06, 0.09, 0.0, 0.03, 0.03, 0.05, 0.01, 0.07, 0.05, 0.07, 0.09, 0.08, 0.01, 0.08, 0.06, 0.05, 0.03, 0.01, 0.03, 0.09, 0.03, 0.03, 0.0, 0.05, 0.09, 0.07, 0.03, 0.09, 0.04, 0.03, 0.07, 0.01, 0.03, 0.01, 0.06, 0.09, 0.01, 0.03, 0.09, 0.08, 0.03, 0.01, 0.07, 0.06, 0.09, 0.03, 0.07, 0.03, 0.09, 0.06, 0.05, 0.05, 0.03, 0.09, 0.03, 0.01, 0.01, 0.04, 0.08, 0.05, 0.07, 0.01, 0.01, 0.03, 0.07, 0.0, 0.04, 0.07, 0.07, 0.04, 0.05, 0.09, 0.01, 0.06, 0.05, 0.04, 0.0, 0.03, 0.01, 0.07, 0.03, 0.05, 0.01, 0.01, 0.03, 0.07, 0.06, 0.04, 0.03, 0.09, 0.09, 0.05, 0.01, 0.03, 0.01, 0.02]",0,
1,Plurality,BTVA,150,4,"{'A': 47, 'D': 44, 'C': 31, 'B': 28}","[0.54, 0.54, 1.0, 1.0, 0.75, 0.58, 0.79, 0.67, 0.46, 0.58, 0.58, 0.67, 0.58, 1.0, 1.0, 0.46, 1.0, 1.0, 0.75, 0.67, 0.54, 0.75, 0.5, 0.58, 1.0, 1.0, 0.46, 0.75, 0.75, 0.79, 0.88, 1.0, 0.58, 0.42, 0.58, 0.42, 1.0, 0.75, 1.0, 0.58, 0.75, 0.75, 0.58, 0.42, 1.0, 0.58, 1.0, 1.0, 0.75, 1.0, 0.58, 1.0, 0.75, 0.79, 1.0, 0.79, 0.46, 1.0, 1.0, 1.0, 0.58, 0.58, 0.46, 0.5, 0.67, 0.75, 1.0, 0.46, 0.58, 0.42, 1.0, 1.0, 0.5, 1.0, 0.67, 0.46, 1.0, 0.58, 0.5, 0.42, 0.75, 0.42, 1.0, 0.58, 0.58, 0.58, 1.0, 0.46, 1.0, 0.58, 0.67, 0.58, 0.54, 0.5, 0.46, 0.5, 0.88, 1.0, 1.0, 0.58, 1.0, 0.75, 0.54, 1.0, 1.0, 1.0, 0.58, 0.54, 0.5, 0.58, 0.88, 0.88, 1.0, 0.79, 0.58, 1.0, 0.46, 1.0, 0.58, 1.0, 0.58, 0.88, 0.54, 0.75, 0.67, 0.88, 0.88, 1.0, 0.58, 1.0, 1.0, 0.75, 0.42, 0.75, 0.42, 1.0, 0.58, 0.79, 0.58, 0.46, 0.5, 0.5, 1.0, 0.5, 1.0, 1.0, 0.88, 1.0, 1.0, 0.58]",110.07,[],"[0.07, 0.07, 0.03, 0.03, 0.03, 0.06, 0.03, 0.05, 0.09, 0.06, 0.07, 0.05, 0.06, 0.0, 0.04, 0.09, 0.04, 0.01, 0.02, 0.05, 0.07, 0.04, 0.09, 0.05, 0.01, 0.01, 0.09, 0.03, 0.04, 0.03, 0.01, 0.03, 0.05, 0.1, 0.06, 0.1, 0.01, 0.02, 0.04, 0.07, 0.02, 0.02, 0.06, 0.1, 0.03, 0.07, 0.01, 0.0, 0.04, 0.01, 0.06, 0.03, 0.02, 0.03, 0.01, 0.03, 0.09, 0.0, 0.0, 0.01, 0.05, 0.07, 0.09, 0.08, 0.05, 0.02, 0.01, 0.09, 0.07, 0.1, 0.03, 0.03, 0.09, 0.01, 0.05, 0.09, 0.04, 0.06, 0.08, 0.1, 0.02, 0.1, 0.03, 0.06, 0.07, 0.07, 0.0, 0.09, 0.04, 0.07, 0.05, 0.06, 0.07, 0.08, 0.09, 0.09, 0.01, 0.04, 0.03, 0.06, 0.0, 0.03, 0.07, 0.03, 0.04, 0.04, 0.06, 0.07, 0.08, 0.06, 0.01, 0.01, 0.04, 0.03, 0.06, 0.01, 0.09, 0.03, 0.05, 0.01, 0.05, 0.01, 0.07, 0.04, 0.05, 0.01, 0.01, 0.04, 0.06, 0.04, 0.01, 0.02, 0.1, 0.02, 0.1, 0.04, 0.05, 0.03, 0.05, 0.09, 0.08, 0.09, 0.04, 0.09, 0.03, 0.03, 0.01, 0.0, 0.03, 0.05]",0,
2,Plurality,BTVA,150,4,"{'D': 51, 'A': 46, 'B': 27, 'C': 26}","[0.54, 0.5, 1.0, 0.88, 0.75, 1.0, 0.54, 0.58, 1.0, 1.0, 0.5, 0.58, 0.58, 0.79, 1.0, 0.54, 0.58, 0.58, 1.0, 0.46, 0.67, 1.0, 0.58, 1.0, 0.75, 0.54, 0.88, 0.88, 1.0, 0.58, 1.0, 0.54, 1.0, 0.79, 1.0, 1.0, 1.0, 0.54, 0.75, 0.46, 0.58, 0.75, 1.0, 0.58, 1.0, 0.58, 0.58, 0.75, 0.75, 0.58, 1.0, 0.58, 0.88, 1.0, 0.88, 1.0, 0.58, 1.0, 1.0, 0.75, 1.0, 0.46, 0.58, 1.0, 1.0, 0.58, 0.5, 0.75, 1.0, 0.58, 0.46, 0.75, 0.58, 1.0, 1.0, 0.75, 0.54, 0.75, 1.0, 1.0, 0.54, 0.58, 0.58, 0.75, 1.0, 0.67, 0.54, 0.67, 0.54, 0.46, 1.0, 0.67, 1.0, 1.0, 0.54, 0.79, 1.0, 0.58, 0.58, 0.54, 1.0, 1.0, 1.0, 0.79, 0.75, 1.0, 0.88, 0.79, 1.0, 0.75, 0.46, 0.58, 1.0, 1.0, 0.75, 0.46, 1.0, 0.46, 0.88, 0.5, 0.58, 0.5, 1.0, 0.88, 1.0, 1.0, 0.5, 1.0, 0.58, 0.5, 0.67, 0.58, 1.0, 1.0, 0.75, 1.0, 1.0, 0.67, 0.58, 0.58, 0.75, 0.67, 0.58, 0.58, 0.88, 0.58, 1.0, 0.58, 0.58, 0.42]",113.53,[],"[0.07, 0.08, 0.03, 0.01, 0.03, 0.03, 0.07, 0.07, 0.01, 0.01, 0.08, 0.06, 0.06, 0.03, 0.0, 0.07, 0.07, 0.06, 0.01, 0.09, 0.05, 0.0, 0.06, 0.0, 0.02, 0.07, 0.01, 0.01, 0.0, 0.06, 0.01, 0.07, 0.04, 0.03, 0.01, 0.03, 0.01, 0.07, 0.03, 0.09, 0.05, 0.02, 0.0, 0.06, 0.03, 0.06, 0.07, 0.03, 0.02, 0.06, 0.03, 0.06, 0.01, 0.04, 0.01, 0.03, 0.06, 0.0, 0.03, 0.02, 0.01, 0.09, 0.06, 0.01, 0.03, 0.07, 0.09, 0.02, 0.01, 0.05, 0.09, 0.04, 0.07, 0.03, 0.03, 0.02, 0.07, 0.02, 0.01, 0.01, 0.07, 0.07, 0.07, 0.03, 0.01, 0.05, 0.07, 0.05, 0.07, 0.09, 0.03, 0.05, 0.03, 0.01, 0.07, 0.03, 0.01, 0.07, 0.06, 0.07, 0.03, 0.03, 0.03, 0.03, 0.03, 0.0, 0.01, 0.03, 0.03, 0.02, 0.09, 0.06, 0.01, 0.04, 0.04, 0.09, 0.03, 0.09, 0.01, 0.09, 0.07, 0.09, 0.03, 0.01, 0.04, 0.03, 0.09, 0.03, 0.05, 0.08, 0.05, 0.06, 0.04, 0.0, 0.02, 0.01, 0.01, 0.05, 0.07, 0.05, 0.04, 0.05, 0.06, 0.07, 0.01, 0.06, 0.01, 0.07, 0.07, 0.1]",0,
3,Plurality,BTVA,150,4,"{'C': 41, 'A': 39, 'D': 39, 'B': 31}","[0.58, 1.0, 0.67, 0.42, 0.5, 0.79, 0.54, 1.0, 1.0, 0.88, 0.58, 0.54, 0.79, 1.0, 0.67, 0.42, 1.0, 1.0, 1.0, 0.79, 0.58, 0.79, 1.0, 0.79, 0.75, 0.5, 0.75, 0.5, 1.0, 0.75, 0.54, 0.75, 0.5, 0.42, 1.0, 0.58, 0.58, 1.0, 1.0, 1.0, 0.79, 0.5, 0.58, 0.58, 0.46, 0.88, 0.46, 0.58, 1.0, 0.75, 0.58, 0.58, 1.0, 0.88, 0.58, 0.54, 1.0, 0.46, 0.5, 0.88, 0.46, 0.75, 0.58, 0.75, 1.0, 1.0, 0.54, 1.0, 0.79, 0.88, 0.58, 0.58, 0.75, 0.5, 0.79, 0.75, 0.5, 0.58, 0.88, 0.58, 0.54, 0.54, 1.0, 0.5, 0.5, 1.0, 0.58, 0.5, 0.58, 0.75, 0.58, 0.75, 1.0, 1.0, 0.42, 1.0, 0.58, 0.46, 0.5, 0.54, 0.54, 0.58, 1.0, 0.54, 0.46, 1.0, 0.5, 0.88, 0.88, 0.75, 0.67, 0.42, 1.0, 1.0, 0.46, 0.58, 0.75, 0.46, 0.54, 0.42, 1.0, 0.46, 1.0, 0.75, 1.0, 1.0, 1.0, 1.0, 0.58, 1.0, 0.75, 0.46, 0.67, 0.58, 0.75, 0.75, 0.58, 1.0, 0.46, 1.0, 1.0, 1.0, 0.75, 0.75, 1.0, 0.5, 1.0, 0.58, 0.79, 0.46]",108.14,"[4, 16, 34, 47, 58, 61, 95, 98, 101, 105, 112, 115, 120, 122]","[0.07, 0.04, 0.05, 0.1, 0.08, 0.03, 0.07, 0.01, 0.0, 0.01, 0.07, 0.07, 0.03, 0.01, 0.05, 0.1, 0.03, 0.0, 0.01, 0.03, 0.06, 0.03, 0.0, 0.03, 0.03, 0.08, 0.03, 0.08, 0.0, 0.04, 0.07, 0.02, 0.08, 0.1, 0.01, 0.06, 0.07, 0.01, 0.04, 0.03, 0.03, 0.09, 0.06, 0.07, 0.09, 0.01, 0.09, 0.06, 0.04, 0.02, 0.07, 0.06, 0.0, 0.01, 0.07, 0.07, 0.01, 0.09, 0.09, 0.01, 0.09, 0.04, 0.07, 0.02, 0.01, 0.01, 0.07, 0.03, 0.03, 0.01, 0.05, 0.07, 0.04, 0.09, 0.03, 0.03, 0.08, 0.07, 0.01, 0.06, 0.07, 0.07, 0.01, 0.09, 0.09, 0.03, 0.06, 0.09, 0.06, 0.03, 0.07, 0.04, 0.04, 0.01, 0.1, 0.01, 0.05, 0.09, 0.08, 0.07, 0.07, 0.06, 0.01, 0.07, 0.09, 0.04, 0.08, 0.01, 0.01, 0.02, 0.05, 0.1, 0.01, 0.03, 0.09, 0.05, 0.04, 0.09, 0.07, 0.1, 0.01, 0.09, 0.03, 0.03, 0.04, 0.0, 0.01, 0.03, 0.07, 0.03, 0.02, 0.09, 0.05, 0.07, 0.02, 0.04, 0.05, 0.03, 0.09, 0.01, 0.01, 0.03, 0.02, 0.03, 0.03, 0.08, 0.0, 0.06, 0.03, 0.09]",0.11999999999999994,
4,Plurality,BTVA,150,4,"{'B': 41, 'C': 38, 'A': 37, 'D': 34}","[1.0, 0.58, 0.75, 0.79, 0.46, 1.0, 0.46, 1.0, 0.5, 0.42, 0.54, 1.0, 1.0, 0.75, 1.0, 0.75, 0.54, 1.0, 1.0, 1.0, 1.0, 0.54, 1.0, 0.58, 0.54, 0.67, 0.46, 0.58, 0.58, 0.58, 0.79, 0.58, 0.58, 0.46, 0.54, 0.5, 0.75, 0.58, 0.88, 0.79, 0.88, 0.46, 0.54, 0.75, 1.0, 0.75, 1.0, 1.0, 0.58, 0.46, 0.58, 1.0, 0.67, 0.42, 1.0, 0.54, 0.54, 1.0, 0.58, 0.42, 1.0, 1.0, 0.46, 1.0, 0.54, 1.0, 1.0, 0.67, 0.75, 0.58, 0.58, 0.58, 0.46, 0.58, 0.58, 0.75, 1.0, 1.0, 0.58, 1.0, 1.0, 0.58, 0.75, 0.67, 0.46, 0.58, 0.58, 1.0, 0.5, 1.0, 0.58, 0.42, 0.75, 0.79, 0.67, 0.75, 1.0, 0.54, 0.88, 1.0, 0.58, 0.54, 1.0, 0.5, 0.58, 1.0, 0.5, 1.0, 1.0, 0.54, 0.79, 0.58, 0.58, 0.46, 0.58, 0.46, 0.75, 0.46, 0.75, 1.0, 0.75, 0.42, 0.5, 0.5, 0.75, 0.58, 1.0, 0.5, 1.0, 0.88, 0.58, 0.46, 0.5, 0.54, 0.75, 1.0, 0.5, 0.58, 0.42, 1.0, 0.79, 0.75, 0.58, 1.0, 0.67, 0.46, 0.5, 0.58, 0.79, 1.0]",106.28,"[10, 17, 22, 25, 27, 34, 42, 43, 54, 60, 73, 85, 92, 98, 110, 114, 118, 122, 132, 139]","[0.01, 0.06, 0.04, 0.03, 0.09, 0.0, 0.09, 0.03, 0.09, 0.1, 0.07, 0.01, 0.0, 0.03, 0.0, 0.04, 0.07, 0.04, 0.01, 0.04, 0.01, 0.07, 0.0, 0.07, 0.07, 0.05, 0.09, 0.07, 0.07, 0.07, 0.03, 0.06, 0.06, 0.09, 0.07, 0.08, 0.04, 0.06, 0.01, 0.03, 0.01, 0.09, 0.07, 0.02, 0.01, 0.04, 0.01, 0.01, 0.06, 0.09, 0.05, 0.01, 0.05, 0.1, 0.01, 0.07, 0.07, 0.0, 0.05, 0.1, 0.04, 0.04, 0.09, 0.01, 0.07, 0.01, 0.03, 0.05, 0.02, 0.06, 0.07, 0.06, 0.09, 0.07, 0.05, 0.02, 0.03, 0.01, 0.06, 0.03, 0.01, 0.06, 0.02, 0.05, 0.09, 0.07, 0.05, 0.0, 0.08, 0.01, 0.07, 0.1, 0.02, 0.03, 0.05, 0.04, 0.01, 0.07, 0.01, 0.04, 0.07, 0.07, 0.03, 0.09, 0.05, 0.03, 0.09, 0.0, 0.04, 0.07, 0.03, 0.05, 0.05, 0.09, 0.07, 0.09, 0.04, 0.09, 0.02, 0.01, 0.02, 0.1, 0.08, 0.09, 0.03, 0.07, 0.01, 0.08, 0.01, 0.01, 0.06, 0.09, 0.08, 0.07, 0.04, 0.03, 0.09, 0.07, 0.1, 0.01, 0.03, 0.04, 0.05, 0.01, 0.05, 0.09, 0.08, 0.07, 0.03, 0.0]",0.11999999999999994,
5,Plurality,BTVA,150,4,"{'B': 42, 'C': 42, 'D': 34, 'A': 32}","[0.58, 0.75, 0.75, 0.88, 0.42, 0.58, 1.0, 0.67, 1.0, 0.58, 1.0, 0.42, 0.58, 1.0, 0.54, 0.58, 1.0, 0.46, 0.88, 0.42, 0.54, 0.54, 1.0, 0.58, 1.0, 0.46, 1.0, 0.58, 0.79, 0.5, 0.58, 0.54, 1.0, 0.54, 0.54, 1.0, 0.75, 0.88, 0.46, 0.79, 0.88, 0.58, 1.0, 0.58, 1.0, 0.75, 1.0, 0.54, 0.88, 0.67, 0.58, 0.75, 1.0, 0.58, 0.79, 0.79, 1.0, 0.46, 1.0, 0.54, 1.0, 0.5, 0.5, 0.42, 0.58, 0.58, 0.75, 0.58, 1.0, 0.58, 0.42, 0.88, 0.58, 0.54, 0.75, 1.0, 0.54, 0.54, 1.0, 1.0, 0.58, 0.46, 0.5, 0.42, 1.0, 1.0, 0.75, 0.75, 1.0, 0.58, 0.46, 0.58, 0.67, 0.58, 1.0, 0.67, 0.42, 0.79, 0.42, 0.88, 1.0, 0.58, 0.67, 1.0, 0.67, 0.5, 1.0, 1.0, 0.58, 1.0, 0.58, 0.75, 0.46, 1.0, 0.75, 0.5, 1.0, 1.0, 0.5, 0.42, 1.0, 0.58, 0.58, 1.0, 0.79, 0.75, 0.75, 0.46, 1.0, 0.42, 0.46, 1.0, 0.42, 0.54, 0.75, 1.0, 0.54, 1.0, 0.58, 0.58, 0.5, 0.75, 0.88, 0.42, 0.54, 1.0, 1.0, 1.0, 0.58, 0.58]",107.19,"[5, 12, 20, 34, 35, 39, 58, 60, 64, 71, 74, 77, 78, 82, 83, 84, 91, 97, 99, 116, 120, 128, 130, 131, 133, 137, 144]","[0.07, 0.03, 0.03, 0.01, 0.1, 0.07, 0.03, 0.05, 0.0, 0.06, 0.03, 0.1, 0.07, 0.01, 0.07, 0.05, 0.04, 0.09, 0.01, 0.1, 0.07, 0.07, 0.01, 0.06, 0.03, 0.09, 0.01, 0.07, 0.03, 0.08, 0.07, 0.07, 0.0, 0.07, 0.07, 0.03, 0.02, 0.01, 0.09, 0.03, 0.01, 0.05, 0.04, 0.07, 0.03, 0.02, 0.03, 0.07, 0.01, 0.05, 0.07, 0.02, 0.04, 0.07, 0.03, 0.03, 0.0, 0.09, 0.03, 0.07, 0.01, 0.08, 0.08, 0.1, 0.07, 0.06, 0.03, 0.06, 0.03, 0.07, 0.1, 0.01, 0.07, 0.07, 0.03, 0.04, 0.07, 0.07, 0.0, 0.0, 0.05, 0.09, 0.09, 0.1, 0.0, 0.03, 0.02, 0.04, 0.03, 0.06, 0.09, 0.06, 0.05, 0.07, 0.01, 0.05, 0.1, 0.03, 0.1, 0.01, 0.0, 0.06, 0.05, 0.03, 0.05, 0.08, 0.03, 0.0, 0.06, 0.03, 0.06, 0.03, 0.09, 0.03, 0.04, 0.09, 0.01, 0.0, 0.08, 0.1, 0.01, 0.06, 0.07, 0.01, 0.03, 0.02, 0.04, 0.09, 0.0, 0.1, 0.09, 0.04, 0.1, 0.07, 0.04, 0.0, 0.07, 0.01, 0.05, 0.05, 0.08, 0.02, 0.01, 0.1, 0.07, 0.0, 0.0, 0.03, 0.05, 0.06]",0.040000000000000036,
6,Plurality,BTVA,150,4,"{'A': 47, 'B': 36, 'C': 35, 'D': 32}","[0.54, 1.0, 1.0, 0.75, 0.54, 0.58, 1.0, 0.5, 0.46, 0.67, 1.0, 0.75, 1.0, 0.58, 0.58, 0.58, 0.79, 1.0, 0.88, 0.79, 1.0, 0.79, 0.42, 0.58, 0.58, 1.0, 0.88, 1.0, 0.58, 1.0, 0.42, 1.0, 0.5, 0.75, 0.58, 1.0, 0.58, 0.58, 0.54, 0.88, 1.0, 0.88, 0.79, 0.75, 0.75, 0.75, 0.58, 0.75, 0.79, 0.5, 1.0, 1.0, 0.75, 0.75, 0.54, 1.0, 0.58, 0.5, 0.67, 0.58, 0.58, 1.0, 1.0, 1.0, 0.58, 1.0, 1.0, 0.58, 0.58, 0.75, 0.5, 1.0, 0.88, 1.0, 0.46, 0.46, 0.67, 0.42, 0.46, 0.42, 0.5, 1.0, 0.75, 0.58, 0.58, 0.54, 1.0, 0.46, 0.5, 0.58, 0.42, 0.58, 0.75, 0.67, 0.75, 0.88, 0.75, 0.58, 0.46, 0.46, 0.67, 0.58, 0.54, 0.54, 0.46, 0.58, 1.0, 1.0, 1.0, 0.58, 0.75, 1.0, 0.58, 0.42, 1.0, 0.42, 1.0, 0.67, 0.75, 0.58, 1.0, 1.0, 0.54, 0.58, 1.0, 0.5, 1.0, 1.0, 1.0, 1.0, 1.0, 0.67, 0.5, 0.54, 0.75, 1.0, 0.58, 1.0, 0.58, 1.0, 1.0, 0.75, 1.0, 1.0, 0.42, 0.67, 1.0, 0.5, 1.0, 0.54]",109.93,[],"[0.07, 0.0, 0.01, 0.04, 0.07, 0.06, 0.03, 0.08, 0.09, 0.05, 0.0, 0.02, 0.03, 0.06, 0.06, 0.06, 0.03, 0.03, 0.01, 0.03, 0.03, 0.03, 0.1, 0.07, 0.06, 0.0, 0.01, 0.01, 0.06, 0.03, 0.1, 0.01, 0.08, 0.03, 0.06, 0.03, 0.05, 0.05, 0.07, 0.01, 0.01, 0.01, 0.03, 0.03, 0.03, 0.02, 0.06, 0.03, 0.03, 0.08, 0.01, 0.04, 0.04, 0.03, 0.07, 0.03, 0.06, 0.09, 0.05, 0.06, 0.07, 0.01, 0.0, 0.03, 0.06, 0.01, 0.0, 0.07, 0.07, 0.02, 0.09, 0.03, 0.01, 0.01, 0.09, 0.09, 0.05, 0.1, 0.09, 0.1, 0.08, 0.01, 0.02, 0.07, 0.07, 0.07, 0.03, 0.09, 0.08, 0.06, 0.1, 0.05, 0.03, 0.05, 0.03, 0.01, 0.04, 0.05, 0.09, 0.09, 0.05, 0.07, 0.07, 0.07, 0.09, 0.05, 0.03, 0.03, 0.0, 0.06, 0.04, 0.03, 0.06, 0.1, 0.03, 0.1, 0.0, 0.05, 0.04, 0.06, 0.03, 0.01, 0.07, 0.07, 0.0, 0.08, 0.0, 0.0, 0.01, 0.0, 0.03, 0.05, 0.09, 0.07, 0.03, 0.03, 0.06, 0.01, 0.07, 0.03, 0.03, 0.03, 0.01, 0.0, 0.1, 0.05, 0.0, 0.08, 0.03, 0.07]",0,
7,Plurality,BTVA,150,4,"{'A': 49, 'B': 37, 'C': 32, 'D': 32}","[0.46, 1.0, 1.0, 1.0, 0.58, 1.0, 1.0, 0.58, 0.58, 0.58, 1.0, 0.42, 1.0, 0.58, 0.58, 0.46, 0.5, 1.0, 0.79, 0.75, 0.58, 0.46, 1.0, 0.54, 1.0, 0.75, 0.79, 0.58, 1.0, 1.0, 0.5, 0.5, 0.67, 0.5, 0.79, 1.0, 0.5, 0.54, 1.0, 0.67, 0.67, 0.58, 1.0, 1.0, 0.58, 0.75, 0.46, 0.75, 0.42, 0.58, 1.0, 1.0, 1.0, 0.67, 0.88, 0.58, 1.0, 1.0, 0.75, 0.46, 0.46, 0.79, 0.75, 0.79, 0.46, 0.58, 0.54, 0.46, 1.0, 1.0, 1.0, 0.46, 1.0, 1.0, 0.79, 0.5, 1.0, 1.0, 0.58, 0.58, 1.0, 0.75, 1.0, 0.42, 0.58, 0.58, 0.79, 0.58, 0.58, 0.58, 1.0, 0.75, 1.0, 0.58, 0.5, 1.0, 1.0, 0.58, 1.0, 1.0, 0.67, 0.5, 0.75, 0.75, 0.58, 1.0, 0.75, 1.0, 1.0, 0.46, 0.46, 0.58, 1.0, 1.0, 1.0, 0.58, 0.58, 0.58, 0.46, 1.0, 0.75, 0.46, 0.54, 0.54, 0.75, 1.0, 1.0, 0.75, 0.79, 0.67, 0.75, 0.58, 0.5, 0.79, 0.58, 0.58, 0.79, 0.79, 0.58, 0.75, 1.0, 0.46, 0.58, 0.88, 0.79, 1.0, 1.0, 0.5, 1.0, 0.5]",110.72,"[20, 26, 33, 40, 41, 54, 63, 101, 130, 140]","[0.09, 0.03, 0.03, 0.0, 0.06, 0.03, 0.04, 0.06, 0.07, 0.07, 0.03, 0.1, 0.0, 0.06, 0.06, 0.09, 0.09, 0.03, 0.03, 0.02, 0.06, 0.09, 0.03, 0.07, 0.0, 0.02, 0.03, 0.05, 0.01, 0.03, 0.08, 0.08, 0.05, 0.09, 0.03, 0.0, 0.08, 0.07, 0.03, 0.05, 0.05, 0.06, 0.03, 0.01, 0.05, 0.04, 0.09, 0.04, 0.1, 0.06, 0.01, 0.03, 0.0, 0.05, 0.01, 0.07, 0.03, 0.01, 0.03, 0.09, 0.09, 0.03, 0.02, 0.03, 0.09, 0.06, 0.07, 0.09, 0.01, 0.04, 0.03, 0.09, 0.0, 0.04, 0.03, 0.09, 0.04, 0.01, 0.06, 0.06, 0.01, 0.04, 0.01, 0.1, 0.05, 0.05, 0.03, 0.07, 0.07, 0.05, 0.0, 0.04, 0.04, 0.07, 0.08, 0.01, 0.03, 0.07, 0.03, 0.03, 0.05, 0.09, 0.04, 0.03, 0.07, 0.01, 0.04, 0.03, 0.03, 0.09, 0.09, 0.07, 0.01, 0.01, 0.01, 0.06, 0.06, 0.07, 0.09, 0.03, 0.04, 0.09, 0.07, 0.07, 0.03, 0.0, 0.03, 0.04, 0.03, 0.05, 0.03, 0.07, 0.09, 0.03, 0.07, 0.05, 0.03, 0.03, 0.05, 0.02, 0.03, 0.09, 0.06, 0.01, 0.03, 0.01, 0.03, 0.08, 0.04, 0.09]",0.13,
8,Plurality,BTVA,150,4,"{'B': 40, 'C': 40, 'A': 36, 'D': 34}","[0.58, 0.58, 0.75, 0.67, 0.54, 0.46, 0.58, 0.58, 1.0, 0.88, 0.54, 0.75, 0.88, 1.0, 0.67, 0.88, 0.75, 1.0, 0.88, 0.42, 0.58, 0.88, 0.88, 0.46, 0.5, 0.58, 0.42, 1.0, 0.75, 0.67, 0.46, 1.0, 0.5, 1.0, 1.0, 0.75, 0.75, 0.46, 1.0, 1.0, 0.79, 1.0, 0.54, 0.58, 1.0, 1.0, 0.5, 0.67, 1.0, 0.58, 0.58, 0.58, 0.67, 0.46, 1.0, 0.58, 0.75, 0.88, 0.75, 0.5, 0.46, 0.5, 0.67, 0.54, 0.46, 1.0, 0.75, 0.54, 0.75, 0.54, 1.0, 0.58, 0.88, 0.58, 0.5, 1.0, 0.58, 1.0, 0.88, 0.58, 0.58, 0.46, 0.79, 1.0, 0.88, 1.0, 0.58, 1.0, 0.88, 1.0, 0.5, 0.58, 0.5, 1.0, 0.58, 0.46, 0.75, 0.54, 1.0, 0.58, 0.58, 1.0, 0.58, 0.42, 0.54, 1.0, 1.0, 0.46, 0.67, 1.0, 0.58, 1.0, 0.58, 0.5, 1.0, 1.0, 1.0, 1.0, 1.0, 0.75, 1.0, 1.0, 0.75, 1.0, 0.67, 0.42, 0.88, 0.58, 0.58, 0.58, 0.88, 0.75, 0.75, 0.46, 0.42, 0.79, 0.67, 0.58, 0.5, 0.75, 0.75, 0.88, 0.58, 0.58, 0.58, 1.0, 0.88, 1.0, 1.0, 0.58]",109.39,"[5, 6, 20, 25, 27, 38, 43, 54, 60, 64, 65, 68, 70, 75, 82, 93, 96, 104, 114, 126, 135, 139]","[0.05, 0.07, 0.04, 0.05, 0.07, 0.09, 0.07, 0.07, 0.04, 0.01, 0.07, 0.03, 0.01, 0.04, 0.05, 0.01, 0.04, 0.01, 0.01, 0.1, 0.06, 0.01, 0.01, 0.09, 0.09, 0.06, 0.1, 0.03, 0.04, 0.05, 0.09, 0.03, 0.08, 0.03, 0.0, 0.04, 0.02, 0.09, 0.0, 0.04, 0.03, 0.0, 0.07, 0.07, 0.0, 0.03, 0.08, 0.05, 0.01, 0.07, 0.07, 0.07, 0.05, 0.09, 0.01, 0.07, 0.03, 0.01, 0.04, 0.09, 0.09, 0.08, 0.05, 0.07, 0.09, 0.04, 0.04, 0.07, 0.04, 0.07, 0.04, 0.05, 0.01, 0.07, 0.09, 0.01, 0.06, 0.01, 0.01, 0.05, 0.06, 0.09, 0.03, 0.01, 0.01, 0.03, 0.07, 0.03, 0.01, 0.01, 0.08, 0.07, 0.09, 0.03, 0.05, 0.09, 0.02, 0.07, 0.01, 0.06, 0.06, 0.0, 0.07, 0.1, 0.07, 0.0, 0.01, 0.09, 0.05, 0.01, 0.05, 0.0, 0.07, 0.09, 0.01, 0.01, 0.0, 0.0, 0.01, 0.04, 0.04, 0.01, 0.04, 0.01, 0.05, 0.1, 0.01, 0.06, 0.05, 0.07, 0.01, 0.03, 0.02, 0.09, 0.1, 0.03, 0.05, 0.05, 0.09, 0.02, 0.03, 0.01, 0.07, 0.06, 0.05, 0.0, 0.01, 0.03, 0.01, 0.06]",0.040000000000000036,
9,Plurality,BTVA,150,4,"{'C': 44, 'D': 39, 'A': 37, 'B': 30}","[0.5, 0.75, 1.0, 1.0, 0.75, 0.75, 0.58, 0.58, 0.46, 0.75, 1.0, 0.79, 0.79, 0.88, 0.42, 0.54, 1.0, 0.88, 1.0, 0.54, 1.0, 0.54, 0.46, 0.79, 1.0, 1.0, 0.58, 0.58, 0.58, 0.46, 0.88, 0.58, 1.0, 1.0, 0.79, 1.0, 1.0, 0.54, 1.0, 0.54, 0.88, 1.0, 0.58, 0.5, 0.75, 0.58, 0.46, 0.75, 1.0, 0.46, 0.58, 0.79, 0.58, 0.75, 0.88, 0.58, 0.54, 0.58, 0.75, 1.0, 0.67, 1.0, 0.5, 0.58, 0.75, 0.58, 0.46, 0.58, 0.88, 0.5, 0.75, 1.0, 0.58, 0.54, 1.0, 0.5, 0.5, 0.75, 0.58, 1.0, 0.58, 0.79, 1.0, 0.54, 0.58, 0.75, 0.79, 0.54, 1.0, 1.0, 0.75, 0.88, 0.58, 0.75, 0.75, 0.58, 1.0, 1.0, 1.0, 0.54, 0.58, 0.88, 1.0, 0.58, 0.46, 1.0, 0.42, 0.46, 1.0, 0.79, 0.79, 0.5, 0.54, 0.46, 1.0, 1.0, 0.58, 1.0, 0.5, 1.0, 0.75, 0.42, 0.67, 0.58, 0.46, 0.54, 1.0, 0.54, 0.75, 1.0, 1.0, 0.79, 0.79, 0.54, 1.0, 0.88, 1.0, 0.54, 0.46, 1.0, 1.0, 1.0, 1.0, 0.42, 1.0, 1.0, 0.5, 0.58, 0.58, 0.58]",110.27999999999999,[],"[0.09, 0.02, 0.01, 0.01, 0.03, 0.04, 0.06, 0.06, 0.09, 0.03, 0.0, 0.03, 0.03, 0.01, 0.1, 0.07, 0.03, 0.01, 0.0, 0.07, 0.03, 0.07, 0.09, 0.03, 0.0, 0.0, 0.07, 0.07, 0.06, 0.09, 0.01, 0.06, 0.01, 0.03, 0.03, 0.04, 0.01, 0.07, 0.01, 0.07, 0.01, 0.01, 0.06, 0.09, 0.02, 0.05, 0.09, 0.04, 0.01, 0.09, 0.07, 0.03, 0.07, 0.04, 0.01, 0.06, 0.07, 0.07, 0.04, 0.01, 0.05, 0.04, 0.08, 0.07, 0.04, 0.06, 0.09, 0.06, 0.01, 0.08, 0.04, 0.03, 0.06, 0.07, 0.04, 0.08, 0.08, 0.04, 0.06, 0.03, 0.05, 0.03, 0.04, 0.07, 0.07, 0.04, 0.03, 0.07, 0.04, 0.0, 0.04, 0.01, 0.06, 0.02, 0.04, 0.05, 0.03, 0.03, 0.03, 0.07, 0.07, 0.01, 0.04, 0.06, 0.09, 0.03, 0.1, 0.09, 0.0, 0.03, 0.03, 0.09, 0.07, 0.09, 0.04, 0.01, 0.06, 0.03, 0.09, 0.01, 0.04, 0.1, 0.05, 0.05, 0.09, 0.07, 0.0, 0.07, 0.03, 0.0, 0.0, 0.03, 0.03, 0.07, 0.04, 0.01, 0.04, 0.07, 0.09, 0.03, 0.01, 0.03, 0.01, 0.1, 0.01, 0.0, 0.08, 0.06, 0.07, 0.07]",0,
10,Plurality,ATVA_1,150,4,"{'B': 38, 'D': 38, 'A': 37, 'C': 37}","[0.54, 0.58, 0.42, 1.0, 0.58, 0.42, 0.54, 0.67, 0.46, 0.58, 1.0, 0.54, 0.58, 0.58, 0.88, 0.58, 0.75, 1.0, 0.42, 1.0, 0.58, 0.67, 1.0, 0.75, 0.5, 1.0, 0.54, 0.79, 0.75, 0.67, 0.67, 0.75, 0.58, 0.58, 0.5, 0.46, 0.46, 0.5, 0.58, 0.88, 1.0, 0.58, 0.67, 0.75, 0.5, 0.67, 0.46, 1.0, 0.58, 0.54, 0.58, 0.54, 0.75, 1.0, 0.58, 0.75, 0.75, 1.0, 1.0, 0.58, 0.54, 1.0, 1.0, 0.58, 0.5, 0.88, 0.58, 1.0, 0.75, 0.5, 0.75, 0.67, 0.75, 0.42, 1.0, 0.5, 0.58, 1.0, 1.0, 0.58, 0.58, 0.54, 0.58, 1.0, 0.58, 0.5, 0.67, 0.46, 0.46, 0.58, 0.75, 0.88, 1.0, 0.58, 0.58, 1.0, 1.0, 0.5, 0.58, 1.0, 0.58, 1.0, 0.75, 0.54, 1.0, 0.75, 1.0, 0.58, 0.42, 0.54, 0.88, 0.58, 1.0, 0.58, 0.67, 0.54, 0.5, 0.5, 0.5, 0.46, 0.46, 1.0, 0.58, 0.75, 1.0, 1.0, 0.58, 1.0, 1.0, 0.46, 0.58, 0.79, 0.58, 0.46, 1.0, 0.75, 1.0, 1.0, 0.58, 0.58, 0.79, 0.58, 0.58, 0.54, 1.0, 0.54, 1.0, 0.46, 1.0, 1.0]",105.02000000000001,"[1, 3, 6, 7, 9, 12, 19, 25, 27, 35, 36, 37, 38, 45, 47, 65, 70, 74, 76, 82, 86, 88, 89, 98, 109, 117, 118, 119, 120, 121, 130, 134, 144, 148]","[0.07, 0.07, 0.1, 0.03, 0.06, 0.1, 0.07, 0.05, 0.09, 0.06, 0.01, 0.07, 0.07, 0.05, 0.01, 0.05, 0.04, 0.03, 0.1, 0.01, 0.05, 0.05, 0.03, 0.03, 0.08, 0.01, 0.07, 0.03, 0.02, 0.05, 0.05, 0.02, 0.06, 0.06, 0.08, 0.09, 0.09, 0.09, 0.06, 0.01, 0.01, 0.06, 0.05, 0.03, 0.09, 0.05, 0.09, 0.04, 0.05, 0.07, 0.06, 0.07, 0.03, 0.01, 0.07, 0.02, 0.04, 0.04, 0.03, 0.06, 0.07, 0.03, 0.01, 0.06, 0.09, 0.01, 0.06, 0.04, 0.04, 0.09, 0.02, 0.05, 0.03, 0.1, 0.0, 0.09, 0.05, 0.03, 0.04, 0.07, 0.05, 0.07, 0.06, 0.04, 0.06, 0.08, 0.05, 0.09, 0.09, 0.07, 0.03, 0.01, 0.03, 0.05, 0.06, 0.03, 0.03, 0.09, 0.06, 0.01, 0.07, 0.04, 0.03, 0.07, 0.0, 0.02, 0.0, 0.05, 0.1, 0.07, 0.01, 0.07, 0.01, 0.06, 0.05, 0.07, 0.09, 0.09, 0.08, 0.09, 0.09, 0.0, 0.06, 0.04, 0.03, 0.03, 0.07, 0.01, 0.04, 0.09, 0.07, 0.03, 0.07, 0.09, 0.04, 0.04, 0.03, 0.01, 0.06, 0.07, 0.03, 0.07, 0.07, 0.07, 0.03, 0.07, 0.03, 0.09, 0.01, 0.01]",0.12000000000000005,"[(1, 86), (7, 17), (35, 88), (36, 53), (1, 104), (7, 35), (88, 109), (35, 115), (37, 134), (65, 116), (76, 116), (88, 118), (118, 131), (3, 141), (9, 72), (36, 89), (47, 89), (65, 134), (38, 117), (76, 134), (6, 57), (9, 90), (6, 66), (98, 140), (19, 103), (27, 116), (25, 43), (3, 6), (19, 121), (3, 15), (27, 134), (19, 130), (3, 24), (12, 91), (19, 139), (35, 65), (12, 109), (35, 74), (1, 81), (7, 12), (7, 21), (36, 57), (88, 95), (35, 101), (117, 140), (45, 133), (1, 108), (65, 111), (76, 111), (45, 142), (6, 34), (3, 136), (9, 67), (65, 120), (76, 120), (6, 43), (9, 76), (6, 52), (9, 85), (38, 121), (6, 61), (38, 130), (6, 70), (7, 124), (38, 139), (120, 148), (121, 146), (19, 98), (25, 38), (27, 120), (19, 116), (25, 47), (12, 77), (3, 19), (12, 86), (19, 134), (3, 28), (3, 37), (12, 104), (45, 110), (35, 87), (7, 16), (36, 52), (65, 88), (76, 88), (1, 94), (36, 61), (88, 90), (109, 131), (1, 103), (36, 70), (37, 124), (38, 89), (47, 70), (6, 29), (3, 131), (38, 98), (45, 146), (65, 106), (6, 38), (3, 140), (65, 115), (76, 115), (88, 117), (6, 47), (98, 121), (38, 116), (6, 56), (7, 110), (70, 148), (27, 88), (98, 130), (6, 65), (7, 119), (98, 139), (120, 130), (98, 148), (25, 33), (7, 146), (19, 111), (25, 42), (3, 5), (19, 120), (3, 14), (12, 81), (35, 46), (1, 53), (35, 64), (36, 38), (65, 74), (35, 82), (36, 47), (9, 30), (65, 83), (76, 83), (1, 89), (37, 110), (65, 92), (76, 92), (117, 121), (6, 15), (3, 117), (36, 65), (37, 119), (45, 132), (6, 24), (47, 65), (65, 110), (45, 141), (76, 110), (109, 144), (117, 148), (120, 144), (98, 116), (3, 144), (37, 146), (27, 74), (38, 111), (38, 120), (98, 134), (121, 136), (19, 88), (27, 110), (19, 106), (82, 144), (19, 115), (3, 9), (12, 94), (1, 57), (9, 25), (45, 109), (3, 103), (38, 70), (45, 118), (47, 51), (65, 87), (76, 87), (9, 43), (45, 127), (88, 89), (6, 19), (3, 121), (38, 88), (88, 98), (109, 130), (6, 28), (3, 130), (109, 139), (118, 146), (109, 148), (6, 37), (3, 139), (7, 91), (27, 69), (38, 106), (6, 46), (19, 65), (36, 136), (98, 111), (98, 120), (7, 109), (19, 74), (109, 136), (19, 83), (82, 121), (12, 44), (19, 92), (82, 130), (12, 53), (6, 131), (82, 148), (6, 140), (35, 36), (35, 45), (1, 52), (1, 61), (25, 117), (37, 82), (74, 131), (36, 37), (37, 91), (45, 104), (74, 140), (3, 98), (38, 65), (117, 120), (86, 114), (25, 144), (37, 109), (9, 38), (38, 74), (86, 123), (6, 14), (3, 116), (9, 47), (37, 118), (38, 83), (7, 77), (89, 119), (38, 92), (109, 134), (120, 134), (6, 32), (3, 134), (7, 86), (98, 106), (120, 143), (70, 133), (19, 60), (98, 115), (27, 73), (7, 104), (19, 69), (70, 142), (27, 82), (117, 118), (98, 133), (82, 116), (27, 91), (19, 87), (6, 117), (82, 134), (12, 57), (6, 144), (45, 72), (1, 47), (120, 123), (25, 112), (37, 77), (25, 121), (37, 86), (45, 99), (25, 130), (38, 60), (74, 144), (86, 109), (109, 111), (37, 104), (9, 33), (86, 118), (6, 9), (3, 111), (89, 114), (109, 120), (35, 143), (70, 110), (3, 120), (38, 87), (27, 50), (89, 123), (7, 81), (19, 46), (36, 117), (98, 110), (19, 55), (27, 77), (12, 25), (19, 73), (36, 144), (47, 144), (70, 146), (19, 82), (82, 120), (6, 121), (12, 52), (6, 130), (12, 61), (1, 24), (6, 139), (25, 89), (6, 148), (25, 98), (45, 76), (3, 70), (74, 121), (37, 81), (9, 10), (38, 46), (74, 130), (86, 95), (3, 88), (9, 19), (38, 55), (65, 72), (74, 139), (74, 148), (109, 115), (3, 106), (89, 109), (27, 36), (109, 124), (6, 13), (19, 32), (89, 118), (47, 112), (36, 121), (19, 50), (47, 121), (82, 88), (7, 94), (36, 130), (47, 130), (70, 132), (70, 141), (134, 144), (6, 98), (36, 148), (47, 148), (6, 116), (12, 47), (1, 19), (6, 134), (1, 37), (45, 71), (117, 130), (3, 65), (45, 80), (74, 116), (3, 74), (37, 76), (45, 89), (86, 90), (3, 83), (38, 50), (74, 134), (7, 44), (3, 92), (37, 94), (89, 95), (109, 110), (7, 53), (130, 148), (118, 140), (86, 117), (36, 98), (19, 27), (47, 98), (70, 109), (19, 36), (27, 49), (119, 123), (36, 116), (19, 45), (70, 118), (70, 127), (36, 134), (9, 117), (47, 134), (12, 24), (82, 110), (134, 148), (6, 111), (9, 144), (6, 120), (1, 14), (25, 70), (19, 148), (37, 44), (25, 88), (37, 53), (45, 66), (3, 60), (74, 111), (3, 69), (12, 136), (74, 120), (38, 45), (3, 87), (89, 90), (35, 119), (86, 112), (7, 57), (19, 22), (27, 35), (88, 123), (70, 104), (19, 31), (89, 117), (27, 44), (1, 144), (19, 40), (27, 53), (36, 120), (19, 49), (47, 120), (9, 112), (38, 148), (6, 88), (12, 19), (9, 121), (9, 130), (6, 106), (12, 37), (6, 115), (1, 9), (25, 65), (25, 74), (45, 52), (74, 88), (3, 46), (45, 61), (3, 55), (37, 57), (45, 70), (74, 106), (74, 115), (7, 25), (3, 73), (38, 40), (74, 124), (86, 89), (70, 72), (3, 82), (118, 121), (35, 114), (86, 98), (118, 130), (1, 121), (7, 52), (35, 123), (36, 88), (47, 88), (1, 130), (7, 61), (65, 133), (70, 99), (76, 133), (118, 139), (65, 142), (9, 89), (19, 35), (76, 142), (1, 148), (47, 115), (9, 98), (19, 44), (38, 134), (6, 74), (109, 142), (82, 91), (6, 83), (12, 14), (6, 92), (27, 124), (25, 51), (6, 110), (3, 32), (45, 47), (74, 83), (12, 108), (45, 56), (25, 87), (3, 50), (37, 52), (74, 92), (37, 61), (74, 110), (12, 144), (35, 109), (36, 74), (47, 74), (70, 76), (88, 112), (1, 116), (7, 47), (35, 118), (88, 121), (89, 98), (118, 134), (88, 130), (19, 21), (1, 134), (47, 101), (19, 30), (6, 60), (36, 110), (65, 146), (76, 146), (88, 148), (6, 69), (6, 87), (25, 37), (27, 119), (25, 46), (19, 124), (144, 146), (19, 133), (25, 64), (3, 27), (27, 146), (19, 142), (3, 36), (37, 38), (12, 103), (74, 87), (3, 45), (37, 47), (12, 121), (35, 86), (12, 130), (35, 95), (7, 24), (36, 69), (70, 71), (118, 120), (70, 80), (1, 120), (47, 87), (9, 70), (70, 89), (3, 148), (19, 25), (38, 115), (65, 132), (6, 55), (65, 141), (9, 88), (76, 132), (76, 141), (88, 134), (88, 143), (38, 133), (6, 73), (38, 142), (6, 82), (7, 136), (6, 91), (19, 110), (19, 119), (3, 13), (3, 22), (12, 89), (3, 31), (74, 82), (19, 146), (3, 40), (74, 91), (35, 72), (3, 49), (12, 116), (1, 88), (7, 19), (35, 90), (47, 64), (45, 131), (7, 37), (36, 73), (45, 140), (65, 109), (76, 109), (36, 82), (9, 65), (37, 136), (47, 82), (65, 118), (65, 127), (9, 74), (38, 110), (76, 118), (6, 50), (76, 127), (118, 133), (76, 106), (98, 142), (121, 144), (6, 77), (25, 27), (27, 109), (38, 146), (25, 36), (25, 45), (3, 8), (3, 17), (27, 136), (19, 132), (74, 77), (19, 141), (3, 35), (35, 67), (3, 44), (1, 74), (35, 76), (117, 134), (12, 120), (35, 85), (7, 14), (36, 50), (45, 117), (25, 148), (117, 133), (9, 42), (65, 104), (9, 51), (76, 104), (117, 142), (1, 110), (6, 27), (36, 77), (88, 115), (6, 36), (6, 45), (65, 131), (76, 131), (7, 108), (121, 130), (27, 86), (38, 132), (98, 146), (19, 91), (121, 148), (27, 104), (25, 31), (7, 144), (19, 109), (19, 118), (3, 12), (19, 127), (3, 21), (12, 88), (3, 30), (109, 116), (1, 69), (25, 134), (7, 9), (36, 45), (25, 143), (35, 89), (9, 37), (37, 108), (45, 121), (3, 115), (9, 46), (37, 117), (45, 130), (6, 22), (3, 124), (47, 72), (45, 139), (65, 99), (6, 31), (3, 133), (9, 64), (45, 148), (65, 117), (6, 40), (3, 142), (37, 144), (38, 109), (76, 117), (6, 49), (7, 103), (38, 118), (27, 81), (120, 121), (98, 132), (19, 77), (38, 127), (121, 134), (7, 121), (19, 86), (82, 124), (98, 141), (7, 130), (27, 108), (19, 104), (25, 35), (3, 7), (12, 74), (3, 16), (3, 25), (25, 120), (45, 98), (1, 73), (65, 76), (1, 82), (36, 49), (37, 103), (45, 116), (109, 119), (1, 91), (3, 110), (6, 8), (117, 132), (6, 17), (3, 119), (37, 121), (45, 134), (117, 141), (37, 130), (86, 144), (6, 35), (7, 89), (38, 104), (98, 109), (109, 146), (6, 44), (3, 146), (98, 118), (117, 146), (47, 143), (19, 72), (98, 127), (7, 116), (19, 81), (82, 119), (27, 94), (27, 103), (19, 99), (19, 108), (82, 146), (12, 69), (35, 43), (1, 50), (76, 99), (25, 115), (35, 70), (37, 89), (65, 71), (1, 77), (36, 44), (9, 27), (37, 98), (45, 111), (65, 80), (65, 89), (9, 36), (38, 72), (45, 120), (6, 12), (37, 116), (9, 45), (65, 98), (76, 89), (6, 21), (76, 98), (86, 121), (86, 130), (109, 132), (6, 30), (3, 132), (38, 99), (98, 104), (86, 148), (6, 39), (70, 131), (89, 144), (109, 141), (70, 140), (121, 124), (117, 127), (98, 131), (19, 76), (27, 89), (7, 120), (9, 148), (19, 94), (6, 124), (6, 133), (1, 27), (6, 142), (12, 73), (1, 36), (35, 38), (12, 82), (25, 101), (35, 47), (76, 80), (45, 88), (25, 119), (65, 66), (74, 133), (3, 91), (9, 22), (45, 106), (74, 142), (9, 31), (45, 115), (109, 118), (6, 7), (3, 109), (38, 76), (89, 112), (109, 127), (6, 16), (3, 118), (37, 120), (89, 121), (86, 134), (6, 25), (3, 127), (70, 117), (27, 57), (86, 143), (7, 88), (19, 53), (36, 124), (89, 130), (98, 99), (98, 117), (89, 148), (19, 71), (82, 109), (9, 134), (19, 80), (9, 143), (19, 89), (6, 119), (12, 50), (82, 136), (6, 146), (45, 65), (35, 42), (45, 74), (1, 49), (35, 51), (37, 70), (45, 83), (74, 119), (25, 114), (3, 77), (45, 92), (25, 123), (3, 86), (37, 88), (65, 70), (74, 146), (3, 104), (9, 35), (38, 71), (86, 120), (38, 80), (7, 74), (19, 39), (27, 52), (36, 119), (47, 119), (70, 121), (27, 61), (82, 86), (70, 130), (19, 57), (89, 134), (89, 143), (119, 144), (70, 139), (9, 120), (19, 66), (82, 104), (12, 27), (36, 146), (12, 36), (1, 17), (6, 132), (88, 120), (25, 82), (118, 148), (6, 141), (45, 60), (1, 35), (35, 37), (109, 140), (1, 44), (37, 65), (117, 139), (25, 109), (3, 72), (37, 74), (38, 39), (45, 87), (25, 118), (3, 81), (9, 12), (12, 148), (74, 132), (86, 88), (74, 141), (3, 99), (38, 66), (86, 115), (70, 98), (3, 108), (109, 117), (7, 69), (19, 34), (89, 120), (27, 47), (119, 121), (47, 114), (19, 43), (70, 116), (119, 130), (47, 123), (19, 52), (70, 134), (9, 115), (19, 61), (119, 148), (19, 70), (82, 108), (134, 146), (6, 109), (1, 3), (6, 118), (12, 49), (1, 12), (6, 127), (45, 46), (1, 21), (6, 136), (45, 55), (25, 86), (88, 101), (109, 121), (25, 95), (74, 109), (37, 69), (12, 134), (74, 118), (3, 76), (38, 43), (74, 127), (38, 52), (74, 136), (35, 117), (86, 101), (3, 94), (38, 61), (1, 124), (36, 91), (118, 142), (130, 144), (86, 119), (19, 29), (89, 115), (35, 144), (7, 73), (19, 38), (36, 109), (47, 109), (70, 111), (7, 82), (9, 101), (19, 47), (36, 118), (47, 118), (70, 120), (19, 56), (82, 94), (119, 134), (6, 86), (12, 17), (9, 119), (82, 103), (119, 143), (6, 104), (12, 35), (1, 7), (1, 16), (25, 72), (45, 50), (74, 86), (1, 25), (25, 90), (3, 53), (74, 104), (3, 71), (37, 73), (86, 87), (3, 80), (38, 47), (35, 112), (3, 89), (38, 56), (1, 119), (7, 50), (35, 121), (36, 86), (47, 86), (35, 130), (47, 95), (19, 24), (70, 88), (27, 37), (89, 101), (36, 104), (9, 87), (65, 140), (70, 106), (1, 146), (35, 148), (70, 115), (76, 140), (119, 120), (6, 72), (38, 141), (82, 89), (6, 81), (9, 114), (134, 136), (12, 21), (9, 123), (6, 99), (6, 108), (19, 136), (25, 67), (74, 81), (25, 76), (3, 39), (25, 85), (37, 50), (74, 99), (3, 57), (12, 124), (74, 108), (3, 66), (74, 117), (35, 98), (7, 27), (37, 49), (7, 36), (70, 74), (36, 81), (70, 83), (88, 119), (118, 132), (130, 134), (47, 90), (70, 92), (118, 141), (130, 143), (35, 134), (9, 82), (19, 28), (109, 133), (36, 108), (19, 37), (47, 117), (6, 76), (9, 109), (12, 16), (9, 118), (117, 131), (6, 94), (7, 148), (6, 103), (19, 131), (1, 6), (27, 144), (74, 76), (19, 140), (3, 34), (3, 43), (37, 45), (12, 110), (74, 94), (3, 52), (12, 119), (74, 103), (3, 61), (47, 67), (12, 146), (1, 109), (36, 76), (47, 76), (88, 114), (118, 127), (35, 120), (7, 49), (47, 85), (65, 121), (70, 87), (76, 121), (36, 94), (37, 148), (65, 130), (76, 130), (1, 136), (6, 53), (9, 86), (36, 103), (65, 139), (76, 139), (65, 148), (9, 95), (38, 131), (76, 148), (6, 71), (38, 140), (6, 80), (7, 134), (25, 30), (6, 89), (27, 121), (19, 117), (27, 130), (88, 144), (144, 148), (3, 29), (27, 148), (74, 80), (19, 144), (3, 38), (74, 89), (3, 47), (74, 98), (3, 56)]"
11,Plurality,ATVA_1,150,4,"{'B': 39, 'A': 37, 'C': 37, 'D': 37}","[0.58, 0.5, 1.0, 1.0, 1.0, 0.58, 0.75, 1.0, 0.54, 0.46, 0.58, 0.58, 0.58, 1.0, 0.42, 0.58, 0.5, 0.58, 0.54, 1.0, 0.58, 0.54, 0.46, 0.54, 0.46, 0.46, 0.75, 0.46, 0.88, 0.5, 1.0, 0.58, 0.58, 0.5, 0.58, 0.75, 0.58, 0.79, 0.54, 0.58, 0.67, 0.67, 0.58, 0.46, 1.0, 1.0, 1.0, 0.58, 0.58, 0.58, 0.46, 0.58, 0.58, 0.5, 0.79, 0.58, 0.46, 1.0, 0.5, 1.0, 0.75, 1.0, 0.88, 0.5, 0.67, 0.54, 1.0, 1.0, 0.42, 0.58, 1.0, 0.88, 0.58, 0.58, 0.79, 1.0, 1.0, 0.58, 0.58, 0.67, 0.58, 1.0, 0.54, 0.58, 0.42, 0.58, 1.0, 0.58, 0.67, 1.0, 0.5, 0.67, 0.46, 0.58, 0.46, 0.58, 0.46, 1.0, 1.0, 0.5, 0.54, 0.67, 0.75, 0.42, 0.79, 0.58, 0.42, 0.58, 1.0, 0.58, 0.58, 1.0, 0.58, 1.0, 1.0, 1.0, 0.58, 0.88, 0.54, 0.75, 1.0, 1.0, 0.67, 1.0, 0.79, 0.58, 1.0, 1.0, 0.58, 0.54, 1.0, 0.58, 1.0, 0.58, 1.0, 1.0, 0.46, 0.75, 1.0, 0.46, 0.5, 0.54, 0.58, 1.0, 0.54, 0.79, 0.54, 0.58, 0.58, 0.58]",104.07,"[9, 10, 15, 17, 23, 24, 25, 26, 28, 39, 44, 51, 57, 59, 64, 69, 85, 91, 93, 95, 97, 100, 104, 107, 119, 137, 140, 141]","[0.07, 0.09, 0.01, 0.01, 0.03, 0.06, 0.02, 0.04, 0.07, 0.09, 0.05, 0.07, 0.05, 0.0, 0.1, 0.06, 0.08, 0.07, 0.07, 0.04, 0.07, 0.07, 0.09, 0.07, 0.09, 0.09, 0.03, 0.09, 0.01, 0.09, 0.03, 0.07, 0.07, 0.09, 0.07, 0.03, 0.07, 0.03, 0.07, 0.07, 0.05, 0.05, 0.07, 0.09, 0.01, 0.03, 0.04, 0.06, 0.07, 0.06, 0.09, 0.06, 0.06, 0.09, 0.03, 0.07, 0.09, 0.03, 0.08, 0.03, 0.03, 0.04, 0.01, 0.08, 0.05, 0.07, 0.0, 0.01, 0.1, 0.06, 0.01, 0.01, 0.07, 0.07, 0.03, 0.01, 0.01, 0.07, 0.05, 0.05, 0.05, 0.03, 0.07, 0.07, 0.1, 0.07, 0.0, 0.07, 0.05, 0.03, 0.08, 0.05, 0.09, 0.06, 0.09, 0.06, 0.09, 0.03, 0.04, 0.08, 0.07, 0.05, 0.02, 0.1, 0.03, 0.07, 0.1, 0.05, 0.04, 0.07, 0.06, 0.01, 0.07, 0.01, 0.01, 0.03, 0.05, 0.01, 0.07, 0.04, 0.01, 0.03, 0.05, 0.0, 0.03, 0.06, 0.0, 0.04, 0.05, 0.07, 0.03, 0.07, 0.03, 0.06, 0.03, 0.04, 0.09, 0.04, 0.01, 0.09, 0.08, 0.07, 0.07, 0.0, 0.07, 0.03, 0.07, 0.06, 0.06, 0.05]",0.11999999999999994,"[(23, 123), (137, 145), (23, 132), (24, 97), (59, 64), (95, 148), (15, 39), (26, 39), (59, 73), (17, 85), (28, 85), (9, 81), (17, 94), (28, 94), (69, 95), (100, 110), (69, 104), (57, 148), (15, 142), (26, 142), (25, 34), (39, 81), (10, 54), (25, 52), (91, 137), (51, 64), (39, 108), (23, 91), (51, 73), (95, 107), (39, 117), (23, 100), (51, 91), (51, 100), (24, 83), (64, 119), (44, 150), (15, 25), (17, 44), (95, 134), (95, 143), (107, 108), (24, 101), (64, 137), (107, 117), (57, 107), (17, 80), (28, 80), (69, 81), (28, 89), (9, 85), (15, 119), (26, 119), (57, 134), (140, 141), (69, 108), (15, 137), (26, 137), (69, 117), (10, 40), (39, 85), (44, 51), (91, 123), (91, 132), (51, 59), (91, 141), (95, 102), (23, 95), (95, 111), (23, 104), (24, 69), (10, 143), (44, 145), (17, 39), (25, 141), (28, 39), (64, 123), (64, 132), (9, 44), (17, 57), (28, 57), (57, 93), (64, 141), (57, 102), (57, 111), (69, 85), (59, 148), (10, 17), (10, 26), (91, 100), (15, 141), (26, 141), (10, 35), (25, 33), (10, 44), (25, 42), (51, 54), (95, 97), (24, 64), (64, 100), (17, 25), (44, 140), (17, 34), (28, 34), (9, 39), (17, 52), (28, 52), (57, 88), (57, 97), (9, 57), (15, 91), (9, 66), (15, 100), (26, 100), (59, 143), (10, 21), (39, 57), (91, 95), (10, 30), (39, 66), (91, 104), (25, 28), (10, 39), (104, 150), (23, 85), (44, 117), (23, 94), (24, 59), (64, 95), (95, 110), (64, 104), (93, 140), (9, 25), (85, 145), (25, 140), (17, 56), (28, 56), (57, 92), (97, 137), (9, 61), (15, 95), (26, 95), (57, 110), (15, 104), (26, 104), (17, 141), (10, 16), (28, 141), (10, 25), (39, 61), (39, 79), (24, 27), (104, 145), (24, 36), (23, 80), (10, 110), (95, 96), (23, 89), (10, 119), (9, 11), (44, 130), (17, 24), (10, 137), (85, 140), (17, 33), (28, 33), (57, 69), (17, 42), (28, 42), (97, 123), (15, 81), (26, 81), (57, 96), (97, 132), (97, 141), (69, 79), (15, 108), (26, 108), (119, 147), (91, 94), (23, 39), (9, 141), (9, 150), (23, 57), (104, 140), (25, 94), (44, 107), (64, 85), (64, 94), (93, 130), (10, 123), (9, 15), (10, 132), (17, 28), (57, 64), (9, 24), (10, 141), (57, 73), (57, 91), (59, 110), (15, 85), (26, 85), (59, 119), (119, 142), (59, 137), (23, 25), (17, 140), (28, 140), (23, 34), (39, 51), (9, 145), (23, 52), (24, 26), (10, 91), (44, 93), (25, 89), (10, 100), (24, 44), (64, 80), (39, 145), (25, 107), (64, 89), (44, 120), (9, 10), (85, 130), (17, 23), (57, 59), (9, 19), (51, 137), (97, 104), (9, 28), (24, 129), (59, 96), (24, 138), (24, 147), (59, 123), (119, 137), (59, 132), (69, 145), (91, 93), (9, 140), (44, 79), (23, 56), (104, 130), (10, 95), (44, 97), (25, 93), (10, 104), (39, 140), (85, 107), (25, 102), (93, 120), (25, 111), (93, 129), (23, 141), (51, 123), (93, 138), (51, 132), (15, 57), (26, 57), (51, 141), (59, 91), (15, 66), (26, 66), (107, 140), (59, 100), (24, 142), (100, 119), (9, 108), (119, 141), (9, 117), (100, 137), (119, 150), (23, 24), (69, 140), (23, 33), (104, 107), (23, 42), (44, 83), (24, 25), (93, 97), (85, 93), (25, 88), (44, 101), (137, 140), (25, 97), (85, 120), (85, 129), (24, 119), (15, 61), (26, 61), (59, 95), (17, 89), (24, 137), (59, 104), (17, 107), (28, 107), (57, 143), (100, 123), (100, 132), (119, 145), (100, 141), (28, 134), (23, 28), (9, 130), (25, 56), (44, 69), (104, 120), (25, 65), (104, 129), (10, 85), (64, 65), (93, 101), (10, 94), (39, 130), (51, 95), (25, 92), (85, 97), (51, 104), (93, 119), (23, 140), (107, 130), (17, 93), (24, 141), (28, 93), (17, 102), (28, 102), (17, 111), (28, 111), (9, 107), (119, 140), (15, 150), (26, 150), (69, 130), (25, 51), (44, 64), (39, 107), (25, 69), (10, 80), (10, 89), (85, 101), (15, 24), (24, 91), (24, 100), (15, 51), (26, 51), (59, 85), (59, 94), (17, 88), (28, 88), (100, 104), (17, 97), (28, 97), (9, 93), (69, 107), (15, 145), (26, 145), (10, 57), (39, 93), (44, 59), (91, 140), (25, 64), (25, 73), (39, 120), (51, 85), (93, 100), (95, 119), (39, 129), (51, 94), (15, 19), (95, 137), (15, 28), (26, 28), (24, 95), (24, 104), (64, 140), (107, 120), (17, 65), (28, 65), (59, 80), (107, 129), (59, 89), (107, 138), (57, 119), (9, 79), (17, 92), (28, 92), (69, 93), (57, 137), (9, 97), (15, 140), (26, 140), (10, 34), (69, 120), (25, 32), (69, 129), (25, 41), (10, 52), (25, 50), (39, 97), (25, 59), (51, 80), (23, 107), (51, 89), (85, 91), (95, 123), (137, 138), (24, 81), (95, 132), (15, 23), (95, 141), (17, 51), (23, 134), (28, 51), (24, 108), (17, 69), (28, 69), (57, 123), (9, 83), (15, 117), (26, 117), (57, 132), (69, 97), (140, 148), (57, 141), (39, 83), (10, 56), (51, 57), (25, 54), (39, 101), (95, 100), (91, 148), (23, 93), (23, 102), (23, 111), (51, 93), (24, 85), (25, 148), (9, 51), (107, 119), (17, 64), (28, 64), (57, 100), (64, 148), (17, 73), (28, 73), (9, 69), (69, 83), (140, 143), (10, 15), (69, 101), (15, 130), (26, 130), (10, 24), (10, 33), (39, 69), (91, 107), (10, 42), (25, 40), (10, 51), (51, 52), (91, 134), (91, 143), (23, 88), (95, 104), (23, 97), (44, 129), (64, 107), (44, 138), (17, 32), (25, 134), (28, 32), (44, 147), (17, 41), (25, 143), (28, 41), (17, 50), (28, 50), (64, 134), (17, 59), (28, 59), (57, 95), (64, 143), (57, 104), (97, 140), (9, 64), (15, 107), (26, 107), (59, 141), (10, 28), (39, 64), (91, 102), (25, 26), (91, 111), (25, 35), (23, 65), (39, 91), (51, 56), (24, 39), (51, 65), (23, 92), (24, 57), (64, 93), (17, 18), (24, 66), (64, 102), (64, 111), (93, 147), (9, 23), (10, 140), (44, 142), (17, 54), (28, 54), (9, 59), (15, 93), (26, 93), (69, 91), (15, 120), (26, 120), (26, 129), (17, 148), (10, 23), (28, 148), (39, 59), (91, 97), (10, 32), (23, 51), (23, 69), (64, 88), (44, 119), (24, 61), (64, 97), (93, 142), (44, 137), (85, 138), (9, 27), (85, 147), (17, 40), (28, 40), (9, 36), (57, 85), (15, 79), (26, 79), (57, 94), (15, 97), (26, 97), (97, 148), (59, 140), (17, 134), (17, 143), (10, 18), (28, 143), (91, 92), (91, 110), (91, 119), (23, 64), (104, 138), (23, 73), (104, 147), (25, 110), (64, 92), (25, 119), (93, 137), (9, 13), (17, 26), (64, 110), (9, 22), (44, 141), (17, 35), (25, 137), (28, 35), (10, 148), (51, 140), (28, 44), (57, 80), (85, 142), (97, 107), (57, 89), (15, 83), (26, 83), (24, 150), (97, 134), (97, 143), (15, 101), (26, 101), (23, 32), (91, 96), (23, 41), (23, 50), (23, 59), (44, 91), (104, 142), (64, 69), (44, 100), (25, 96), (10, 107), (24, 51), (85, 119), (64, 96), (17, 21), (25, 123), (93, 141), (9, 17), (10, 134), (17, 30), (25, 132), (28, 30), (9, 26), (85, 137), (93, 150), (97, 102), (97, 111), (15, 69), (26, 69), (24, 145), (9, 120), (100, 140), (39, 44), (9, 129), (9, 138), (104, 119), (9, 147), (23, 54), (104, 137), (24, 28), (10, 93), (44, 95), (25, 91), (64, 73), (10, 102), (39, 138), (44, 104), (25, 100), (10, 111), (39, 147), (64, 91), (23, 148), (93, 145), (85, 141), (15, 64), (26, 64), (51, 148), (85, 150), (107, 147), (24, 140), (59, 107), (26, 91), (17, 110), (28, 110), (119, 130), (17, 119), (28, 119), (59, 134), (17, 137), (28, 137), (69, 138), (69, 147), (23, 40), (9, 142), (44, 81), (93, 95), (10, 88), (104, 141), (93, 104), (10, 97), (85, 100), (25, 95), (39, 142), (44, 108), (51, 107), (25, 104), (137, 147), (23, 143), (51, 134), (24, 117), (57, 65), (15, 59), (26, 59), (51, 143), (59, 93), (97, 110), (107, 142), (97, 119), (59, 102), (17, 96), (28, 96), (59, 111), (9, 101), (17, 123), (28, 123), (9, 119), (17, 132), (28, 132), (23, 26), (100, 148), (69, 142), (23, 35), (9, 137), (10, 65), (23, 44), (39, 119), (44, 85), (10, 92), (85, 95), (93, 108), (39, 137), (51, 102), (85, 104), (93, 117), (137, 142), (15, 27), (26, 27), (51, 111), (15, 36), (26, 36), (59, 88), (107, 137), (24, 130), (59, 97), (17, 91), (28, 91), (100, 107), (17, 100), (28, 100), (119, 120), (119, 129), (119, 138), (69, 119), (100, 134), (100, 143), (69, 137), (23, 30), (10, 69), (51, 88), (25, 85), (10, 96), (51, 97), (15, 22), (39, 141), (85, 108), (95, 140), (39, 150), (85, 117), (59, 65), (24, 107), (97, 100), (59, 92), (107, 141), (100, 102), (107, 150), (17, 95), (28, 95), (9, 91), (100, 111), (17, 104), (28, 104), (57, 140), (9, 100), (25, 44), (141, 148), (44, 57), (69, 141), (104, 108), (10, 64), (39, 100), (44, 66), (69, 150), (104, 117), (10, 73), (25, 80), (23, 110), (51, 92), (93, 107), (15, 17), (23, 119), (137, 141), (15, 26), (51, 110), (24, 93), (137, 150), (23, 137), (51, 119), (59, 69), (15, 44), (26, 44), (24, 120), (107, 145), (69, 100), (9, 95), (15, 129), (9, 104), (15, 138), (26, 138), (15, 147), (25, 30), (10, 41), (26, 147), (25, 39), (141, 143), (10, 50), (10, 59), (39, 95), (44, 61), (25, 57), (39, 104), (51, 69), (23, 96), (51, 96), (24, 79)]"
12,Plurality,ATVA_1,150,4,"{'D': 47, 'B': 35, 'A': 34, 'C': 34}","[0.58, 0.75, 0.79, 0.54, 1.0, 0.75, 0.46, 0.42, 1.0, 1.0, 0.54, 0.5, 0.75, 0.5, 0.58, 0.88, 0.58, 0.79, 0.58, 0.46, 0.46, 1.0, 1.0, 1.0, 0.54, 0.5, 0.58, 0.75, 0.79, 0.75, 0.75, 1.0, 0.75, 1.0, 0.75, 0.42, 1.0, 0.58, 0.54, 1.0, 1.0, 0.5, 0.58, 1.0, 0.58, 1.0, 0.46, 0.75, 0.58, 0.58, 0.54, 0.54, 1.0, 0.75, 0.67, 0.75, 1.0, 0.54, 1.0, 1.0, 1.0, 0.75, 0.75, 1.0, 1.0, 0.79, 1.0, 1.0, 0.79, 1.0, 1.0, 1.0, 0.5, 1.0, 1.0, 0.88, 0.54, 0.46, 0.58, 0.58, 0.75, 0.5, 0.58, 0.75, 0.75, 0.46, 1.0, 0.88, 0.46, 0.79, 1.0, 1.0, 0.67, 0.58, 0.67, 1.0, 0.58, 1.0, 0.54, 0.5, 0.46, 0.75, 0.46, 1.0, 0.58, 0.79, 0.58, 0.67, 0.79, 0.79, 1.0, 1.0, 1.0, 0.5, 0.58, 1.0, 1.0, 1.0, 1.0, 0.88, 0.79, 0.75, 0.79, 1.0, 0.54, 1.0, 0.54, 1.0, 0.54, 0.5, 1.0, 0.75, 0.58, 0.42, 0.5, 1.0, 0.79, 1.0, 0.75, 0.75, 0.42, 1.0, 0.75, 0.5, 0.79, 0.5, 0.54, 0.5, 0.5, 0.46]",111.29,"[7, 8, 25, 36, 39, 51, 52, 58, 77, 89, 99, 101, 103, 127, 129, 134, 141, 150]","[0.06, 0.03, 0.03, 0.07, 0.01, 0.04, 0.09, 0.1, 0.04, 0.01, 0.07, 0.09, 0.04, 0.09, 0.06, 0.01, 0.07, 0.03, 0.06, 0.09, 0.09, 0.0, 0.01, 0.01, 0.07, 0.08, 0.06, 0.04, 0.03, 0.02, 0.02, 0.03, 0.02, 0.01, 0.02, 0.1, 0.0, 0.05, 0.07, 0.03, 0.0, 0.09, 0.06, 0.0, 0.06, 0.01, 0.09, 0.03, 0.06, 0.05, 0.07, 0.07, 0.03, 0.04, 0.05, 0.02, 0.03, 0.07, 0.03, 0.0, 0.01, 0.02, 0.03, 0.03, 0.03, 0.03, 0.04, 0.0, 0.03, 0.01, 0.03, 0.01, 0.08, 0.03, 0.01, 0.01, 0.07, 0.09, 0.07, 0.07, 0.03, 0.09, 0.05, 0.04, 0.04, 0.09, 0.03, 0.01, 0.09, 0.03, 0.0, 0.01, 0.05, 0.06, 0.05, 0.0, 0.07, 0.01, 0.07, 0.08, 0.09, 0.04, 0.09, 0.04, 0.07, 0.03, 0.06, 0.05, 0.03, 0.03, 0.01, 0.04, 0.03, 0.08, 0.06, 0.01, 0.04, 0.01, 0.01, 0.01, 0.03, 0.03, 0.03, 0.04, 0.07, 0.04, 0.07, 0.01, 0.07, 0.09, 0.03, 0.03, 0.07, 0.1, 0.08, 0.01, 0.03, 0.03, 0.04, 0.02, 0.1, 0.01, 0.04, 0.08, 0.03, 0.09, 0.07, 0.08, 0.09, 0.09]",0.11999999999999994,"[(103, 143), (7, 26), (99, 100), (36, 89), (99, 127), (58, 86), (77, 99), (7, 129), (58, 122), (8, 103), (39, 81), (7, 147), (141, 147), (25, 52), (39, 99), (51, 73), (8, 139), (103, 129), (51, 100), (36, 48), (7, 21), (36, 84), (77, 85), (99, 122), (58, 81), (129, 132), (77, 103), (129, 141), (58, 99), (129, 150), (25, 38), (39, 85), (25, 47), (8, 125), (39, 103), (8, 134), (51, 77), (51, 86), (25, 141), (36, 52), (25, 150), (77, 89), (58, 85), (58, 103), (8, 84), (101, 135), (101, 144), (8, 102), (39, 89), (51, 54), (51, 63), (51, 81), (52, 135), (52, 144), (25, 127), (36, 38), (127, 147), (7, 11), (36, 47), (99, 103), (77, 84), (89, 147), (58, 89), (39, 48), (7, 114), (36, 150), (101, 139), (7, 132), (25, 28), (101, 148), (39, 84), (51, 58), (52, 139), (25, 122), (52, 148), (36, 51), (7, 100), (58, 84), (134, 150), (101, 125), (39, 52), (8, 83), (101, 134), (7, 127), (101, 143), (8, 101), (52, 125), (52, 134), (25, 135), (51, 147), (25, 144), (7, 77), (7, 86), (8, 51), (101, 102), (39, 47), (8, 78), (101, 129), (52, 102), (25, 103), (52, 129), (127, 132), (127, 141), (127, 150), (7, 63), (89, 114), (7, 81), (89, 132), (89, 141), (7, 99), (36, 135), (89, 150), (36, 144), (8, 73), (39, 51), (58, 150), (25, 89), (25, 125), (89, 100), (7, 58), (89, 127), (7, 85), (8, 50), (134, 135), (36, 139), (134, 144), (36, 148), (52, 83), (52, 101), (25, 84), (25, 102), (51, 114), (51, 132), (51, 141), (51, 150), (8, 36), (89, 122), (103, 134), (36, 125), (8, 54), (36, 134), (8, 63), (77, 135), (134, 139), (77, 144), (134, 148), (52, 78), (8, 148), (39, 135), (39, 144), (103, 147), (51, 127), (7, 39), (7, 48), (8, 13), (89, 99), (36, 102), (36, 129), (77, 139), (134, 143), (58, 135), (77, 148), (58, 144), (52, 73), (8, 143), (25, 83), (39, 139), (39, 148), (7, 25), (51, 122), (7, 52), (89, 103), (99, 135), (8, 26), (99, 144), (77, 125), (77, 134), (77, 143), (58, 139), (25, 51), (58, 148), (8, 129), (52, 77), (8, 147), (25, 78), (39, 125), (39, 134), (51, 99), (39, 143), (7, 20), (7, 38), (7, 47), (36, 83), (8, 21), (36, 101), (77, 102), (99, 139), (99, 148), (77, 129), (7, 141), (52, 54), (58, 125), (7, 150), (52, 63), (58, 134), (141, 150), (58, 143), (39, 102), (103, 114), (25, 73), (51, 85), (39, 129), (103, 132), (51, 103), (103, 141), (103, 150), (36, 78), (99, 125), (99, 134), (129, 135), (99, 143), (129, 144), (58, 102), (58, 129), (52, 58), (25, 50), (51, 89), (52, 143), (103, 127), (7, 28), (99, 102), (36, 73), (8, 11), (77, 83), (99, 129), (77, 101), (129, 139), (129, 148), (7, 122), (101, 147), (25, 36), (39, 83), (8, 114), (25, 54), (39, 101), (8, 132), (51, 84), (103, 122), (52, 147), (25, 139), (36, 50), (25, 148), (36, 77), (77, 78), (58, 83), (129, 134), (129, 143), (58, 101), (7, 135), (8, 100), (39, 78), (7, 144), (51, 52), (8, 127), (25, 134), (25, 143), (36, 54), (36, 63), (99, 101), (58, 78), (7, 103), (77, 100), (8, 77), (8, 86), (25, 26), (39, 73), (7, 139), (25, 129), (25, 147), (36, 58), (7, 89), (58, 73), (77, 86), (101, 114), (36, 143), (39, 50), (8, 81), (101, 132), (7, 125), (101, 141), (8, 99), (101, 150), (39, 77), (39, 86), (52, 114), (52, 132), (127, 135), (52, 141), (127, 144), (7, 84), (77, 81), (89, 135), (58, 77), (8, 58), (89, 144), (7, 102), (36, 147), (101, 127), (39, 54), (8, 85), (39, 63), (52, 100), (25, 101), (52, 127), (127, 139), (127, 148), (36, 39), (58, 63), (89, 139), (89, 148), (134, 147), (101, 122), (39, 58), (8, 89), (52, 86), (52, 122), (25, 114), (127, 134), (127, 143), (51, 135), (25, 132), (51, 144), (8, 39), (89, 125), (7, 83), (8, 48), (89, 134), (89, 143), (7, 101), (77, 147), (52, 81), (52, 99), (25, 100), (39, 147), (127, 129), (51, 139), (7, 51), (89, 102), (51, 148), (8, 25), (7, 78), (36, 114), (89, 129), (8, 52), (101, 103), (36, 132), (36, 141), (58, 147), (52, 85), (25, 77), (52, 103), (25, 86), (51, 125), (51, 134), (51, 143), (8, 20), (36, 100), (7, 73), (8, 38), (99, 147), (8, 47), (36, 127), (134, 141), (25, 63), (8, 141), (52, 89), (8, 150), (25, 81), (51, 102), (25, 99), (51, 129), (7, 50), (36, 86), (89, 101), (77, 114), (36, 122), (77, 132), (77, 141), (141, 144), (77, 150), (25, 58), (52, 84), (39, 114), (25, 85), (39, 132), (103, 135), (39, 141), (103, 144), (39, 150), (7, 36), (36, 81), (7, 54), (36, 99), (8, 28), (129, 147), (58, 114), (77, 127), (7, 148), (58, 132), (141, 148), (58, 141), (8, 122), (39, 100), (51, 83), (39, 127), (51, 101), (103, 139), (7, 13), (103, 148), (99, 114), (36, 85), (99, 132), (36, 103), (99, 141), (58, 100), (99, 150), (77, 122), (7, 134), (7, 143), (58, 127), (25, 39), (141, 143), (25, 48), (8, 135), (51, 78), (8, 144), (39, 122), (103, 125), (52, 150), (7, 8)]"
13,Plurality,ATVA_1,150,4,"{'D': 42, 'B': 38, 'A': 36, 'C': 34}","[0.5, 1.0, 1.0, 0.5, 1.0, 1.0, 1.0, 0.54, 0.54, 0.54, 1.0, 0.75, 0.58, 0.5, 0.46, 1.0, 0.58, 0.46, 0.5, 0.75, 1.0, 1.0, 1.0, 0.46, 0.58, 0.54, 1.0, 0.54, 1.0, 0.58, 0.58, 1.0, 0.75, 0.75, 1.0, 1.0, 0.75, 0.79, 0.67, 0.54, 1.0, 0.58, 1.0, 0.54, 1.0, 0.58, 0.79, 0.58, 0.58, 0.75, 0.46, 0.58, 0.79, 1.0, 0.46, 1.0, 0.54, 0.54, 1.0, 1.0, 0.88, 0.58, 1.0, 0.5, 0.67, 1.0, 0.42, 0.46, 0.75, 1.0, 0.42, 0.88, 1.0, 1.0, 0.75, 0.88, 0.67, 0.75, 0.58, 0.79, 0.54, 0.58, 1.0, 0.58, 0.75, 0.75, 0.42, 1.0, 0.58, 0.58, 1.0, 0.88, 0.58, 1.0, 0.58, 0.75, 1.0, 0.46, 1.0, 0.58, 0.5, 0.46, 0.88, 0.58, 0.75, 1.0, 0.54, 0.54, 0.58, 0.75, 0.58, 0.58, 0.75, 0.42, 0.46, 1.0, 0.75, 1.0, 0.88, 0.58, 0.58, 1.0, 0.58, 0.46, 0.58, 0.58, 0.46, 0.75, 0.46, 0.58, 0.58, 1.0, 1.0, 0.75, 1.0, 1.0, 0.75, 0.75, 0.58, 0.46, 0.67, 0.79, 0.54, 0.58, 0.67, 0.58, 0.5, 0.75, 0.58, 1.0]",108.23,[],"[0.09, 0.01, 0.04, 0.08, 0.01, 0.01, 0.04, 0.07, 0.07, 0.07, 0.03, 0.02, 0.05, 0.08, 0.09, 0.03, 0.07, 0.09, 0.09, 0.02, 0.0, 0.04, 0.01, 0.09, 0.06, 0.07, 0.0, 0.07, 0.01, 0.05, 0.06, 0.0, 0.04, 0.03, 0.0, 0.0, 0.04, 0.03, 0.05, 0.07, 0.0, 0.06, 0.01, 0.07, 0.01, 0.06, 0.03, 0.07, 0.07, 0.02, 0.09, 0.06, 0.03, 0.01, 0.09, 0.03, 0.07, 0.07, 0.03, 0.03, 0.01, 0.05, 0.04, 0.08, 0.05, 0.03, 0.1, 0.09, 0.04, 0.01, 0.1, 0.01, 0.01, 0.04, 0.03, 0.01, 0.05, 0.04, 0.05, 0.03, 0.07, 0.06, 0.03, 0.06, 0.02, 0.03, 0.1, 0.01, 0.05, 0.07, 0.03, 0.01, 0.06, 0.04, 0.07, 0.04, 0.01, 0.09, 0.01, 0.06, 0.09, 0.09, 0.01, 0.05, 0.03, 0.01, 0.07, 0.07, 0.07, 0.03, 0.07, 0.06, 0.04, 0.1, 0.09, 0.03, 0.02, 0.0, 0.01, 0.06, 0.06, 0.03, 0.07, 0.09, 0.07, 0.05, 0.09, 0.03, 0.09, 0.06, 0.07, 0.03, 0.01, 0.02, 0.04, 0.01, 0.02, 0.03, 0.07, 0.09, 0.05, 0.03, 0.07, 0.06, 0.05, 0.06, 0.09, 0.04, 0.06, 0.03]",0,
14,Plurality,ATVA_1,150,4,"{'B': 43, 'C': 42, 'A': 37, 'D': 28}","[0.42, 0.5, 0.54, 0.46, 0.58, 0.54, 0.88, 1.0, 0.54, 0.58, 0.67, 0.75, 0.58, 0.75, 0.58, 0.67, 0.58, 1.0, 1.0, 0.58, 0.42, 0.5, 0.46, 1.0, 0.75, 0.88, 0.42, 1.0, 0.46, 1.0, 0.75, 1.0, 0.75, 1.0, 0.88, 1.0, 0.5, 1.0, 0.79, 0.46, 0.5, 0.75, 1.0, 0.58, 0.67, 0.67, 1.0, 0.54, 0.79, 0.58, 0.5, 0.58, 0.79, 0.88, 0.42, 0.42, 0.46, 1.0, 0.58, 1.0, 0.88, 1.0, 0.46, 0.75, 1.0, 0.79, 1.0, 1.0, 0.79, 0.75, 0.58, 1.0, 0.54, 0.58, 0.67, 1.0, 1.0, 0.75, 0.54, 0.58, 0.75, 0.5, 0.58, 1.0, 1.0, 0.58, 0.58, 1.0, 1.0, 1.0, 1.0, 0.58, 0.54, 0.58, 1.0, 0.75, 0.75, 0.67, 0.58, 0.58, 0.58, 0.58, 0.67, 0.42, 0.42, 0.58, 1.0, 0.75, 0.79, 0.42, 1.0, 0.58, 0.75, 0.58, 0.46, 1.0, 0.46, 1.0, 0.58, 0.46, 0.46, 0.88, 0.58, 0.5, 0.75, 1.0, 0.58, 0.75, 1.0, 0.46, 0.54, 1.0, 0.58, 0.54, 1.0, 0.54, 0.54, 1.0, 0.88, 0.75, 0.5, 1.0, 0.58, 1.0, 0.58, 0.54, 1.0, 1.0, 1.0, 1.0]",108.22,[],"[0.1, 0.09, 0.07, 0.09, 0.05, 0.07, 0.01, 0.03, 0.07, 0.06, 0.05, 0.04, 0.07, 0.04, 0.05, 0.05, 0.07, 0.01, 0.01, 0.07, 0.1, 0.08, 0.09, 0.01, 0.04, 0.01, 0.1, 0.03, 0.09, 0.03, 0.02, 0.01, 0.02, 0.01, 0.01, 0.01, 0.08, 0.0, 0.03, 0.09, 0.09, 0.04, 0.04, 0.05, 0.05, 0.05, 0.03, 0.07, 0.03, 0.06, 0.08, 0.07, 0.03, 0.01, 0.1, 0.1, 0.09, 0.01, 0.05, 0.01, 0.01, 0.04, 0.09, 0.04, 0.0, 0.03, 0.03, 0.01, 0.03, 0.03, 0.07, 0.01, 0.07, 0.07, 0.05, 0.03, 0.01, 0.02, 0.07, 0.07, 0.03, 0.08, 0.06, 0.0, 0.04, 0.06, 0.06, 0.0, 0.01, 0.0, 0.01, 0.07, 0.07, 0.07, 0.01, 0.04, 0.04, 0.05, 0.05, 0.06, 0.05, 0.07, 0.05, 0.1, 0.1, 0.06, 0.01, 0.02, 0.03, 0.1, 0.01, 0.05, 0.02, 0.07, 0.09, 0.01, 0.09, 0.03, 0.05, 0.09, 0.09, 0.01, 0.06, 0.08, 0.03, 0.04, 0.06, 0.02, 0.03, 0.09, 0.07, 0.03, 0.06, 0.07, 0.01, 0.07, 0.07, 0.01, 0.01, 0.02, 0.08, 0.03, 0.06, 0.01, 0.05, 0.07, 0.04, 0.01, 0.01, 0.01]",0,
15,Plurality,ATVA_1,150,4,"{'B': 50, 'D': 38, 'C': 33, 'A': 29}","[1.0, 1.0, 0.58, 1.0, 0.58, 0.5, 1.0, 1.0, 0.42, 0.67, 1.0, 0.46, 0.42, 0.46, 0.58, 1.0, 0.75, 0.75, 1.0, 1.0, 0.46, 0.75, 0.75, 0.46, 0.58, 0.58, 1.0, 0.46, 0.58, 0.54, 1.0, 0.42, 1.0, 0.58, 0.58, 1.0, 0.75, 0.75, 0.58, 1.0, 0.46, 0.75, 0.58, 1.0, 0.54, 0.88, 0.58, 0.75, 1.0, 0.42, 1.0, 0.58, 1.0, 0.58, 0.67, 0.67, 0.46, 0.75, 0.79, 0.54, 0.79, 0.58, 0.5, 1.0, 0.46, 0.58, 1.0, 0.5, 1.0, 0.67, 1.0, 1.0, 0.58, 0.79, 0.46, 0.42, 1.0, 0.67, 1.0, 0.54, 0.58, 0.75, 0.54, 0.75, 1.0, 0.75, 1.0, 1.0, 1.0, 0.42, 0.79, 0.58, 1.0, 1.0, 0.75, 0.58, 1.0, 1.0, 0.46, 1.0, 1.0, 1.0, 0.46, 0.54, 1.0, 0.54, 0.75, 0.58, 0.54, 0.58, 0.79, 1.0, 0.54, 0.67, 0.58, 1.0, 0.54, 1.0, 0.88, 0.67, 0.79, 0.54, 1.0, 0.46, 0.46, 0.58, 0.5, 0.58, 0.54, 0.75, 0.88, 1.0, 1.0, 1.0, 0.88, 1.0, 0.58, 0.58, 0.58, 0.67, 1.0, 0.88, 1.0, 1.0, 1.0, 0.75, 0.79, 0.75, 1.0, 0.75]",111.43,[],"[0.03, 0.03, 0.07, 0.01, 0.06, 0.08, 0.03, 0.04, 0.1, 0.05, 0.01, 0.09, 0.1, 0.09, 0.06, 0.0, 0.02, 0.02, 0.01, 0.01, 0.09, 0.02, 0.03, 0.09, 0.05, 0.06, 0.03, 0.09, 0.06, 0.07, 0.01, 0.1, 0.01, 0.06, 0.07, 0.01, 0.03, 0.04, 0.06, 0.01, 0.09, 0.04, 0.06, 0.01, 0.07, 0.01, 0.06, 0.03, 0.03, 0.1, 0.01, 0.06, 0.04, 0.06, 0.05, 0.05, 0.09, 0.03, 0.03, 0.07, 0.03, 0.07, 0.09, 0.03, 0.09, 0.06, 0.03, 0.09, 0.0, 0.05, 0.01, 0.03, 0.05, 0.03, 0.09, 0.1, 0.01, 0.05, 0.01, 0.07, 0.07, 0.04, 0.07, 0.02, 0.03, 0.03, 0.04, 0.0, 0.03, 0.1, 0.03, 0.07, 0.0, 0.03, 0.04, 0.05, 0.04, 0.03, 0.09, 0.0, 0.03, 0.01, 0.09, 0.07, 0.01, 0.07, 0.04, 0.07, 0.07, 0.06, 0.03, 0.03, 0.07, 0.05, 0.07, 0.01, 0.07, 0.03, 0.01, 0.05, 0.03, 0.07, 0.03, 0.09, 0.09, 0.07, 0.09, 0.06, 0.07, 0.03, 0.01, 0.03, 0.03, 0.0, 0.01, 0.04, 0.07, 0.07, 0.06, 0.05, 0.04, 0.01, 0.04, 0.04, 0.03, 0.02, 0.03, 0.04, 0.0, 0.03]",0,
16,Plurality,ATVA_1,150,4,"{'A': 44, 'C': 36, 'D': 36, 'B': 34}","[1.0, 0.58, 1.0, 0.54, 0.67, 0.58, 0.58, 0.58, 0.54, 1.0, 0.58, 0.54, 0.58, 0.46, 1.0, 1.0, 0.58, 1.0, 1.0, 0.58, 0.46, 1.0, 1.0, 0.58, 0.54, 1.0, 0.42, 0.58, 0.88, 1.0, 1.0, 0.42, 0.46, 0.79, 0.88, 1.0, 1.0, 0.58, 1.0, 1.0, 0.58, 1.0, 0.75, 0.75, 0.58, 1.0, 0.58, 0.79, 1.0, 1.0, 0.46, 0.54, 0.88, 0.58, 1.0, 0.58, 1.0, 0.58, 1.0, 0.54, 0.46, 0.58, 0.58, 0.54, 0.79, 0.42, 1.0, 0.42, 0.75, 1.0, 0.54, 0.54, 0.5, 0.58, 0.58, 1.0, 0.88, 0.46, 0.54, 0.75, 0.5, 1.0, 0.42, 0.75, 0.54, 1.0, 0.58, 0.58, 0.88, 0.75, 0.42, 1.0, 0.5, 1.0, 1.0, 1.0, 0.75, 1.0, 0.54, 0.58, 0.54, 1.0, 0.46, 0.67, 0.58, 0.88, 0.46, 1.0, 0.79, 1.0, 0.58, 0.75, 0.75, 0.58, 0.5, 1.0, 1.0, 0.75, 0.58, 0.5, 0.54, 0.42, 1.0, 0.54, 0.46, 0.58, 0.58, 0.5, 0.58, 1.0, 0.46, 0.79, 1.0, 0.75, 0.75, 0.75, 0.54, 0.88, 1.0, 1.0, 0.79, 1.0, 0.58, 0.58, 0.79, 0.46, 0.88, 0.67, 0.46, 0.58]",108.15,"[4, 9, 12, 14, 27, 32, 60, 64, 66, 68, 79, 83, 91, 101, 103, 107, 122, 124, 137]","[0.01, 0.06, 0.04, 0.07, 0.05, 0.06, 0.07, 0.05, 0.07, 0.03, 0.05, 0.07, 0.05, 0.09, 0.03, 0.01, 0.06, 0.04, 0.04, 0.05, 0.09, 0.01, 0.01, 0.06, 0.07, 0.01, 0.1, 0.05, 0.01, 0.01, 0.04, 0.1, 0.09, 0.03, 0.01, 0.03, 0.0, 0.07, 0.04, 0.01, 0.06, 0.0, 0.02, 0.02, 0.07, 0.01, 0.05, 0.03, 0.01, 0.01, 0.09, 0.07, 0.01, 0.05, 0.03, 0.05, 0.0, 0.06, 0.0, 0.07, 0.09, 0.06, 0.05, 0.07, 0.03, 0.1, 0.03, 0.1, 0.03, 0.01, 0.07, 0.07, 0.09, 0.07, 0.07, 0.04, 0.01, 0.09, 0.07, 0.04, 0.08, 0.04, 0.1, 0.03, 0.07, 0.0, 0.07, 0.06, 0.01, 0.03, 0.1, 0.04, 0.09, 0.04, 0.03, 0.0, 0.03, 0.01, 0.07, 0.07, 0.07, 0.03, 0.09, 0.05, 0.07, 0.01, 0.09, 0.0, 0.03, 0.01, 0.06, 0.02, 0.02, 0.07, 0.09, 0.0, 0.04, 0.02, 0.06, 0.08, 0.07, 0.1, 0.04, 0.07, 0.09, 0.06, 0.05, 0.09, 0.07, 0.0, 0.09, 0.03, 0.04, 0.04, 0.04, 0.04, 0.07, 0.01, 0.03, 0.03, 0.03, 0.03, 0.06, 0.07, 0.03, 0.09, 0.01, 0.05, 0.09, 0.07]",0.11999999999999994,"[(32, 101), (66, 103), (4, 137), (107, 122), (9, 63), (107, 131), (9, 72), (68, 121), (9, 81), (9, 90), (9, 99), (27, 107), (27, 125), (83, 124), (27, 134), (91, 137), (32, 60), (91, 146), (12, 91), (122, 124), (14, 33), (32, 69), (66, 71), (103, 120), (60, 149), (32, 78), (66, 80), (14, 51), (12, 127), (64, 137), (64, 146), (68, 107), (14, 136), (68, 125), (9, 85), (68, 134), (79, 131), (79, 149), (101, 149), (27, 120), (60, 135), (14, 28), (32, 64), (83, 137), (83, 146), (4, 91), (103, 124), (66, 84), (32, 91), (14, 122), (14, 131), (9, 71), (68, 120), (14, 149), (9, 80), (27, 79), (27, 97), (79, 135), (101, 135), (12, 63), (91, 127), (12, 72), (60, 121), (4, 68), (91, 136), (12, 81), (12, 90), (14, 32), (32, 68), (12, 99), (64, 127), (64, 136), (68, 97), (14, 135), (9, 66), (68, 124), (27, 83), (79, 121), (101, 121), (27, 101), (60, 107), (91, 122), (4, 63), (91, 131), (60, 125), (4, 72), (32, 54), (12, 85), (83, 127), (60, 134), (4, 81), (32, 63), (83, 136), (124, 137), (4, 90), (32, 72), (124, 146), (4, 99), (9, 25), (64, 122), (14, 103), (68, 83), (64, 131), (14, 121), (9, 52), (68, 101), (9, 61), (27, 60), (27, 69), (79, 107), (101, 107), (27, 78), (79, 125), (101, 125), (79, 134), (91, 99), (101, 134), (9, 146), (12, 71), (60, 120), (83, 122), (12, 80), (64, 81), (64, 90), (4, 85), (64, 99), (9, 11), (9, 20), (68, 69), (66, 136), (68, 78), (14, 107), (9, 47), (14, 125), (14, 134), (27, 64), (79, 120), (101, 120), (27, 91), (83, 90), (91, 103), (60, 97), (83, 99), (12, 66), (60, 124), (4, 71), (124, 127), (64, 85), (4, 80), (124, 136), (64, 103), (14, 84), (66, 131), (9, 33), (66, 149), (68, 91), (14, 120), (79, 97), (27, 68), (12, 25), (9, 127), (79, 124), (101, 124), (9, 136), (60, 83), (83, 85), (66, 85), (12, 52), (60, 101), (83, 103), (12, 61), (64, 71), (4, 66), (64, 80), (124, 131), (14, 79), (32, 124), (14, 97), (9, 28), (66, 135), (79, 83), (27, 54), (27, 63), (79, 101), (27, 72), (12, 20), (9, 122), (60, 69), (9, 131), (60, 78), (4, 25), (12, 47), (9, 149), (12, 56), (4, 52), (64, 66), (4, 61), (64, 84), (14, 83), (9, 14), (66, 121), (4, 146), (68, 72), (14, 101), (32, 137), (32, 146), (107, 149), (60, 64), (4, 11), (4, 20), (12, 33), (9, 135), (83, 84), (60, 91), (4, 47), (64, 79), (14, 60), (137, 149), (14, 69), (66, 107), (12, 136), (14, 78), (66, 125), (66, 134), (107, 135), (79, 91), (9, 103), (9, 121), (60, 68), (12, 28), (4, 33), (122, 137), (122, 146), (12, 122), (14, 64), (12, 131), (4, 127), (4, 136), (66, 120), (12, 149), (107, 121), (32, 127), (32, 136), (9, 107), (12, 14), (60, 63), (9, 125), (27, 124), (60, 72), (4, 28), (66, 79), (103, 137), (66, 97), (103, 146), (4, 122), (14, 68), (12, 135), (4, 131), (32, 122), (107, 125), (4, 149), (107, 134), (9, 84), (4, 14), (27, 137), (14, 27), (27, 146), (91, 149), (122, 127), (12, 103), (122, 136), (32, 81), (66, 83), (14, 54), (32, 90), (12, 121), (14, 63), (32, 99), (66, 101), (4, 135), (107, 120), (64, 149), (9, 79), (68, 137), (9, 97), (68, 146), (4, 9), (91, 135), (83, 131), (66, 69), (83, 149), (66, 78), (122, 131), (12, 107), (103, 127), (4, 103), (32, 85), (103, 136), (12, 125), (4, 121), (32, 103), (64, 135), (9, 56), (107, 124), (9, 83), (91, 121), (27, 127), (27, 136), (12, 84), (83, 135), (32, 71), (103, 122), (122, 135), (32, 80), (103, 131), (4, 107), (12, 120), (64, 121), (4, 125), (9, 51), (9, 60), (9, 69), (9, 78), (68, 127), (68, 136), (91, 107), (27, 122), (91, 125), (83, 121), (91, 134), (12, 79), (14, 21), (60, 137), (4, 84), (32, 66), (12, 97), (66, 68), (60, 146), (124, 149), (64, 107), (32, 84), (64, 125), (64, 134), (14, 124), (9, 64), (68, 122), (27, 81), (27, 90), (27, 99), (79, 137), (101, 137), (79, 146), (101, 146), (83, 107), (91, 120), (83, 125), (32, 52), (12, 83), (83, 134), (4, 79), (14, 25), (32, 61), (124, 135), (12, 101), (4, 97), (64, 120), (9, 32), (68, 81), (68, 90), (68, 99), (14, 137), (14, 146), (27, 85), (91, 97), (27, 103), (12, 51), (12, 60), (4, 56), (91, 124), (12, 69), (83, 120), (32, 47), (12, 78), (60, 127), (32, 56), (103, 107), (60, 136), (4, 83), (64, 97), (9, 27), (64, 124), (68, 85), (9, 54), (68, 103), (27, 71), (27, 80), (79, 127), (101, 127), (79, 136), (91, 101), (101, 136), (83, 97), (4, 51), (32, 33), (12, 64), (4, 60), (60, 122), (4, 69), (32, 51), (124, 125), (64, 83), (60, 131), (4, 78), (124, 134), (64, 101), (9, 13), (14, 91), (68, 71), (68, 80), (14, 127), (27, 66), (27, 84), (79, 122), (12, 32), (9, 134), (60, 81), (101, 122), (101, 131), (60, 90), (60, 99), (83, 101), (12, 68), (64, 69), (4, 64), (64, 78), (66, 124), (32, 131), (68, 84), (32, 149), (79, 81), (27, 52), (79, 90), (27, 61), (79, 99), (9, 120), (12, 27), (60, 85), (4, 32), (12, 54), (60, 103), (64, 91), (14, 72), (14, 81), (9, 12), (14, 90), (9, 21), (14, 99), (32, 135), (66, 137), (68, 79), (66, 146), (27, 47), (79, 85), (27, 56), (79, 103), (101, 103), (12, 13), (9, 124), (60, 71), (60, 80), (4, 27), (83, 91), (4, 54), (64, 68), (122, 149), (12, 134), (14, 85), (32, 121), (27, 33), (79, 80), (27, 51), (9, 101), (60, 66), (4, 13), (9, 137), (60, 84), (64, 72), (66, 91), (103, 149), (14, 71), (32, 107), (4, 134), (14, 80), (32, 125), (66, 127), (32, 134), (107, 137), (27, 28), (107, 146), (79, 84), (60, 61), (4, 8), (12, 21), (60, 79), (27, 131), (27, 149), (103, 135), (12, 124), (137, 146), (4, 120), (14, 66), (4, 101), (32, 120), (66, 122), (27, 32), (68, 131), (9, 91), (68, 149), (4, 12), (4, 21), (27, 135), (122, 125), (66, 72), (103, 121), (122, 134), (32, 79), (66, 81), (14, 52), (66, 90), (14, 61), (32, 97), (66, 99), (4, 124), (12, 137), (12, 146), (107, 127), (9, 68), (107, 136), (68, 135), (27, 121), (14, 47), (14, 20), (103, 125), (32, 83), (103, 134), (14, 56)]"
17,Plurality,ATVA_1,150,4,"{'D': 49, 'A': 40, 'C': 35, 'B': 26}","[0.79, 0.75, 0.46, 1.0, 0.79, 1.0, 1.0, 0.58, 0.75, 0.54, 1.0, 1.0, 0.58, 0.5, 0.67, 0.67, 0.75, 0.58, 1.0, 0.54, 0.75, 1.0, 0.58, 0.58, 1.0, 0.58, 0.75, 0.54, 1.0, 1.0, 0.54, 1.0, 1.0, 0.75, 0.54, 0.54, 0.67, 1.0, 0.75, 0.79, 0.79, 1.0, 0.88, 0.79, 1.0, 0.58, 0.5, 1.0, 1.0, 0.58, 0.75, 0.5, 0.46, 1.0, 0.88, 1.0, 0.75, 1.0, 0.5, 0.46, 1.0, 0.58, 1.0, 0.88, 0.5, 0.58, 1.0, 0.5, 1.0, 0.5, 0.75, 0.75, 0.58, 0.88, 0.58, 1.0, 1.0, 1.0, 1.0, 0.58, 1.0, 1.0, 0.58, 0.42, 1.0, 0.54, 0.75, 1.0, 0.58, 0.58, 0.5, 1.0, 0.88, 1.0, 1.0, 0.58, 0.75, 0.88, 0.75, 1.0, 0.58, 0.79, 0.46, 0.58, 1.0, 0.5, 1.0, 0.46, 0.67, 1.0, 0.46, 0.75, 1.0, 1.0, 1.0, 1.0, 0.46, 0.75, 0.46, 0.67, 0.58, 0.54, 0.67, 1.0, 1.0, 1.0, 0.75, 0.46, 0.75, 1.0, 0.5, 0.58, 0.79, 0.75, 1.0, 0.58, 0.75, 0.54, 0.67, 0.75, 0.58, 0.75, 0.54, 0.58, 0.42, 0.58, 1.0, 0.58, 0.58, 0.46]",112.5,[],"[0.03, 0.03, 0.09, 0.01, 0.03, 0.01, 0.03, 0.06, 0.02, 0.07, 0.04, 0.03, 0.06, 0.08, 0.05, 0.05, 0.02, 0.05, 0.0, 0.07, 0.02, 0.04, 0.05, 0.07, 0.03, 0.05, 0.03, 0.07, 0.01, 0.01, 0.07, 0.01, 0.01, 0.03, 0.07, 0.07, 0.05, 0.01, 0.04, 0.03, 0.03, 0.03, 0.01, 0.03, 0.0, 0.05, 0.09, 0.01, 0.03, 0.06, 0.02, 0.09, 0.09, 0.03, 0.01, 0.04, 0.02, 0.03, 0.08, 0.09, 0.03, 0.05, 0.01, 0.01, 0.09, 0.07, 0.03, 0.09, 0.03, 0.09, 0.03, 0.04, 0.06, 0.01, 0.07, 0.0, 0.03, 0.01, 0.01, 0.06, 0.01, 0.03, 0.06, 0.1, 0.04, 0.07, 0.03, 0.01, 0.06, 0.06, 0.08, 0.01, 0.01, 0.0, 0.03, 0.06, 0.03, 0.01, 0.02, 0.03, 0.05, 0.03, 0.09, 0.06, 0.03, 0.08, 0.01, 0.09, 0.05, 0.01, 0.09, 0.03, 0.01, 0.04, 0.03, 0.03, 0.09, 0.03, 0.09, 0.05, 0.05, 0.07, 0.05, 0.03, 0.04, 0.01, 0.03, 0.09, 0.03, 0.0, 0.09, 0.07, 0.03, 0.02, 0.01, 0.06, 0.02, 0.07, 0.05, 0.03, 0.05, 0.04, 0.07, 0.06, 0.1, 0.07, 0.01, 0.06, 0.07, 0.09]",0,
18,Plurality,ATVA_1,150,4,"{'B': 43, 'A': 40, 'D': 38, 'C': 29}","[0.58, 1.0, 0.58, 0.46, 1.0, 1.0, 0.75, 1.0, 0.58, 0.46, 0.88, 1.0, 0.58, 0.5, 1.0, 0.54, 1.0, 0.58, 0.5, 1.0, 1.0, 0.42, 1.0, 0.58, 0.58, 0.75, 0.46, 1.0, 0.75, 0.75, 0.75, 0.79, 0.5, 0.58, 1.0, 0.42, 0.75, 1.0, 1.0, 1.0, 1.0, 1.0, 1.0, 0.42, 0.54, 0.75, 1.0, 0.42, 0.54, 0.75, 1.0, 0.58, 0.54, 0.58, 0.75, 0.58, 0.75, 0.75, 0.58, 0.58, 1.0, 0.88, 0.54, 0.5, 0.54, 1.0, 0.46, 0.75, 1.0, 0.46, 0.75, 0.75, 0.67, 1.0, 0.79, 0.58, 1.0, 0.46, 0.58, 1.0, 0.88, 0.46, 0.5, 0.75, 0.58, 1.0, 0.88, 0.79, 0.5, 0.79, 1.0, 0.5, 0.58, 0.67, 1.0, 1.0, 0.75, 0.75, 0.58, 0.5, 0.58, 0.88, 0.58, 0.58, 0.5, 0.58, 1.0, 0.88, 1.0, 1.0, 0.75, 0.54, 0.58, 0.75, 0.46, 0.75, 1.0, 1.0, 1.0, 1.0, 0.54, 0.54, 0.58, 0.58, 1.0, 0.54, 0.88, 0.5, 0.58, 1.0, 0.46, 0.5, 0.79, 0.88, 1.0, 0.58, 1.0, 0.46, 1.0, 0.75, 0.54, 0.75, 0.58, 0.58, 0.75, 1.0, 0.75, 0.75, 0.88, 0.67]",110.17000000000002,[],"[0.07, 0.01, 0.06, 0.09, 0.0, 0.03, 0.02, 0.01, 0.07, 0.09, 0.01, 0.04, 0.05, 0.08, 0.03, 0.07, 0.03, 0.07, 0.08, 0.01, 0.03, 0.1, 0.03, 0.07, 0.05, 0.02, 0.09, 0.03, 0.02, 0.02, 0.03, 0.03, 0.08, 0.07, 0.03, 0.1, 0.04, 0.03, 0.0, 0.0, 0.03, 0.0, 0.01, 0.1, 0.07, 0.04, 0.03, 0.1, 0.07, 0.03, 0.03, 0.06, 0.07, 0.06, 0.03, 0.06, 0.02, 0.03, 0.05, 0.05, 0.03, 0.01, 0.07, 0.08, 0.07, 0.0, 0.09, 0.02, 0.04, 0.09, 0.02, 0.02, 0.05, 0.03, 0.03, 0.06, 0.03, 0.09, 0.07, 0.01, 0.01, 0.09, 0.09, 0.02, 0.06, 0.04, 0.01, 0.03, 0.08, 0.03, 0.0, 0.08, 0.07, 0.05, 0.03, 0.01, 0.04, 0.03, 0.06, 0.09, 0.07, 0.01, 0.06, 0.07, 0.09, 0.07, 0.01, 0.01, 0.03, 0.03, 0.03, 0.07, 0.06, 0.02, 0.09, 0.02, 0.03, 0.04, 0.04, 0.0, 0.07, 0.07, 0.07, 0.07, 0.03, 0.07, 0.01, 0.09, 0.07, 0.01, 0.09, 0.08, 0.03, 0.01, 0.03, 0.06, 0.0, 0.09, 0.0, 0.03, 0.07, 0.04, 0.05, 0.06, 0.02, 0.04, 0.04, 0.02, 0.01, 0.05]",0,
19,Plurality,ATVA_1,150,4,"{'A': 42, 'D': 41, 'C': 35, 'B': 32}","[1.0, 0.75, 0.75, 0.67, 0.75, 1.0, 1.0, 0.58, 0.75, 0.75, 1.0, 1.0, 0.58, 0.5, 0.88, 0.58, 0.46, 0.54, 0.54, 0.58, 0.75, 0.75, 1.0, 0.58, 0.5, 0.88, 1.0, 1.0, 0.5, 0.42, 1.0, 0.58, 1.0, 0.42, 0.79, 0.58, 0.75, 0.58, 0.79, 1.0, 1.0, 1.0, 0.58, 0.79, 1.0, 0.75, 0.46, 0.46, 0.42, 0.58, 1.0, 0.75, 0.58, 0.75, 0.58, 0.54, 0.5, 0.79, 0.79, 0.42, 0.67, 0.67, 0.75, 0.58, 0.58, 0.5, 0.67, 1.0, 0.58, 0.54, 0.54, 0.54, 1.0, 0.75, 0.54, 0.54, 0.58, 0.67, 0.58, 0.54, 0.75, 0.58, 1.0, 0.46, 0.58, 0.58, 0.5, 1.0, 0.46, 0.67, 1.0, 0.75, 0.5, 0.67, 1.0, 1.0, 0.54, 1.0, 0.5, 1.0, 1.0, 0.58, 0.58, 1.0, 0.5, 0.75, 1.0, 1.0, 1.0, 0.54, 1.0, 0.75, 0.67, 0.54, 0.58, 1.0, 0.67, 0.46, 0.75, 0.58, 1.0, 1.0, 1.0, 0.58, 0.5, 0.46, 1.0, 0.88, 1.0, 0.46, 0.46, 1.0, 0.58, 0.46, 1.0, 0.75, 1.0, 0.5, 0.75, 1.0, 0.67, 0.58, 0.54, 0.79, 1.0, 0.58, 0.5, 1.0, 0.88, 0.5]",108.0,[],"[0.01, 0.04, 0.03, 0.05, 0.03, 0.04, 0.01, 0.07, 0.04, 0.02, 0.03, 0.01, 0.06, 0.09, 0.01, 0.05, 0.09, 0.07, 0.07, 0.07, 0.02, 0.02, 0.04, 0.06, 0.09, 0.01, 0.03, 0.01, 0.09, 0.1, 0.01, 0.06, 0.0, 0.1, 0.03, 0.06, 0.02, 0.07, 0.03, 0.04, 0.03, 0.03, 0.06, 0.03, 0.0, 0.02, 0.09, 0.09, 0.1, 0.07, 0.04, 0.02, 0.05, 0.04, 0.05, 0.07, 0.08, 0.03, 0.03, 0.1, 0.05, 0.05, 0.03, 0.07, 0.07, 0.09, 0.05, 0.04, 0.06, 0.07, 0.07, 0.07, 0.0, 0.03, 0.07, 0.07, 0.05, 0.05, 0.07, 0.07, 0.04, 0.05, 0.0, 0.09, 0.07, 0.07, 0.09, 0.04, 0.09, 0.05, 0.01, 0.04, 0.09, 0.05, 0.01, 0.03, 0.07, 0.04, 0.09, 0.01, 0.03, 0.07, 0.07, 0.0, 0.09, 0.04, 0.03, 0.01, 0.01, 0.07, 0.03, 0.02, 0.05, 0.07, 0.07, 0.0, 0.05, 0.09, 0.03, 0.05, 0.03, 0.04, 0.01, 0.07, 0.09, 0.09, 0.0, 0.01, 0.0, 0.09, 0.09, 0.01, 0.06, 0.09, 0.03, 0.02, 0.04, 0.09, 0.02, 0.03, 0.05, 0.05, 0.07, 0.03, 0.04, 0.05, 0.08, 0.01, 0.01, 0.09]",0,
20,Plurality,ATVA_3,150,4,"{'A': 40, 'C': 38, 'D': 38, 'B': 34}","[0.46, 1.0, 0.46, 0.46, 0.88, 0.75, 0.75, 0.58, 0.46, 1.0, 0.58, 1.0, 1.0, 1.0, 0.54, 0.5, 0.46, 0.75, 0.75, 0.42, 0.58, 0.46, 0.75, 1.0, 0.58, 0.58, 0.75, 1.0, 0.54, 0.58, 0.67, 0.42, 0.58, 0.5, 0.58, 1.0, 1.0, 0.58, 1.0, 0.58, 0.75, 0.88, 0.58, 0.79, 1.0, 0.75, 0.58, 0.58, 0.58, 0.58, 1.0, 1.0, 0.67, 0.42, 1.0, 0.46, 0.75, 1.0, 0.54, 0.79, 0.58, 0.54, 1.0, 0.58, 0.58, 0.75, 0.88, 0.5, 0.58, 0.58, 0.79, 1.0, 0.58, 0.58, 0.58, 0.88, 1.0, 0.5, 0.58, 0.79, 0.46, 1.0, 0.75, 0.75, 0.46, 0.88, 0.46, 0.54, 0.54, 1.0, 0.79, 0.88, 1.0, 0.58, 0.5, 0.75, 1.0, 0.42, 1.0, 0.5, 1.0, 1.0, 1.0, 0.58, 1.0, 1.0, 1.0, 1.0, 1.0, 1.0, 0.42, 0.79, 1.0, 1.0, 0.58, 0.88, 0.88, 0.46, 0.58, 0.75, 0.75, 0.58, 1.0, 0.79, 1.0, 0.46, 0.46, 0.54, 0.46, 0.5, 0.46, 0.75, 0.75, 0.58, 0.46, 0.58, 0.75, 0.58, 1.0, 0.54, 0.67, 0.58, 1.0, 0.58, 1.0, 0.54, 0.42, 0.5, 0.58, 1.0]",107.12,"[3, 4, 9, 11, 15, 16, 17, 20, 22, 29, 32, 34, 47, 49, 54, 56, 59, 62, 74, 78, 81, 85, 87, 89, 95, 98, 100, 104, 111, 118, 126, 127, 128, 129, 131, 134, 135, 146, 147, 148, 149]","[0.09, 0.04, 0.06, 0.06, 0.02, 0.02, 0.06, 0.06, 0.07, 0.03, 0.01, 0.04, 0.03, 0.01, 0.05, 0.03, 0.07, 0.07, 0.05, 0.07, 0.09, 0.04, 0.05, 0.03, 0.06, 0.02, 0.05, 0.01, 0.03, 0.09, 0.06, 0.09, 0.05, 0.05, 0.07, 0.03, 0.03, 0.06, 0.03, 0.09, 0.04, 0.01, 0.02, 0.02, 0.01, 0.05, 0.01, 0.05, 0.01, 0.07, 0.03, 0.04, 0.06, 0.06, 0.03, 0.07, 0.05, 0.03, 0.06, 0.01, 0.05, 0.05, 0.03, 0.08, 0.09, 0.08, 0.06, 0.09, 0.05, 0.07, 0.03, 0.04, 0.07, 0.01, 0.09, 0.01, 0.04, 0.06, 0.08, 0.03, 0.06, 0.03, 0.08, 0.05, 0.09, 0.06, 0.08, 0.08, 0.03, 0.01, 0.02, 0.05, 0.03, 0.05, 0.04, 0.04, 0.03, 0.06, 0.03, 0.05, 0.03, 0.03, 0.01, 0.01, 0.03, 0.01, 0.03, 0.04, 0.03, 0.01, 0.09, 0.01, 0.03, 0.01, 0.02, 0.02, 0.03, 0.06, 0.02, 0.02, 0.06, 0.08, 0.03, 0.02, 0.04, 0.09, 0.07, 0.06, 0.07, 0.08, 0.07, 0.03, 0.04, 0.03, 0.04, 0.05, 0.05, 0.07, 0.03, 0.1, 0.02, 0.07, 0.03, 0.06, 0.01, 0.07, 0.06, 0.07, 0.03, 0.03]",0.11999999999999994,
21,Plurality,ATVA_3,150,4,"{'C': 48, 'B': 40, 'A': 32, 'D': 30}","[0.5, 1.0, 1.0, 1.0, 0.75, 0.67, 0.67, 0.5, 0.88, 0.5, 0.75, 0.58, 1.0, 1.0, 0.58, 1.0, 1.0, 1.0, 0.79, 0.75, 0.46, 0.42, 1.0, 1.0, 1.0, 0.54, 0.54, 0.46, 0.46, 0.58, 0.42, 0.79, 0.75, 0.67, 0.75, 1.0, 0.67, 1.0, 1.0, 0.46, 0.54, 1.0, 1.0, 0.58, 0.58, 0.79, 0.46, 0.58, 1.0, 0.42, 1.0, 0.67, 1.0, 1.0, 0.5, 1.0, 0.5, 0.75, 0.67, 0.79, 1.0, 0.58, 0.54, 0.58, 0.46, 1.0, 0.58, 0.5, 0.46, 0.54, 0.88, 0.42, 1.0, 0.58, 0.58, 1.0, 0.58, 0.5, 0.79, 0.42, 0.46, 0.42, 0.46, 0.58, 1.0, 0.54, 0.67, 0.58, 1.0, 0.5, 0.54, 0.75, 1.0, 0.54, 0.79, 0.54, 0.79, 1.0, 0.79, 0.88, 1.0, 0.5, 1.0, 1.0, 0.46, 0.54, 0.54, 1.0, 0.79, 1.0, 0.75, 0.46, 1.0, 0.75, 1.0, 1.0, 0.5, 0.58, 0.67, 0.58, 0.42, 0.58, 1.0, 1.0, 0.67, 0.79, 1.0, 0.46, 1.0, 1.0, 0.67, 0.5, 1.0, 0.5, 1.0, 0.5, 0.67, 0.5, 0.88, 0.58, 1.0, 0.54, 0.58, 1.0, 0.46, 0.58, 0.5, 0.42, 1.0, 1.0]",108.46000000000001,"[6, 7, 10, 12, 19, 21, 22, 26, 27, 30, 33, 37, 40, 44, 47, 50, 55, 58, 59, 63, 65, 67, 68, 69, 72, 75, 78, 79, 80, 81, 82, 83, 84, 87, 88, 90, 91, 92, 95, 96, 97, 105, 112, 121, 122, 125, 128, 131, 132, 134, 136, 137, 138, 142, 143, 145, 147]","[0.08, 0.03, 0.01, 0.03, 0.05, 0.01, 0.01, 0.09, 0.06, 0.07, 0.04, 0.03, 0.03, 0.03, 0.07, 0.01, 0.01, 0.0, 0.01, 0.08, 0.08, 0.07, 0.04, 0.03, 0.0, 0.03, 0.03, 0.1, 0.1, 0.03, 0.1, 0.03, 0.03, 0.06, 0.09, 0.01, 0.01, 0.03, 0.03, 0.09, 0.1, 0.01, 0.03, 0.03, 0.1, 0.03, 0.04, 0.07, 0.04, 0.07, 0.01, 0.05, 0.01, 0.01, 0.04, 0.03, 0.09, 0.01, 0.03, 0.03, 0.04, 0.06, 0.06, 0.09, 0.03, 0.04, 0.03, 0.04, 0.09, 0.07, 0.07, 0.07, 0.01, 0.07, 0.04, 0.01, 0.09, 0.04, 0.01, 0.09, 0.03, 0.06, 0.04, 0.01, 0.04, 0.09, 0.01, 0.01, 0.01, 0.04, 0.04, 0.01, 0.0, 0.09, 0.01, 0.07, 0.01, 0.0, 0.03, 0.07, 0.01, 0.09, 0.03, 0.03, 0.07, 0.09, 0.08, 0.01, 0.06, 0.01, 0.07, 0.03, 0.01, 0.04, 0.03, 0.01, 0.09, 0.07, 0.05, 0.09, 0.09, 0.01, 0.0, 0.01, 0.03, 0.03, 0.0, 0.04, 0.0, 0.0, 0.01, 0.03, 0.03, 0.04, 0.03, 0.04, 0.03, 0.06, 0.03, 0.1, 0.03, 0.03, 0.03, 0.03, 0.04, 0.06, 0.04, 0.1, 0.01, 0.01]",0,
22,Plurality,ATVA_3,150,4,"{'C': 42, 'D': 42, 'B': 37, 'A': 29}","[0.58, 0.79, 0.88, 0.5, 1.0, 1.0, 0.46, 0.75, 1.0, 0.67, 1.0, 0.88, 0.5, 1.0, 0.42, 0.5, 0.58, 0.58, 0.58, 0.54, 1.0, 0.58, 0.54, 1.0, 0.46, 0.5, 0.54, 0.75, 0.88, 0.88, 1.0, 0.79, 0.67, 1.0, 0.42, 0.58, 1.0, 0.58, 0.58, 0.58, 0.58, 0.5, 1.0, 0.75, 0.58, 0.88, 0.58, 1.0, 0.67, 0.46, 0.54, 1.0, 0.58, 0.75, 1.0, 1.0, 1.0, 0.58, 0.54, 0.58, 0.54, 0.5, 0.5, 0.58, 1.0, 0.46, 1.0, 0.46, 0.75, 0.46, 1.0, 1.0, 0.54, 0.46, 0.54, 0.58, 0.67, 0.58, 1.0, 0.5, 1.0, 0.88, 0.88, 0.75, 1.0, 0.46, 0.58, 0.42, 0.58, 0.75, 0.58, 0.58, 1.0, 0.54, 1.0, 0.58, 0.88, 0.58, 0.58, 0.5, 0.75, 1.0, 0.75, 0.5, 0.54, 0.5, 1.0, 0.75, 1.0, 0.79, 0.42, 0.54, 1.0, 0.58, 0.58, 0.88, 0.58, 0.79, 0.58, 1.0, 0.46, 0.58, 0.5, 0.58, 0.58, 0.54, 0.58, 0.67, 1.0, 0.67, 0.54, 1.0, 0.5, 0.5, 0.75, 0.54, 0.75, 1.0, 1.0, 0.88, 1.0, 1.0, 1.0, 0.67, 0.54, 1.0, 1.0, 1.0, 1.0, 1.0]",107.71000000000001,"[1, 7, 13, 15, 20, 33, 35, 36, 38, 42, 47, 50, 51, 58, 66, 68, 74, 78, 87, 88, 91, 100, 104, 106, 111, 114, 121, 124, 134]","[0.05, 0.06, 0.07, 0.09, 0.01, 0.04, 0.07, 0.03, 0.04, 0.07, 0.0, 0.03, 0.05, 0.04, 0.09, 0.08, 0.07, 0.08, 0.07, 0.07, 0.03, 0.09, 0.09, 0.01, 0.09, 0.08, 0.08, 0.09, 0.05, 0.06, 0.0, 0.07, 0.02, 0.01, 0.09, 0.04, 0.01, 0.03, 0.1, 0.08, 0.05, 0.07, 0.03, 0.07, 0.07, 0.07, 0.04, 0.03, 0.07, 0.08, 0.05, 0.01, 0.06, 0.08, 0.04, 0.01, 0.04, 0.02, 0.09, 0.07, 0.09, 0.09, 0.09, 0.06, 0.03, 0.05, 0.01, 0.08, 0.08, 0.1, 0.03, 0.03, 0.08, 0.08, 0.1, 0.08, 0.06, 0.05, 0.0, 0.09, 0.04, 0.06, 0.05, 0.05, 0.04, 0.1, 0.02, 0.09, 0.07, 0.03, 0.04, 0.1, 0.04, 0.1, 0.04, 0.07, 0.05, 0.07, 0.07, 0.05, 0.07, 0.03, 0.08, 0.04, 0.07, 0.07, 0.03, 0.05, 0.03, 0.05, 0.09, 0.09, 0.03, 0.05, 0.07, 0.02, 0.06, 0.07, 0.1, 0.01, 0.09, 0.07, 0.1, 0.05, 0.08, 0.08, 0.08, 0.07, 0.04, 0.07, 0.07, 0.03, 0.1, 0.04, 0.07, 0.09, 0.07, 0.01, 0.01, 0.02, 0.04, 0.03, 0.01, 0.06, 0.09, 0.04, 0.03, 0.03, 0.03, 0.01]",0.040000000000000036,
23,Plurality,ATVA_3,150,4,"{'D': 43, 'C': 42, 'A': 33, 'B': 32}","[0.58, 0.79, 0.54, 1.0, 0.75, 1.0, 1.0, 0.75, 0.42, 0.54, 1.0, 0.46, 0.75, 1.0, 1.0, 1.0, 1.0, 0.54, 0.54, 1.0, 1.0, 0.42, 0.58, 1.0, 0.58, 1.0, 1.0, 0.67, 0.46, 1.0, 0.58, 1.0, 0.79, 0.75, 0.54, 0.58, 1.0, 0.46, 0.79, 0.75, 1.0, 0.54, 0.79, 0.88, 0.58, 0.79, 1.0, 1.0, 0.46, 0.58, 0.75, 0.88, 1.0, 1.0, 0.5, 0.58, 1.0, 0.75, 0.5, 0.46, 0.79, 1.0, 0.46, 1.0, 0.58, 0.5, 1.0, 0.54, 1.0, 0.67, 1.0, 0.58, 0.58, 1.0, 0.58, 1.0, 1.0, 0.58, 0.79, 0.5, 0.58, 1.0, 0.88, 0.75, 1.0, 0.58, 0.46, 1.0, 0.67, 0.75, 1.0, 0.58, 1.0, 0.88, 0.67, 0.58, 0.58, 0.58, 0.5, 0.58, 0.5, 0.58, 0.42, 0.75, 0.58, 0.88, 0.54, 0.42, 1.0, 0.54, 1.0, 0.58, 0.5, 1.0, 0.58, 0.54, 0.58, 0.58, 0.58, 0.58, 0.58, 0.46, 0.54, 0.58, 0.88, 0.88, 0.58, 0.58, 0.58, 1.0, 0.54, 0.75, 0.5, 0.58, 1.0, 1.0, 1.0, 0.58, 0.58, 0.58, 0.58, 0.75, 0.58, 0.58, 0.58, 0.54, 0.88, 0.54, 0.75, 1.0]",108.7,"[2, 9, 12, 13, 18, 22, 29, 33, 38, 39, 55, 63, 70, 72, 73, 80, 86, 87, 92, 99, 101, 103, 104, 105, 108, 110, 113, 116, 120, 122, 128, 131, 132, 140, 149]","[0.07, 0.01, 0.1, 0.03, 0.05, 0.0, 0.03, 0.06, 0.06, 0.08, 0.01, 0.09, 0.01, 0.03, 0.01, 0.03, 0.04, 0.05, 0.09, 0.03, 0.03, 0.09, 0.06, 0.04, 0.1, 0.0, 0.04, 0.06, 0.07, 0.01, 0.06, 0.03, 0.01, 0.06, 0.09, 0.07, 0.04, 0.05, 0.01, 0.09, 0.01, 0.09, 0.06, 0.06, 0.06, 0.02, 0.01, 0.03, 0.1, 0.08, 0.08, 0.03, 0.03, 0.0, 0.07, 0.06, 0.04, 0.07, 0.08, 0.1, 0.07, 0.04, 0.09, 0.0, 0.09, 0.09, 0.01, 0.09, 0.0, 0.03, 0.03, 0.03, 0.03, 0.04, 0.1, 0.03, 0.03, 0.09, 0.03, 0.07, 0.09, 0.04, 0.06, 0.09, 0.0, 0.01, 0.04, 0.03, 0.06, 0.03, 0.04, 0.05, 0.03, 0.06, 0.07, 0.06, 0.07, 0.09, 0.07, 0.09, 0.03, 0.08, 0.06, 0.03, 0.01, 0.07, 0.09, 0.07, 0.04, 0.07, 0.01, 0.08, 0.07, 0.03, 0.09, 0.05, 0.07, 0.09, 0.06, 0.05, 0.09, 0.05, 0.09, 0.07, 0.06, 0.01, 0.09, 0.03, 0.09, 0.01, 0.07, 0.01, 0.09, 0.06, 0.03, 0.04, 0.03, 0.07, 0.07, 0.05, 0.09, 0.08, 0.09, 0.08, 0.09, 0.08, 0.01, 0.09, 0.01, 0.01]",0.040000000000000036,
24,Plurality,ATVA_3,150,4,"{'A': 42, 'B': 40, 'C': 37, 'D': 31}","[0.75, 0.42, 1.0, 1.0, 0.54, 0.67, 0.67, 0.46, 0.75, 0.88, 1.0, 0.5, 0.79, 1.0, 0.54, 0.54, 1.0, 0.75, 1.0, 0.58, 0.46, 0.58, 1.0, 0.5, 0.46, 1.0, 0.58, 0.75, 0.46, 0.5, 0.88, 0.46, 0.67, 1.0, 0.58, 1.0, 0.75, 0.58, 0.88, 1.0, 0.42, 0.42, 0.46, 1.0, 0.75, 0.46, 0.54, 1.0, 0.54, 0.58, 1.0, 1.0, 0.5, 1.0, 1.0, 1.0, 0.67, 1.0, 0.58, 0.42, 1.0, 1.0, 1.0, 0.58, 0.46, 0.58, 0.46, 1.0, 0.58, 0.5, 1.0, 0.58, 0.58, 1.0, 0.58, 0.58, 0.58, 0.58, 0.46, 0.42, 0.75, 1.0, 0.46, 0.46, 0.75, 0.54, 0.54, 0.42, 0.54, 1.0, 0.54, 0.58, 0.58, 0.42, 0.75, 0.46, 1.0, 0.75, 0.88, 0.46, 0.42, 0.88, 0.58, 0.88, 0.75, 0.58, 0.58, 0.58, 0.58, 0.67, 0.75, 1.0, 0.46, 0.75, 0.58, 0.75, 1.0, 0.67, 0.67, 1.0, 0.88, 0.75, 0.75, 1.0, 0.46, 1.0, 0.67, 0.58, 1.0, 0.46, 0.75, 1.0, 0.5, 0.5, 0.42, 0.58, 1.0, 1.0, 0.75, 1.0, 1.0, 1.0, 0.88, 0.79, 0.79, 0.75, 0.42, 1.0, 0.46, 1.0]",106.94,"[1, 2, 5, 6, 7, 12, 21, 22, 24, 25, 27, 29, 30, 32, 33, 35, 41, 42, 43, 46, 47, 50, 53, 57, 60, 64, 65, 66, 67, 72, 73, 75, 77, 79, 80, 83, 84, 87, 88, 91, 93, 94, 96, 100, 101, 103, 105, 106, 107, 108, 109, 110, 111, 118, 119, 123, 127, 128, 130, 134, 135, 146, 147, 149]","[0.01, 0.06, 0.03, 0.0, 0.05, 0.02, 0.01, 0.09, 0.03, 0.03, 0.0, 0.07, 0.02, 0.03, 0.07, 0.07, 0.01, 0.02, 0.01, 0.06, 0.03, 0.01, 0.01, 0.07, 0.07, 0.01, 0.05, 0.07, 0.03, 0.04, 0.03, 0.03, 0.03, 0.0, 0.01, 0.01, 0.03, 0.09, 0.01, 0.03, 0.06, 0.07, 0.06, 0.0, 0.05, 0.03, 0.03, 0.01, 0.09, 0.01, 0.0, 0.03, 0.04, 0.01, 0.01, 0.03, 0.02, 0.03, 0.07, 0.06, 0.01, 0.0, 0.01, 0.05, 0.03, 0.03, 0.06, 0.01, 0.07, 0.09, 0.03, 0.01, 0.01, 0.0, 0.02, 0.07, 0.01, 0.07, 0.07, 0.06, 0.05, 0.0, 0.04, 0.05, 0.04, 0.07, 0.04, 0.06, 0.09, 0.03, 0.04, 0.07, 0.02, 0.07, 0.03, 0.03, 0.01, 0.07, 0.02, 0.07, 0.09, 0.02, 0.03, 0.03, 0.03, 0.02, 0.03, 0.01, 0.03, 0.02, 0.01, 0.01, 0.09, 0.04, 0.07, 0.07, 0.01, 0.01, 0.03, 0.0, 0.03, 0.03, 0.01, 0.01, 0.09, 0.01, 0.02, 0.03, 0.0, 0.08, 0.03, 0.0, 0.09, 0.05, 0.06, 0.08, 0.0, 0.0, 0.03, 0.01, 0.01, 0.04, 0.03, 0.06, 0.06, 0.01, 0.07, 0.01, 0.04, 0.0]",0,
25,Plurality,ATVA_3,150,4,"{'B': 47, 'A': 44, 'D': 30, 'C': 29}","[0.88, 0.58, 0.75, 1.0, 1.0, 1.0, 0.58, 1.0, 1.0, 0.42, 0.79, 1.0, 1.0, 0.46, 1.0, 1.0, 0.67, 0.58, 0.88, 1.0, 1.0, 0.5, 0.58, 0.58, 1.0, 0.54, 0.54, 0.88, 0.58, 0.58, 0.42, 0.58, 0.88, 0.58, 0.58, 0.5, 0.58, 0.75, 1.0, 0.58, 1.0, 0.5, 1.0, 0.88, 0.58, 1.0, 0.46, 1.0, 1.0, 0.58, 1.0, 0.5, 0.46, 0.67, 1.0, 0.46, 1.0, 1.0, 0.5, 0.75, 1.0, 0.54, 0.58, 0.5, 0.42, 0.58, 0.46, 0.75, 0.67, 0.54, 0.5, 0.5, 1.0, 0.46, 0.67, 0.67, 0.88, 0.5, 1.0, 0.46, 0.67, 1.0, 1.0, 0.75, 0.46, 0.54, 1.0, 1.0, 1.0, 0.58, 0.54, 0.42, 0.58, 0.58, 0.75, 1.0, 0.46, 0.42, 1.0, 1.0, 0.58, 0.58, 0.58, 0.5, 0.79, 0.5, 0.5, 1.0, 0.88, 1.0, 0.58, 0.88, 1.0, 0.58, 1.0, 0.75, 1.0, 1.0, 0.58, 1.0, 0.54, 1.0, 0.88, 0.46, 1.0, 0.46, 0.79, 0.46, 1.0, 0.75, 0.67, 0.42, 1.0, 0.5, 0.88, 0.75, 0.79, 0.58, 0.75, 0.88, 0.79, 0.54, 1.0, 1.0, 0.79, 0.42, 1.0, 0.54, 0.58, 0.79]",109.88,"[7, 10, 11, 14, 17, 24, 26, 29, 30, 31, 35, 36, 37, 47, 53, 54, 59, 62, 63, 65, 68, 69, 71, 72, 74, 75, 80, 81, 90, 91, 92, 94, 97, 98, 103, 104, 107, 111, 114, 124, 126, 128, 130, 131, 134, 138, 141, 146]","[0.05, 0.07, 0.04, 0.0, 0.01, 0.0, 0.01, 0.0, 0.03, 0.07, 0.02, 0.01, 0.0, 0.03, 0.03, 0.03, 0.01, 0.07, 0.01, 0.03, 0.01, 0.09, 0.05, 0.03, 0.0, 0.03, 0.09, 0.01, 0.01, 0.05, 0.07, 0.09, 0.05, 0.06, 0.01, 0.03, 0.02, 0.07, 0.0, 0.07, 0.0, 0.09, 0.0, 0.07, 0.09, 0.04, 0.03, 0.01, 0.03, 0.06, 0.01, 0.09, 0.07, 0.01, 0.0, 0.09, 0.01, 0.01, 0.07, 0.07, 0.01, 0.04, 0.02, 0.09, 0.06, 0.1, 0.09, 0.02, 0.02, 0.1, 0.07, 0.04, 0.01, 0.07, 0.02, 0.07, 0.01, 0.09, 0.03, 0.04, 0.02, 0.03, 0.0, 0.03, 0.09, 0.09, 0.03, 0.03, 0.0, 0.02, 0.06, 0.09, 0.07, 0.05, 0.04, 0.0, 0.04, 0.07, 0.01, 0.04, 0.03, 0.06, 0.03, 0.07, 0.05, 0.09, 0.05, 0.03, 0.06, 0.03, 0.01, 0.01, 0.03, 0.01, 0.03, 0.03, 0.0, 0.0, 0.09, 0.0, 0.07, 0.01, 0.02, 0.04, 0.01, 0.07, 0.03, 0.07, 0.01, 0.01, 0.02, 0.1, 0.01, 0.04, 0.01, 0.07, 0.05, 0.03, 0.09, 0.02, 0.02, 0.07, 0.03, 0.01, 0.05, 0.07, 0.01, 0.09, 0.06, 0.03]",0.13,
26,Plurality,ATVA_3,150,4,"{'A': 49, 'C': 44, 'B': 30, 'D': 27}","[0.42, 1.0, 0.46, 0.46, 0.75, 0.75, 0.79, 0.75, 0.79, 0.5, 0.5, 0.46, 0.5, 1.0, 1.0, 1.0, 1.0, 1.0, 0.67, 0.75, 1.0, 1.0, 0.58, 1.0, 1.0, 1.0, 0.54, 0.75, 0.79, 0.46, 0.58, 0.79, 0.67, 1.0, 0.58, 0.5, 0.58, 0.54, 0.79, 0.54, 0.54, 0.58, 1.0, 0.67, 1.0, 0.58, 1.0, 0.58, 0.46, 0.75, 0.58, 0.54, 0.46, 1.0, 0.88, 0.58, 0.54, 0.79, 0.79, 1.0, 1.0, 1.0, 0.75, 0.46, 0.88, 1.0, 0.58, 1.0, 0.58, 1.0, 1.0, 1.0, 0.79, 0.42, 0.58, 0.58, 1.0, 0.46, 0.75, 0.58, 0.58, 0.79, 0.46, 1.0, 0.58, 0.54, 0.75, 0.88, 1.0, 0.58, 0.79, 0.75, 0.67, 1.0, 0.42, 1.0, 0.75, 0.79, 1.0, 0.88, 0.79, 1.0, 0.75, 1.0, 1.0, 0.88, 1.0, 0.79, 1.0, 0.58, 0.54, 0.75, 1.0, 0.67, 0.42, 0.75, 0.58, 0.75, 0.79, 0.58, 0.75, 0.54, 1.0, 0.58, 1.0, 0.5, 1.0, 1.0, 0.5, 0.58, 1.0, 1.0, 0.75, 1.0, 0.54, 0.75, 0.58, 0.58, 1.0, 0.58, 1.0, 0.67, 1.0, 0.54, 1.0, 0.75, 1.0, 1.0, 0.58, 0.58]",113.15,"[1, 4, 6, 9, 10, 11, 12, 13, 19, 30, 31, 32, 33, 36, 37, 38, 41, 44, 49, 51, 53, 56, 57, 69, 74, 75, 76, 78, 82, 83, 85, 90, 93, 95, 111, 112, 114, 116, 117, 120, 129, 135, 137, 149, 150]","[0.06, 0.01, 0.09, 0.07, 0.04, 0.01, 0.06, 0.07, 0.01, 0.04, 0.07, 0.05, 0.07, 0.03, 0.01, 0.03, 0.01, 0.03, 0.01, 0.04, 0.01, 0.01, 0.09, 0.01, 0.01, 0.01, 0.09, 0.03, 0.02, 0.07, 0.02, 0.01, 0.03, 0.03, 0.06, 0.07, 0.05, 0.06, 0.02, 0.07, 0.04, 0.09, 0.01, 0.03, 0.01, 0.09, 0.03, 0.09, 0.06, 0.04, 0.02, 0.09, 0.07, 0.01, 0.01, 0.04, 0.03, 0.02, 0.06, 0.01, 0.01, 0.04, 0.05, 0.09, 0.01, 0.03, 0.06, 0.03, 0.01, 0.01, 0.01, 0.0, 0.05, 0.07, 0.04, 0.01, 0.04, 0.06, 0.03, 0.09, 0.07, 0.01, 0.03, 0.01, 0.02, 0.07, 0.05, 0.02, 0.0, 0.05, 0.06, 0.03, 0.01, 0.04, 0.09, 0.04, 0.03, 0.02, 0.0, 0.01, 0.02, 0.01, 0.05, 0.0, 0.03, 0.01, 0.01, 0.06, 0.03, 0.07, 0.04, 0.03, 0.04, 0.02, 0.1, 0.01, 0.01, 0.09, 0.06, 0.04, 0.07, 0.08, 0.01, 0.05, 0.0, 0.09, 0.01, 0.04, 0.05, 0.06, 0.01, 0.03, 0.05, 0.03, 0.06, 0.09, 0.03, 0.05, 0.01, 0.07, 0.03, 0.07, 0.01, 0.09, 0.01, 0.02, 0.01, 0.03, 0.03, 0.03]",0,
27,Plurality,ATVA_3,150,4,"{'A': 43, 'C': 41, 'B': 33, 'D': 33}","[0.5, 1.0, 0.67, 0.54, 0.5, 0.5, 0.58, 1.0, 1.0, 0.54, 0.58, 0.79, 0.46, 1.0, 0.5, 0.67, 0.88, 1.0, 0.58, 0.75, 0.5, 1.0, 0.5, 0.54, 0.46, 1.0, 0.46, 0.67, 1.0, 1.0, 1.0, 0.58, 0.88, 1.0, 0.46, 1.0, 0.54, 0.58, 1.0, 0.58, 0.79, 0.5, 1.0, 0.88, 1.0, 0.58, 0.67, 1.0, 0.42, 0.58, 0.75, 1.0, 0.58, 0.88, 0.46, 0.79, 0.54, 0.42, 0.5, 0.88, 0.58, 0.58, 1.0, 0.46, 0.46, 1.0, 0.58, 0.42, 0.46, 1.0, 0.58, 0.58, 1.0, 1.0, 1.0, 0.58, 1.0, 0.5, 0.5, 0.46, 0.67, 0.79, 1.0, 0.79, 1.0, 0.58, 1.0, 0.75, 1.0, 0.5, 0.42, 0.58, 0.75, 0.67, 1.0, 0.79, 0.79, 0.67, 0.54, 0.75, 1.0, 0.88, 0.58, 0.54, 0.58, 0.88, 0.54, 1.0, 0.58, 0.46, 1.0, 0.58, 1.0, 0.5, 1.0, 1.0, 0.79, 0.46, 0.79, 0.58, 0.75, 0.75, 0.79, 1.0, 1.0, 0.42, 0.75, 1.0, 0.67, 0.75, 0.42, 0.5, 0.58, 0.75, 0.75, 1.0, 0.58, 1.0, 0.58, 0.58, 1.0, 0.46, 0.5, 1.0, 0.58, 0.75, 1.0, 0.79, 0.5, 0.75]",108.47999999999999,"[1, 3, 5, 6, 12, 13, 15, 16, 19, 21, 23, 24, 25, 27, 28, 32, 37, 42, 47, 49, 55, 56, 58, 59, 64, 65, 68, 69, 72, 78, 79, 80, 81, 90, 91, 93, 94, 96, 98, 105, 107, 110, 117, 118, 121, 123, 126, 127, 129, 130, 131, 135, 143, 146, 149]","[0.05, 0.03, 0.05, 0.1, 0.07, 0.03, 0.09, 0.01, 0.03, 0.05, 0.06, 0.02, 0.09, 0.01, 0.03, 0.03, 0.05, 0.03, 0.03, 0.08, 0.06, 0.01, 0.03, 0.07, 0.06, 0.0, 0.07, 0.03, 0.01, 0.0, 0.03, 0.01, 0.05, 0.01, 0.09, 0.0, 0.03, 0.07, 0.01, 0.08, 0.07, 0.07, 0.04, 0.01, 0.01, 0.08, 0.03, 0.0, 0.06, 0.06, 0.06, 0.01, 0.07, 0.01, 0.07, 0.01, 0.07, 0.07, 0.07, 0.02, 0.06, 0.07, 0.03, 0.06, 0.06, 0.0, 0.07, 0.09, 0.03, 0.01, 0.04, 0.03, 0.04, 0.0, 0.0, 0.06, 0.01, 0.03, 0.05, 0.05, 0.03, 0.03, 0.0, 0.05, 0.03, 0.07, 0.03, 0.05, 0.01, 0.07, 0.07, 0.07, 0.05, 0.01, 0.0, 0.02, 0.05, 0.02, 0.09, 0.07, 0.0, 0.06, 0.03, 0.05, 0.01, 0.03, 0.06, 0.01, 0.03, 0.05, 0.01, 0.09, 0.01, 0.1, 0.03, 0.01, 0.02, 0.05, 0.06, 0.09, 0.01, 0.03, 0.01, 0.04, 0.0, 0.07, 0.05, 0.01, 0.02, 0.02, 0.07, 0.09, 0.06, 0.03, 0.01, 0.03, 0.03, 0.01, 0.09, 0.07, 0.01, 0.09, 0.05, 0.03, 0.09, 0.05, 0.01, 0.05, 0.05, 0.03]",0.13,
28,Plurality,ATVA_3,150,4,"{'A': 45, 'D': 41, 'B': 37, 'C': 27}","[1.0, 0.46, 1.0, 0.75, 0.75, 1.0, 0.46, 1.0, 0.58, 0.54, 0.88, 1.0, 1.0, 1.0, 1.0, 0.58, 1.0, 0.54, 0.42, 1.0, 0.58, 0.58, 0.58, 0.46, 0.58, 0.5, 1.0, 0.75, 0.5, 0.75, 0.58, 0.75, 1.0, 0.58, 0.58, 0.75, 0.88, 0.54, 0.75, 0.79, 1.0, 1.0, 1.0, 1.0, 0.58, 0.46, 0.58, 1.0, 0.79, 0.54, 0.42, 0.5, 0.58, 1.0, 0.46, 0.54, 0.54, 1.0, 1.0, 0.58, 0.5, 0.54, 0.46, 1.0, 0.46, 0.67, 0.54, 0.67, 0.88, 0.75, 1.0, 0.88, 1.0, 1.0, 1.0, 0.88, 0.5, 0.88, 0.54, 0.58, 0.58, 0.58, 0.88, 0.79, 1.0, 0.58, 0.67, 1.0, 0.75, 0.58, 1.0, 0.88, 1.0, 0.58, 0.58, 0.5, 0.5, 1.0, 1.0, 0.46, 0.88, 0.5, 0.58, 0.42, 0.58, 0.58, 0.46, 0.46, 1.0, 0.75, 0.88, 0.58, 0.67, 0.58, 0.75, 0.46, 0.5, 0.75, 1.0, 0.58, 1.0, 0.46, 1.0, 0.58, 0.67, 0.5, 0.75, 1.0, 0.58, 1.0, 1.0, 1.0, 1.0, 0.79, 0.75, 0.46, 0.75, 1.0, 0.75, 0.54, 0.5, 0.75, 1.0, 0.58, 1.0, 1.0, 0.54, 1.0, 0.75, 0.79]",110.1,"[2, 9, 10, 16, 18, 19, 22, 23, 24, 25, 29, 31, 34, 38, 40, 46, 47, 50, 51, 52, 56, 60, 61, 62, 63, 65, 66, 67, 70, 77, 79, 80, 82, 87, 90, 94, 96, 97, 100, 102, 103, 104, 107, 108, 113, 114, 116, 122, 124, 125, 126, 135, 136, 140, 141, 150]","[0.04, 0.07, 0.03, 0.08, 0.08, 0.0, 0.09, 0.03, 0.02, 0.03, 0.02, 0.03, 0.03, 0.03, 0.03, 0.03, 0.0, 0.07, 0.09, 0.01, 0.07, 0.02, 0.02, 0.04, 0.04, 0.09, 0.04, 0.05, 0.04, 0.08, 0.01, 0.03, 0.04, 0.05, 0.05, 0.05, 0.03, 0.06, 0.09, 0.01, 0.03, 0.03, 0.01, 0.01, 0.09, 0.07, 0.01, 0.01, 0.03, 0.05, 0.06, 0.07, 0.07, 0.01, 0.09, 0.06, 0.09, 0.04, 0.01, 0.01, 0.05, 0.06, 0.06, 0.03, 0.07, 0.03, 0.05, 0.07, 0.02, 0.03, 0.04, 0.05, 0.03, 0.0, 0.01, 0.02, 0.03, 0.03, 0.03, 0.01, 0.08, 0.03, 0.01, 0.07, 0.01, 0.09, 0.02, 0.03, 0.07, 0.01, 0.01, 0.05, 0.04, 0.01, 0.05, 0.04, 0.04, 0.04, 0.03, 0.05, 0.02, 0.05, 0.05, 0.06, 0.07, 0.07, 0.08, 0.04, 0.01, 0.04, 0.03, 0.06, 0.01, 0.05, 0.02, 0.07, 0.09, 0.02, 0.03, 0.07, 0.03, 0.06, 0.01, 0.01, 0.01, 0.05, 0.07, 0.01, 0.08, 0.04, 0.01, 0.01, 0.03, 0.02, 0.03, 0.07, 0.03, 0.01, 0.05, 0.05, 0.05, 0.05, 0.01, 0.06, 0.01, 0.01, 0.07, 0.04, 0.02, 0.01]",0,
29,Plurality,ATVA_3,150,4,"{'B': 39, 'A': 38, 'D': 37, 'C': 36}","[1.0, 0.75, 0.58, 0.58, 0.54, 1.0, 0.58, 0.58, 0.58, 0.75, 0.88, 0.88, 0.5, 0.67, 0.46, 1.0, 1.0, 0.67, 1.0, 0.46, 1.0, 0.58, 0.88, 0.88, 0.75, 0.67, 0.54, 0.5, 0.88, 0.88, 0.79, 0.5, 0.58, 0.75, 1.0, 0.54, 0.42, 0.75, 0.58, 0.42, 0.58, 1.0, 0.58, 1.0, 0.46, 1.0, 0.58, 0.58, 0.42, 0.67, 1.0, 1.0, 1.0, 0.46, 0.42, 0.46, 1.0, 0.75, 0.5, 0.5, 0.42, 1.0, 1.0, 0.42, 0.58, 0.58, 1.0, 0.42, 0.54, 0.5, 0.75, 1.0, 0.58, 1.0, 0.75, 0.88, 1.0, 0.46, 0.75, 0.58, 0.42, 0.58, 1.0, 0.75, 0.58, 0.88, 0.46, 0.54, 0.5, 0.5, 0.54, 0.75, 0.75, 0.75, 0.58, 0.54, 0.58, 0.58, 1.0, 1.0, 0.75, 1.0, 0.79, 0.5, 0.67, 0.58, 1.0, 0.5, 0.54, 0.54, 1.0, 0.46, 1.0, 0.75, 0.54, 1.0, 0.58, 1.0, 0.54, 0.58, 0.58, 1.0, 1.0, 1.0, 0.5, 1.0, 0.88, 0.42, 1.0, 0.75, 0.54, 1.0, 0.46, 1.0, 0.58, 0.58, 1.0, 0.67, 1.0, 0.58, 0.58, 0.58, 0.79, 0.54, 0.58, 0.5, 0.46, 0.5, 0.58, 1.0]",105.76999999999998,"[2, 9, 13, 14, 18, 26, 27, 28, 32, 37, 39, 40, 43, 48, 49, 50, 54, 55, 56, 59, 61, 64, 65, 66, 68, 69, 70, 73, 78, 79, 81, 87, 89, 90, 91, 95, 98, 104, 105, 108, 109, 110, 112, 115, 117, 120, 125, 128, 130, 131, 133, 138, 140, 141, 142, 146, 147]","[0.0, 0.02, 0.07, 0.08, 0.08, 0.03, 0.07, 0.09, 0.02, 0.03, 0.06, 0.01, 0.07, 0.01, 0.09, 0.01, 0.0, 0.02, 0.01, 0.09, 0.01, 0.06, 0.01, 0.07, 0.09, 0.02, 0.04, 0.09, 0.07, 0.05, 0.07, 0.07, 0.07, 0.08, 0.03, 0.07, 0.1, 0.07, 0.01, 0.06, 0.04, 0.03, 0.02, 0.01, 0.1, 0.01, 0.06, 0.03, 0.09, 0.02, 0.01, 0.03, 0.0, 0.03, 0.06, 0.07, 0.0, 0.04, 0.09, 0.1, 0.09, 0.01, 0.0, 0.1, 0.02, 0.02, 0.01, 0.07, 0.07, 0.09, 0.03, 0.03, 0.01, 0.01, 0.04, 0.06, 0.01, 0.06, 0.03, 0.07, 0.07, 0.03, 0.01, 0.07, 0.07, 0.02, 0.09, 0.07, 0.09, 0.06, 0.06, 0.03, 0.03, 0.04, 0.03, 0.05, 0.09, 0.02, 0.03, 0.01, 0.09, 0.0, 0.05, 0.04, 0.02, 0.04, 0.0, 0.07, 0.04, 0.07, 0.01, 0.03, 0.01, 0.04, 0.07, 0.01, 0.02, 0.0, 0.05, 0.01, 0.07, 0.03, 0.01, 0.0, 0.09, 0.01, 0.02, 0.1, 0.03, 0.05, 0.06, 0.03, 0.07, 0.03, 0.09, 0.06, 0.03, 0.02, 0.01, 0.05, 0.01, 0.05, 0.06, 0.1, 0.06, 0.03, 0.03, 0.08, 0.05, 0.01]",0.13,
30,Plurality,ATVA_4,150,4,"{'B': 46, 'A': 37, 'C': 36, 'D': 31}","[0.5, 1.0, 0.5, 0.58, 0.88, 0.58, 1.0, 1.0, 0.67, 0.75, 0.75, 0.5, 0.42, 0.75, 0.75, 1.0, 0.58, 1.0, 0.54, 0.42, 0.58, 0.75, 0.75, 0.58, 0.58, 0.75, 0.54, 0.5, 1.0, 0.54, 1.0, 1.0, 0.58, 0.46, 0.5, 0.58, 1.0, 0.75, 0.79, 0.46, 0.58, 0.58, 0.75, 1.0, 1.0, 0.5, 1.0, 0.58, 0.58, 1.0, 0.58, 1.0, 1.0, 0.46, 0.75, 0.58, 0.75, 0.46, 1.0, 1.0, 0.58, 1.0, 0.58, 1.0, 0.5, 1.0, 0.54, 0.46, 0.5, 1.0, 0.58, 0.58, 0.46, 0.42, 0.54, 1.0, 1.0, 1.0, 1.0, 1.0, 0.58, 0.54, 0.42, 0.75, 0.58, 0.5, 0.75, 0.75, 1.0, 0.42, 1.0, 0.79, 0.58, 0.46, 1.0, 1.0, 0.88, 0.79, 1.0, 0.79, 1.0, 1.0, 0.75, 0.58, 1.0, 0.58, 1.0, 1.0, 1.0, 0.46, 0.42, 1.0, 0.58, 0.58, 0.5, 0.88, 0.54, 0.58, 0.67, 0.58, 0.88, 1.0, 0.58, 0.58, 1.0, 0.75, 0.54, 0.79, 1.0, 0.42, 0.75, 0.58, 0.75, 0.67, 0.54, 0.75, 0.5, 1.0, 0.75, 0.75, 1.0, 0.42, 0.54, 1.0, 0.54, 1.0, 0.75, 0.42, 0.79, 1.0]",109.07,[],"[0.09, 0.03, 0.09, 0.07, 0.01, 0.06, 0.0, 0.03, 0.05, 0.02, 0.04, 0.08, 0.1, 0.02, 0.03, 0.04, 0.06, 0.01, 0.07, 0.1, 0.07, 0.04, 0.04, 0.07, 0.06, 0.02, 0.07, 0.08, 0.0, 0.07, 0.04, 0.03, 0.07, 0.09, 0.08, 0.06, 0.03, 0.03, 0.03, 0.09, 0.07, 0.07, 0.04, 0.03, 0.03, 0.08, 0.01, 0.05, 0.06, 0.03, 0.06, 0.01, 0.04, 0.09, 0.04, 0.06, 0.02, 0.09, 0.01, 0.0, 0.07, 0.03, 0.07, 0.01, 0.09, 0.0, 0.07, 0.09, 0.08, 0.0, 0.06, 0.06, 0.09, 0.1, 0.07, 0.03, 0.03, 0.01, 0.03, 0.03, 0.06, 0.07, 0.1, 0.04, 0.07, 0.08, 0.03, 0.03, 0.04, 0.1, 0.01, 0.03, 0.06, 0.09, 0.0, 0.03, 0.01, 0.03, 0.03, 0.03, 0.01, 0.04, 0.03, 0.06, 0.01, 0.07, 0.03, 0.01, 0.03, 0.09, 0.1, 0.03, 0.06, 0.05, 0.09, 0.01, 0.07, 0.07, 0.05, 0.05, 0.01, 0.01, 0.06, 0.06, 0.01, 0.02, 0.07, 0.03, 0.01, 0.1, 0.04, 0.07, 0.02, 0.05, 0.07, 0.04, 0.08, 0.03, 0.02, 0.04, 0.03, 0.1, 0.07, 0.03, 0.07, 0.01, 0.03, 0.1, 0.03, 0.01]",0,
31,Plurality,ATVA_4,150,4,"{'B': 40, 'D': 39, 'C': 36, 'A': 35}","[1.0, 0.54, 0.67, 1.0, 0.67, 1.0, 1.0, 0.75, 1.0, 1.0, 1.0, 0.75, 0.75, 1.0, 0.67, 0.79, 1.0, 0.46, 1.0, 0.5, 0.5, 1.0, 0.67, 0.79, 0.58, 0.67, 0.88, 0.58, 0.54, 0.42, 0.79, 0.42, 0.54, 0.58, 0.75, 0.58, 0.58, 0.5, 0.75, 0.88, 0.67, 1.0, 0.75, 1.0, 0.5, 0.58, 1.0, 1.0, 0.5, 0.67, 0.58, 0.46, 0.54, 0.75, 0.58, 0.54, 0.67, 0.46, 0.67, 0.75, 0.5, 1.0, 0.5, 0.58, 0.46, 1.0, 0.67, 0.58, 0.88, 0.88, 0.46, 0.46, 1.0, 0.79, 0.75, 0.88, 0.67, 1.0, 0.5, 0.58, 0.46, 0.75, 0.46, 0.58, 0.54, 1.0, 0.46, 1.0, 0.46, 1.0, 1.0, 0.58, 0.54, 1.0, 1.0, 0.46, 0.79, 0.58, 1.0, 1.0, 0.58, 1.0, 0.58, 1.0, 0.58, 0.67, 0.46, 0.5, 0.5, 0.58, 1.0, 1.0, 0.79, 0.58, 0.46, 1.0, 0.58, 0.67, 0.46, 1.0, 0.88, 0.58, 0.42, 0.58, 0.58, 0.46, 0.75, 0.54, 0.75, 1.0, 0.58, 1.0, 0.46, 0.58, 1.0, 0.58, 0.67, 0.67, 0.58, 0.42, 0.58, 1.0, 0.46, 1.0, 1.0, 0.5, 1.0, 0.42, 0.58, 0.42]",106.05,"[3, 5, 15, 23, 26, 35, 41, 50, 57, 59, 67, 75, 77, 106, 118, 137, 138]","[0.01, 0.07, 0.05, 0.03, 0.05, 0.04, 0.01, 0.04, 0.03, 0.01, 0.03, 0.04, 0.03, 0.01, 0.05, 0.03, 0.04, 0.09, 0.04, 0.08, 0.08, 0.03, 0.05, 0.03, 0.06, 0.05, 0.01, 0.07, 0.07, 0.1, 0.03, 0.1, 0.07, 0.07, 0.02, 0.06, 0.07, 0.08, 0.04, 0.01, 0.05, 0.03, 0.04, 0.03, 0.08, 0.05, 0.04, 0.03, 0.09, 0.05, 0.06, 0.09, 0.07, 0.03, 0.05, 0.07, 0.05, 0.09, 0.05, 0.04, 0.08, 0.0, 0.08, 0.05, 0.09, 0.03, 0.05, 0.06, 0.01, 0.01, 0.09, 0.09, 0.0, 0.03, 0.02, 0.01, 0.05, 0.03, 0.09, 0.07, 0.09, 0.04, 0.09, 0.05, 0.07, 0.01, 0.09, 0.01, 0.09, 0.04, 0.01, 0.07, 0.07, 0.01, 0.01, 0.09, 0.03, 0.06, 0.01, 0.01, 0.05, 0.04, 0.06, 0.04, 0.06, 0.05, 0.09, 0.08, 0.09, 0.06, 0.04, 0.01, 0.03, 0.06, 0.09, 0.01, 0.07, 0.05, 0.09, 0.03, 0.01, 0.05, 0.1, 0.06, 0.05, 0.09, 0.03, 0.07, 0.03, 0.0, 0.07, 0.0, 0.09, 0.05, 0.0, 0.06, 0.05, 0.05, 0.07, 0.1, 0.06, 0.04, 0.09, 0.04, 0.03, 0.09, 0.0, 0.1, 0.07, 0.1]",0.13,
32,Plurality,ATVA_4,150,4,"{'D': 46, 'A': 37, 'C': 35, 'B': 32}","[0.58, 1.0, 0.88, 0.67, 1.0, 0.67, 0.75, 1.0, 1.0, 0.58, 0.42, 0.46, 0.54, 1.0, 1.0, 1.0, 0.46, 1.0, 0.79, 0.46, 1.0, 0.88, 0.54, 0.5, 0.54, 0.46, 0.42, 0.88, 0.79, 0.5, 1.0, 1.0, 1.0, 0.54, 0.54, 0.58, 0.5, 0.58, 0.79, 1.0, 1.0, 1.0, 0.58, 0.46, 0.79, 0.58, 0.58, 1.0, 0.88, 1.0, 0.42, 1.0, 1.0, 0.67, 1.0, 0.54, 1.0, 0.58, 0.5, 0.79, 0.46, 0.75, 1.0, 0.75, 0.58, 0.54, 1.0, 0.5, 0.67, 1.0, 0.88, 0.58, 0.46, 1.0, 0.54, 1.0, 0.54, 1.0, 0.54, 0.79, 0.58, 0.5, 0.54, 1.0, 0.54, 1.0, 1.0, 0.75, 1.0, 0.75, 1.0, 0.75, 1.0, 0.5, 0.46, 0.46, 1.0, 0.58, 0.42, 0.58, 0.58, 1.0, 0.58, 1.0, 0.46, 0.58, 0.67, 0.75, 0.5, 1.0, 0.79, 1.0, 0.67, 1.0, 0.54, 1.0, 1.0, 1.0, 0.58, 0.58, 0.46, 0.75, 0.75, 0.58, 0.54, 0.67, 0.46, 0.46, 0.5, 0.54, 0.54, 0.58, 0.58, 1.0, 0.58, 0.54, 1.0, 0.5, 1.0, 0.54, 0.58, 0.5, 0.88, 0.54, 0.58, 0.75, 0.88, 0.58, 0.58, 1.0]",108.38,[],"[0.05, 0.03, 0.01, 0.05, 0.01, 0.05, 0.03, 0.04, 0.01, 0.05, 0.1, 0.09, 0.07, 0.01, 0.01, 0.0, 0.09, 0.03, 0.03, 0.09, 0.04, 0.01, 0.07, 0.08, 0.07, 0.09, 0.1, 0.01, 0.03, 0.08, 0.01, 0.04, 0.01, 0.07, 0.07, 0.05, 0.09, 0.06, 0.03, 0.01, 0.04, 0.0, 0.06, 0.09, 0.03, 0.06, 0.07, 0.01, 0.01, 0.03, 0.1, 0.04, 0.01, 0.05, 0.0, 0.07, 0.0, 0.07, 0.08, 0.03, 0.09, 0.02, 0.03, 0.02, 0.06, 0.07, 0.04, 0.09, 0.05, 0.01, 0.01, 0.07, 0.09, 0.03, 0.07, 0.01, 0.07, 0.0, 0.07, 0.03, 0.07, 0.09, 0.07, 0.04, 0.07, 0.03, 0.01, 0.04, 0.01, 0.02, 0.03, 0.04, 0.03, 0.09, 0.09, 0.09, 0.01, 0.07, 0.1, 0.05, 0.07, 0.01, 0.06, 0.03, 0.09, 0.05, 0.05, 0.04, 0.09, 0.01, 0.03, 0.04, 0.05, 0.03, 0.07, 0.03, 0.0, 0.01, 0.07, 0.06, 0.09, 0.02, 0.02, 0.06, 0.07, 0.05, 0.09, 0.09, 0.08, 0.07, 0.07, 0.05, 0.06, 0.03, 0.07, 0.07, 0.03, 0.09, 0.03, 0.07, 0.06, 0.09, 0.01, 0.07, 0.06, 0.03, 0.01, 0.05, 0.05, 0.04]",0,
33,Plurality,ATVA_4,150,4,"{'A': 46, 'D': 42, 'B': 32, 'C': 30}","[1.0, 1.0, 0.54, 1.0, 1.0, 0.88, 0.58, 1.0, 1.0, 1.0, 0.75, 0.54, 0.75, 0.79, 0.58, 1.0, 0.79, 1.0, 1.0, 0.58, 0.75, 0.58, 0.54, 0.58, 0.54, 1.0, 0.58, 0.58, 0.75, 0.5, 0.5, 0.54, 1.0, 0.75, 0.75, 1.0, 0.58, 1.0, 0.46, 0.88, 0.58, 0.58, 0.58, 0.58, 1.0, 0.75, 0.5, 0.75, 0.75, 1.0, 0.58, 1.0, 1.0, 0.58, 1.0, 0.54, 0.58, 0.75, 1.0, 0.42, 1.0, 0.75, 0.5, 1.0, 0.54, 0.46, 0.75, 0.58, 0.58, 0.58, 0.79, 1.0, 0.46, 0.46, 0.46, 0.58, 0.54, 0.5, 1.0, 1.0, 0.58, 1.0, 1.0, 1.0, 0.54, 0.75, 1.0, 0.58, 0.46, 0.75, 0.46, 1.0, 0.54, 1.0, 0.67, 0.46, 1.0, 0.75, 0.88, 0.88, 0.58, 0.88, 1.0, 1.0, 0.58, 0.46, 0.46, 0.79, 1.0, 0.58, 0.5, 0.58, 1.0, 1.0, 0.88, 0.75, 1.0, 0.79, 0.58, 0.75, 0.75, 0.88, 0.58, 0.58, 1.0, 0.75, 0.75, 1.0, 0.75, 0.58, 1.0, 1.0, 0.58, 1.0, 0.54, 0.54, 0.79, 0.75, 0.42, 1.0, 0.67, 0.75, 0.5, 1.0, 0.58, 0.75, 1.0, 0.58, 0.46, 0.58]",111.25999999999999,[],"[0.01, 0.0, 0.07, 0.0, 0.01, 0.01, 0.07, 0.01, 0.01, 0.01, 0.04, 0.07, 0.03, 0.03, 0.06, 0.04, 0.03, 0.01, 0.03, 0.06, 0.02, 0.05, 0.07, 0.07, 0.07, 0.03, 0.05, 0.07, 0.04, 0.09, 0.09, 0.07, 0.0, 0.03, 0.02, 0.03, 0.07, 0.01, 0.09, 0.01, 0.07, 0.06, 0.05, 0.07, 0.03, 0.02, 0.09, 0.04, 0.02, 0.01, 0.07, 0.01, 0.03, 0.06, 0.01, 0.07, 0.06, 0.03, 0.03, 0.1, 0.01, 0.04, 0.08, 0.0, 0.07, 0.09, 0.02, 0.06, 0.05, 0.07, 0.03, 0.03, 0.09, 0.09, 0.09, 0.06, 0.07, 0.08, 0.04, 0.0, 0.05, 0.03, 0.04, 0.03, 0.07, 0.02, 0.01, 0.06, 0.09, 0.02, 0.09, 0.01, 0.07, 0.03, 0.05, 0.09, 0.0, 0.04, 0.01, 0.01, 0.06, 0.01, 0.03, 0.01, 0.06, 0.09, 0.09, 0.03, 0.04, 0.06, 0.08, 0.06, 0.03, 0.0, 0.01, 0.04, 0.04, 0.03, 0.06, 0.04, 0.03, 0.01, 0.07, 0.07, 0.01, 0.03, 0.02, 0.03, 0.02, 0.06, 0.03, 0.01, 0.07, 0.01, 0.07, 0.07, 0.03, 0.03, 0.1, 0.01, 0.05, 0.02, 0.09, 0.01, 0.07, 0.02, 0.03, 0.06, 0.09, 0.06]",0,
34,Plurality,ATVA_4,150,4,"{'D': 48, 'A': 42, 'B': 32, 'C': 28}","[1.0, 0.88, 0.67, 0.75, 0.54, 1.0, 0.58, 0.67, 1.0, 0.75, 0.46, 0.75, 1.0, 0.58, 0.54, 0.75, 0.58, 0.58, 0.54, 0.88, 0.54, 1.0, 1.0, 0.79, 0.54, 1.0, 1.0, 1.0, 1.0, 0.46, 0.46, 0.75, 0.67, 0.67, 0.75, 0.75, 1.0, 0.5, 0.54, 0.75, 0.46, 0.58, 0.67, 0.58, 0.75, 0.58, 0.58, 0.42, 0.58, 1.0, 0.54, 0.58, 1.0, 0.5, 0.79, 1.0, 0.58, 1.0, 0.58, 1.0, 1.0, 0.46, 0.46, 0.88, 0.58, 0.5, 1.0, 1.0, 1.0, 0.58, 0.54, 0.79, 0.58, 0.42, 0.75, 1.0, 1.0, 0.5, 0.67, 0.75, 0.58, 1.0, 1.0, 0.5, 0.46, 1.0, 0.79, 1.0, 1.0, 0.58, 0.58, 0.5, 1.0, 1.0, 0.75, 1.0, 0.5, 0.75, 0.54, 0.54, 0.79, 0.88, 0.67, 1.0, 0.5, 0.88, 0.5, 0.58, 1.0, 0.42, 0.75, 0.54, 0.75, 1.0, 0.58, 1.0, 0.75, 0.54, 0.79, 0.46, 0.75, 0.75, 1.0, 0.75, 1.0, 1.0, 0.88, 0.54, 1.0, 1.0, 1.0, 1.0, 1.0, 0.75, 0.75, 1.0, 1.0, 0.58, 1.0, 1.0, 1.0, 0.79, 0.5, 0.88, 0.58, 1.0, 0.67, 0.88, 0.42, 0.54]",112.36000000000001,[],"[0.01, 0.01, 0.05, 0.03, 0.07, 0.04, 0.07, 0.05, 0.03, 0.03, 0.09, 0.03, 0.03, 0.07, 0.07, 0.02, 0.05, 0.06, 0.07, 0.01, 0.07, 0.03, 0.0, 0.03, 0.07, 0.0, 0.01, 0.04, 0.01, 0.09, 0.09, 0.02, 0.05, 0.05, 0.04, 0.03, 0.0, 0.08, 0.07, 0.02, 0.09, 0.07, 0.05, 0.05, 0.04, 0.05, 0.07, 0.1, 0.05, 0.04, 0.07, 0.07, 0.03, 0.08, 0.03, 0.03, 0.06, 0.01, 0.06, 0.01, 0.01, 0.09, 0.09, 0.01, 0.05, 0.08, 0.03, 0.03, 0.03, 0.07, 0.07, 0.03, 0.07, 0.1, 0.02, 0.04, 0.0, 0.09, 0.05, 0.02, 0.07, 0.04, 0.01, 0.08, 0.09, 0.0, 0.03, 0.03, 0.03, 0.06, 0.06, 0.09, 0.01, 0.03, 0.02, 0.03, 0.09, 0.04, 0.07, 0.07, 0.03, 0.01, 0.05, 0.03, 0.09, 0.01, 0.08, 0.07, 0.04, 0.1, 0.04, 0.07, 0.02, 0.01, 0.06, 0.01, 0.04, 0.07, 0.03, 0.09, 0.02, 0.02, 0.03, 0.03, 0.04, 0.01, 0.01, 0.07, 0.04, 0.03, 0.01, 0.03, 0.0, 0.04, 0.04, 0.0, 0.01, 0.06, 0.04, 0.03, 0.04, 0.03, 0.08, 0.01, 0.06, 0.03, 0.05, 0.01, 0.1, 0.07]",0,
35,Plurality,ATVA_4,150,4,"{'B': 39, 'D': 38, 'C': 37, 'A': 36}","[0.58, 1.0, 0.5, 1.0, 0.75, 0.58, 0.42, 0.67, 0.75, 0.46, 0.58, 1.0, 1.0, 1.0, 1.0, 0.75, 1.0, 0.5, 0.75, 0.46, 1.0, 0.58, 0.5, 0.75, 1.0, 0.46, 0.5, 0.58, 0.75, 1.0, 0.5, 0.58, 1.0, 0.75, 0.67, 0.58, 0.58, 0.46, 0.58, 1.0, 1.0, 0.75, 0.58, 0.58, 1.0, 0.58, 0.75, 0.75, 1.0, 0.5, 1.0, 0.54, 1.0, 0.67, 0.75, 0.88, 0.42, 1.0, 0.75, 0.46, 1.0, 0.88, 0.79, 0.46, 0.42, 0.67, 0.5, 0.42, 0.46, 1.0, 0.58, 0.75, 0.58, 0.5, 0.58, 0.5, 0.46, 0.46, 0.58, 0.88, 0.67, 0.54, 0.42, 0.67, 0.58, 0.75, 0.46, 0.88, 1.0, 0.46, 1.0, 0.75, 1.0, 1.0, 1.0, 0.58, 0.42, 1.0, 0.58, 0.46, 0.67, 0.67, 1.0, 1.0, 1.0, 0.67, 0.54, 1.0, 0.88, 1.0, 0.79, 0.58, 0.58, 0.5, 0.5, 0.79, 0.58, 0.54, 1.0, 0.46, 0.58, 0.5, 0.58, 0.58, 0.79, 1.0, 0.46, 0.58, 0.58, 1.0, 0.58, 1.0, 0.75, 0.58, 1.0, 0.67, 1.0, 0.88, 0.79, 1.0, 0.58, 1.0, 0.54, 0.58, 0.67, 0.54, 0.75, 0.5, 0.75, 0.58]",106.36,"[7, 38, 52, 57, 64, 65, 68, 69, 78, 83, 87, 90, 97, 100, 118, 120, 127]","[0.05, 0.0, 0.08, 0.04, 0.04, 0.07, 0.1, 0.05, 0.02, 0.09, 0.07, 0.01, 0.03, 0.04, 0.03, 0.04, 0.01, 0.08, 0.03, 0.09, 0.03, 0.07, 0.08, 0.04, 0.01, 0.09, 0.08, 0.07, 0.03, 0.01, 0.08, 0.06, 0.03, 0.02, 0.05, 0.05, 0.06, 0.09, 0.05, 0.01, 0.03, 0.04, 0.07, 0.07, 0.01, 0.07, 0.04, 0.04, 0.03, 0.08, 0.04, 0.07, 0.04, 0.05, 0.02, 0.01, 0.1, 0.01, 0.02, 0.09, 0.01, 0.01, 0.03, 0.09, 0.1, 0.05, 0.09, 0.1, 0.09, 0.03, 0.06, 0.04, 0.07, 0.09, 0.06, 0.09, 0.09, 0.09, 0.05, 0.01, 0.05, 0.07, 0.1, 0.05, 0.05, 0.04, 0.09, 0.01, 0.03, 0.09, 0.01, 0.03, 0.01, 0.04, 0.01, 0.07, 0.1, 0.0, 0.06, 0.09, 0.05, 0.05, 0.04, 0.03, 0.01, 0.05, 0.07, 0.0, 0.01, 0.01, 0.03, 0.06, 0.06, 0.09, 0.09, 0.03, 0.05, 0.07, 0.04, 0.09, 0.07, 0.09, 0.06, 0.06, 0.03, 0.03, 0.09, 0.06, 0.06, 0.0, 0.06, 0.03, 0.03, 0.05, 0.01, 0.05, 0.04, 0.01, 0.03, 0.04, 0.07, 0.03, 0.07, 0.06, 0.05, 0.07, 0.02, 0.08, 0.04, 0.05]",0.11999999999999994,
36,Plurality,ATVA_4,150,4,"{'D': 45, 'B': 39, 'C': 35, 'A': 31}","[1.0, 1.0, 0.58, 0.58, 0.54, 0.58, 0.75, 0.75, 0.67, 1.0, 1.0, 0.58, 0.5, 0.5, 0.54, 0.58, 1.0, 0.67, 0.75, 1.0, 0.58, 0.58, 0.67, 0.58, 1.0, 1.0, 0.79, 0.58, 1.0, 0.79, 0.75, 1.0, 0.58, 0.75, 0.46, 0.5, 1.0, 0.58, 0.58, 0.46, 0.5, 0.5, 0.79, 1.0, 0.54, 0.58, 1.0, 1.0, 0.79, 0.46, 0.46, 1.0, 0.5, 1.0, 1.0, 1.0, 0.46, 0.75, 1.0, 0.58, 1.0, 0.46, 0.58, 1.0, 0.58, 0.5, 0.54, 0.88, 0.58, 1.0, 0.79, 1.0, 0.5, 0.79, 1.0, 1.0, 0.46, 0.58, 1.0, 1.0, 0.75, 0.54, 0.58, 0.54, 0.58, 1.0, 1.0, 0.79, 0.67, 0.5, 0.58, 0.5, 0.58, 0.79, 0.54, 0.54, 0.75, 1.0, 1.0, 1.0, 0.75, 0.79, 0.58, 1.0, 0.58, 0.67, 0.88, 0.88, 0.58, 1.0, 0.67, 0.75, 1.0, 0.67, 1.0, 0.42, 0.58, 0.42, 0.75, 1.0, 0.42, 1.0, 0.75, 0.58, 0.58, 1.0, 0.46, 0.58, 0.75, 0.67, 1.0, 0.58, 0.58, 1.0, 0.75, 0.5, 0.42, 1.0, 1.0, 0.58, 0.58, 0.67, 0.67, 0.46, 1.0, 0.58, 0.58, 0.54, 1.0, 0.79]",109.22,[],"[0.0, 0.03, 0.06, 0.05, 0.07, 0.05, 0.02, 0.04, 0.05, 0.01, 0.03, 0.07, 0.08, 0.09, 0.07, 0.06, 0.01, 0.05, 0.04, 0.03, 0.05, 0.06, 0.05, 0.07, 0.03, 0.03, 0.03, 0.06, 0.03, 0.03, 0.02, 0.01, 0.07, 0.04, 0.09, 0.09, 0.03, 0.07, 0.07, 0.09, 0.08, 0.08, 0.03, 0.03, 0.07, 0.05, 0.04, 0.01, 0.03, 0.09, 0.09, 0.0, 0.09, 0.03, 0.04, 0.01, 0.09, 0.04, 0.01, 0.06, 0.03, 0.09, 0.06, 0.0, 0.07, 0.08, 0.07, 0.01, 0.07, 0.03, 0.03, 0.01, 0.09, 0.03, 0.03, 0.01, 0.09, 0.05, 0.04, 0.01, 0.04, 0.07, 0.07, 0.07, 0.07, 0.03, 0.01, 0.03, 0.05, 0.08, 0.07, 0.08, 0.07, 0.03, 0.07, 0.07, 0.02, 0.03, 0.03, 0.01, 0.04, 0.03, 0.07, 0.0, 0.07, 0.05, 0.01, 0.01, 0.06, 0.0, 0.05, 0.04, 0.03, 0.05, 0.03, 0.1, 0.07, 0.1, 0.04, 0.01, 0.1, 0.04, 0.04, 0.07, 0.06, 0.04, 0.09, 0.06, 0.03, 0.05, 0.0, 0.05, 0.07, 0.04, 0.04, 0.08, 0.1, 0.03, 0.04, 0.05, 0.06, 0.05, 0.05, 0.09, 0.03, 0.07, 0.06, 0.07, 0.03, 0.03]",0,
37,Plurality,ATVA_4,150,4,"{'C': 41, 'D': 41, 'A': 36, 'B': 32}","[0.75, 0.42, 0.79, 0.46, 0.58, 1.0, 1.0, 1.0, 0.42, 0.58, 1.0, 0.54, 0.46, 1.0, 0.58, 1.0, 0.75, 1.0, 0.75, 0.58, 0.54, 0.54, 1.0, 0.42, 0.58, 0.58, 0.79, 0.54, 0.46, 0.46, 0.88, 0.42, 1.0, 0.75, 1.0, 0.75, 0.75, 1.0, 0.5, 0.75, 0.75, 1.0, 0.58, 0.88, 0.67, 0.88, 0.58, 0.67, 1.0, 0.75, 1.0, 0.58, 0.58, 0.58, 0.75, 0.5, 1.0, 1.0, 0.5, 0.46, 1.0, 0.5, 0.5, 0.5, 0.5, 1.0, 1.0, 0.58, 1.0, 1.0, 0.46, 0.54, 0.5, 0.75, 0.58, 0.5, 0.5, 1.0, 0.58, 0.46, 0.5, 1.0, 0.46, 0.58, 0.46, 0.58, 1.0, 0.75, 0.75, 0.58, 1.0, 0.46, 0.58, 1.0, 0.46, 1.0, 0.79, 0.79, 1.0, 0.75, 0.58, 0.67, 1.0, 0.79, 1.0, 0.67, 0.54, 1.0, 0.42, 0.58, 0.46, 1.0, 0.79, 0.75, 0.79, 0.75, 0.58, 1.0, 0.58, 0.79, 0.5, 1.0, 0.5, 1.0, 0.42, 0.5, 1.0, 1.0, 0.58, 0.54, 0.58, 1.0, 0.75, 0.5, 0.42, 0.75, 0.88, 0.58, 0.58, 0.88, 1.0, 0.58, 0.54, 1.0, 0.58, 0.58, 0.5, 0.58, 0.58, 1.0]",106.66,"[2, 4, 9, 12, 13, 21, 24, 28, 29, 30, 32, 56, 62, 63, 64, 71, 81, 85, 92, 95, 107, 109, 111, 125, 126, 130, 134, 135, 143, 147]","[0.04, 0.1, 0.03, 0.09, 0.06, 0.03, 0.01, 0.04, 0.1, 0.07, 0.01, 0.07, 0.09, 0.01, 0.05, 0.01, 0.03, 0.01, 0.02, 0.07, 0.07, 0.07, 0.03, 0.1, 0.06, 0.07, 0.03, 0.07, 0.09, 0.09, 0.01, 0.1, 0.01, 0.02, 0.0, 0.04, 0.02, 0.04, 0.08, 0.04, 0.04, 0.04, 0.06, 0.01, 0.05, 0.01, 0.07, 0.05, 0.01, 0.02, 0.0, 0.06, 0.06, 0.07, 0.04, 0.09, 0.04, 0.04, 0.08, 0.09, 0.01, 0.09, 0.09, 0.09, 0.08, 0.0, 0.03, 0.07, 0.04, 0.03, 0.09, 0.07, 0.08, 0.02, 0.06, 0.08, 0.08, 0.03, 0.07, 0.09, 0.09, 0.03, 0.09, 0.06, 0.09, 0.07, 0.04, 0.04, 0.03, 0.07, 0.01, 0.09, 0.06, 0.01, 0.09, 0.01, 0.03, 0.03, 0.0, 0.03, 0.05, 0.05, 0.04, 0.03, 0.04, 0.05, 0.07, 0.0, 0.1, 0.06, 0.09, 0.0, 0.03, 0.02, 0.03, 0.04, 0.06, 0.01, 0.06, 0.03, 0.08, 0.0, 0.08, 0.03, 0.1, 0.09, 0.04, 0.01, 0.05, 0.07, 0.07, 0.03, 0.02, 0.09, 0.1, 0.02, 0.01, 0.07, 0.06, 0.01, 0.0, 0.07, 0.07, 0.01, 0.06, 0.07, 0.09, 0.07, 0.07, 0.03]",0.040000000000000036,
38,Plurality,ATVA_4,150,4,"{'B': 42, 'D': 39, 'C': 38, 'A': 31}","[1.0, 0.79, 0.46, 0.54, 1.0, 1.0, 0.46, 0.58, 0.46, 0.54, 1.0, 0.58, 1.0, 0.75, 1.0, 0.42, 0.67, 0.5, 0.46, 0.58, 0.88, 0.58, 0.58, 0.88, 0.88, 0.75, 1.0, 1.0, 0.58, 0.67, 0.42, 1.0, 0.5, 0.75, 0.46, 1.0, 0.58, 0.75, 0.5, 0.46, 1.0, 0.75, 0.79, 1.0, 0.67, 1.0, 0.58, 0.58, 0.5, 1.0, 1.0, 1.0, 0.5, 0.88, 0.58, 1.0, 0.5, 0.75, 0.58, 1.0, 0.75, 0.58, 0.75, 0.79, 0.5, 0.58, 1.0, 0.5, 0.58, 0.75, 0.54, 1.0, 0.75, 0.46, 1.0, 0.5, 0.54, 1.0, 0.75, 0.54, 0.58, 0.46, 0.58, 1.0, 0.58, 1.0, 0.5, 0.75, 1.0, 0.58, 1.0, 1.0, 0.58, 0.88, 0.58, 0.75, 0.75, 0.54, 1.0, 0.46, 1.0, 0.58, 0.75, 1.0, 1.0, 0.58, 0.75, 0.46, 0.42, 0.75, 0.75, 1.0, 1.0, 1.0, 0.75, 0.67, 0.58, 0.5, 0.58, 0.58, 0.46, 0.58, 0.67, 0.54, 1.0, 1.0, 0.54, 0.42, 0.46, 0.5, 1.0, 0.42, 1.0, 0.58, 1.0, 0.58, 0.75, 0.46, 0.54, 1.0, 0.58, 0.58, 0.58, 0.58, 1.0, 0.75, 0.58, 0.75, 0.88, 1.0]",107.58,"[4, 7, 9, 16, 31, 35, 77, 82, 98, 108, 109, 124, 128, 129, 132, 139]","[0.03, 0.03, 0.09, 0.07, 0.01, 0.01, 0.09, 0.07, 0.09, 0.07, 0.0, 0.06, 0.01, 0.02, 0.01, 0.1, 0.05, 0.08, 0.09, 0.06, 0.01, 0.06, 0.07, 0.01, 0.01, 0.04, 0.03, 0.01, 0.05, 0.05, 0.1, 0.01, 0.09, 0.02, 0.09, 0.03, 0.06, 0.03, 0.09, 0.09, 0.03, 0.03, 0.03, 0.0, 0.05, 0.0, 0.07, 0.06, 0.08, 0.03, 0.04, 0.04, 0.08, 0.01, 0.07, 0.01, 0.08, 0.03, 0.06, 0.01, 0.04, 0.07, 0.03, 0.03, 0.09, 0.07, 0.0, 0.08, 0.07, 0.03, 0.07, 0.0, 0.02, 0.09, 0.04, 0.09, 0.07, 0.0, 0.04, 0.07, 0.06, 0.09, 0.05, 0.04, 0.07, 0.04, 0.09, 0.04, 0.01, 0.06, 0.03, 0.01, 0.06, 0.01, 0.07, 0.03, 0.04, 0.07, 0.01, 0.09, 0.04, 0.07, 0.03, 0.0, 0.03, 0.06, 0.04, 0.09, 0.1, 0.02, 0.03, 0.0, 0.04, 0.04, 0.02, 0.05, 0.05, 0.08, 0.06, 0.07, 0.09, 0.07, 0.05, 0.07, 0.03, 0.01, 0.07, 0.1, 0.09, 0.08, 0.04, 0.1, 0.01, 0.06, 0.01, 0.05, 0.02, 0.09, 0.07, 0.03, 0.06, 0.06, 0.07, 0.07, 0.04, 0.04, 0.06, 0.04, 0.01, 0.01]",0.11999999999999994,
39,Plurality,ATVA_4,150,4,"{'B': 47, 'D': 39, 'A': 37, 'C': 27}","[0.5, 1.0, 0.42, 1.0, 0.67, 0.5, 1.0, 1.0, 0.79, 0.5, 1.0, 0.58, 1.0, 0.67, 1.0, 0.42, 0.58, 1.0, 1.0, 0.54, 0.88, 0.5, 0.58, 0.5, 0.88, 0.58, 1.0, 1.0, 0.46, 0.54, 1.0, 0.79, 0.46, 0.75, 0.46, 0.79, 0.5, 0.58, 0.67, 0.75, 0.54, 1.0, 1.0, 1.0, 0.58, 0.54, 0.75, 1.0, 0.75, 0.58, 0.75, 0.58, 1.0, 0.5, 0.42, 0.58, 0.75, 0.42, 1.0, 0.75, 1.0, 1.0, 0.54, 0.75, 0.46, 0.54, 0.67, 0.58, 0.67, 1.0, 0.58, 0.46, 0.54, 0.54, 0.46, 0.58, 1.0, 0.58, 1.0, 0.54, 0.58, 0.58, 0.75, 1.0, 0.58, 0.79, 0.75, 0.75, 0.58, 0.67, 0.54, 0.67, 1.0, 1.0, 0.46, 0.75, 0.88, 0.75, 1.0, 1.0, 1.0, 1.0, 1.0, 1.0, 0.58, 1.0, 0.79, 0.46, 0.46, 1.0, 1.0, 0.88, 0.5, 1.0, 0.58, 0.75, 0.58, 0.5, 0.88, 1.0, 0.75, 0.54, 0.54, 1.0, 0.75, 1.0, 1.0, 0.58, 0.58, 0.5, 0.58, 0.58, 1.0, 0.46, 1.0, 1.0, 0.75, 1.0, 1.0, 0.46, 0.88, 0.88, 0.58, 0.46, 0.75, 0.58, 0.5, 1.0, 1.0, 0.54]",110.1,[],"[0.09, 0.01, 0.1, 0.0, 0.05, 0.09, 0.01, 0.03, 0.03, 0.08, 0.0, 0.06, 0.03, 0.05, 0.04, 0.1, 0.05, 0.03, 0.01, 0.07, 0.01, 0.08, 0.06, 0.08, 0.01, 0.07, 0.04, 0.03, 0.09, 0.07, 0.03, 0.03, 0.09, 0.03, 0.09, 0.03, 0.09, 0.07, 0.05, 0.04, 0.07, 0.03, 0.03, 0.03, 0.05, 0.07, 0.03, 0.03, 0.02, 0.07, 0.02, 0.05, 0.01, 0.09, 0.1, 0.07, 0.03, 0.1, 0.04, 0.04, 0.03, 0.04, 0.07, 0.03, 0.09, 0.07, 0.05, 0.06, 0.05, 0.03, 0.05, 0.09, 0.07, 0.07, 0.09, 0.07, 0.01, 0.07, 0.04, 0.07, 0.06, 0.06, 0.02, 0.03, 0.07, 0.03, 0.04, 0.04, 0.07, 0.05, 0.07, 0.05, 0.03, 0.01, 0.09, 0.03, 0.01, 0.04, 0.0, 0.03, 0.03, 0.01, 0.03, 0.03, 0.06, 0.03, 0.03, 0.09, 0.09, 0.04, 0.04, 0.01, 0.09, 0.03, 0.07, 0.02, 0.07, 0.08, 0.01, 0.03, 0.03, 0.07, 0.07, 0.03, 0.04, 0.03, 0.0, 0.07, 0.07, 0.08, 0.06, 0.06, 0.03, 0.09, 0.04, 0.01, 0.02, 0.01, 0.0, 0.09, 0.01, 0.01, 0.07, 0.09, 0.02, 0.06, 0.08, 0.01, 0.04, 0.07]",0,
40,Vote For 2,BTVA,150,4,"{'B': 83, 'A': 74, 'D': 73, 'C': 70}","[1.0, 0.75, 0.75, 0.5, 0.58, 0.42, 0.58, 0.58, 0.79, 1.0, 0.58, 0.5, 0.75, 1.0, 0.58, 1.0, 0.75, 0.79, 0.67, 0.75, 0.58, 0.75, 0.88, 0.75, 0.58, 1.0, 0.58, 1.0, 0.58, 1.0, 0.58, 0.58, 1.0, 0.5, 0.75, 0.54, 0.46, 1.0, 0.58, 1.0, 0.5, 0.75, 0.88, 1.0, 0.75, 0.75, 0.5, 0.75, 0.58, 0.58, 0.79, 0.75, 1.0, 0.58, 0.54, 0.58, 0.5, 0.46, 1.0, 1.0, 0.54, 0.75, 1.0, 1.0, 0.58, 0.88, 0.42, 0.75, 1.0, 0.42, 0.54, 0.46, 0.5, 0.5, 0.88, 0.58, 0.75, 0.75, 0.54, 1.0, 0.88, 0.54, 0.46, 0.58, 0.67, 0.58, 0.46, 1.0, 0.5, 0.5, 0.46, 1.0, 1.0, 1.0, 0.5, 1.0, 0.79, 0.46, 0.79, 0.54, 1.0, 0.58, 1.0, 1.0, 0.58, 0.79, 1.0, 0.58, 1.0, 0.46, 0.46, 1.0, 0.5, 0.5, 0.5, 0.58, 0.75, 0.75, 0.58, 0.58, 0.67, 0.79, 0.58, 1.0, 1.0, 1.0, 0.46, 1.0, 1.0, 0.75, 0.58, 0.5, 1.0, 1.0, 0.75, 0.58, 0.88, 0.75, 0.79, 0.75, 0.58, 0.58, 0.54, 0.67, 0.58, 0.88, 0.67, 0.54, 0.75, 1.0]",107.61000000000001,[],"[0.03, 0.02, 0.02, 0.08, 0.07, 0.1, 0.07, 0.06, 0.03, 0.01, 0.05, 0.08, 0.04, 0.03, 0.05, 0.04, 0.04, 0.03, 0.05, 0.03, 0.07, 0.04, 0.01, 0.02, 0.07, 0.0, 0.07, 0.01, 0.06, 0.01, 0.06, 0.07, 0.03, 0.09, 0.02, 0.07, 0.09, 0.03, 0.07, 0.0, 0.08, 0.03, 0.01, 0.03, 0.03, 0.03, 0.08, 0.03, 0.05, 0.07, 0.03, 0.04, 0.03, 0.06, 0.07, 0.05, 0.08, 0.09, 0.03, 0.04, 0.07, 0.03, 0.01, 0.04, 0.07, 0.01, 0.1, 0.02, 0.03, 0.1, 0.07, 0.09, 0.08, 0.09, 0.01, 0.06, 0.03, 0.02, 0.07, 0.0, 0.01, 0.07, 0.09, 0.07, 0.05, 0.05, 0.09, 0.03, 0.08, 0.09, 0.09, 0.04, 0.04, 0.03, 0.09, 0.04, 0.03, 0.09, 0.03, 0.07, 0.0, 0.05, 0.01, 0.04, 0.06, 0.03, 0.03, 0.06, 0.04, 0.09, 0.09, 0.01, 0.09, 0.09, 0.09, 0.05, 0.02, 0.02, 0.06, 0.05, 0.05, 0.03, 0.06, 0.03, 0.03, 0.01, 0.09, 0.01, 0.01, 0.03, 0.06, 0.09, 0.0, 0.03, 0.02, 0.06, 0.01, 0.03, 0.03, 0.04, 0.06, 0.06, 0.07, 0.05, 0.06, 0.01, 0.05, 0.07, 0.04, 0.03]",0,
41,Vote For 2,BTVA,150,4,"{'A': 84, 'C': 76, 'D': 75, 'B': 65}","[0.58, 0.58, 1.0, 1.0, 1.0, 1.0, 0.79, 0.75, 1.0, 0.79, 0.58, 0.42, 1.0, 0.46, 0.79, 0.58, 1.0, 0.75, 0.58, 0.58, 1.0, 0.58, 0.79, 0.88, 0.46, 0.46, 1.0, 0.75, 0.46, 0.88, 1.0, 0.54, 0.58, 1.0, 0.58, 0.58, 1.0, 0.46, 0.58, 0.58, 0.75, 0.75, 0.46, 0.5, 1.0, 0.58, 1.0, 0.67, 0.88, 0.42, 0.88, 0.46, 0.58, 1.0, 1.0, 0.58, 1.0, 0.88, 0.58, 0.5, 0.58, 0.5, 1.0, 0.75, 0.88, 0.58, 0.75, 0.5, 0.75, 0.58, 1.0, 0.75, 0.79, 0.42, 0.54, 0.58, 1.0, 0.54, 0.88, 0.46, 0.54, 0.75, 1.0, 1.0, 0.58, 0.58, 0.75, 0.58, 0.42, 0.54, 0.75, 1.0, 0.5, 1.0, 0.75, 0.54, 0.58, 0.42, 0.58, 0.54, 1.0, 0.54, 1.0, 0.5, 1.0, 1.0, 1.0, 0.54, 1.0, 1.0, 0.79, 0.58, 0.58, 1.0, 0.88, 0.58, 0.58, 0.75, 0.46, 0.54, 0.88, 0.46, 0.5, 0.75, 0.54, 0.58, 0.5, 0.5, 1.0, 0.58, 0.54, 0.58, 0.58, 0.54, 0.79, 1.0, 1.0, 0.54, 0.54, 0.5, 1.0, 0.75, 1.0, 1.0, 1.0, 0.75, 0.54, 1.0, 0.5, 1.0]",107.85,[],"[0.05, 0.06, 0.0, 0.03, 0.03, 0.03, 0.03, 0.02, 0.04, 0.03, 0.06, 0.1, 0.03, 0.09, 0.03, 0.07, 0.03, 0.02, 0.07, 0.06, 0.01, 0.06, 0.03, 0.01, 0.09, 0.09, 0.04, 0.04, 0.09, 0.01, 0.03, 0.07, 0.05, 0.01, 0.06, 0.06, 0.03, 0.09, 0.06, 0.05, 0.03, 0.04, 0.09, 0.09, 0.01, 0.05, 0.01, 0.05, 0.01, 0.1, 0.01, 0.09, 0.05, 0.03, 0.03, 0.07, 0.01, 0.01, 0.07, 0.09, 0.07, 0.08, 0.04, 0.03, 0.01, 0.07, 0.03, 0.09, 0.02, 0.06, 0.03, 0.02, 0.03, 0.1, 0.07, 0.07, 0.03, 0.07, 0.01, 0.09, 0.07, 0.03, 0.0, 0.0, 0.07, 0.05, 0.03, 0.05, 0.1, 0.07, 0.03, 0.03, 0.08, 0.01, 0.04, 0.07, 0.06, 0.1, 0.07, 0.07, 0.01, 0.07, 0.01, 0.09, 0.03, 0.01, 0.01, 0.07, 0.03, 0.0, 0.03, 0.07, 0.07, 0.01, 0.01, 0.05, 0.06, 0.04, 0.09, 0.07, 0.01, 0.09, 0.08, 0.02, 0.07, 0.06, 0.09, 0.09, 0.04, 0.05, 0.07, 0.05, 0.07, 0.07, 0.03, 0.03, 0.03, 0.07, 0.07, 0.09, 0.03, 0.04, 0.01, 0.0, 0.03, 0.04, 0.07, 0.01, 0.09, 0.01]",0,
42,Vote For 2,BTVA,150,4,"{'B': 80, 'C': 77, 'D': 73, 'A': 70}","[1.0, 0.58, 0.5, 0.79, 0.58, 1.0, 1.0, 0.42, 0.42, 0.79, 0.54, 0.75, 0.58, 0.5, 0.58, 0.75, 0.46, 1.0, 1.0, 0.75, 0.58, 0.5, 1.0, 0.42, 0.5, 1.0, 1.0, 0.75, 0.58, 0.75, 0.54, 0.58, 1.0, 0.46, 0.58, 0.75, 0.75, 0.58, 1.0, 0.58, 0.54, 1.0, 1.0, 1.0, 0.58, 0.46, 1.0, 1.0, 0.42, 0.75, 0.46, 0.46, 0.54, 0.75, 0.58, 0.42, 0.75, 0.46, 0.46, 1.0, 0.5, 0.54, 0.46, 0.42, 0.58, 0.54, 0.54, 0.46, 0.58, 1.0, 0.58, 0.58, 0.75, 0.58, 0.75, 0.79, 1.0, 0.75, 0.75, 1.0, 0.58, 1.0, 1.0, 0.58, 0.75, 0.88, 0.58, 0.54, 0.58, 0.58, 0.42, 0.75, 0.58, 0.58, 0.54, 0.75, 1.0, 0.75, 0.42, 1.0, 0.88, 0.67, 0.75, 0.75, 0.75, 0.54, 0.54, 0.75, 1.0, 0.58, 1.0, 0.46, 0.75, 0.58, 0.54, 1.0, 0.58, 0.75, 0.54, 0.46, 1.0, 0.67, 0.5, 0.54, 1.0, 0.54, 0.54, 0.42, 0.58, 0.75, 0.58, 0.75, 1.0, 1.0, 0.75, 0.5, 0.46, 0.54, 1.0, 0.58, 1.0, 0.79, 1.0, 0.67, 1.0, 1.0, 0.58, 1.0, 0.58, 0.58]",104.29999999999998,[],"[0.01, 0.07, 0.09, 0.03, 0.07, 0.03, 0.04, 0.1, 0.1, 0.03, 0.07, 0.02, 0.07, 0.09, 0.05, 0.03, 0.09, 0.03, 0.01, 0.03, 0.05, 0.09, 0.01, 0.1, 0.09, 0.01, 0.01, 0.02, 0.07, 0.02, 0.07, 0.05, 0.04, 0.09, 0.06, 0.02, 0.02, 0.05, 0.03, 0.07, 0.07, 0.04, 0.03, 0.01, 0.05, 0.09, 0.03, 0.0, 0.1, 0.04, 0.09, 0.09, 0.07, 0.02, 0.05, 0.1, 0.04, 0.09, 0.09, 0.01, 0.09, 0.07, 0.09, 0.1, 0.06, 0.07, 0.07, 0.09, 0.06, 0.01, 0.07, 0.06, 0.03, 0.05, 0.03, 0.03, 0.01, 0.03, 0.03, 0.0, 0.07, 0.01, 0.03, 0.06, 0.02, 0.01, 0.07, 0.07, 0.07, 0.07, 0.1, 0.04, 0.05, 0.07, 0.07, 0.03, 0.01, 0.04, 0.1, 0.03, 0.01, 0.05, 0.02, 0.03, 0.02, 0.07, 0.07, 0.04, 0.03, 0.07, 0.03, 0.09, 0.04, 0.07, 0.07, 0.01, 0.07, 0.04, 0.07, 0.09, 0.04, 0.05, 0.09, 0.07, 0.04, 0.07, 0.07, 0.1, 0.06, 0.02, 0.07, 0.02, 0.03, 0.01, 0.02, 0.08, 0.09, 0.07, 0.0, 0.07, 0.03, 0.03, 0.01, 0.05, 0.03, 0.01, 0.06, 0.0, 0.05, 0.06]",0,
43,Vote For 2,BTVA,150,4,"{'B': 81, 'D': 76, 'A': 74, 'C': 69}","[0.67, 1.0, 1.0, 0.79, 0.5, 0.75, 1.0, 0.54, 0.54, 0.88, 0.42, 0.75, 0.79, 0.58, 0.75, 0.58, 0.46, 0.58, 0.54, 1.0, 1.0, 0.54, 0.79, 0.54, 0.5, 0.5, 0.58, 0.54, 0.46, 1.0, 0.75, 0.54, 0.58, 1.0, 1.0, 0.58, 0.75, 0.75, 1.0, 0.54, 0.75, 0.46, 0.88, 0.54, 1.0, 0.5, 0.79, 0.75, 0.75, 1.0, 0.58, 1.0, 1.0, 1.0, 0.88, 0.5, 0.75, 1.0, 0.54, 0.58, 1.0, 0.46, 1.0, 0.42, 0.75, 0.58, 0.79, 0.58, 1.0, 1.0, 0.88, 0.75, 1.0, 0.88, 1.0, 0.58, 1.0, 0.75, 1.0, 0.54, 0.54, 0.67, 0.58, 0.5, 0.75, 0.58, 0.75, 0.58, 0.58, 0.58, 1.0, 1.0, 0.58, 0.75, 0.5, 0.46, 0.5, 0.46, 1.0, 0.88, 0.54, 0.58, 0.88, 0.79, 1.0, 0.58, 0.88, 0.58, 1.0, 0.46, 0.58, 1.0, 0.58, 0.58, 0.5, 1.0, 0.58, 1.0, 0.46, 1.0, 1.0, 0.5, 0.58, 0.58, 0.75, 0.46, 0.54, 0.54, 0.58, 1.0, 0.79, 0.88, 1.0, 0.54, 0.46, 0.75, 0.75, 1.0, 0.5, 0.75, 0.58, 0.75, 0.46, 0.75, 0.75, 0.67, 0.79, 0.58, 0.5, 0.58]",107.44,[],"[0.05, 0.04, 0.03, 0.03, 0.08, 0.03, 0.04, 0.07, 0.07, 0.01, 0.1, 0.04, 0.03, 0.06, 0.02, 0.06, 0.09, 0.06, 0.07, 0.0, 0.03, 0.07, 0.03, 0.07, 0.08, 0.08, 0.06, 0.07, 0.09, 0.0, 0.02, 0.07, 0.07, 0.03, 0.01, 0.06, 0.02, 0.04, 0.03, 0.07, 0.03, 0.09, 0.01, 0.07, 0.01, 0.08, 0.03, 0.02, 0.04, 0.0, 0.06, 0.01, 0.01, 0.03, 0.01, 0.09, 0.03, 0.01, 0.07, 0.06, 0.03, 0.09, 0.03, 0.1, 0.04, 0.06, 0.03, 0.05, 0.01, 0.01, 0.01, 0.04, 0.0, 0.01, 0.03, 0.07, 0.01, 0.02, 0.01, 0.07, 0.07, 0.05, 0.05, 0.09, 0.04, 0.05, 0.02, 0.06, 0.07, 0.06, 0.0, 0.04, 0.07, 0.04, 0.09, 0.09, 0.09, 0.09, 0.04, 0.01, 0.07, 0.06, 0.01, 0.03, 0.04, 0.07, 0.01, 0.06, 0.01, 0.09, 0.07, 0.04, 0.06, 0.06, 0.08, 0.0, 0.05, 0.01, 0.09, 0.03, 0.04, 0.09, 0.07, 0.07, 0.04, 0.09, 0.07, 0.07, 0.07, 0.04, 0.03, 0.01, 0.01, 0.07, 0.09, 0.04, 0.02, 0.0, 0.08, 0.03, 0.06, 0.03, 0.09, 0.03, 0.04, 0.05, 0.03, 0.05, 0.08, 0.06]",0,
44,Vote For 2,BTVA,150,4,"{'D': 83, 'A': 79, 'B': 73, 'C': 65}","[1.0, 0.79, 0.58, 0.58, 0.54, 1.0, 0.58, 0.79, 0.54, 0.58, 1.0, 1.0, 0.75, 0.75, 1.0, 1.0, 1.0, 0.46, 0.42, 1.0, 1.0, 0.58, 0.58, 0.58, 0.75, 1.0, 0.88, 0.5, 1.0, 1.0, 0.79, 1.0, 0.88, 0.79, 1.0, 0.58, 0.58, 0.75, 0.42, 0.88, 0.58, 0.46, 0.58, 1.0, 0.46, 0.42, 0.5, 0.42, 0.5, 0.58, 1.0, 0.58, 1.0, 0.46, 1.0, 0.46, 1.0, 0.5, 1.0, 0.58, 1.0, 0.42, 1.0, 1.0, 0.75, 0.54, 0.75, 1.0, 1.0, 1.0, 1.0, 0.5, 0.75, 1.0, 1.0, 0.58, 0.54, 0.5, 0.46, 1.0, 0.67, 1.0, 0.67, 0.58, 0.46, 1.0, 0.42, 0.46, 0.75, 0.58, 0.58, 1.0, 0.58, 1.0, 0.75, 0.79, 1.0, 0.79, 0.88, 1.0, 0.88, 1.0, 1.0, 0.58, 0.42, 0.54, 0.54, 1.0, 0.54, 1.0, 0.58, 1.0, 0.58, 0.67, 1.0, 1.0, 0.42, 0.58, 0.75, 0.88, 0.58, 0.75, 0.58, 0.42, 0.67, 0.58, 0.75, 0.79, 0.88, 0.79, 0.58, 0.79, 0.58, 0.75, 0.58, 0.67, 1.0, 0.5, 0.46, 1.0, 0.42, 0.54, 0.42, 0.58, 1.0, 1.0, 0.75, 1.0, 1.0, 0.75]",110.85,[],"[0.01, 0.03, 0.06, 0.06, 0.07, 0.04, 0.06, 0.03, 0.07, 0.05, 0.03, 0.01, 0.02, 0.03, 0.01, 0.03, 0.03, 0.09, 0.1, 0.0, 0.03, 0.07, 0.06, 0.06, 0.02, 0.01, 0.01, 0.08, 0.0, 0.04, 0.03, 0.01, 0.01, 0.03, 0.01, 0.07, 0.05, 0.04, 0.1, 0.01, 0.07, 0.09, 0.06, 0.03, 0.09, 0.1, 0.09, 0.1, 0.09, 0.06, 0.03, 0.07, 0.04, 0.09, 0.0, 0.09, 0.01, 0.08, 0.03, 0.07, 0.01, 0.1, 0.0, 0.04, 0.03, 0.07, 0.03, 0.03, 0.0, 0.01, 0.03, 0.09, 0.04, 0.04, 0.04, 0.05, 0.07, 0.09, 0.09, 0.0, 0.05, 0.01, 0.05, 0.06, 0.09, 0.01, 0.1, 0.09, 0.02, 0.06, 0.07, 0.01, 0.07, 0.01, 0.02, 0.03, 0.0, 0.03, 0.01, 0.03, 0.01, 0.03, 0.01, 0.07, 0.1, 0.07, 0.07, 0.01, 0.07, 0.0, 0.07, 0.0, 0.06, 0.05, 0.01, 0.03, 0.1, 0.06, 0.04, 0.01, 0.07, 0.02, 0.05, 0.1, 0.05, 0.06, 0.02, 0.03, 0.01, 0.03, 0.06, 0.03, 0.07, 0.02, 0.06, 0.05, 0.01, 0.09, 0.09, 0.01, 0.1, 0.07, 0.1, 0.05, 0.01, 0.0, 0.04, 0.03, 0.03, 0.03]",0,
45,Vote For 2,BTVA,150,4,"{'B': 84, 'D': 77, 'A': 70, 'C': 69}","[0.58, 0.58, 0.79, 0.58, 0.58, 1.0, 0.67, 0.75, 0.67, 0.75, 1.0, 1.0, 1.0, 0.75, 0.54, 0.58, 0.46, 0.42, 1.0, 0.5, 0.58, 1.0, 0.42, 0.88, 0.58, 1.0, 0.75, 0.88, 0.5, 0.58, 1.0, 0.46, 0.79, 0.75, 0.54, 0.5, 0.75, 0.46, 0.75, 0.75, 0.75, 0.5, 1.0, 0.5, 0.79, 0.58, 1.0, 0.58, 0.58, 1.0, 0.58, 0.54, 0.5, 1.0, 0.54, 0.46, 1.0, 0.58, 0.79, 0.42, 0.75, 0.75, 0.75, 1.0, 1.0, 1.0, 0.54, 0.42, 1.0, 0.46, 0.58, 0.88, 0.88, 0.79, 1.0, 0.54, 0.54, 0.67, 0.79, 0.58, 0.58, 0.46, 0.5, 1.0, 0.75, 1.0, 0.58, 0.75, 1.0, 0.75, 1.0, 0.42, 0.75, 0.75, 0.54, 1.0, 0.79, 0.46, 0.54, 1.0, 1.0, 0.67, 0.58, 0.58, 0.75, 1.0, 0.75, 0.5, 1.0, 0.75, 0.54, 1.0, 0.75, 1.0, 1.0, 0.58, 1.0, 1.0, 1.0, 0.67, 1.0, 1.0, 0.58, 0.42, 0.75, 0.58, 0.58, 0.54, 0.54, 0.79, 0.58, 0.46, 0.46, 0.42, 1.0, 0.58, 0.46, 0.46, 1.0, 1.0, 0.46, 0.75, 0.5, 0.58, 1.0, 1.0, 0.67, 0.46, 0.58, 0.42]",107.09,[],"[0.07, 0.07, 0.03, 0.06, 0.06, 0.01, 0.05, 0.02, 0.05, 0.03, 0.03, 0.04, 0.03, 0.02, 0.07, 0.06, 0.09, 0.1, 0.01, 0.09, 0.06, 0.03, 0.1, 0.01, 0.06, 0.03, 0.02, 0.01, 0.08, 0.05, 0.01, 0.09, 0.03, 0.02, 0.07, 0.09, 0.04, 0.09, 0.04, 0.02, 0.04, 0.09, 0.03, 0.09, 0.03, 0.07, 0.03, 0.05, 0.05, 0.01, 0.05, 0.07, 0.09, 0.04, 0.07, 0.09, 0.0, 0.07, 0.03, 0.1, 0.02, 0.02, 0.02, 0.01, 0.04, 0.0, 0.07, 0.1, 0.01, 0.09, 0.06, 0.01, 0.01, 0.03, 0.01, 0.07, 0.07, 0.05, 0.03, 0.06, 0.06, 0.09, 0.08, 0.01, 0.04, 0.03, 0.06, 0.04, 0.0, 0.02, 0.01, 0.1, 0.02, 0.03, 0.07, 0.03, 0.03, 0.09, 0.07, 0.03, 0.03, 0.05, 0.05, 0.06, 0.02, 0.0, 0.02, 0.08, 0.0, 0.03, 0.07, 0.03, 0.02, 0.03, 0.03, 0.06, 0.0, 0.03, 0.0, 0.05, 0.01, 0.0, 0.06, 0.1, 0.02, 0.07, 0.07, 0.07, 0.07, 0.03, 0.05, 0.09, 0.09, 0.1, 0.0, 0.06, 0.09, 0.09, 0.03, 0.01, 0.09, 0.02, 0.09, 0.07, 0.03, 0.03, 0.05, 0.09, 0.07, 0.1]",0,
46,Vote For 2,BTVA,150,4,"{'C': 81, 'D': 79, 'B': 77, 'A': 63}","[0.58, 0.54, 0.46, 0.58, 0.75, 0.58, 0.58, 0.58, 0.58, 1.0, 1.0, 0.75, 0.46, 0.58, 0.54, 0.58, 0.5, 0.46, 0.75, 1.0, 0.79, 1.0, 0.58, 1.0, 0.58, 0.58, 0.42, 0.67, 1.0, 1.0, 0.58, 1.0, 0.75, 0.58, 0.88, 0.54, 0.67, 1.0, 0.42, 1.0, 0.58, 0.58, 0.75, 0.88, 0.42, 0.75, 0.42, 0.75, 0.5, 0.58, 1.0, 0.88, 0.54, 0.5, 0.58, 1.0, 0.5, 0.46, 0.75, 0.54, 0.58, 0.58, 0.79, 0.75, 0.46, 0.75, 1.0, 0.54, 0.5, 0.58, 0.88, 0.58, 1.0, 1.0, 1.0, 0.79, 0.54, 0.58, 0.5, 0.54, 0.5, 1.0, 0.58, 1.0, 1.0, 1.0, 0.88, 0.79, 0.67, 0.75, 0.58, 0.58, 0.75, 0.58, 1.0, 0.58, 1.0, 0.54, 1.0, 0.75, 0.75, 1.0, 0.54, 0.88, 0.88, 0.58, 0.67, 0.54, 0.58, 1.0, 1.0, 1.0, 0.75, 1.0, 1.0, 1.0, 0.5, 1.0, 0.67, 0.79, 0.67, 0.42, 1.0, 0.5, 0.5, 0.5, 0.79, 0.58, 0.46, 1.0, 0.58, 0.67, 0.58, 1.0, 1.0, 0.58, 1.0, 1.0, 0.5, 0.58, 0.58, 1.0, 0.88, 0.75, 1.0, 1.0, 0.5, 0.75, 0.58, 1.0]",108.4,[],"[0.06, 0.07, 0.09, 0.07, 0.04, 0.06, 0.06, 0.05, 0.07, 0.04, 0.01, 0.03, 0.09, 0.07, 0.07, 0.06, 0.08, 0.09, 0.02, 0.0, 0.03, 0.0, 0.06, 0.03, 0.07, 0.06, 0.1, 0.05, 0.04, 0.03, 0.06, 0.01, 0.03, 0.06, 0.01, 0.07, 0.05, 0.03, 0.1, 0.01, 0.06, 0.05, 0.04, 0.01, 0.1, 0.03, 0.1, 0.03, 0.09, 0.05, 0.01, 0.01, 0.07, 0.08, 0.07, 0.0, 0.08, 0.09, 0.02, 0.07, 0.07, 0.06, 0.03, 0.02, 0.09, 0.03, 0.03, 0.07, 0.08, 0.07, 0.01, 0.06, 0.04, 0.0, 0.04, 0.03, 0.07, 0.06, 0.09, 0.07, 0.09, 0.04, 0.05, 0.01, 0.01, 0.04, 0.01, 0.03, 0.05, 0.03, 0.07, 0.06, 0.03, 0.06, 0.0, 0.07, 0.03, 0.07, 0.03, 0.02, 0.02, 0.04, 0.07, 0.01, 0.01, 0.07, 0.05, 0.07, 0.07, 0.01, 0.01, 0.01, 0.03, 0.01, 0.01, 0.04, 0.08, 0.0, 0.05, 0.03, 0.05, 0.1, 0.0, 0.08, 0.09, 0.08, 0.03, 0.05, 0.09, 0.03, 0.05, 0.05, 0.05, 0.01, 0.01, 0.07, 0.03, 0.01, 0.08, 0.07, 0.06, 0.03, 0.01, 0.02, 0.01, 0.03, 0.09, 0.04, 0.05, 0.01]",0,
47,Vote For 2,BTVA,150,4,"{'A': 77, 'B': 75, 'C': 74, 'D': 74}","[0.75, 0.75, 0.5, 0.88, 0.54, 0.5, 0.58, 0.58, 0.75, 0.5, 0.58, 0.75, 1.0, 1.0, 0.75, 0.75, 1.0, 0.54, 0.46, 0.58, 0.58, 0.75, 0.58, 1.0, 1.0, 0.79, 0.46, 0.58, 1.0, 1.0, 0.58, 1.0, 1.0, 0.67, 1.0, 0.88, 0.54, 0.54, 1.0, 1.0, 0.58, 0.79, 0.75, 0.5, 0.58, 0.88, 1.0, 0.58, 0.42, 0.58, 0.58, 1.0, 0.58, 0.42, 0.5, 0.42, 1.0, 0.67, 0.54, 0.67, 1.0, 0.75, 0.75, 0.75, 0.75, 0.54, 1.0, 0.75, 0.75, 0.67, 1.0, 0.75, 0.75, 1.0, 0.46, 0.75, 0.54, 1.0, 0.75, 1.0, 1.0, 0.75, 0.46, 1.0, 0.88, 0.46, 0.46, 1.0, 1.0, 1.0, 0.42, 1.0, 0.58, 1.0, 0.58, 0.58, 0.88, 0.42, 1.0, 0.42, 0.67, 0.5, 0.79, 1.0, 0.46, 0.75, 1.0, 0.42, 1.0, 0.5, 0.58, 0.58, 1.0, 0.75, 0.54, 0.75, 1.0, 0.54, 0.75, 0.5, 0.88, 0.58, 0.58, 0.54, 0.54, 0.67, 0.54, 0.54, 1.0, 0.75, 0.75, 0.46, 1.0, 0.58, 0.75, 0.42, 0.5, 0.75, 0.88, 1.0, 0.58, 0.42, 0.46, 0.42, 1.0, 1.0, 0.58, 0.54, 0.67, 1.0]",107.78999999999999,"[1, 12, 19, 22, 49, 54, 56, 62, 64, 73, 76, 86, 91, 98, 100, 108, 114, 116, 119, 132, 135, 136, 138, 142, 144]","[0.04, 0.04, 0.09, 0.01, 0.07, 0.08, 0.07, 0.07, 0.04, 0.08, 0.07, 0.02, 0.01, 0.04, 0.03, 0.04, 0.0, 0.07, 0.09, 0.05, 0.07, 0.02, 0.05, 0.01, 0.03, 0.03, 0.09, 0.07, 0.04, 0.01, 0.06, 0.04, 0.03, 0.05, 0.03, 0.01, 0.07, 0.07, 0.01, 0.01, 0.05, 0.03, 0.03, 0.09, 0.06, 0.01, 0.01, 0.07, 0.1, 0.07, 0.06, 0.01, 0.07, 0.1, 0.08, 0.1, 0.01, 0.05, 0.07, 0.05, 0.01, 0.02, 0.04, 0.02, 0.04, 0.07, 0.01, 0.03, 0.04, 0.05, 0.04, 0.04, 0.02, 0.03, 0.09, 0.02, 0.07, 0.03, 0.03, 0.01, 0.03, 0.03, 0.09, 0.01, 0.01, 0.09, 0.09, 0.04, 0.03, 0.01, 0.1, 0.03, 0.07, 0.01, 0.07, 0.06, 0.01, 0.1, 0.01, 0.1, 0.05, 0.09, 0.03, 0.0, 0.09, 0.04, 0.04, 0.1, 0.0, 0.08, 0.07, 0.07, 0.03, 0.02, 0.07, 0.02, 0.04, 0.07, 0.02, 0.08, 0.01, 0.06, 0.06, 0.07, 0.07, 0.05, 0.07, 0.07, 0.03, 0.03, 0.04, 0.09, 0.01, 0.06, 0.02, 0.1, 0.08, 0.02, 0.01, 0.0, 0.07, 0.1, 0.09, 0.1, 0.04, 0.04, 0.05, 0.07, 0.05, 0.04]",0.13,
48,Vote For 2,BTVA,150,4,"{'A': 86, 'C': 76, 'B': 70, 'D': 68}","[1.0, 1.0, 1.0, 0.46, 0.88, 0.54, 0.75, 0.42, 0.88, 0.5, 0.58, 0.46, 0.58, 0.88, 0.54, 0.58, 0.79, 0.75, 0.75, 0.58, 0.58, 0.75, 0.79, 0.5, 0.5, 1.0, 0.5, 0.54, 0.75, 0.46, 1.0, 0.46, 0.75, 0.58, 0.54, 0.54, 0.58, 1.0, 0.58, 0.58, 0.88, 0.67, 1.0, 1.0, 0.58, 0.54, 0.5, 0.75, 0.58, 0.54, 0.5, 0.58, 1.0, 1.0, 0.54, 0.58, 0.58, 0.67, 0.67, 0.58, 0.58, 0.58, 0.58, 1.0, 0.46, 0.75, 1.0, 0.58, 0.75, 0.54, 0.46, 0.88, 0.88, 0.75, 1.0, 0.58, 0.58, 0.67, 0.58, 0.67, 0.88, 0.88, 1.0, 0.46, 0.75, 1.0, 0.75, 1.0, 0.46, 0.58, 1.0, 0.75, 1.0, 0.79, 1.0, 1.0, 0.75, 1.0, 0.58, 0.54, 0.75, 1.0, 0.5, 1.0, 0.58, 0.75, 1.0, 0.54, 0.58, 0.54, 0.67, 0.42, 0.75, 0.5, 1.0, 1.0, 0.58, 0.88, 1.0, 0.46, 0.67, 0.46, 0.67, 1.0, 0.54, 0.75, 0.75, 1.0, 1.0, 1.0, 1.0, 1.0, 1.0, 1.0, 0.67, 0.58, 1.0, 0.58, 1.0, 1.0, 0.75, 1.0, 0.79, 1.0, 0.54, 0.42, 1.0, 0.75, 1.0, 0.58]",109.68,[],"[0.01, 0.0, 0.01, 0.09, 0.01, 0.07, 0.04, 0.1, 0.01, 0.08, 0.05, 0.09, 0.05, 0.01, 0.07, 0.06, 0.03, 0.03, 0.04, 0.05, 0.06, 0.04, 0.03, 0.09, 0.08, 0.01, 0.09, 0.07, 0.02, 0.09, 0.01, 0.09, 0.02, 0.06, 0.07, 0.07, 0.07, 0.03, 0.06, 0.07, 0.01, 0.05, 0.04, 0.03, 0.07, 0.07, 0.08, 0.03, 0.06, 0.07, 0.08, 0.07, 0.03, 0.0, 0.07, 0.07, 0.06, 0.05, 0.05, 0.05, 0.05, 0.06, 0.07, 0.03, 0.09, 0.02, 0.01, 0.05, 0.03, 0.07, 0.09, 0.01, 0.01, 0.04, 0.0, 0.06, 0.07, 0.05, 0.06, 0.05, 0.01, 0.01, 0.01, 0.09, 0.02, 0.01, 0.04, 0.01, 0.09, 0.07, 0.01, 0.04, 0.03, 0.03, 0.03, 0.0, 0.03, 0.01, 0.07, 0.07, 0.02, 0.0, 0.09, 0.04, 0.05, 0.02, 0.03, 0.07, 0.07, 0.07, 0.05, 0.1, 0.03, 0.09, 0.0, 0.01, 0.06, 0.01, 0.01, 0.09, 0.05, 0.09, 0.05, 0.03, 0.07, 0.03, 0.03, 0.0, 0.03, 0.01, 0.03, 0.0, 0.03, 0.04, 0.05, 0.06, 0.04, 0.07, 0.01, 0.03, 0.03, 0.04, 0.03, 0.03, 0.07, 0.1, 0.03, 0.04, 0.04, 0.05]",0,
49,Vote For 2,BTVA,150,4,"{'C': 85, 'D': 82, 'A': 78, 'B': 55}","[0.79, 0.54, 0.54, 0.58, 0.58, 0.88, 0.58, 0.75, 0.58, 0.75, 0.75, 0.58, 0.5, 0.54, 0.75, 0.75, 0.58, 0.5, 0.58, 1.0, 0.79, 1.0, 0.75, 0.58, 0.79, 0.88, 0.54, 0.42, 1.0, 0.58, 0.58, 0.58, 1.0, 0.58, 0.58, 1.0, 0.5, 0.58, 0.58, 0.58, 0.58, 0.75, 0.58, 1.0, 0.5, 0.75, 0.75, 0.54, 1.0, 1.0, 0.58, 1.0, 1.0, 1.0, 0.54, 0.58, 0.58, 1.0, 0.75, 1.0, 0.75, 0.54, 0.79, 0.54, 0.58, 1.0, 1.0, 1.0, 0.54, 0.58, 0.79, 1.0, 1.0, 1.0, 1.0, 0.75, 0.75, 0.75, 0.58, 0.75, 0.75, 0.79, 0.58, 0.75, 0.75, 0.75, 0.75, 0.46, 0.79, 0.58, 1.0, 0.75, 1.0, 0.5, 0.5, 0.75, 0.46, 1.0, 1.0, 0.58, 0.88, 0.58, 0.54, 0.58, 1.0, 0.79, 1.0, 1.0, 0.58, 0.5, 1.0, 0.5, 0.75, 0.58, 0.5, 0.88, 0.58, 1.0, 0.75, 1.0, 1.0, 0.54, 0.67, 1.0, 1.0, 0.75, 1.0, 0.67, 1.0, 0.46, 1.0, 0.54, 0.75, 1.0, 0.46, 0.58, 0.58, 0.75, 1.0, 0.75, 0.46, 0.54, 1.0, 0.58, 1.0, 0.79, 0.75, 0.58, 1.0, 1.0]",110.84,[],"[0.03, 0.07, 0.07, 0.07, 0.06, 0.01, 0.06, 0.03, 0.05, 0.04, 0.02, 0.06, 0.08, 0.07, 0.04, 0.04, 0.05, 0.08, 0.06, 0.01, 0.03, 0.0, 0.03, 0.06, 0.03, 0.01, 0.07, 0.1, 0.03, 0.07, 0.06, 0.06, 0.0, 0.07, 0.06, 0.04, 0.08, 0.06, 0.07, 0.07, 0.06, 0.03, 0.07, 0.01, 0.09, 0.02, 0.03, 0.07, 0.03, 0.01, 0.06, 0.0, 0.03, 0.01, 0.07, 0.06, 0.05, 0.03, 0.02, 0.03, 0.04, 0.07, 0.03, 0.07, 0.06, 0.01, 0.04, 0.03, 0.07, 0.07, 0.03, 0.01, 0.01, 0.0, 0.0, 0.02, 0.02, 0.04, 0.06, 0.03, 0.03, 0.03, 0.05, 0.04, 0.04, 0.02, 0.04, 0.09, 0.03, 0.07, 0.01, 0.03, 0.0, 0.08, 0.08, 0.04, 0.09, 0.0, 0.03, 0.07, 0.01, 0.07, 0.07, 0.06, 0.0, 0.03, 0.01, 0.0, 0.07, 0.08, 0.0, 0.08, 0.03, 0.06, 0.08, 0.01, 0.05, 0.04, 0.02, 0.03, 0.04, 0.07, 0.05, 0.03, 0.0, 0.04, 0.01, 0.05, 0.01, 0.09, 0.0, 0.07, 0.04, 0.01, 0.09, 0.06, 0.06, 0.03, 0.01, 0.04, 0.09, 0.07, 0.01, 0.06, 0.0, 0.03, 0.03, 0.07, 0.0, 0.03]",0,
50,Vote For 2,ATVA_1,150,4,"{'D': 82, 'A': 75, 'B': 72, 'C': 71}","[0.58, 0.58, 0.79, 0.58, 0.67, 1.0, 0.54, 1.0, 0.54, 0.54, 1.0, 1.0, 0.54, 0.58, 0.58, 0.54, 0.58, 0.54, 0.58, 0.79, 0.75, 0.58, 0.46, 1.0, 0.54, 0.88, 0.75, 0.42, 1.0, 0.42, 0.75, 1.0, 0.58, 1.0, 0.88, 0.67, 1.0, 0.58, 0.54, 1.0, 0.75, 0.67, 0.88, 0.79, 1.0, 0.75, 1.0, 0.58, 0.58, 1.0, 0.75, 0.75, 1.0, 0.42, 0.58, 1.0, 0.58, 1.0, 1.0, 0.75, 0.79, 1.0, 0.46, 0.46, 1.0, 0.46, 1.0, 0.54, 0.75, 1.0, 0.58, 0.75, 0.88, 0.88, 1.0, 1.0, 1.0, 0.58, 0.58, 0.58, 0.75, 0.46, 0.58, 0.75, 0.46, 0.75, 0.58, 1.0, 0.58, 0.75, 0.46, 0.42, 1.0, 1.0, 1.0, 0.42, 0.54, 0.58, 1.0, 0.58, 0.46, 0.5, 0.58, 0.75, 1.0, 0.75, 0.46, 0.75, 0.75, 0.54, 1.0, 1.0, 0.58, 0.42, 0.58, 0.58, 0.75, 0.75, 0.58, 1.0, 1.0, 1.0, 0.88, 0.88, 0.46, 1.0, 1.0, 0.75, 0.58, 0.75, 0.46, 1.0, 0.46, 0.54, 0.75, 0.79, 0.75, 0.88, 0.58, 0.46, 0.79, 0.67, 0.58, 0.5, 0.58, 1.0, 1.0, 0.75, 1.0, 1.0]",109.75,[],"[0.05, 0.06, 0.03, 0.06, 0.05, 0.03, 0.07, 0.04, 0.07, 0.07, 0.04, 0.01, 0.07, 0.06, 0.07, 0.07, 0.05, 0.07, 0.07, 0.03, 0.03, 0.07, 0.09, 0.01, 0.07, 0.01, 0.03, 0.1, 0.01, 0.1, 0.04, 0.03, 0.07, 0.01, 0.01, 0.05, 0.04, 0.05, 0.07, 0.0, 0.04, 0.05, 0.01, 0.03, 0.01, 0.04, 0.03, 0.06, 0.06, 0.03, 0.04, 0.03, 0.04, 0.1, 0.07, 0.03, 0.07, 0.01, 0.03, 0.02, 0.03, 0.03, 0.09, 0.09, 0.03, 0.09, 0.03, 0.07, 0.02, 0.03, 0.06, 0.04, 0.01, 0.01, 0.03, 0.01, 0.0, 0.06, 0.07, 0.07, 0.04, 0.09, 0.06, 0.04, 0.09, 0.03, 0.07, 0.01, 0.05, 0.02, 0.09, 0.1, 0.0, 0.0, 0.01, 0.1, 0.07, 0.06, 0.01, 0.06, 0.09, 0.08, 0.06, 0.04, 0.01, 0.03, 0.09, 0.04, 0.03, 0.07, 0.01, 0.03, 0.07, 0.1, 0.07, 0.07, 0.04, 0.03, 0.07, 0.03, 0.01, 0.04, 0.01, 0.01, 0.09, 0.0, 0.0, 0.02, 0.06, 0.04, 0.09, 0.03, 0.09, 0.07, 0.02, 0.03, 0.03, 0.01, 0.06, 0.09, 0.03, 0.05, 0.07, 0.09, 0.06, 0.01, 0.0, 0.04, 0.04, 0.04]",0,
51,Vote For 2,ATVA_1,150,4,"{'A': 87, 'B': 82, 'D': 70, 'C': 61}","[0.88, 0.88, 0.58, 1.0, 1.0, 0.58, 0.75, 0.46, 0.58, 1.0, 0.54, 1.0, 0.67, 0.75, 0.67, 0.58, 0.42, 0.88, 0.79, 0.88, 0.75, 1.0, 1.0, 1.0, 0.5, 1.0, 1.0, 0.58, 0.58, 0.79, 0.46, 0.79, 0.54, 0.58, 1.0, 0.58, 0.75, 0.54, 1.0, 0.54, 1.0, 1.0, 0.58, 1.0, 1.0, 0.54, 0.5, 0.75, 0.58, 0.88, 0.58, 0.75, 1.0, 1.0, 0.42, 1.0, 0.5, 1.0, 0.75, 1.0, 1.0, 0.58, 0.75, 1.0, 0.75, 0.46, 0.5, 0.54, 0.75, 0.46, 0.75, 0.88, 1.0, 0.75, 0.46, 1.0, 0.5, 0.58, 0.42, 1.0, 0.58, 1.0, 0.58, 0.42, 0.75, 1.0, 1.0, 0.58, 0.5, 0.46, 0.58, 0.58, 0.54, 1.0, 0.46, 0.58, 0.58, 0.42, 0.58, 0.75, 1.0, 0.67, 0.58, 1.0, 0.58, 0.46, 0.67, 1.0, 0.54, 0.79, 1.0, 0.58, 1.0, 0.5, 0.58, 0.75, 0.75, 1.0, 0.58, 0.75, 1.0, 0.42, 0.58, 0.46, 0.75, 1.0, 1.0, 0.75, 0.79, 0.75, 0.58, 0.79, 0.54, 0.42, 0.58, 1.0, 0.88, 1.0, 0.88, 0.54, 0.5, 0.5, 1.0, 0.5, 0.88, 0.54, 0.58, 1.0, 0.42, 0.46]",108.64,[],"[0.01, 0.01, 0.06, 0.0, 0.01, 0.05, 0.03, 0.09, 0.07, 0.0, 0.07, 0.01, 0.05, 0.04, 0.05, 0.07, 0.1, 0.01, 0.03, 0.01, 0.04, 0.01, 0.01, 0.01, 0.09, 0.01, 0.01, 0.05, 0.06, 0.03, 0.09, 0.03, 0.07, 0.06, 0.0, 0.05, 0.03, 0.07, 0.01, 0.07, 0.01, 0.03, 0.06, 0.04, 0.0, 0.07, 0.08, 0.02, 0.07, 0.01, 0.06, 0.04, 0.04, 0.01, 0.1, 0.03, 0.09, 0.01, 0.02, 0.01, 0.01, 0.05, 0.03, 0.01, 0.04, 0.09, 0.09, 0.07, 0.04, 0.09, 0.02, 0.01, 0.01, 0.02, 0.09, 0.03, 0.08, 0.06, 0.1, 0.03, 0.05, 0.01, 0.05, 0.1, 0.02, 0.0, 0.0, 0.06, 0.08, 0.09, 0.06, 0.05, 0.07, 0.0, 0.09, 0.05, 0.05, 0.1, 0.07, 0.04, 0.03, 0.05, 0.06, 0.03, 0.06, 0.09, 0.05, 0.03, 0.07, 0.03, 0.01, 0.05, 0.01, 0.09, 0.07, 0.02, 0.02, 0.01, 0.07, 0.03, 0.01, 0.1, 0.07, 0.09, 0.04, 0.01, 0.01, 0.02, 0.03, 0.02, 0.05, 0.03, 0.07, 0.1, 0.07, 0.0, 0.01, 0.01, 0.01, 0.07, 0.09, 0.09, 0.0, 0.08, 0.01, 0.07, 0.07, 0.03, 0.1, 0.09]",0,
52,Vote For 2,ATVA_1,150,4,"{'B': 80, 'D': 80, 'C': 79, 'A': 61}","[0.75, 0.54, 0.54, 0.42, 0.5, 0.54, 0.54, 0.58, 0.58, 0.75, 0.75, 1.0, 0.75, 0.58, 1.0, 0.88, 0.58, 0.58, 0.58, 0.75, 0.75, 1.0, 1.0, 0.58, 0.88, 0.79, 1.0, 0.58, 1.0, 1.0, 0.79, 0.54, 0.58, 0.75, 0.54, 0.75, 1.0, 0.79, 1.0, 1.0, 0.79, 0.42, 0.67, 0.5, 0.58, 1.0, 0.54, 0.5, 0.58, 0.46, 0.88, 0.58, 0.58, 0.46, 1.0, 0.54, 1.0, 0.75, 0.58, 0.46, 0.79, 1.0, 0.88, 0.42, 0.75, 0.88, 0.75, 0.42, 1.0, 0.75, 0.54, 1.0, 1.0, 1.0, 0.5, 1.0, 0.79, 0.88, 1.0, 0.54, 0.46, 1.0, 0.88, 0.75, 0.42, 0.42, 0.75, 0.58, 1.0, 0.58, 0.75, 0.79, 1.0, 1.0, 0.79, 0.58, 0.54, 0.46, 0.54, 1.0, 0.58, 0.75, 0.79, 0.75, 1.0, 0.79, 0.58, 0.75, 0.75, 0.75, 0.42, 0.58, 1.0, 0.75, 0.58, 0.42, 0.58, 0.54, 1.0, 1.0, 0.79, 1.0, 0.54, 0.46, 1.0, 1.0, 0.67, 0.46, 0.58, 0.58, 0.75, 0.58, 1.0, 0.75, 0.67, 0.75, 0.46, 0.75, 0.58, 1.0, 0.46, 0.67, 0.54, 0.58, 0.5, 0.75, 0.5, 0.67, 0.58, 0.58]",107.12,"[1, 4, 7, 10, 11, 13, 16, 25, 34, 35, 36, 42, 51, 54, 60, 63, 64, 65, 66, 67, 68, 78, 80, 81, 83, 84, 85, 86, 87, 91, 99, 102, 104, 108, 110, 111, 114, 116, 123, 124, 131, 134, 141]","[0.03, 0.07, 0.07, 0.1, 0.08, 0.07, 0.07, 0.06, 0.07, 0.02, 0.04, 0.0, 0.04, 0.07, 0.03, 0.01, 0.06, 0.06, 0.06, 0.03, 0.03, 0.0, 0.03, 0.06, 0.01, 0.03, 0.01, 0.05, 0.03, 0.01, 0.03, 0.07, 0.06, 0.02, 0.07, 0.04, 0.04, 0.03, 0.01, 0.01, 0.03, 0.1, 0.05, 0.09, 0.05, 0.03, 0.07, 0.09, 0.06, 0.09, 0.01, 0.06, 0.07, 0.09, 0.03, 0.07, 0.01, 0.03, 0.07, 0.09, 0.03, 0.01, 0.01, 0.1, 0.04, 0.01, 0.02, 0.1, 0.0, 0.03, 0.07, 0.04, 0.01, 0.03, 0.08, 0.04, 0.03, 0.01, 0.01, 0.07, 0.09, 0.03, 0.01, 0.04, 0.1, 0.1, 0.02, 0.06, 0.01, 0.07, 0.02, 0.03, 0.01, 0.01, 0.03, 0.06, 0.07, 0.09, 0.07, 0.01, 0.05, 0.04, 0.03, 0.02, 0.0, 0.03, 0.06, 0.04, 0.03, 0.04, 0.1, 0.06, 0.01, 0.02, 0.05, 0.1, 0.06, 0.07, 0.0, 0.01, 0.03, 0.0, 0.07, 0.09, 0.01, 0.03, 0.05, 0.09, 0.07, 0.07, 0.04, 0.05, 0.01, 0.04, 0.05, 0.03, 0.09, 0.03, 0.05, 0.03, 0.09, 0.05, 0.07, 0.06, 0.08, 0.03, 0.09, 0.05, 0.07, 0.05]",0.25,"[(32, 101), (36, 71), (47, 80), (34, 147), (65, 134), (6, 84), (25, 34), (71, 150), (10, 54), (42, 123), (2, 50), (83, 124), (102, 137), (110, 141), (13, 65), (4, 96), (51, 91), (16, 70), (1, 90), (7, 21), (34, 124), (13, 101), (65, 111), (16, 106), (3, 136), (36, 84), (68, 116), (10, 31), (110, 118), (81, 91), (91, 141), (51, 68), (3, 28), (84, 102), (102, 150), (35, 60), (114, 124), (1, 67), (64, 123), (16, 83), (1, 103), (47, 70), (86, 147), (65, 124), (42, 77), (10, 44), (63, 136), (110, 131), (83, 114), (3, 5), (54, 87), (4, 86), (32, 68), (51, 81), (84, 115), (16, 60), (116, 147), (108, 143), (1, 80), (7, 11), (34, 114), (65, 101), (56, 132), (68, 106), (67, 147), (10, 21), (91, 95), (42, 90), (7, 132), (54, 64), (11, 102), (13, 32), (4, 63), (32, 45), (51, 58), (83, 127), (35, 50), (34, 91), (13, 68), (4, 99), (10, 142), (56, 109), (2, 138), (68, 83), (34, 127), (67, 124), (6, 28), (97, 146), (3, 139), (36, 136), (42, 67), (7, 109), (47, 145), (134, 150), (83, 104), (1, 34), (13, 45), (32, 58), (64, 90), (124, 141), (56, 86), (2, 115), (1, 70), (34, 104), (25, 135), (66, 136), (86, 114), (32, 143), (97, 123), (3, 116), (68, 96), (42, 44), (7, 86), (78, 146), (11, 56), (63, 103), (42, 80), (2, 7), (32, 35), (64, 67), (34, 81), (25, 112), (64, 103), (65, 68), (56, 99), (2, 128), (108, 146), (67, 114), (13, 143), (86, 127), (78, 123), (97, 136), (16, 148), (7, 99), (63, 116), (131, 134), (1, 24), (6, 139), (34, 58), (13, 35), (4, 66), (64, 80), (10, 109), (116, 127), (3, 70), (108, 123), (86, 104), (51, 146), (35, 138), (1, 145), (67, 127), (78, 136), (71, 97), (36, 139), (80, 145), (60, 87), (6, 116), (4, 43), (123, 143), (10, 86), (16, 17), (85, 116), (51, 123), (2, 118), (108, 136), (67, 104), (32, 146), (16, 138), (63, 70), (36, 116), (60, 64), (63, 106), (81, 123), (34, 48), (10, 99), (3, 60), (54, 142), (66, 116), (67, 81), (13, 110), (4, 141), (32, 123), (51, 136), (78, 90), (35, 128), (1, 135), (47, 102), (13, 146), (11, 36), (111, 123), (63, 83), (134, 143), (60, 77), (34, 61), (25, 92), (85, 106), (1, 112), (13, 123), (32, 136), (78, 103), (118, 139), (11, 13), (35, 141), (1, 148), (47, 115), (4, 10), (1, 4), (54, 96), (34, 38), (11, 134), (51, 90), (2, 85), (3, 50), (114, 146), (7, 20), (66, 106), (78, 80), (35, 118), (7, 56), (99, 139), (6, 60), (65, 146), (7, 141), (81, 90), (60, 67), (10, 66), (42, 135), (34, 51), (114, 123), (66, 83), (85, 96), (51, 103), (84, 137), (36, 60), (1, 102), (87, 142), (34, 136), (99, 116), (65, 123), (80, 102), (10, 43), (42, 112), (80, 138), (81, 103), (54, 86), (11, 124), (51, 80), (2, 75), (114, 136), (66, 96), (4, 121), (64, 135), (84, 150), (16, 95), (56, 131), (35, 108), (6, 50), (65, 136), (10, 20), (68, 141), (7, 131), (80, 115), (11, 101), (63, 148), (110, 143), (102, 139), (54, 99), (60, 142), (11, 137), (85, 86), (32, 80), (64, 112), (35, 85), (36, 50), (1, 92), (64, 148), (3, 138), (7, 108), (102, 116), (51, 70), (87, 109), (34, 103), (13, 80), (4, 111), (16, 85), (2, 150), (3, 115), (68, 95), (2, 6), (25, 26), (63, 138), (2, 42), (3, 7), (83, 116), (4, 88), (32, 70), (56, 98), (35, 75), (108, 145), (34, 116), (25, 147), (56, 134), (3, 128), (7, 98), (42, 92), (54, 66), (6, 138), (32, 47), (51, 60), (87, 99), (25, 124), (65, 80), (56, 111), (68, 85), (78, 135), (36, 138), (7, 111), (11, 81), (71, 132), (4, 42), (131, 146), (83, 106), (1, 36), (13, 47), (4, 78), (64, 92), (10, 121), (34, 106), (66, 138), (86, 116), (6, 7), (32, 145), (78, 112), (3, 118), (35, 150), (47, 124), (78, 148), (11, 58), (71, 109), (60, 99), (6, 128), (104, 142), (35, 42), (54, 141), (34, 83), (25, 114), (65, 70), (51, 135), (56, 101), (97, 102), (7, 65), (67, 116), (13, 145), (6, 20), (97, 138), (71, 86), (36, 128), (7, 101), (47, 137), (11, 71), (131, 136), (83, 96), (123, 132), (81, 135), (1, 26), (60, 112), (6, 141), (34, 60), (25, 91), (10, 111), (16, 42), (34, 96), (85, 141), (86, 106), (51, 148), (97, 115), (3, 108), (16, 127), (1, 147), (71, 99), (111, 135), (63, 95), (36, 141), (6, 118), (25, 68), (123, 145), (10, 88), (16, 19), (2, 84), (81, 148), (25, 104), (3, 85), (1, 124), (66, 141), (67, 106), (99, 138), (65, 145), (36, 118), (60, 66), (111, 148), (104, 109), (1, 16), (25, 81), (11, 146), (85, 95), (56, 68), (2, 97), (108, 115), (7, 32), (67, 83), (86, 96), (78, 92), (51, 138), (118, 128), (1, 137), (7, 68), (63, 85), (80, 137), (6, 108), (25, 58), (4, 35), (10, 78), (42, 147), (54, 121), (34, 63), (114, 135), (66, 95), (32, 102), (3, 75), (1, 114), (47, 81), (7, 45), (34, 148), (67, 96), (99, 128), (118, 141), (36, 108), (6, 85), (42, 124), (80, 150), (11, 136), (51, 92), (56, 58), (35, 84), (114, 148), (13, 102), (32, 115), (64, 147), (56, 143), (36, 85), (1, 127), (99, 141), (11, 28), (7, 143), (81, 92), (25, 48), (10, 68), (91, 142), (2, 64), (83, 138), (54, 111), (66, 85), (84, 139), (35, 97), (1, 104), (7, 35), (47, 71), (34, 138), (99, 118), (118, 131), (3, 150), (6, 75), (42, 114), (110, 132), (3, 6), (102, 128), (54, 88), (25, 61), (4, 87), (3, 42), (84, 116), (114, 138), (1, 81), (87, 121), (25, 146), (4, 123), (65, 102), (36, 75), (47, 84), (80, 81), (65, 138), (42, 91), (25, 38), (10, 58), (110, 145), (2, 54), (102, 141), (11, 139), (64, 114), (99, 108), (65, 115), (56, 146), (7, 110), (6, 65), (71, 131), (10, 35), (91, 109), (42, 104), (102, 118), (7, 146), (54, 78), (60, 121), (6, 150), (11, 116), (4, 77), (83, 141), (124, 142), (16, 51), (35, 64), (87, 111), (25, 136), (64, 127), (16, 87), (56, 123), (36, 65), (67, 138), (6, 42), (78, 147), (36, 150), (42, 81), (7, 123), (32, 36), (102, 131), (1, 48), (87, 88), (4, 90), (64, 104), (16, 64), (36, 42), (1, 84), (78, 124), (97, 137), (80, 84), (11, 70), (10, 25), (91, 99), (2, 21), (83, 95), (102, 108), (54, 68), (60, 111), (13, 36), (4, 67), (64, 81), (16, 41), (143, 145), (35, 54), (108, 124), (1, 61), (34, 95), (10, 146), (51, 147), (68, 87), (86, 141), (6, 32), (97, 150), (71, 98), (60, 88), (71, 134), (4, 44), (91, 112), (16, 18), (81, 147), (1, 38), (60, 124), (25, 103), (4, 80), (10, 123), (16, 54), (116, 141), (3, 84), (108, 137), (78, 114), (42, 48), (67, 141), (11, 60), (71, 111), (111, 147), (2, 11), (83, 85), (16, 31), (1, 51), (87, 91), (34, 85), (25, 116), (86, 95), (32, 124), (2, 132), (3, 97), (68, 77), (78, 127), (42, 61), (47, 139), (60, 78), (4, 34), (131, 138), (104, 121), (123, 134), (51, 114), (56, 80), (2, 109), (67, 95), (13, 124), (32, 137), (78, 104), (7, 80), (47, 116), (11, 50), (71, 101), (81, 114), (1, 5), (60, 91), (25, 70), (10, 90), (16, 21), (2, 86), (114, 147), (25, 106), (78, 81), (51, 127), (13, 137), (111, 114), (16, 142), (60, 68), (141, 142), (6, 97), (4, 24), (104, 111), (123, 124), (10, 67), (81, 127), (1, 18), (25, 83), (10, 103), (51, 104), (56, 70), (2, 99), (3, 64), (84, 138), (67, 85), (35, 132), (36, 97), (111, 127), (63, 87), (80, 139), (81, 104), (6, 110), (25, 60), (104, 124), (10, 80), (54, 123), (16, 96), (35, 109), (1, 116), (7, 47), (118, 143), (65, 137), (63, 64), (36, 110), (68, 142), (80, 116), (34, 42), (11, 138), (85, 87), (32, 81), (3, 54), (84, 128), (35, 86), (47, 60), (4, 135), (16, 109), (56, 145), (99, 143), (6, 64), (65, 150), (10, 34), (42, 103), (7, 145), (54, 77), (11, 115), (10, 70), (114, 127), (66, 87), (13, 81), (4, 112), (84, 141), (16, 86), (35, 99), (36, 64), (1, 106), (87, 146), (71, 143), (91, 121), (42, 116), (110, 134), (54, 90), (11, 128), (13, 58), (32, 71), (84, 118), (16, 63), (1, 83), (47, 50), (87, 123), (25, 148), (16, 99), (6, 54), (10, 24), (110, 111), (2, 20), (54, 67), (51, 61), (2, 56), (3, 21), (102, 143), (1, 60), (66, 77), (13, 71), (32, 84), (64, 116), (65, 81), (2, 141), (36, 54), (68, 86), (1, 96), (87, 136), (99, 110), (91, 111), (42, 106), (110, 124), (54, 80), (60, 123), (11, 118), (84, 108), (25, 138), (68, 99), (71, 110), (42, 83), (71, 146), (63, 142), (91, 124), (3, 11), (84, 85), (1, 50), (87, 90), (4, 92), (64, 106), (65, 71), (10, 135), (16, 66), (56, 102), (2, 131), (6, 21), (97, 139), (3, 132), (42, 60), (7, 102), (47, 138), (80, 86), (71, 123), (131, 137), (102, 110), (64, 83), (10, 112), (16, 43), (84, 98), (2, 108), (35, 56), (1, 63), (87, 103), (85, 142), (65, 84), (10, 148), (56, 115), (97, 116), (3, 109), (63, 96), (60, 90), (11, 85), (131, 150), (123, 146), (16, 20), (64, 96), (3, 86), (108, 139), (66, 142), (13, 136), (6, 11), (78, 116), (16, 141), (47, 128), (63, 109), (83, 87), (1, 17), (60, 103), (6, 132), (13, 28), (104, 146), (2, 98), (108, 116), (34, 87), (3, 99), (35, 131), (1, 138), (63, 86), (36, 132), (47, 141), (134, 146), (60, 80), (6, 109), (11, 75), (104, 123), (123, 136), (42, 148), (34, 64), (25, 95), (64, 86), (51, 116), (2, 111), (32, 139), (78, 106), (36, 109), (47, 118), (6, 86), (63, 99), (81, 116), (1, 7), (34, 41), (104, 136), (10, 92), (54, 135), (66, 109), (86, 87), (32, 116), (78, 83), (36, 86), (1, 128), (13, 139), (71, 80), (111, 116), (134, 136), (80, 128), (6, 99), (4, 26), (2, 65), (54, 112), (1, 20), (34, 54), (25, 85), (66, 86), (11, 150), (85, 99), (51, 106), (2, 101), (35, 98), (7, 36), (67, 87), (13, 116), (4, 147), (78, 96), (118, 132), (16, 121), (35, 134), (36, 99), (1, 141), (47, 108), (11, 42), (80, 141), (81, 106), (51, 83), (7, 13), (66, 99), (85, 112), (4, 124), (35, 111), (47, 85), (99, 132), (118, 145), (65, 139), (63, 66), (7, 134), (80, 118), (81, 83), (4, 16), (110, 146), (3, 20), (34, 44), (114, 116), (13, 70), (51, 96), (3, 56), (1, 95), (87, 135), (67, 77), (99, 109), (65, 116), (16, 111), (3, 141), (68, 121), (110, 123), (2, 32), (80, 131), (81, 96), (141, 147), (32, 60), (91, 146), (2, 68), (83, 142), (35, 65), (87, 112), (4, 114), (84, 143), (16, 88), (56, 124), (35, 101), (1, 108), (47, 75), (87, 148), (34, 142), (7, 124), (80, 108), (71, 145), (63, 141), (91, 123), (110, 136), (2, 45), (102, 132), (54, 92), (60, 135), (13, 60), (4, 91), (51, 86), (1, 85), (64, 141), (56, 137), (3, 131), (68, 111), (80, 85), (6, 56), (10, 26), (42, 95), (102, 109), (7, 137), (81, 86), (25, 42), (4, 68), (32, 50), (51, 63), (91, 136), (84, 97), (102, 145), (143, 146), (60, 148), (25, 127), (4, 104), (10, 147), (16, 78), (2, 143), (36, 56), (68, 88), (47, 65), (86, 142), (78, 138), (68, 124), (47, 150), (80, 98), (11, 84), (2, 35), (83, 109), (13, 50), (4, 81), (64, 95), (10, 124), (84, 110), (35, 68), (116, 142), (108, 138), (1, 75), (34, 109), (97, 128), (67, 142), (10, 16), (42, 85), (83, 86), (6, 131), (11, 97), (35, 45), (87, 92), (34, 86), (16, 68), (3, 98), (68, 78), (97, 141), (3, 134), (36, 131), (134, 145), (63, 121), (91, 103), (131, 139), (83, 99), (64, 85), (10, 114), (56, 81), (2, 110), (35, 58), (108, 128), (1, 65), (34, 99), (32, 138), (65, 86), (97, 118), (2, 146), (3, 111), (35, 143), (68, 91), (7, 81), (78, 141), (71, 102), (60, 92), (4, 48), (104, 135), (10, 91), (1, 42), (85, 121), (10, 127), (2, 123), (108, 141), (7, 58), (67, 109), (13, 138), (6, 13), (97, 131), (6, 98), (11, 64), (71, 115), (4, 25), (63, 111), (104, 112), (1, 19), (6, 134), (4, 61), (104, 148), (10, 104), (16, 35), (56, 71), (3, 65), (108, 118), (54, 147), (66, 121), (67, 86), (13, 115), (86, 99), (32, 128), (78, 95), (51, 141), (97, 108), (3, 101), (36, 98), (7, 71), (63, 88), (36, 134), (6, 111), (4, 38), (123, 138), (10, 81), (81, 141), (54, 124), (34, 66), (85, 111), (56, 84), (35, 110), (67, 99), (13, 128), (86, 112), (32, 141), (99, 131), (35, 146), (36, 111), (11, 54), (111, 141), (42, 127), (34, 43), (85, 88), (51, 95), (66, 111), (85, 124), (32, 118), (78, 85), (97, 98), (35, 123), (47, 97), (63, 78), (81, 95), (6, 101), (25, 51), (3, 32), (54, 114), (25, 87), (66, 88), (3, 68), (87, 147), (34, 141), (13, 118), (118, 134), (65, 128), (16, 123), (36, 101), (47, 110), (10, 48), (80, 143), (54, 91), (25, 64), (51, 85), (2, 80), (3, 45), (54, 127), (114, 141), (87, 124), (32, 108), (56, 136), (99, 134), (11, 21), (65, 141), (63, 68), (7, 136), (81, 85), (25, 41), (10, 61), (91, 135), (54, 104), (60, 147), (66, 78), (85, 91), (4, 103), (32, 85), (84, 132), (16, 77), (7, 28), (47, 64), (13, 108), (99, 111), (118, 124), (65, 118), (3, 143), (68, 123), (80, 97), (6, 68), (10, 38), (54, 81), (25, 54), (91, 148), (3, 35), (84, 109), (87, 114), (13, 85), (4, 116), (16, 90), (36, 68), (1, 110), (99, 124), (6, 45), (65, 131), (80, 110), (25, 31), (10, 51), (110, 138), (2, 47), (83, 121), (84, 86), (102, 134), (66, 68), (11, 132), (32, 75), (10, 136), (16, 67), (35, 80), (36, 45), (108, 150), (1, 87), (47, 54), (87, 127), (34, 121), (99, 101), (65, 108), (56, 139), (6, 58), (71, 124), (110, 115), (102, 111), (7, 139), (60, 114), (6, 143), (11, 109), (91, 138), (84, 99), (16, 44), (124, 135), (1, 64), (87, 104), (13, 75), (4, 106), (65, 85), (16, 80), (56, 116), (2, 145), (3, 110), (36, 58), (68, 90), (6, 35), (3, 146), (36, 143), (7, 116), (11, 86), (71, 137), (83, 111), (102, 124), (1, 41), (60, 127), (4, 83), (32, 65), (124, 148), (35, 70), (1, 77), (34, 111), (25, 142), (86, 121), (32, 150), (65, 98), (3, 123), (68, 103), (42, 51), (10, 18), (91, 92), (42, 87), (83, 88), (54, 61), (60, 104), (11, 99), (4, 60), (32, 42), (63, 146), (104, 147), (16, 34), (35, 47), (116, 121), (1, 54), (34, 88), (65, 75), (68, 80), (7, 70), (67, 121), (13, 150), (97, 143), (42, 64), (60, 81), (63, 123), (131, 141), (123, 137), (1, 31), (6, 146), (13, 42), (25, 96), (64, 87), (10, 116), (86, 111), (35, 145), (36, 146), (2, 4), (1, 8), (6, 123), (123, 150), (16, 24), (56, 60), (1, 44), (34, 78), (25, 109), (85, 123), (86, 88), (7, 60), (66, 146), (67, 111), (86, 124), (71, 81), (63, 77), (36, 123), (42, 54), (47, 132), (134, 137), (104, 114), (83, 91), (1, 21), (6, 136), (25, 86), (64, 77), (10, 106), (2, 102), (116, 124), (66, 123), (67, 88), (4, 148), (97, 110), (1, 142), (47, 109), (63, 90), (25, 63), (104, 127), (10, 83), (34, 68), (25, 99), (3, 80), (7, 50), (47, 86), (118, 146), (11, 20), (16, 135), (63, 67), (60, 61), (4, 17), (10, 60), (1, 11), (54, 103), (11, 141), (85, 90), (10, 96), (84, 131), (108, 110), (67, 78), (86, 91), (78, 87), (118, 123), (16, 112), (47, 99), (99, 146), (71, 84), (63, 80), (80, 132), (141, 148), (91, 147), (42, 142), (54, 116), (66, 90), (85, 103), (13, 84), (32, 97), (35, 102), (1, 109), (67, 91), (99, 123), (118, 136), (68, 135), (80, 109), (6, 80), (4, 7), (110, 137), (34, 35), (25, 66), (66, 67), (11, 131), (51, 87), (3, 47), (1, 86), (66, 103), (67, 68), (13, 97), (32, 110), (64, 142), (56, 138), (35, 115), (36, 80), (68, 112), (99, 136), (65, 143), (68, 148), (42, 96), (7, 138), (81, 87), (25, 43), (11, 108), (10, 63), (51, 64), (110, 150), (102, 146), (54, 106), (66, 80), (84, 134), (1, 99), (3, 145), (7, 115), (80, 99), (6, 70), (71, 136), (91, 114), (2, 36), (102, 123), (54, 83), (32, 64), (51, 77), (83, 146), (84, 111), (124, 147), (87, 116), (25, 141), (65, 97), (16, 92), (56, 128), (36, 70), (34, 146), (6, 47), (10, 17), (42, 86), (2, 13), (7, 128), (54, 60), (11, 98), (91, 127), (51, 54), (83, 123), (102, 136), (66, 70), (13, 64), (4, 95), (10, 138), (84, 124), (2, 134), (36, 47), (47, 56), (34, 123), (65, 110), (56, 141), (42, 63), (91, 104), (42, 99), (60, 116), (6, 145), (11, 111), (32, 54), (51, 67), (83, 136), (84, 101), (143, 150), (1, 66), (87, 106), (56, 118), (68, 92), (78, 142), (36, 145), (2, 3), (7, 118), (71, 139), (63, 135), (3, 4), (35, 36), (1, 43), (34, 77), (13, 54), (4, 85), (64, 99), (2, 124), (86, 123), (97, 132), (47, 131), (67, 146), (11, 65), (71, 116), (63, 112), (83, 90), (54, 63), (60, 106), (124, 127), (116, 123), (54, 148), (87, 96), (34, 90), (25, 121), (85, 135), (10, 141), (51, 142), (56, 108), (2, 137), (3, 102), (97, 109), (67, 123), (97, 145), (42, 66), (60, 83), (131, 143), (83, 103), (123, 139), (81, 142), (34, 67), (56, 85), (108, 132), (66, 135), (85, 148), (78, 109), (42, 43), (7, 85), (67, 136), (111, 142), (1, 10), (60, 96), (13, 21), (64, 66), (10, 95), (16, 26), (108, 109), (34, 80), (25, 111), (66, 112), (86, 90), (78, 86), (97, 99), (35, 124), (1, 131), (47, 98), (66, 148), (99, 145), (11, 32), (16, 147), (47, 134), (134, 139), (6, 102), (11, 68), (104, 116), (42, 141), (25, 88), (51, 109), (56, 75), (67, 90), (86, 103), (32, 132), (78, 99), (16, 124), (35, 137), (36, 102), (7, 75), (47, 111), (11, 45), (63, 92), (60, 86), (6, 115), (10, 85), (2, 81), (34, 70), (114, 142), (4, 127), (32, 109), (1, 121), (67, 103), (13, 132), (36, 115), (68, 147), (60, 63), (4, 19), (104, 106), (2, 58), (1, 13), (25, 78), (11, 143), (85, 92), (32, 86), (51, 99), (56, 65), (1, 98), (87, 138), (67, 80), (13, 109), (16, 114), (56, 150), (1, 134), (47, 101), (11, 35), (7, 150), (80, 134), (81, 99), (2, 71), (3, 36), (66, 92), (13, 86), (32, 99), (51, 112), (84, 146), (16, 91), (1, 111), (7, 42), (118, 138), (65, 132), (80, 111), (42, 121), (110, 139), (3, 13), (81, 112), (54, 95), (84, 123), (35, 81), (1, 88), (67, 70), (13, 99), (99, 102), (65, 109), (16, 104), (68, 114), (111, 112), (110, 116), (80, 124), (11, 110), (51, 66), (83, 135), (64, 121), (84, 136), (16, 81), (87, 141), (47, 68), (34, 135), (99, 115), (6, 36), (68, 127), (80, 101), (71, 138), (10, 42), (91, 116), (42, 111), (83, 112), (54, 85), (11, 123), (83, 148), (16, 58), (35, 71), (1, 78), (34, 112), (65, 99), (3, 124), (68, 104), (10, 19), (42, 88), (25, 35), (63, 147), (102, 138), (87, 95), (60, 141), (64, 111), (2, 136), (68, 81), (1, 91), (47, 58), (86, 135), (3, 137), (47, 143), (71, 128), (63, 124), (91, 106), (2, 28), (102, 115), (32, 56), (64, 88), (16, 48), (116, 135), (108, 131), (1, 68), (85, 147), (64, 124), (7, 84), (67, 135), (86, 148), (42, 78), (2, 5), (60, 95), (6, 124), (13, 20), (71, 141), (4, 51), (104, 138), (16, 25), (13, 56), (16, 61), (56, 97), (116, 148), (66, 147), (67, 112), (13, 141), (78, 121), (97, 134), (16, 146), (36, 124), (7, 97), (134, 138), (67, 148), (71, 118), (63, 114), (91, 96), (131, 132), (83, 92), (123, 128), (6, 137), (4, 64), (64, 78), (16, 38), (1, 58), (34, 92), (25, 123), (66, 124), (32, 131), (56, 110), (97, 111), (2, 139), (35, 136), (63, 91), (36, 137), (42, 68), (47, 146), (60, 85), (11, 80), (4, 41), (63, 127), (131, 145), (123, 141), (1, 35), (85, 114), (64, 91), (51, 121), (2, 116), (3, 81), (108, 134), (13, 131), (78, 111), (97, 124), (16, 136), (47, 123), (71, 108), (4, 18), (63, 104), (81, 121), (25, 77), (4, 54), (104, 141), (64, 68), (56, 64), (3, 58), (108, 111), (66, 114), (85, 127), (86, 92), (78, 88), (97, 101), (7, 64), (71, 85), (111, 121), (63, 81), (47, 136), (134, 141), (4, 31), (123, 131), (2, 70), (1, 25), (25, 90), (66, 91), (85, 104), (32, 98), (51, 111), (3, 71), (84, 145), (66, 127), (67, 92), (32, 134), (118, 137), (35, 139), (1, 146), (6, 81), (11, 47), (4, 8), (80, 146), (81, 111), (25, 67), (10, 87), (51, 88), (66, 104), (13, 98), (32, 111), (51, 124), (16, 103), (35, 116), (36, 81), (1, 123), (7, 54), (13, 134), (99, 137), (118, 150), (71, 75), (80, 123), (81, 88), (25, 44), (10, 64), (2, 60), (81, 124), (114, 121), (25, 80), (66, 81), (11, 145), (13, 111), (4, 142), (78, 91), (16, 116), (1, 136), (99, 150), (6, 71), (111, 124), (10, 41), (110, 128), (80, 136), (10, 77), (51, 78), (83, 147)]"
53,Vote For 2,ATVA_1,150,4,"{'D': 81, 'A': 76, 'C': 75, 'B': 68}","[0.58, 1.0, 0.75, 0.58, 1.0, 0.54, 1.0, 0.79, 0.58, 0.58, 0.75, 0.58, 0.67, 0.58, 0.58, 0.58, 0.75, 1.0, 1.0, 1.0, 1.0, 1.0, 0.54, 0.5, 0.46, 0.58, 0.54, 1.0, 0.79, 0.58, 0.54, 1.0, 0.75, 0.88, 1.0, 1.0, 0.75, 1.0, 1.0, 0.58, 1.0, 0.79, 0.46, 0.75, 0.5, 0.75, 0.58, 1.0, 1.0, 1.0, 0.5, 1.0, 0.79, 1.0, 0.88, 0.58, 0.58, 0.58, 0.79, 0.75, 0.58, 0.54, 1.0, 0.46, 0.58, 0.54, 1.0, 0.58, 0.58, 0.58, 1.0, 0.5, 0.58, 0.5, 1.0, 1.0, 0.58, 1.0, 1.0, 1.0, 0.75, 0.58, 0.54, 1.0, 1.0, 0.58, 1.0, 1.0, 0.5, 0.58, 0.58, 0.75, 0.54, 0.79, 0.5, 0.5, 0.46, 0.46, 1.0, 0.88, 1.0, 0.5, 1.0, 0.75, 0.46, 0.42, 0.88, 0.58, 0.88, 0.46, 0.42, 0.79, 1.0, 0.54, 1.0, 0.5, 1.0, 0.75, 0.54, 0.67, 1.0, 1.0, 1.0, 0.54, 1.0, 1.0, 0.58, 0.5, 0.58, 1.0, 0.58, 0.58, 0.58, 0.42, 0.46, 1.0, 0.58, 0.5, 1.0, 1.0, 0.58, 0.75, 1.0, 0.58, 0.54, 0.46, 1.0, 0.58, 0.75, 0.5]",110.03,[],"[0.06, 0.0, 0.04, 0.06, 0.01, 0.07, 0.0, 0.03, 0.07, 0.07, 0.03, 0.06, 0.05, 0.06, 0.06, 0.06, 0.02, 0.03, 0.03, 0.04, 0.01, 0.01, 0.07, 0.08, 0.09, 0.05, 0.07, 0.03, 0.03, 0.06, 0.07, 0.03, 0.02, 0.01, 0.04, 0.03, 0.03, 0.0, 0.01, 0.06, 0.03, 0.03, 0.09, 0.03, 0.09, 0.03, 0.05, 0.04, 0.04, 0.01, 0.08, 0.03, 0.03, 0.01, 0.01, 0.07, 0.07, 0.07, 0.03, 0.04, 0.05, 0.07, 0.0, 0.09, 0.06, 0.07, 0.0, 0.06, 0.06, 0.07, 0.0, 0.08, 0.07, 0.09, 0.03, 0.03, 0.06, 0.01, 0.04, 0.01, 0.04, 0.07, 0.07, 0.03, 0.03, 0.07, 0.03, 0.03, 0.09, 0.05, 0.06, 0.02, 0.07, 0.03, 0.08, 0.08, 0.09, 0.09, 0.01, 0.01, 0.01, 0.08, 0.01, 0.02, 0.09, 0.1, 0.01, 0.07, 0.01, 0.09, 0.1, 0.03, 0.01, 0.07, 0.03, 0.08, 0.01, 0.02, 0.07, 0.05, 0.04, 0.0, 0.0, 0.07, 0.03, 0.03, 0.07, 0.08, 0.06, 0.03, 0.07, 0.06, 0.05, 0.1, 0.09, 0.04, 0.07, 0.09, 0.0, 0.03, 0.06, 0.04, 0.04, 0.06, 0.07, 0.09, 0.04, 0.06, 0.04, 0.09]",0,
54,Vote For 2,ATVA_1,150,4,"{'B': 80, 'C': 77, 'A': 72, 'D': 71}","[1.0, 0.58, 0.54, 0.42, 0.5, 0.58, 0.54, 0.79, 0.58, 0.75, 1.0, 1.0, 0.79, 0.75, 0.58, 0.75, 0.46, 1.0, 0.79, 1.0, 1.0, 0.88, 0.88, 0.67, 0.46, 0.79, 0.75, 0.88, 0.42, 1.0, 0.58, 0.88, 1.0, 0.5, 1.0, 0.58, 1.0, 0.54, 0.75, 1.0, 0.54, 0.58, 0.79, 0.5, 1.0, 0.75, 0.67, 0.75, 0.75, 0.5, 0.58, 0.58, 0.42, 0.75, 0.54, 0.5, 0.54, 1.0, 0.46, 0.67, 1.0, 0.46, 0.54, 0.79, 1.0, 1.0, 0.54, 0.5, 0.88, 0.46, 0.54, 1.0, 0.58, 1.0, 0.88, 0.75, 0.88, 0.5, 0.58, 0.58, 0.42, 0.5, 1.0, 0.58, 0.67, 0.88, 0.42, 1.0, 0.79, 0.46, 1.0, 0.58, 0.79, 1.0, 0.58, 1.0, 0.54, 1.0, 0.5, 1.0, 0.58, 0.88, 1.0, 0.58, 0.58, 0.58, 0.42, 0.88, 0.75, 0.58, 0.75, 1.0, 0.54, 0.58, 1.0, 0.58, 0.54, 1.0, 0.54, 0.46, 1.0, 0.75, 0.58, 1.0, 1.0, 0.42, 0.67, 0.46, 0.46, 0.58, 1.0, 0.46, 0.58, 0.58, 0.58, 0.75, 0.88, 0.54, 1.0, 0.88, 0.58, 0.79, 1.0, 0.46, 0.54, 0.75, 0.58, 1.0, 1.0, 1.0]",107.69,[],"[0.0, 0.07, 0.07, 0.1, 0.08, 0.07, 0.07, 0.03, 0.06, 0.02, 0.0, 0.03, 0.03, 0.04, 0.07, 0.02, 0.09, 0.03, 0.03, 0.01, 0.0, 0.01, 0.01, 0.05, 0.09, 0.03, 0.02, 0.01, 0.1, 0.0, 0.06, 0.01, 0.03, 0.08, 0.03, 0.07, 0.0, 0.07, 0.04, 0.03, 0.07, 0.05, 0.03, 0.09, 0.01, 0.03, 0.05, 0.02, 0.04, 0.09, 0.05, 0.07, 0.1, 0.04, 0.07, 0.09, 0.07, 0.03, 0.09, 0.05, 0.03, 0.09, 0.07, 0.03, 0.01, 0.03, 0.07, 0.08, 0.01, 0.09, 0.07, 0.03, 0.07, 0.01, 0.01, 0.03, 0.01, 0.09, 0.07, 0.05, 0.1, 0.09, 0.03, 0.06, 0.05, 0.01, 0.1, 0.01, 0.03, 0.09, 0.03, 0.05, 0.03, 0.03, 0.05, 0.04, 0.07, 0.03, 0.08, 0.01, 0.06, 0.01, 0.0, 0.06, 0.06, 0.06, 0.1, 0.01, 0.02, 0.06, 0.02, 0.0, 0.07, 0.07, 0.03, 0.06, 0.07, 0.04, 0.07, 0.09, 0.03, 0.02, 0.07, 0.03, 0.03, 0.1, 0.05, 0.09, 0.09, 0.07, 0.03, 0.09, 0.05, 0.05, 0.06, 0.02, 0.01, 0.07, 0.01, 0.01, 0.07, 0.03, 0.01, 0.09, 0.07, 0.04, 0.06, 0.03, 0.04, 0.03]",0,
55,Vote For 2,ATVA_1,150,4,"{'B': 84, 'C': 82, 'A': 69, 'D': 65}","[0.88, 0.75, 0.54, 1.0, 0.58, 0.54, 0.75, 1.0, 0.79, 0.75, 0.58, 0.54, 0.5, 0.54, 0.58, 0.54, 1.0, 0.88, 1.0, 0.88, 0.75, 0.5, 0.75, 0.5, 1.0, 1.0, 1.0, 0.58, 0.54, 1.0, 1.0, 0.75, 0.58, 0.58, 0.58, 0.88, 0.54, 0.58, 0.88, 0.88, 1.0, 0.58, 0.75, 1.0, 0.58, 0.58, 1.0, 0.88, 0.5, 0.75, 1.0, 1.0, 0.75, 0.58, 0.46, 1.0, 0.58, 0.75, 0.58, 1.0, 0.58, 1.0, 0.75, 0.79, 0.75, 0.58, 1.0, 0.79, 0.58, 0.88, 0.5, 1.0, 0.46, 1.0, 1.0, 0.67, 0.5, 0.75, 0.75, 0.79, 1.0, 0.54, 1.0, 0.46, 0.46, 0.88, 0.75, 0.75, 0.5, 0.5, 1.0, 0.75, 0.58, 0.75, 1.0, 0.75, 1.0, 0.58, 0.54, 0.58, 0.42, 1.0, 0.5, 1.0, 0.58, 0.75, 0.58, 0.58, 1.0, 0.58, 1.0, 0.5, 0.58, 0.42, 1.0, 0.58, 0.42, 1.0, 0.79, 1.0, 0.58, 0.58, 1.0, 0.46, 0.67, 1.0, 1.0, 0.46, 0.58, 0.58, 1.0, 1.0, 0.58, 0.46, 0.75, 0.58, 0.75, 0.46, 0.58, 1.0, 0.75, 0.46, 0.75, 0.46, 0.67, 0.88, 0.58, 0.46, 1.0, 0.88]",109.54,[],"[0.01, 0.03, 0.07, 0.04, 0.07, 0.07, 0.04, 0.04, 0.03, 0.02, 0.05, 0.07, 0.09, 0.07, 0.06, 0.07, 0.01, 0.01, 0.03, 0.01, 0.04, 0.08, 0.03, 0.09, 0.0, 0.01, 0.04, 0.05, 0.07, 0.01, 0.01, 0.03, 0.05, 0.06, 0.06, 0.01, 0.07, 0.06, 0.01, 0.01, 0.01, 0.07, 0.04, 0.01, 0.07, 0.05, 0.04, 0.01, 0.08, 0.02, 0.01, 0.0, 0.03, 0.05, 0.09, 0.03, 0.07, 0.03, 0.07, 0.03, 0.06, 0.0, 0.04, 0.03, 0.02, 0.06, 0.03, 0.03, 0.07, 0.01, 0.09, 0.01, 0.09, 0.01, 0.0, 0.05, 0.09, 0.03, 0.04, 0.03, 0.01, 0.07, 0.04, 0.09, 0.09, 0.01, 0.02, 0.04, 0.09, 0.08, 0.0, 0.02, 0.06, 0.04, 0.01, 0.03, 0.01, 0.06, 0.07, 0.07, 0.1, 0.01, 0.08, 0.04, 0.06, 0.04, 0.06, 0.07, 0.01, 0.07, 0.03, 0.09, 0.06, 0.1, 0.01, 0.06, 0.1, 0.01, 0.03, 0.03, 0.07, 0.07, 0.0, 0.09, 0.05, 0.0, 0.01, 0.09, 0.06, 0.07, 0.0, 0.0, 0.07, 0.09, 0.03, 0.07, 0.04, 0.09, 0.06, 0.01, 0.04, 0.09, 0.02, 0.09, 0.05, 0.01, 0.06, 0.09, 0.04, 0.01]",0,
56,Vote For 2,ATVA_1,150,4,"{'B': 81, 'A': 79, 'C': 72, 'D': 68}","[1.0, 0.54, 0.75, 0.88, 0.58, 0.75, 1.0, 0.46, 0.58, 0.58, 0.54, 1.0, 1.0, 0.54, 0.5, 0.75, 1.0, 0.58, 1.0, 1.0, 1.0, 1.0, 1.0, 1.0, 0.42, 1.0, 0.75, 0.75, 0.58, 1.0, 1.0, 1.0, 0.75, 0.5, 1.0, 0.58, 0.58, 0.5, 0.46, 0.88, 0.54, 0.58, 1.0, 1.0, 0.46, 0.79, 0.75, 0.58, 0.5, 0.5, 0.54, 0.58, 1.0, 1.0, 0.54, 0.58, 1.0, 0.79, 1.0, 0.54, 0.58, 0.75, 0.58, 1.0, 0.75, 0.88, 0.58, 0.58, 0.54, 0.58, 0.5, 1.0, 0.46, 0.75, 1.0, 1.0, 0.58, 0.58, 1.0, 0.58, 0.67, 0.54, 0.67, 0.58, 1.0, 0.58, 0.67, 0.42, 0.5, 0.75, 0.58, 0.58, 0.58, 0.79, 0.58, 0.67, 1.0, 0.75, 0.75, 1.0, 1.0, 0.67, 0.54, 0.5, 0.75, 1.0, 0.75, 0.58, 0.75, 1.0, 0.79, 1.0, 0.58, 0.42, 1.0, 0.58, 0.58, 1.0, 1.0, 0.42, 0.54, 1.0, 0.54, 1.0, 0.58, 0.54, 0.5, 1.0, 0.5, 0.58, 1.0, 0.75, 0.5, 0.75, 1.0, 0.5, 0.54, 1.0, 1.0, 1.0, 0.75, 0.58, 1.0, 0.42, 0.58, 0.58, 1.0, 0.5, 1.0, 0.54]",109.66,[],"[0.04, 0.07, 0.04, 0.01, 0.07, 0.02, 0.04, 0.09, 0.07, 0.06, 0.07, 0.03, 0.01, 0.07, 0.08, 0.04, 0.0, 0.07, 0.01, 0.04, 0.04, 0.01, 0.01, 0.0, 0.1, 0.04, 0.04, 0.03, 0.06, 0.04, 0.0, 0.03, 0.02, 0.08, 0.01, 0.06, 0.07, 0.09, 0.09, 0.01, 0.07, 0.06, 0.03, 0.01, 0.09, 0.03, 0.04, 0.06, 0.09, 0.08, 0.07, 0.05, 0.0, 0.03, 0.07, 0.06, 0.01, 0.03, 0.03, 0.07, 0.05, 0.02, 0.06, 0.01, 0.04, 0.01, 0.05, 0.05, 0.07, 0.07, 0.08, 0.04, 0.09, 0.03, 0.04, 0.03, 0.06, 0.07, 0.0, 0.06, 0.05, 0.07, 0.05, 0.06, 0.04, 0.07, 0.05, 0.1, 0.08, 0.03, 0.06, 0.07, 0.07, 0.03, 0.05, 0.05, 0.01, 0.02, 0.04, 0.01, 0.0, 0.05, 0.07, 0.08, 0.02, 0.04, 0.02, 0.06, 0.04, 0.04, 0.03, 0.01, 0.06, 0.1, 0.03, 0.07, 0.06, 0.0, 0.01, 0.1, 0.07, 0.0, 0.07, 0.01, 0.07, 0.07, 0.09, 0.03, 0.08, 0.05, 0.03, 0.04, 0.09, 0.04, 0.01, 0.08, 0.07, 0.03, 0.01, 0.01, 0.02, 0.06, 0.01, 0.1, 0.07, 0.05, 0.04, 0.08, 0.03, 0.07]",0,
57,Vote For 2,ATVA_1,150,4,"{'D': 85, 'C': 74, 'B': 72, 'A': 69}","[1.0, 0.75, 0.79, 0.67, 0.75, 0.5, 0.58, 1.0, 1.0, 0.58, 0.75, 0.79, 0.75, 0.75, 0.54, 0.75, 0.58, 1.0, 0.5, 0.54, 0.54, 0.58, 0.88, 0.58, 1.0, 0.54, 0.46, 0.46, 1.0, 0.5, 0.58, 1.0, 0.58, 0.58, 0.58, 1.0, 0.75, 0.67, 0.54, 0.54, 0.46, 0.79, 0.54, 0.58, 0.67, 1.0, 0.5, 0.54, 1.0, 1.0, 0.58, 0.75, 0.58, 1.0, 0.58, 0.5, 0.46, 0.58, 0.67, 0.46, 1.0, 0.75, 0.75, 0.58, 0.67, 0.46, 0.46, 0.58, 1.0, 0.79, 0.46, 0.54, 1.0, 0.54, 1.0, 1.0, 0.75, 0.54, 0.75, 0.75, 1.0, 1.0, 0.58, 0.58, 0.42, 0.58, 0.5, 0.79, 0.54, 1.0, 0.88, 1.0, 1.0, 0.54, 0.46, 1.0, 1.0, 0.88, 0.5, 0.58, 1.0, 0.5, 0.75, 0.58, 1.0, 0.58, 1.0, 0.54, 1.0, 1.0, 1.0, 0.5, 1.0, 0.88, 0.88, 0.58, 0.58, 1.0, 0.5, 0.67, 1.0, 0.42, 0.58, 1.0, 0.75, 0.5, 0.42, 0.5, 0.88, 1.0, 0.58, 0.54, 0.58, 0.75, 1.0, 0.58, 0.58, 0.88, 0.54, 0.54, 0.88, 0.5, 0.54, 0.75, 0.58, 0.75, 1.0, 0.58, 1.0, 0.79]",106.9,[],"[0.03, 0.03, 0.03, 0.05, 0.03, 0.09, 0.05, 0.0, 0.03, 0.05, 0.04, 0.03, 0.03, 0.03, 0.07, 0.03, 0.06, 0.0, 0.09, 0.07, 0.07, 0.05, 0.01, 0.06, 0.01, 0.07, 0.09, 0.09, 0.03, 0.08, 0.07, 0.01, 0.06, 0.07, 0.06, 0.03, 0.03, 0.05, 0.07, 0.07, 0.09, 0.03, 0.07, 0.06, 0.05, 0.04, 0.09, 0.07, 0.0, 0.03, 0.06, 0.02, 0.07, 0.03, 0.06, 0.09, 0.09, 0.07, 0.05, 0.09, 0.03, 0.04, 0.02, 0.05, 0.05, 0.09, 0.09, 0.06, 0.01, 0.03, 0.09, 0.07, 0.01, 0.07, 0.03, 0.0, 0.03, 0.07, 0.02, 0.04, 0.04, 0.01, 0.05, 0.07, 0.1, 0.07, 0.09, 0.03, 0.07, 0.01, 0.01, 0.01, 0.01, 0.07, 0.09, 0.01, 0.0, 0.01, 0.09, 0.06, 0.01, 0.08, 0.04, 0.06, 0.01, 0.06, 0.03, 0.07, 0.01, 0.01, 0.04, 0.09, 0.03, 0.01, 0.01, 0.07, 0.06, 0.01, 0.08, 0.05, 0.03, 0.1, 0.06, 0.03, 0.04, 0.09, 0.1, 0.09, 0.01, 0.01, 0.07, 0.07, 0.06, 0.03, 0.01, 0.06, 0.06, 0.01, 0.07, 0.07, 0.01, 0.08, 0.07, 0.02, 0.05, 0.03, 0.04, 0.06, 0.0, 0.03]",0,
58,Vote For 2,ATVA_1,150,4,"{'A': 83, 'B': 82, 'D': 71, 'C': 64}","[0.75, 0.42, 0.58, 1.0, 0.58, 0.54, 0.79, 0.88, 0.58, 0.75, 0.58, 1.0, 1.0, 1.0, 0.75, 0.42, 1.0, 0.75, 0.54, 0.58, 0.75, 0.46, 0.75, 0.88, 0.54, 0.88, 1.0, 0.54, 1.0, 0.58, 1.0, 0.58, 0.5, 0.75, 0.46, 0.46, 0.58, 0.54, 0.46, 0.88, 1.0, 0.5, 1.0, 0.46, 0.54, 0.58, 0.58, 0.75, 1.0, 0.58, 1.0, 0.79, 0.75, 1.0, 0.75, 0.79, 0.88, 0.79, 0.58, 0.75, 0.42, 0.58, 0.75, 0.54, 0.54, 0.58, 0.58, 0.75, 0.46, 0.54, 0.58, 0.5, 0.58, 1.0, 0.58, 0.67, 0.58, 1.0, 1.0, 0.54, 0.54, 0.54, 0.75, 0.88, 0.58, 1.0, 0.79, 0.46, 0.58, 0.67, 0.75, 0.88, 1.0, 0.58, 0.5, 0.5, 1.0, 0.75, 0.46, 0.79, 0.58, 0.75, 0.46, 0.75, 1.0, 0.54, 0.75, 0.58, 0.5, 0.54, 0.42, 0.75, 0.42, 0.75, 0.58, 1.0, 0.79, 0.67, 0.75, 0.75, 0.58, 1.0, 0.67, 0.75, 0.58, 0.58, 0.54, 1.0, 0.67, 0.79, 0.58, 0.5, 0.79, 1.0, 0.58, 0.75, 0.75, 1.0, 0.88, 0.58, 1.0, 1.0, 1.0, 0.58, 1.0, 0.58, 1.0, 0.54, 0.75, 0.58]",105.85,[],"[0.03, 0.1, 0.05, 0.0, 0.06, 0.07, 0.03, 0.01, 0.06, 0.02, 0.05, 0.01, 0.01, 0.03, 0.03, 0.1, 0.03, 0.04, 0.07, 0.05, 0.03, 0.09, 0.04, 0.01, 0.07, 0.01, 0.01, 0.07, 0.03, 0.06, 0.0, 0.06, 0.08, 0.02, 0.09, 0.09, 0.07, 0.07, 0.09, 0.01, 0.01, 0.09, 0.01, 0.09, 0.07, 0.07, 0.06, 0.03, 0.03, 0.05, 0.0, 0.03, 0.02, 0.04, 0.04, 0.03, 0.01, 0.03, 0.06, 0.02, 0.1, 0.05, 0.03, 0.07, 0.07, 0.07, 0.06, 0.03, 0.09, 0.07, 0.07, 0.09, 0.06, 0.03, 0.06, 0.05, 0.06, 0.03, 0.0, 0.07, 0.07, 0.07, 0.02, 0.01, 0.05, 0.0, 0.03, 0.09, 0.07, 0.05, 0.04, 0.01, 0.03, 0.06, 0.09, 0.09, 0.01, 0.04, 0.09, 0.03, 0.06, 0.04, 0.09, 0.03, 0.04, 0.07, 0.02, 0.06, 0.09, 0.07, 0.1, 0.02, 0.1, 0.02, 0.07, 0.04, 0.03, 0.05, 0.02, 0.04, 0.06, 0.03, 0.05, 0.03, 0.07, 0.06, 0.07, 0.0, 0.05, 0.03, 0.07, 0.09, 0.03, 0.01, 0.06, 0.03, 0.02, 0.0, 0.01, 0.07, 0.04, 0.04, 0.01, 0.06, 0.0, 0.07, 0.03, 0.07, 0.03, 0.07]",0,
59,Vote For 2,ATVA_1,150,4,"{'A': 91, 'B': 75, 'D': 72, 'C': 62}","[1.0, 1.0, 0.58, 1.0, 1.0, 1.0, 0.46, 0.58, 1.0, 0.54, 1.0, 1.0, 0.58, 0.79, 0.58, 0.5, 0.5, 0.75, 1.0, 1.0, 0.5, 1.0, 0.58, 0.58, 1.0, 1.0, 0.5, 1.0, 0.54, 0.79, 1.0, 1.0, 0.79, 0.58, 1.0, 0.58, 1.0, 1.0, 1.0, 0.58, 1.0, 1.0, 0.54, 0.46, 1.0, 1.0, 0.67, 0.46, 0.75, 1.0, 0.58, 0.58, 0.58, 1.0, 0.58, 0.54, 0.5, 1.0, 1.0, 0.79, 1.0, 0.58, 0.58, 0.58, 0.88, 1.0, 1.0, 0.58, 0.58, 0.54, 0.58, 0.88, 1.0, 0.46, 0.58, 1.0, 0.88, 1.0, 1.0, 0.58, 1.0, 0.58, 1.0, 0.58, 0.75, 0.5, 0.88, 0.5, 1.0, 0.75, 0.54, 0.54, 0.58, 0.42, 1.0, 1.0, 1.0, 1.0, 0.46, 0.75, 0.46, 0.75, 0.75, 0.75, 0.54, 0.79, 0.67, 1.0, 0.88, 0.75, 0.5, 0.58, 0.58, 0.5, 0.58, 1.0, 0.5, 0.58, 0.75, 0.75, 0.75, 0.42, 0.75, 1.0, 0.88, 0.42, 0.75, 1.0, 0.79, 0.75, 1.0, 0.67, 1.0, 1.0, 1.0, 0.58, 0.75, 0.58, 0.67, 0.58, 0.42, 1.0, 1.0, 0.46, 0.54, 0.5, 0.79, 0.5, 0.75, 0.67]",112.65,[],"[0.04, 0.04, 0.07, 0.01, 0.0, 0.03, 0.09, 0.05, 0.01, 0.07, 0.03, 0.03, 0.06, 0.03, 0.06, 0.09, 0.09, 0.02, 0.0, 0.04, 0.08, 0.03, 0.05, 0.05, 0.01, 0.01, 0.09, 0.04, 0.07, 0.03, 0.01, 0.04, 0.03, 0.05, 0.03, 0.07, 0.01, 0.01, 0.03, 0.07, 0.0, 0.03, 0.07, 0.09, 0.03, 0.03, 0.05, 0.09, 0.02, 0.03, 0.07, 0.07, 0.05, 0.01, 0.05, 0.07, 0.09, 0.03, 0.03, 0.03, 0.01, 0.06, 0.06, 0.06, 0.01, 0.04, 0.0, 0.06, 0.06, 0.07, 0.06, 0.01, 0.01, 0.09, 0.07, 0.0, 0.01, 0.01, 0.0, 0.06, 0.03, 0.07, 0.01, 0.06, 0.02, 0.08, 0.01, 0.09, 0.0, 0.02, 0.07, 0.07, 0.05, 0.1, 0.01, 0.03, 0.03, 0.01, 0.09, 0.04, 0.09, 0.02, 0.02, 0.03, 0.07, 0.03, 0.05, 0.04, 0.01, 0.04, 0.08, 0.06, 0.06, 0.09, 0.07, 0.01, 0.08, 0.07, 0.04, 0.02, 0.03, 0.1, 0.02, 0.01, 0.01, 0.1, 0.04, 0.01, 0.03, 0.02, 0.03, 0.05, 0.01, 0.0, 0.01, 0.06, 0.02, 0.06, 0.05, 0.05, 0.1, 0.04, 0.03, 0.09, 0.07, 0.08, 0.03, 0.08, 0.02, 0.05]",0,
60,Vote For 2,ATVA_3,150,4,"{'C': 50, 'A': 37, 'B': 36, 'D': 27}","[1.0, 0.79, 1.0, 0.42, 0.75, 0.58, 0.54, 1.0, 1.0, 0.75, 1.0, 0.67, 0.67, 0.42, 0.79, 0.46, 0.58, 0.79, 1.0, 1.0, 0.75, 1.0, 0.54, 0.46, 0.58, 0.5, 1.0, 0.75, 0.46, 1.0, 1.0, 1.0, 0.58, 0.58, 1.0, 0.5, 0.46, 1.0, 1.0, 0.67, 0.58, 0.54, 0.67, 1.0, 0.46, 1.0, 0.46, 0.75, 0.75, 0.79, 0.79, 0.79, 1.0, 0.67, 0.75, 1.0, 0.88, 0.46, 0.58, 1.0, 1.0, 1.0, 0.67, 1.0, 1.0, 1.0, 1.0, 1.0, 0.5, 0.75, 1.0, 0.5, 0.46, 0.58, 1.0, 0.75, 0.75, 0.54, 0.75, 0.67, 0.88, 0.54, 0.79, 0.75, 1.0, 0.46, 0.67, 0.54, 0.75, 1.0, 0.54, 0.54, 0.58, 0.5, 1.0, 0.58, 0.75, 1.0, 0.67, 0.75, 0.46, 0.5, 0.58, 0.46, 0.42, 0.58, 0.58, 1.0, 1.0, 0.58, 1.0, 0.75, 0.75, 1.0, 0.58, 0.58, 1.0, 1.0, 1.0, 0.54, 1.0, 1.0, 1.0, 0.58, 0.58, 1.0, 0.75, 1.0, 0.46, 1.0, 0.67, 0.42, 0.58, 1.0, 0.46, 0.58, 0.58, 0.58, 0.67, 0.88, 0.5, 1.0, 1.0, 0.46, 0.58, 0.88, 0.75, 1.0, 0.79, 0.46]",111.74,"[2, 4, 5, 6, 7, 10, 12, 13, 14, 15, 16, 17, 18, 21, 23, 24, 25, 26, 28, 29, 36, 40, 42, 43, 45, 47, 48, 49, 50, 51, 52, 54, 55, 57, 59, 63, 69, 72, 73, 74, 76, 77, 79, 80, 81, 82, 83, 84, 87, 88, 89, 91, 93, 94, 97, 99, 102, 103, 104, 105, 107, 120, 125, 127, 129, 131, 132, 135, 138, 139, 140, 141, 144, 145, 146, 147, 149, 150]","[0.01, 0.03, 0.01, 0.1, 0.03, 0.04, 0.03, 0.01, 0.01, 0.03, 0.03, 0.01, 0.03, 0.09, 0.05, 0.09, 0.05, 0.03, 0.01, 0.01, 0.03, 0.04, 0.04, 0.09, 0.03, 0.07, 0.03, 0.01, 0.09, 0.0, 0.01, 0.0, 0.1, 0.08, 0.01, 0.09, 0.06, 0.03, 0.03, 0.03, 0.09, 0.03, 0.06, 0.01, 0.07, 0.01, 0.09, 0.04, 0.03, 0.05, 0.07, 0.07, 0.0, 0.01, 0.06, 0.01, 0.03, 0.06, 0.09, 0.01, 0.01, 0.0, 0.07, 0.0, 0.01, 0.03, 0.01, 0.0, 0.07, 0.08, 0.03, 0.08, 0.07, 0.04, 0.01, 0.01, 0.03, 0.07, 0.03, 0.03, 0.01, 0.09, 0.01, 0.04, 0.04, 0.07, 0.05, 0.04, 0.04, 0.0, 0.08, 0.07, 0.06, 0.09, 0.01, 0.06, 0.03, 0.01, 0.06, 0.07, 0.07, 0.09, 0.02, 0.07, 0.07, 0.07, 0.01, 0.03, 0.01, 0.09, 0.01, 0.09, 0.08, 0.01, 0.09, 0.1, 0.0, 0.03, 0.01, 0.09, 0.01, 0.01, 0.01, 0.09, 0.07, 0.0, 0.04, 0.03, 0.04, 0.01, 0.01, 0.09, 0.08, 0.0, 0.04, 0.06, 0.09, 0.03, 0.05, 0.06, 0.04, 0.04, 0.03, 0.07, 0.05, 0.06, 0.04, 0.01, 0.03, 0.09]",0.13,
61,Vote For 2,ATVA_3,150,4,"{'B': 45, 'C': 42, 'D': 37, 'A': 26}","[0.58, 0.46, 0.54, 0.67, 0.46, 1.0, 0.75, 0.54, 0.75, 0.58, 0.88, 0.79, 0.58, 1.0, 1.0, 0.54, 0.88, 0.58, 1.0, 0.58, 0.67, 0.75, 1.0, 1.0, 0.58, 0.58, 0.75, 1.0, 0.54, 0.5, 0.88, 0.5, 1.0, 1.0, 1.0, 0.46, 0.67, 0.58, 1.0, 1.0, 0.46, 1.0, 0.58, 0.75, 1.0, 0.58, 0.58, 0.54, 0.42, 0.58, 0.75, 1.0, 0.58, 0.75, 1.0, 0.75, 0.67, 1.0, 0.75, 1.0, 1.0, 0.54, 0.46, 0.67, 0.75, 0.46, 0.42, 0.88, 0.5, 1.0, 1.0, 0.54, 1.0, 0.58, 1.0, 1.0, 1.0, 0.46, 0.46, 1.0, 0.75, 0.58, 0.67, 0.58, 0.58, 0.58, 0.5, 0.5, 0.58, 0.75, 0.88, 0.75, 0.54, 0.5, 0.75, 1.0, 0.58, 0.5, 0.46, 1.0, 0.58, 0.58, 0.75, 1.0, 1.0, 0.54, 0.88, 0.75, 0.42, 0.58, 1.0, 0.67, 0.54, 0.75, 1.0, 1.0, 0.88, 0.54, 0.54, 0.5, 1.0, 1.0, 1.0, 0.54, 0.75, 0.75, 0.75, 0.5, 0.58, 1.0, 0.58, 0.67, 1.0, 0.75, 0.79, 1.0, 0.5, 0.58, 0.58, 0.58, 0.75, 1.0, 0.46, 0.58, 1.0, 0.58, 1.0, 0.79, 0.46, 0.75]",108.88,"[1, 2, 3, 5, 8, 20, 21, 26, 29, 30, 32, 36, 37, 38, 41, 43, 46, 49, 50, 51, 53, 54, 56, 57, 62, 63, 64, 66, 67, 69, 72, 74, 78, 79, 82, 84, 85, 87, 88, 89, 92, 93, 94, 98, 99, 101, 102, 109, 110, 112, 113, 118, 119, 120, 126, 127, 131, 132, 134, 137, 138, 139, 140, 141, 143, 144, 146, 149]","[0.09, 0.03, 0.06, 0.01, 0.07, 0.05, 0.03, 0.08, 0.08, 0.0, 0.04, 0.0, 0.08, 0.02, 0.05, 0.09, 0.04, 0.05, 0.02, 0.07, 0.03, 0.08, 0.03, 0.02, 0.01, 0.04, 0.07, 0.07, 0.05, 0.09, 0.04, 0.05, 0.01, 0.07, 0.05, 0.08, 0.04, 0.04, 0.01, 0.01, 0.09, 0.07, 0.03, 0.05, 0.07, 0.03, 0.0, 0.09, 0.09, 0.01, 0.03, 0.07, 0.06, 0.03, 0.01, 0.03, 0.03, 0.02, 0.04, 0.01, 0.06, 0.07, 0.06, 0.03, 0.04, 0.07, 0.06, 0.03, 0.08, 0.06, 0.07, 0.08, 0.05, 0.07, 0.07, 0.01, 0.07, 0.09, 0.09, 0.02, 0.03, 0.1, 0.03, 0.04, 0.03, 0.08, 0.09, 0.09, 0.06, 0.08, 0.03, 0.03, 0.08, 0.05, 0.09, 0.07, 0.09, 0.08, 0.09, 0.05, 0.07, 0.03, 0.08, 0.02, 0.05, 0.07, 0.04, 0.08, 0.06, 0.04, 0.05, 0.03, 0.07, 0.09, 0.05, 0.06, 0.03, 0.05, 0.09, 0.08, 0.03, 0.07, 0.07, 0.09, 0.08, 0.03, 0.03, 0.07, 0.04, 0.07, 0.06, 0.04, 0.02, 0.03, 0.03, 0.07, 0.09, 0.03, 0.06, 0.09, 0.03, 0.05, 0.08, 0.03, 0.02, 0.04, 0.05, 0.04, 0.06, 0.05]",0.25,
62,Vote For 2,ATVA_3,150,4,"{'B': 44, 'D': 41, 'A': 37, 'C': 28}","[0.42, 1.0, 0.54, 0.75, 1.0, 0.79, 0.5, 0.54, 1.0, 0.75, 0.46, 1.0, 0.58, 0.54, 0.54, 0.58, 1.0, 0.79, 0.58, 0.54, 0.46, 0.58, 0.58, 0.46, 0.58, 0.58, 0.58, 0.58, 1.0, 0.5, 1.0, 1.0, 0.46, 0.42, 0.54, 1.0, 1.0, 0.79, 0.88, 0.67, 0.75, 0.46, 0.46, 1.0, 0.58, 0.46, 1.0, 0.58, 0.75, 0.54, 0.75, 1.0, 0.75, 0.67, 0.58, 0.88, 1.0, 0.75, 0.75, 0.46, 1.0, 0.42, 1.0, 0.79, 0.75, 1.0, 1.0, 0.88, 0.46, 0.58, 0.75, 1.0, 0.58, 0.75, 0.79, 0.75, 0.58, 1.0, 0.46, 0.58, 0.79, 0.88, 0.75, 0.42, 0.54, 0.58, 0.54, 0.88, 0.46, 0.58, 1.0, 0.58, 0.79, 1.0, 1.0, 0.88, 0.79, 0.58, 1.0, 0.58, 1.0, 0.75, 0.79, 0.75, 1.0, 0.58, 0.88, 1.0, 0.79, 0.46, 0.75, 1.0, 1.0, 0.58, 0.75, 1.0, 0.46, 0.42, 0.58, 0.46, 0.67, 0.88, 0.5, 1.0, 0.54, 1.0, 0.5, 0.58, 1.0, 0.54, 0.58, 1.0, 0.58, 0.58, 0.75, 0.79, 0.75, 0.5, 0.54, 0.58, 1.0, 1.0, 0.58, 0.58, 0.67, 0.58, 0.88, 0.5, 0.58, 1.0]",107.69999999999999,"[1, 3, 7, 8, 10, 11, 14, 15, 19, 20, 21, 24, 26, 30, 33, 34, 35, 42, 43, 45, 46, 49, 50, 58, 62, 65, 69, 71, 74, 77, 79, 84, 86, 90, 92, 98, 100, 110, 111, 114, 117, 118, 120, 123, 125, 128, 131, 134, 138, 139, 143, 144, 146, 148, 149]","[0.07, 0.08, 0.01, 0.05, 0.03, 0.01, 0.04, 0.07, 0.08, 0.0, 0.09, 0.05, 0.09, 0.0, 0.09, 0.09, 0.05, 0.01, 0.01, 0.01, 0.01, 0.07, 0.07, 0.03, 0.09, 0.0, 0.09, 0.02, 0.04, 0.01, 0.05, 0.05, 0.03, 0.06, 0.04, 0.09, 0.09, 0.06, 0.06, 0.02, 0.03, 0.01, 0.01, 0.03, 0.03, 0.1, 0.08, 0.07, 0.01, 0.01, 0.03, 0.03, 0.03, 0.06, 0.09, 0.03, 0.03, 0.01, 0.03, 0.07, 0.09, 0.07, 0.05, 0.01, 0.01, 0.04, 0.09, 0.03, 0.04, 0.1, 0.01, 0.05, 0.06, 0.01, 0.03, 0.07, 0.01, 0.08, 0.03, 0.06, 0.03, 0.03, 0.01, 0.06, 0.07, 0.01, 0.1, 0.06, 0.07, 0.0, 0.05, 0.0, 0.05, 0.09, 0.05, 0.06, 0.07, 0.01, 0.05, 0.03, 0.05, 0.03, 0.01, 0.03, 0.03, 0.06, 0.01, 0.03, 0.01, 0.03, 0.0, 0.03, 0.05, 0.03, 0.01, 0.04, 0.0, 0.07, 0.07, 0.03, 0.06, 0.03, 0.07, 0.03, 0.0, 0.05, 0.06, 0.03, 0.08, 0.09, 0.01, 0.05, 0.07, 0.03, 0.07, 0.03, 0.03, 0.1, 0.04, 0.09, 0.05, 0.03, 0.01, 0.03, 0.07, 0.03, 0.03, 0.03, 0.03, 0.09]",0.25,
63,Vote For 2,ATVA_3,150,4,"{'C': 52, 'D': 35, 'B': 32, 'A': 31}","[1.0, 0.5, 1.0, 1.0, 1.0, 0.58, 0.54, 0.58, 0.58, 0.46, 1.0, 0.58, 0.5, 1.0, 1.0, 1.0, 0.46, 0.46, 1.0, 0.79, 0.58, 1.0, 0.67, 0.46, 0.46, 0.58, 1.0, 0.79, 0.58, 0.67, 0.58, 0.54, 0.75, 0.88, 0.5, 0.75, 1.0, 0.88, 0.58, 1.0, 0.5, 0.46, 0.46, 0.42, 1.0, 0.58, 0.5, 0.58, 0.54, 1.0, 0.79, 0.58, 0.42, 0.5, 0.75, 0.88, 0.5, 0.58, 1.0, 0.79, 0.58, 1.0, 0.58, 0.46, 1.0, 0.5, 0.58, 1.0, 1.0, 0.46, 0.79, 0.58, 1.0, 0.58, 1.0, 0.75, 1.0, 1.0, 0.79, 1.0, 1.0, 1.0, 1.0, 0.75, 1.0, 1.0, 0.75, 0.75, 0.58, 0.75, 1.0, 0.75, 0.58, 0.46, 1.0, 0.5, 1.0, 1.0, 1.0, 0.46, 0.58, 0.54, 1.0, 0.54, 1.0, 0.58, 1.0, 0.42, 1.0, 0.75, 0.58, 0.54, 0.75, 0.75, 1.0, 0.79, 0.46, 0.46, 1.0, 1.0, 0.54, 1.0, 0.88, 0.75, 0.46, 0.75, 1.0, 0.88, 1.0, 0.79, 1.0, 0.67, 0.58, 0.67, 1.0, 1.0, 0.75, 0.75, 1.0, 0.75, 0.75, 0.54, 1.0, 1.0, 0.75, 1.0, 0.46, 0.46, 0.58, 0.5]",112.09,"[2, 7, 9, 10, 12, 17, 21, 24, 25, 26, 32, 33, 35, 36, 39, 41, 42, 43, 44, 46, 47, 49, 53, 54, 57, 64, 66, 70, 72, 76, 87, 88, 89, 92, 93, 94, 96, 100, 101, 102, 108, 110, 111, 112, 113, 114, 117, 118, 125, 138, 142, 145, 147, 148, 149, 150]","[0.03, 0.09, 0.03, 0.04, 0.04, 0.09, 0.07, 0.06, 0.05, 0.08, 0.03, 0.08, 0.07, 0.04, 0.03, 0.03, 0.09, 0.04, 0.01, 0.02, 0.08, 0.04, 0.06, 0.09, 0.07, 0.09, 0.03, 0.06, 0.07, 0.07, 0.05, 0.07, 0.09, 0.07, 0.07, 0.09, 0.01, 0.06, 0.08, 0.04, 0.05, 0.09, 0.09, 0.07, 0.04, 0.05, 0.08, 0.07, 0.05, 0.01, 0.02, 0.05, 0.04, 0.1, 0.07, 0.05, 0.05, 0.07, 0.03, 0.05, 0.04, 0.04, 0.07, 0.05, 0.03, 0.08, 0.02, 0.01, 0.04, 0.08, 0.02, 0.05, 0.03, 0.07, 0.03, 0.09, 0.01, 0.03, 0.05, 0.04, 0.03, 0.03, 0.01, 0.05, 0.0, 0.04, 0.07, 0.09, 0.09, 0.02, 0.03, 0.1, 0.08, 0.09, 0.03, 0.1, 0.01, 0.01, 0.01, 0.07, 0.07, 0.1, 0.04, 0.07, 0.04, 0.06, 0.01, 0.08, 0.03, 0.06, 0.09, 0.07, 0.09, 0.09, 0.0, 0.07, 0.08, 0.08, 0.03, 0.03, 0.07, 0.03, 0.07, 0.05, 0.05, 0.02, 0.04, 0.06, 0.04, 0.05, 0.01, 0.02, 0.09, 0.07, 0.04, 0.04, 0.07, 0.09, 0.01, 0.06, 0.02, 0.09, 0.03, 0.04, 0.1, 0.04, 0.05, 0.05, 0.07, 0.07]",0.040000000000000036,
64,Vote For 2,ATVA_3,150,4,"{'D': 47, 'A': 40, 'C': 36, 'B': 27}","[0.58, 0.58, 1.0, 0.75, 1.0, 1.0, 0.54, 1.0, 1.0, 0.88, 1.0, 0.58, 0.58, 1.0, 1.0, 0.46, 0.58, 1.0, 0.88, 1.0, 0.58, 1.0, 0.54, 0.75, 0.58, 1.0, 0.46, 0.58, 0.79, 0.5, 0.88, 0.5, 0.75, 0.58, 0.58, 1.0, 0.5, 0.79, 1.0, 0.54, 0.88, 0.46, 0.58, 0.58, 1.0, 1.0, 0.5, 1.0, 0.67, 1.0, 1.0, 0.75, 0.75, 0.54, 1.0, 0.88, 0.75, 1.0, 1.0, 0.75, 0.75, 0.46, 0.67, 1.0, 0.46, 0.5, 0.58, 0.5, 0.88, 0.58, 0.67, 1.0, 1.0, 1.0, 0.5, 0.5, 0.75, 0.75, 0.58, 0.67, 1.0, 0.54, 0.58, 0.75, 0.79, 1.0, 0.88, 0.54, 0.75, 0.58, 0.54, 0.58, 0.79, 0.58, 0.75, 0.5, 0.75, 0.75, 1.0, 0.88, 0.54, 0.5, 0.75, 0.75, 0.75, 1.0, 0.46, 0.58, 0.58, 0.58, 0.58, 0.75, 0.58, 0.46, 0.58, 0.75, 0.75, 0.5, 0.5, 0.58, 0.5, 0.75, 1.0, 0.42, 0.58, 1.0, 0.58, 1.0, 0.54, 1.0, 0.58, 1.0, 1.0, 0.46, 0.58, 1.0, 0.58, 0.75, 0.58, 1.0, 0.54, 0.46, 0.75, 0.88, 0.54, 0.67, 0.58, 1.0, 0.88, 1.0]",109.45000000000002,"[2, 7, 12, 16, 17, 23, 30, 32, 34, 35, 37, 40, 42, 44, 47, 54, 62, 65, 66, 67, 68, 70, 75, 76, 79, 82, 88, 91, 94, 96, 101, 102, 107, 108, 111, 114, 119, 120, 121, 124, 129, 131, 134, 139, 141, 142, 145, 147]","[0.04, 0.09, 0.07, 0.03, 0.02, 0.05, 0.09, 0.05, 0.05, 0.09, 0.06, 0.1, 0.07, 0.07, 0.03, 0.1, 0.09, 0.07, 0.09, 0.07, 0.04, 0.01, 0.1, 0.0, 0.07, 0.05, 0.03, 0.09, 0.03, 0.03, 0.09, 0.03, 0.0, 0.03, 0.01, 0.06, 0.04, 0.09, 0.07, 0.01, 0.07, 0.04, 0.0, 0.07, 0.05, 0.05, 0.03, 0.07, 0.07, 0.01, 0.06, 0.07, 0.09, 0.03, 0.02, 0.03, 0.04, 0.01, 0.07, 0.04, 0.04, 0.09, 0.07, 0.07, 0.07, 0.09, 0.01, 0.0, 0.08, 0.06, 0.09, 0.03, 0.07, 0.06, 0.04, 0.03, 0.0, 0.03, 0.07, 0.08, 0.06, 0.0, 0.07, 0.0, 0.07, 0.05, 0.03, 0.09, 0.03, 0.03, 0.03, 0.09, 0.07, 0.07, 0.0, 0.03, 0.01, 0.03, 0.07, 0.09, 0.1, 0.03, 0.03, 0.01, 0.04, 0.05, 0.07, 0.07, 0.01, 0.09, 0.09, 0.03, 0.0, 0.1, 0.0, 0.04, 0.01, 0.01, 0.0, 0.1, 0.0, 0.0, 0.05, 0.09, 0.09, 0.05, 0.04, 0.05, 0.06, 0.07, 0.09, 0.06, 0.03, 0.03, 0.07, 0.05, 0.07, 0.01, 0.01, 0.07, 0.07, 0.01, 0.09, 0.09, 0.0, 0.04, 0.09, 0.05, 0.04, 0.07]",0,
65,Vote For 2,ATVA_3,150,4,"{'C': 41, 'D': 41, 'A': 38, 'B': 30}","[0.5, 1.0, 0.58, 0.88, 0.75, 0.46, 1.0, 0.46, 0.75, 0.58, 0.42, 0.79, 0.75, 1.0, 1.0, 1.0, 0.5, 0.75, 0.58, 0.58, 0.58, 0.79, 0.42, 0.75, 0.58, 0.58, 0.75, 0.75, 0.88, 0.58, 0.5, 0.5, 1.0, 1.0, 0.58, 1.0, 0.42, 1.0, 1.0, 0.58, 1.0, 0.5, 1.0, 1.0, 1.0, 0.54, 1.0, 1.0, 0.75, 0.75, 1.0, 1.0, 0.79, 1.0, 0.54, 0.58, 0.79, 0.58, 0.42, 1.0, 1.0, 0.58, 0.5, 1.0, 0.75, 0.58, 0.58, 0.46, 0.54, 0.75, 0.79, 0.58, 0.46, 0.58, 0.75, 0.58, 0.75, 1.0, 0.79, 0.75, 0.75, 0.58, 1.0, 0.79, 0.46, 0.58, 0.42, 0.75, 1.0, 1.0, 0.75, 0.58, 0.88, 0.54, 0.88, 0.58, 0.79, 1.0, 0.42, 0.5, 0.58, 1.0, 1.0, 0.75, 1.0, 0.88, 0.58, 1.0, 0.5, 0.5, 0.58, 0.75, 0.58, 0.67, 0.46, 1.0, 0.5, 0.5, 0.79, 1.0, 1.0, 0.42, 0.67, 1.0, 0.58, 0.58, 0.58, 1.0, 0.58, 0.54, 0.42, 0.46, 0.58, 0.5, 0.46, 0.46, 0.54, 0.54, 0.58, 0.54, 1.0, 0.58, 0.67, 1.0, 1.0, 0.79, 0.54, 1.0, 0.46, 1.0]",107.52000000000001,"[1, 3, 5, 6, 8, 11, 17, 18, 19, 20, 21, 23, 25, 26, 27, 30, 31, 32, 35, 37, 40, 42, 46, 55, 56, 59, 62, 63, 66, 67, 68, 69, 72, 73, 74, 77, 80, 82, 85, 86, 87, 94, 96, 99, 100, 101, 107, 109, 110, 111, 113, 115, 117, 118, 122, 125, 126, 127, 129, 130, 131, 132, 134, 135, 136, 137, 138, 139, 140, 142, 143, 147, 149]","[0.1, 0.06, 0.08, 0.01, 0.07, 0.05, 0.06, 0.07, 0.01, 0.01, 0.08, 0.01, 0.1, 0.03, 0.07, 0.07, 0.05, 0.09, 0.09, 0.04, 0.04, 0.04, 0.05, 0.01, 0.04, 0.08, 0.07, 0.03, 0.01, 0.03, 0.07, 0.09, 0.03, 0.01, 0.08, 0.01, 0.07, 0.01, 0.03, 0.04, 0.03, 0.04, 0.06, 0.02, 0.03, 0.08, 0.07, 0.06, 0.04, 0.01, 0.07, 0.03, 0.03, 0.03, 0.07, 0.09, 0.03, 0.01, 0.08, 0.06, 0.06, 0.08, 0.09, 0.06, 0.04, 0.04, 0.03, 0.09, 0.07, 0.01, 0.04, 0.09, 0.1, 0.1, 0.09, 0.01, 0.07, 0.01, 0.01, 0.09, 0.03, 0.03, 0.06, 0.0, 0.08, 0.07, 0.03, 0.01, 0.06, 0.06, 0.03, 0.0, 0.03, 0.09, 0.0, 0.09, 0.01, 0.03, 0.04, 0.05, 0.09, 0.06, 0.07, 0.04, 0.06, 0.0, 0.08, 0.06, 0.09, 0.09, 0.08, 0.1, 0.09, 0.03, 0.09, 0.06, 0.09, 0.1, 0.04, 0.06, 0.06, 0.09, 0.01, 0.03, 0.08, 0.09, 0.07, 0.06, 0.07, 0.07, 0.09, 0.07, 0.06, 0.09, 0.07, 0.08, 0.09, 0.07, 0.03, 0.09, 0.06, 0.08, 0.04, 0.01, 0.07, 0.04, 0.08, 0.03, 0.09, 0.07]",0.13,
66,Vote For 2,ATVA_3,150,4,"{'D': 49, 'C': 40, 'B': 38, 'A': 23}","[0.54, 0.58, 0.54, 0.58, 0.58, 0.75, 0.79, 0.54, 0.75, 0.5, 0.67, 0.67, 0.58, 0.75, 1.0, 0.75, 0.75, 1.0, 0.75, 0.79, 0.58, 1.0, 0.88, 0.75, 0.75, 0.79, 0.75, 0.88, 0.42, 0.54, 1.0, 0.54, 0.75, 1.0, 0.79, 0.67, 0.75, 1.0, 0.88, 0.5, 0.79, 0.88, 1.0, 1.0, 0.75, 0.5, 0.58, 0.75, 1.0, 1.0, 0.75, 0.58, 1.0, 1.0, 0.5, 0.58, 1.0, 0.42, 0.5, 0.58, 0.58, 0.58, 0.5, 1.0, 0.79, 0.46, 1.0, 0.58, 0.67, 1.0, 0.58, 1.0, 0.54, 0.79, 0.67, 1.0, 1.0, 0.75, 1.0, 1.0, 0.58, 0.5, 1.0, 0.58, 0.46, 0.58, 0.5, 0.58, 0.75, 0.58, 1.0, 0.75, 0.67, 0.46, 0.58, 0.75, 0.58, 0.75, 1.0, 1.0, 0.67, 0.75, 0.5, 0.75, 0.5, 0.54, 0.54, 1.0, 1.0, 0.88, 0.75, 1.0, 1.0, 0.75, 0.75, 1.0, 0.88, 1.0, 0.88, 0.58, 0.58, 0.58, 0.54, 0.75, 0.67, 1.0, 1.0, 1.0, 0.58, 0.58, 0.54, 0.5, 1.0, 0.75, 0.54, 0.75, 0.75, 1.0, 1.0, 1.0, 1.0, 0.58, 0.5, 0.67, 0.75, 0.46, 0.58, 0.75, 1.0, 0.88]",111.38000000000001,"[1, 2, 3, 4, 8, 10, 29, 30, 32, 40, 55, 58, 59, 63, 66, 71, 73, 81, 82, 84, 85, 86, 87, 88, 94, 97, 103, 105, 106, 107, 123, 130, 131, 132, 135, 143, 146, 147]","[0.07, 0.07, 0.1, 0.09, 0.04, 0.07, 0.01, 0.09, 0.07, 0.09, 0.03, 0.03, 0.08, 0.04, 0.06, 0.09, 0.07, 0.03, 0.05, 0.01, 0.03, 0.02, 0.03, 0.08, 0.04, 0.0, 0.04, 0.03, 0.1, 0.09, 0.05, 0.07, 0.07, 0.07, 0.04, 0.01, 0.03, 0.07, 0.01, 0.09, 0.04, 0.01, 0.05, 0.07, 0.09, 0.05, 0.04, 0.07, 0.06, 0.07, 0.01, 0.04, 0.06, 0.07, 0.07, 0.04, 0.06, 0.1, 0.09, 0.03, 0.04, 0.0, 0.07, 0.06, 0.03, 0.05, 0.07, 0.03, 0.04, 0.07, 0.07, 0.05, 0.09, 0.01, 0.0, 0.06, 0.07, 0.05, 0.03, 0.05, 0.09, 0.08, 0.05, 0.09, 0.1, 0.09, 0.07, 0.09, 0.09, 0.01, 0.03, 0.03, 0.01, 0.08, 0.01, 0.01, 0.09, 0.01, 0.05, 0.06, 0.04, 0.04, 0.09, 0.03, 0.09, 0.09, 0.08, 0.05, 0.01, 0.01, 0.0, 0.02, 0.07, 0.09, 0.09, 0.07, 0.04, 0.02, 0.01, 0.03, 0.04, 0.05, 0.08, 0.09, 0.01, 0.07, 0.05, 0.05, 0.03, 0.1, 0.06, 0.08, 0.03, 0.08, 0.09, 0.07, 0.04, 0.01, 0.01, 0.03, 0.06, 0.04, 0.07, 0.04, 0.05, 0.1, 0.1, 0.07, 0.06, 0.0]",0,
67,Vote For 2,ATVA_3,150,4,"{'B': 41, 'A': 39, 'C': 37, 'D': 33}","[0.58, 0.79, 0.54, 1.0, 0.46, 1.0, 0.58, 0.5, 0.75, 0.67, 0.58, 0.67, 0.5, 0.54, 0.67, 0.75, 1.0, 0.54, 0.54, 1.0, 0.75, 0.42, 0.5, 1.0, 0.46, 0.67, 0.58, 0.42, 0.67, 1.0, 0.75, 0.58, 0.75, 1.0, 1.0, 0.42, 0.42, 0.75, 0.46, 0.58, 0.58, 0.75, 0.58, 0.58, 0.54, 1.0, 1.0, 0.58, 0.46, 0.54, 1.0, 1.0, 0.54, 0.5, 0.88, 0.75, 0.5, 0.67, 0.46, 1.0, 1.0, 0.75, 0.58, 0.75, 1.0, 1.0, 0.67, 0.75, 0.88, 0.75, 0.58, 0.54, 0.5, 0.75, 0.5, 1.0, 0.54, 0.58, 0.58, 0.58, 0.54, 0.75, 0.58, 1.0, 0.54, 1.0, 1.0, 0.46, 0.5, 1.0, 1.0, 1.0, 1.0, 0.67, 1.0, 0.58, 0.54, 1.0, 1.0, 0.54, 0.46, 0.67, 0.54, 0.42, 1.0, 1.0, 1.0, 1.0, 0.79, 1.0, 0.46, 0.75, 0.42, 0.67, 0.75, 0.54, 1.0, 0.75, 1.0, 0.58, 0.88, 0.5, 0.58, 0.58, 0.58, 1.0, 0.58, 0.54, 0.75, 0.88, 0.58, 1.0, 0.58, 0.5, 1.0, 0.42, 0.79, 1.0, 0.5, 0.75, 0.58, 0.46, 0.46, 0.75, 0.88, 0.46, 1.0, 0.58, 1.0, 1.0]",106.69,"[3, 5, 7, 13, 14, 18, 19, 22, 23, 25, 27, 28, 36, 37, 39, 43, 44, 48, 49, 50, 53, 54, 57, 59, 63, 71, 72, 73, 75, 77, 79, 81, 85, 88, 96, 100, 101, 103, 104, 111, 113, 116, 120, 122, 123, 124, 125, 127, 128, 131, 133, 134, 136, 139, 141, 143, 146]","[0.07, 0.1, 0.05, 0.01, 0.09, 0.0, 0.03, 0.08, 0.03, 0.09, 0.07, 0.07, 0.02, 0.02, 0.07, 0.07, 0.0, 0.04, 0.05, 0.03, 0.07, 0.02, 0.05, 0.01, 0.02, 0.09, 0.05, 0.02, 0.07, 0.01, 0.03, 0.06, 0.07, 0.01, 0.04, 0.01, 0.01, 0.04, 0.01, 0.07, 0.1, 0.03, 0.04, 0.03, 0.09, 0.03, 0.01, 0.03, 0.04, 0.04, 0.0, 0.0, 0.04, 0.07, 0.06, 0.04, 0.02, 0.09, 0.03, 0.01, 0.01, 0.03, 0.05, 0.09, 0.01, 0.0, 0.09, 0.03, 0.07, 0.1, 0.04, 0.02, 0.02, 0.07, 0.05, 0.01, 0.07, 0.09, 0.02, 0.1, 0.03, 0.04, 0.06, 0.03, 0.02, 0.01, 0.01, 0.01, 0.08, 0.01, 0.01, 0.01, 0.01, 0.1, 0.0, 0.01, 0.05, 0.01, 0.03, 0.04, 0.03, 0.06, 0.01, 0.05, 0.0, 0.04, 0.0, 0.01, 0.07, 0.01, 0.03, 0.06, 0.01, 0.07, 0.1, 0.02, 0.0, 0.03, 0.03, 0.04, 0.06, 0.07, 0.01, 0.01, 0.03, 0.04, 0.06, 0.05, 0.09, 0.09, 0.03, 0.0, 0.02, 0.02, 0.0, 0.02, 0.06, 0.0, 0.05, 0.07, 0.03, 0.08, 0.01, 0.08, 0.07, 0.01, 0.01, 0.1, 0.03, 0.0]",0.13,
68,Vote For 2,ATVA_3,150,4,"{'B': 44, 'C': 38, 'A': 34, 'D': 34}","[1.0, 1.0, 0.46, 0.58, 0.88, 0.58, 1.0, 0.79, 0.46, 0.46, 0.75, 0.46, 0.79, 0.58, 0.88, 1.0, 0.58, 0.67, 1.0, 1.0, 0.67, 0.75, 0.75, 0.58, 0.42, 0.58, 1.0, 1.0, 0.5, 0.58, 0.5, 0.54, 1.0, 0.46, 1.0, 1.0, 0.46, 0.67, 1.0, 1.0, 0.67, 1.0, 0.67, 0.5, 0.75, 0.54, 0.58, 0.54, 0.58, 0.5, 0.58, 0.5, 1.0, 0.75, 0.75, 0.58, 0.88, 0.75, 0.67, 0.46, 1.0, 1.0, 0.79, 0.75, 1.0, 0.58, 1.0, 0.58, 0.58, 1.0, 0.54, 0.58, 0.58, 0.67, 1.0, 0.54, 0.58, 0.54, 0.54, 0.54, 1.0, 1.0, 0.42, 1.0, 0.54, 0.75, 0.46, 1.0, 0.58, 0.79, 0.5, 1.0, 0.58, 0.75, 0.75, 0.58, 0.58, 0.58, 0.75, 0.58, 0.58, 1.0, 0.58, 0.75, 0.5, 0.79, 1.0, 1.0, 0.75, 0.42, 0.58, 1.0, 0.58, 1.0, 1.0, 0.54, 0.5, 1.0, 1.0, 0.58, 0.46, 0.88, 0.5, 0.58, 0.67, 1.0, 0.58, 1.0, 1.0, 1.0, 0.5, 0.42, 0.67, 0.46, 1.0, 0.88, 1.0, 0.79, 0.46, 0.79, 1.0, 0.67, 1.0, 0.58, 1.0, 0.46, 1.0, 0.58, 0.58, 0.88]",108.75,"[3, 4, 6, 9, 10, 12, 17, 21, 24, 25, 26, 29, 30, 31, 32, 34, 37, 41, 44, 48, 51, 56, 60, 68, 71, 72, 73, 74, 76, 78, 79, 80, 83, 85, 87, 91, 96, 97, 98, 100, 101, 105, 110, 111, 113, 116, 117, 120, 121, 123, 124, 127, 132, 133, 134, 139, 142, 144, 146, 148, 149]","[0.03, 0.0, 0.09, 0.07, 0.03, 0.03, 0.04, 0.03, 0.03, 0.09, 0.03, 0.03, 0.01, 0.1, 0.03, 0.0, 0.05, 0.05, 0.0, 0.03, 0.03, 0.09, 0.09, 0.03, 0.03, 0.03, 0.0, 0.0, 0.09, 0.05, 0.09, 0.04, 0.01, 0.04, 0.01, 0.0, 0.09, 0.07, 0.0, 0.01, 0.03, 0.04, 0.05, 0.07, 0.01, 0.1, 0.09, 0.07, 0.09, 0.09, 0.04, 0.06, 0.0, 0.07, 0.1, 0.04, 0.03, 0.09, 0.06, 0.06, 0.0, 0.03, 0.05, 0.09, 0.01, 0.07, 0.0, 0.03, 0.06, 0.04, 0.03, 0.04, 0.04, 0.03, 0.04, 0.09, 0.07, 0.09, 0.07, 0.09, 0.01, 0.03, 0.05, 0.0, 0.09, 0.09, 0.1, 0.01, 0.09, 0.01, 0.09, 0.01, 0.07, 0.1, 0.01, 0.08, 0.01, 0.05, 0.1, 0.08, 0.01, 0.0, 0.06, 0.09, 0.03, 0.05, 0.01, 0.01, 0.03, 0.05, 0.01, 0.04, 0.04, 0.04, 0.0, 0.07, 0.03, 0.03, 0.0, 0.03, 0.07, 0.01, 0.08, 0.03, 0.02, 0.0, 0.01, 0.03, 0.04, 0.0, 0.06, 0.03, 0.03, 0.09, 0.0, 0.01, 0.04, 0.06, 0.03, 0.01, 0.0, 0.01, 0.0, 0.05, 0.01, 0.07, 0.01, 0.03, 0.03, 0.06]",0.13,
69,Vote For 2,ATVA_3,150,4,"{'D': 49, 'A': 38, 'B': 35, 'C': 28}","[1.0, 1.0, 1.0, 1.0, 0.75, 0.58, 0.58, 1.0, 1.0, 0.75, 1.0, 0.75, 0.79, 0.88, 0.46, 0.46, 0.58, 1.0, 0.58, 0.5, 0.5, 1.0, 1.0, 0.88, 1.0, 0.75, 0.54, 1.0, 0.54, 0.75, 1.0, 0.75, 1.0, 1.0, 0.58, 0.58, 0.58, 0.46, 0.46, 1.0, 0.58, 0.5, 0.88, 1.0, 0.58, 1.0, 1.0, 1.0, 0.58, 1.0, 0.58, 0.79, 0.54, 1.0, 1.0, 0.75, 0.79, 0.54, 0.5, 0.75, 0.58, 1.0, 0.79, 0.58, 0.88, 0.67, 0.58, 0.58, 1.0, 0.54, 0.54, 1.0, 1.0, 0.58, 0.88, 0.58, 0.75, 0.75, 0.42, 1.0, 0.58, 1.0, 0.54, 0.58, 0.75, 0.58, 0.88, 0.46, 1.0, 0.58, 0.54, 0.58, 0.54, 1.0, 1.0, 0.5, 0.79, 0.58, 0.46, 1.0, 0.42, 0.58, 1.0, 0.54, 0.46, 0.58, 1.0, 0.54, 1.0, 1.0, 0.67, 0.58, 0.58, 0.58, 1.0, 1.0, 1.0, 0.88, 0.58, 0.58, 0.75, 0.42, 1.0, 0.54, 0.46, 0.88, 1.0, 0.54, 0.42, 0.54, 1.0, 0.58, 0.88, 0.79, 1.0, 0.58, 0.58, 0.58, 1.0, 0.5, 0.54, 1.0, 1.0, 0.42, 1.0, 1.0, 0.5, 0.67, 0.58, 0.79]",111.14,"[5, 6, 7, 12, 13, 14, 15, 16, 19, 20, 21, 24, 26, 29, 32, 35, 37, 38, 39, 41, 42, 43, 51, 52, 53, 57, 58, 59, 60, 63, 64, 65, 66, 67, 68, 70, 71, 75, 76, 77, 79, 81, 83, 85, 86, 87, 88, 91, 92, 93, 96, 97, 98, 99, 105, 108, 111, 118, 119, 121, 122, 124, 125, 126, 128, 129, 130, 132, 133, 134, 136, 137, 138, 140, 141, 144, 147, 148, 149, 150]","[0.0, 0.01, 0.01, 0.0, 0.07, 0.06, 0.09, 0.04, 0.01, 0.09, 0.0, 0.07, 0.06, 0.03, 0.04, 0.09, 0.05, 0.0, 0.06, 0.09, 0.09, 0.01, 0.0, 0.01, 0.04, 0.03, 0.06, 0.01, 0.07, 0.07, 0.01, 0.06, 0.0, 0.01, 0.01, 0.09, 0.03, 0.09, 0.09, 0.0, 0.01, 0.09, 0.07, 0.01, 0.09, 0.01, 0.01, 0.0, 0.09, 0.01, 0.06, 0.01, 0.1, 0.0, 0.03, 0.07, 0.07, 0.07, 0.09, 0.03, 0.07, 0.01, 0.06, 0.03, 0.07, 0.06, 0.09, 0.06, 0.03, 0.07, 0.04, 0.01, 0.0, 0.09, 0.07, 0.05, 0.04, 0.07, 0.09, 0.0, 0.03, 0.04, 0.07, 0.07, 0.04, 0.06, 0.07, 0.03, 0.0, 0.1, 0.05, 0.07, 0.04, 0.01, 0.0, 0.07, 0.05, 0.05, 0.1, 0.01, 0.07, 0.07, 0.01, 0.07, 0.09, 0.09, 0.03, 0.09, 0.01, 0.0, 0.06, 0.09, 0.1, 0.05, 0.03, 0.01, 0.01, 0.03, 0.04, 0.1, 0.04, 0.09, 0.03, 0.1, 0.09, 0.06, 0.01, 0.07, 0.09, 0.08, 0.01, 0.04, 0.03, 0.06, 0.03, 0.09, 0.04, 0.03, 0.01, 0.04, 0.07, 0.01, 0.0, 0.09, 0.01, 0.04, 0.03, 0.03, 0.09, 0.06]",0,
70,Vote For 2,ATVA_4,150,4,"{'A': 77, 'C': 76, 'D': 76, 'B': 71}","[0.75, 0.42, 0.67, 0.75, 0.67, 0.54, 1.0, 0.5, 1.0, 1.0, 0.58, 1.0, 1.0, 1.0, 1.0, 1.0, 0.58, 1.0, 0.67, 0.79, 0.88, 0.75, 1.0, 1.0, 0.5, 0.58, 0.54, 0.58, 0.75, 1.0, 0.58, 0.75, 0.88, 0.46, 0.79, 0.88, 1.0, 1.0, 1.0, 0.58, 0.79, 0.46, 0.54, 0.58, 0.58, 0.54, 0.58, 0.5, 0.67, 1.0, 0.58, 0.5, 0.58, 0.54, 0.54, 0.46, 0.79, 1.0, 0.54, 1.0, 0.58, 1.0, 1.0, 0.67, 1.0, 0.58, 0.5, 0.5, 0.75, 1.0, 0.75, 1.0, 0.88, 0.5, 0.46, 1.0, 1.0, 0.58, 0.67, 0.79, 0.58, 0.79, 0.46, 0.54, 1.0, 1.0, 0.67, 0.46, 0.58, 0.75, 0.5, 0.75, 0.75, 0.5, 0.42, 0.5, 1.0, 0.58, 0.54, 1.0, 0.67, 0.58, 0.46, 0.58, 0.75, 1.0, 0.58, 0.58, 1.0, 0.75, 0.75, 1.0, 0.58, 1.0, 0.5, 0.58, 0.58, 1.0, 0.58, 1.0, 0.5, 0.75, 1.0, 1.0, 0.79, 1.0, 0.42, 0.58, 0.42, 0.58, 0.5, 0.58, 0.75, 1.0, 0.58, 0.58, 0.46, 0.58, 0.88, 0.58, 0.67, 1.0, 0.42, 1.0, 0.5, 1.0, 1.0, 1.0, 0.79, 0.58]",108.78,"[1, 4, 6, 22, 27, 32, 43, 46, 54, 55, 59, 69, 84, 99, 110]","[0.04, 0.1, 0.05, 0.04, 0.05, 0.07, 0.01, 0.08, 0.01, 0.0, 0.05, 0.03, 0.01, 0.03, 0.01, 0.03, 0.05, 0.03, 0.05, 0.03, 0.01, 0.04, 0.01, 0.01, 0.09, 0.06, 0.07, 0.06, 0.02, 0.03, 0.06, 0.04, 0.01, 0.09, 0.03, 0.01, 0.03, 0.03, 0.01, 0.06, 0.03, 0.09, 0.07, 0.05, 0.05, 0.07, 0.07, 0.08, 0.05, 0.01, 0.07, 0.08, 0.07, 0.07, 0.07, 0.09, 0.03, 0.03, 0.07, 0.04, 0.07, 0.01, 0.03, 0.05, 0.01, 0.06, 0.08, 0.09, 0.04, 0.01, 0.03, 0.03, 0.01, 0.08, 0.09, 0.01, 0.01, 0.06, 0.05, 0.03, 0.06, 0.03, 0.09, 0.07, 0.03, 0.01, 0.05, 0.09, 0.07, 0.02, 0.08, 0.02, 0.02, 0.09, 0.1, 0.09, 0.03, 0.06, 0.07, 0.01, 0.05, 0.06, 0.09, 0.07, 0.02, 0.01, 0.06, 0.06, 0.04, 0.04, 0.03, 0.0, 0.07, 0.01, 0.09, 0.07, 0.06, 0.0, 0.07, 0.03, 0.08, 0.03, 0.01, 0.01, 0.03, 0.03, 0.1, 0.06, 0.1, 0.05, 0.08, 0.07, 0.02, 0.01, 0.06, 0.05, 0.09, 0.07, 0.01, 0.05, 0.05, 0.03, 0.1, 0.0, 0.09, 0.03, 0.03, 0.0, 0.03, 0.07]",0.040000000000000036,
71,Vote For 2,ATVA_4,150,4,"{'D': 84, 'C': 79, 'A': 73, 'B': 64}","[0.54, 0.58, 1.0, 1.0, 0.58, 1.0, 0.42, 0.54, 0.88, 1.0, 0.54, 1.0, 0.79, 1.0, 1.0, 0.67, 0.75, 0.67, 0.79, 0.58, 1.0, 0.58, 1.0, 0.75, 0.54, 0.5, 1.0, 0.75, 1.0, 0.54, 1.0, 1.0, 0.42, 0.58, 0.46, 1.0, 0.58, 0.58, 0.46, 0.75, 0.88, 1.0, 0.75, 0.5, 0.75, 0.75, 1.0, 0.5, 0.75, 0.75, 0.75, 1.0, 0.58, 1.0, 1.0, 0.58, 0.88, 0.75, 0.54, 1.0, 0.79, 1.0, 0.88, 0.79, 0.79, 1.0, 0.79, 0.79, 0.58, 0.58, 0.58, 0.46, 0.79, 0.54, 0.58, 0.79, 1.0, 0.75, 0.46, 0.79, 0.42, 0.42, 1.0, 1.0, 0.5, 0.58, 0.67, 1.0, 1.0, 0.58, 0.75, 0.88, 0.5, 0.54, 0.58, 1.0, 1.0, 0.79, 1.0, 0.58, 0.88, 0.75, 0.79, 1.0, 1.0, 1.0, 0.46, 1.0, 0.58, 0.54, 0.58, 1.0, 1.0, 0.54, 0.46, 0.58, 0.42, 0.46, 0.54, 0.75, 0.58, 1.0, 0.79, 0.79, 0.79, 0.67, 0.58, 1.0, 0.58, 1.0, 1.0, 0.5, 0.46, 1.0, 0.46, 1.0, 1.0, 0.88, 1.0, 0.5, 0.88, 0.88, 1.0, 1.0, 0.54, 0.54, 0.58, 0.67, 0.79, 0.58]",112.41999999999999,[],"[0.07, 0.07, 0.03, 0.01, 0.06, 0.03, 0.1, 0.07, 0.01, 0.01, 0.07, 0.03, 0.03, 0.04, 0.03, 0.05, 0.02, 0.05, 0.03, 0.06, 0.01, 0.06, 0.0, 0.02, 0.07, 0.08, 0.01, 0.03, 0.04, 0.07, 0.01, 0.03, 0.1, 0.06, 0.09, 0.01, 0.07, 0.07, 0.09, 0.02, 0.01, 0.03, 0.02, 0.09, 0.02, 0.04, 0.03, 0.08, 0.03, 0.04, 0.02, 0.01, 0.06, 0.0, 0.04, 0.06, 0.01, 0.02, 0.07, 0.01, 0.03, 0.01, 0.01, 0.03, 0.03, 0.04, 0.03, 0.03, 0.06, 0.06, 0.05, 0.09, 0.03, 0.07, 0.06, 0.03, 0.0, 0.04, 0.09, 0.03, 0.1, 0.1, 0.01, 0.04, 0.09, 0.07, 0.05, 0.04, 0.03, 0.06, 0.02, 0.01, 0.09, 0.07, 0.06, 0.0, 0.01, 0.03, 0.03, 0.07, 0.01, 0.03, 0.03, 0.01, 0.03, 0.0, 0.09, 0.01, 0.07, 0.07, 0.06, 0.0, 0.03, 0.07, 0.09, 0.07, 0.1, 0.09, 0.07, 0.03, 0.07, 0.01, 0.03, 0.03, 0.03, 0.05, 0.06, 0.03, 0.06, 0.01, 0.03, 0.08, 0.09, 0.04, 0.09, 0.04, 0.03, 0.01, 0.03, 0.08, 0.01, 0.01, 0.01, 0.04, 0.07, 0.07, 0.05, 0.05, 0.03, 0.07]",0,
72,Vote For 2,ATVA_4,150,4,"{'C': 80, 'B': 79, 'A': 78, 'D': 63}","[0.5, 1.0, 0.75, 0.67, 0.75, 0.75, 0.88, 1.0, 0.58, 0.46, 0.79, 0.79, 1.0, 0.42, 0.75, 0.46, 0.46, 0.88, 0.58, 0.79, 0.58, 0.88, 1.0, 0.88, 1.0, 1.0, 1.0, 1.0, 1.0, 0.58, 0.58, 0.46, 1.0, 1.0, 1.0, 0.46, 1.0, 0.58, 0.67, 0.58, 0.58, 0.46, 1.0, 0.67, 0.79, 0.58, 0.75, 0.75, 0.58, 0.75, 0.58, 0.58, 1.0, 1.0, 0.67, 0.54, 0.58, 0.58, 0.75, 0.75, 0.54, 0.58, 0.42, 0.58, 0.58, 0.58, 0.67, 0.88, 0.58, 0.67, 1.0, 1.0, 0.46, 0.5, 0.58, 0.88, 0.58, 0.75, 0.58, 0.5, 0.46, 0.5, 0.88, 0.67, 0.58, 0.54, 0.58, 1.0, 0.67, 1.0, 1.0, 0.75, 0.88, 1.0, 1.0, 1.0, 0.5, 0.58, 0.5, 0.54, 0.54, 0.75, 0.75, 0.58, 0.58, 0.58, 0.79, 0.46, 0.75, 0.42, 0.54, 0.75, 0.67, 1.0, 0.79, 1.0, 0.58, 0.67, 0.46, 0.5, 1.0, 0.88, 1.0, 1.0, 0.46, 0.42, 0.54, 0.75, 1.0, 0.67, 1.0, 0.46, 0.46, 1.0, 0.75, 0.54, 0.5, 0.54, 1.0, 0.88, 1.0, 0.58, 1.0, 0.54, 0.54, 0.46, 0.46, 0.58, 0.88, 1.0]",107.04,"[5, 6, 7, 14, 16, 17, 18, 22, 24, 42, 47, 59, 61, 63, 68, 73, 76, 78, 81, 83, 86, 93, 100, 102, 103, 109, 110, 111, 112, 119, 122, 125, 126, 128, 138, 140, 145, 149]","[0.08, 0.04, 0.03, 0.05, 0.02, 0.02, 0.01, 0.04, 0.05, 0.09, 0.03, 0.03, 0.01, 0.1, 0.03, 0.09, 0.09, 0.01, 0.06, 0.03, 0.05, 0.01, 0.0, 0.01, 0.04, 0.01, 0.01, 0.03, 0.0, 0.05, 0.06, 0.09, 0.0, 0.03, 0.0, 0.09, 0.03, 0.07, 0.05, 0.07, 0.06, 0.09, 0.03, 0.05, 0.03, 0.07, 0.04, 0.03, 0.06, 0.03, 0.06, 0.07, 0.04, 0.03, 0.05, 0.07, 0.05, 0.05, 0.02, 0.03, 0.07, 0.05, 0.1, 0.06, 0.05, 0.06, 0.05, 0.01, 0.05, 0.05, 0.01, 0.01, 0.09, 0.08, 0.06, 0.01, 0.06, 0.04, 0.06, 0.09, 0.09, 0.09, 0.01, 0.05, 0.05, 0.07, 0.07, 0.0, 0.05, 0.01, 0.01, 0.03, 0.01, 0.03, 0.0, 0.03, 0.08, 0.05, 0.09, 0.07, 0.07, 0.02, 0.02, 0.06, 0.06, 0.05, 0.03, 0.09, 0.04, 0.1, 0.07, 0.02, 0.05, 0.03, 0.03, 0.04, 0.06, 0.05, 0.09, 0.08, 0.03, 0.01, 0.0, 0.04, 0.09, 0.1, 0.07, 0.02, 0.04, 0.05, 0.04, 0.09, 0.09, 0.03, 0.03, 0.07, 0.09, 0.07, 0.0, 0.01, 0.01, 0.06, 0.01, 0.07, 0.07, 0.09, 0.09, 0.07, 0.01, 0.01]",0.25,
73,Vote For 2,ATVA_4,150,4,"{'D': 81, 'A': 76, 'B': 72, 'C': 71}","[0.75, 0.46, 0.58, 0.58, 0.88, 0.67, 0.75, 0.54, 0.75, 0.88, 0.58, 0.58, 0.79, 0.58, 0.67, 0.58, 0.58, 1.0, 1.0, 0.67, 0.75, 0.88, 0.42, 1.0, 0.58, 0.79, 0.5, 0.75, 0.46, 1.0, 0.46, 0.46, 1.0, 0.79, 0.54, 0.67, 0.46, 1.0, 0.54, 0.75, 1.0, 0.42, 1.0, 0.54, 0.54, 1.0, 0.5, 0.54, 0.54, 0.88, 0.54, 0.58, 0.46, 0.67, 1.0, 0.58, 1.0, 1.0, 0.58, 1.0, 0.46, 0.79, 0.58, 0.75, 1.0, 0.5, 0.67, 1.0, 0.58, 0.75, 0.58, 0.42, 1.0, 0.79, 0.75, 0.5, 0.88, 0.46, 0.58, 1.0, 0.58, 1.0, 1.0, 0.75, 1.0, 1.0, 1.0, 1.0, 0.58, 0.54, 0.58, 0.58, 0.5, 0.5, 0.58, 0.5, 1.0, 1.0, 0.88, 0.54, 0.75, 0.75, 1.0, 0.58, 1.0, 0.58, 0.58, 0.88, 0.58, 0.46, 1.0, 0.5, 0.54, 1.0, 1.0, 0.5, 0.79, 0.42, 0.75, 0.58, 0.75, 0.75, 0.75, 0.42, 0.58, 0.79, 0.58, 0.58, 1.0, 1.0, 0.42, 1.0, 1.0, 1.0, 0.58, 1.0, 0.42, 1.0, 1.0, 1.0, 0.46, 1.0, 0.88, 0.75, 1.0, 0.54, 0.58, 1.0, 0.58, 1.0]",108.84,[],"[0.02, 0.09, 0.07, 0.06, 0.01, 0.05, 0.03, 0.07, 0.03, 0.01, 0.07, 0.06, 0.03, 0.07, 0.05, 0.05, 0.06, 0.03, 0.01, 0.05, 0.03, 0.01, 0.1, 0.03, 0.05, 0.03, 0.08, 0.04, 0.09, 0.04, 0.09, 0.09, 0.01, 0.03, 0.07, 0.05, 0.09, 0.01, 0.07, 0.04, 0.01, 0.1, 0.03, 0.07, 0.07, 0.01, 0.08, 0.07, 0.07, 0.01, 0.07, 0.06, 0.09, 0.05, 0.04, 0.07, 0.03, 0.01, 0.06, 0.01, 0.09, 0.03, 0.07, 0.03, 0.04, 0.09, 0.05, 0.01, 0.07, 0.04, 0.06, 0.1, 0.03, 0.03, 0.04, 0.08, 0.01, 0.09, 0.06, 0.0, 0.05, 0.0, 0.04, 0.02, 0.0, 0.04, 0.0, 0.04, 0.07, 0.07, 0.07, 0.07, 0.08, 0.08, 0.07, 0.09, 0.0, 0.01, 0.01, 0.07, 0.04, 0.03, 0.0, 0.07, 0.01, 0.07, 0.07, 0.01, 0.05, 0.09, 0.04, 0.09, 0.07, 0.01, 0.0, 0.09, 0.03, 0.1, 0.03, 0.06, 0.03, 0.03, 0.03, 0.1, 0.05, 0.03, 0.06, 0.07, 0.04, 0.01, 0.1, 0.01, 0.01, 0.03, 0.05, 0.01, 0.1, 0.0, 0.0, 0.01, 0.09, 0.04, 0.01, 0.02, 0.03, 0.07, 0.07, 0.01, 0.05, 0.03]",0,
74,Vote For 2,ATVA_4,150,4,"{'B': 79, 'D': 75, 'A': 74, 'C': 72}","[0.58, 1.0, 0.5, 0.75, 1.0, 0.58, 0.5, 1.0, 0.58, 1.0, 0.5, 1.0, 1.0, 0.58, 0.75, 0.75, 0.58, 0.5, 1.0, 0.5, 1.0, 0.58, 0.58, 0.58, 0.54, 0.88, 0.58, 0.54, 1.0, 0.54, 0.58, 1.0, 0.58, 1.0, 0.54, 0.67, 0.58, 1.0, 0.42, 1.0, 0.5, 0.46, 0.54, 0.75, 1.0, 0.58, 1.0, 0.58, 0.75, 0.5, 0.58, 1.0, 1.0, 0.58, 0.88, 0.58, 1.0, 1.0, 0.46, 0.75, 0.88, 0.54, 0.5, 0.58, 0.88, 1.0, 0.5, 1.0, 0.67, 0.75, 0.54, 1.0, 0.75, 1.0, 0.54, 0.58, 0.88, 0.58, 0.75, 0.46, 1.0, 0.42, 0.54, 1.0, 0.88, 0.75, 1.0, 0.46, 1.0, 1.0, 0.79, 0.75, 1.0, 0.67, 0.46, 0.58, 0.58, 1.0, 1.0, 1.0, 1.0, 0.67, 0.88, 0.46, 0.58, 0.5, 0.58, 1.0, 1.0, 0.79, 0.58, 0.5, 0.58, 0.5, 0.54, 1.0, 0.79, 0.75, 1.0, 0.79, 1.0, 1.0, 0.58, 0.75, 0.5, 0.42, 0.75, 0.46, 0.75, 1.0, 0.5, 1.0, 0.79, 0.75, 0.58, 1.0, 0.79, 0.58, 0.46, 0.58, 0.58, 0.58, 0.54, 0.75, 0.58, 0.5, 0.5, 0.5, 0.88, 0.54]",108.27000000000001,"[4, 15, 25, 28, 30, 35, 43, 44, 60, 62, 71, 75, 83, 92, 115, 124, 143, 150]","[0.06, 0.0, 0.09, 0.04, 0.01, 0.06, 0.08, 0.04, 0.06, 0.01, 0.08, 0.0, 0.03, 0.07, 0.04, 0.02, 0.05, 0.08, 0.04, 0.09, 0.0, 0.06, 0.05, 0.06, 0.07, 0.01, 0.05, 0.07, 0.01, 0.07, 0.06, 0.03, 0.06, 0.03, 0.07, 0.05, 0.07, 0.04, 0.1, 0.04, 0.08, 0.09, 0.07, 0.04, 0.03, 0.06, 0.01, 0.06, 0.02, 0.08, 0.07, 0.03, 0.0, 0.07, 0.01, 0.07, 0.01, 0.04, 0.09, 0.04, 0.01, 0.07, 0.08, 0.06, 0.01, 0.03, 0.08, 0.04, 0.05, 0.03, 0.07, 0.03, 0.02, 0.01, 0.07, 0.06, 0.01, 0.05, 0.02, 0.09, 0.01, 0.1, 0.07, 0.01, 0.01, 0.03, 0.01, 0.09, 0.01, 0.04, 0.03, 0.04, 0.01, 0.05, 0.09, 0.06, 0.06, 0.04, 0.04, 0.03, 0.0, 0.05, 0.01, 0.09, 0.05, 0.09, 0.06, 0.01, 0.04, 0.03, 0.06, 0.08, 0.07, 0.09, 0.07, 0.03, 0.03, 0.02, 0.01, 0.03, 0.03, 0.03, 0.06, 0.04, 0.08, 0.1, 0.02, 0.09, 0.03, 0.01, 0.09, 0.03, 0.03, 0.03, 0.07, 0.04, 0.03, 0.06, 0.09, 0.06, 0.07, 0.07, 0.07, 0.03, 0.07, 0.09, 0.08, 0.09, 0.01, 0.07]",0.040000000000000036,
75,Vote For 2,ATVA_4,150,4,"{'D': 84, 'A': 78, 'B': 69, 'C': 69}","[0.75, 1.0, 0.58, 0.58, 0.58, 1.0, 0.58, 0.79, 0.54, 0.46, 1.0, 1.0, 0.42, 1.0, 1.0, 0.67, 0.79, 0.54, 0.67, 0.67, 0.67, 0.88, 0.58, 0.58, 0.58, 0.79, 0.58, 1.0, 0.54, 1.0, 0.75, 1.0, 0.58, 1.0, 1.0, 0.79, 0.58, 0.46, 1.0, 0.5, 0.46, 0.75, 1.0, 1.0, 1.0, 1.0, 1.0, 0.54, 0.46, 1.0, 0.67, 0.58, 0.75, 0.54, 0.5, 1.0, 0.58, 0.58, 0.75, 0.75, 0.54, 1.0, 0.88, 0.58, 0.75, 0.75, 0.88, 0.58, 0.79, 1.0, 0.5, 0.58, 0.42, 0.58, 0.79, 0.58, 1.0, 0.75, 1.0, 0.88, 0.58, 0.75, 0.5, 0.46, 1.0, 0.58, 0.5, 0.58, 1.0, 0.75, 0.67, 1.0, 0.75, 0.58, 0.42, 0.46, 1.0, 0.88, 0.58, 0.75, 1.0, 0.46, 0.79, 0.58, 0.67, 1.0, 1.0, 1.0, 0.75, 0.58, 1.0, 0.75, 0.46, 0.58, 0.75, 0.46, 0.67, 0.75, 0.79, 0.75, 0.88, 0.42, 1.0, 1.0, 1.0, 0.54, 0.54, 0.46, 1.0, 1.0, 0.58, 1.0, 0.5, 0.88, 0.5, 1.0, 1.0, 0.88, 1.0, 0.5, 0.75, 1.0, 0.46, 1.0, 0.54, 0.75, 0.75, 0.88, 1.0, 0.67]",111.28,"[13, 49, 60, 65, 73, 84, 90, 93, 95, 102, 115, 116, 122, 128, 147]","[0.03, 0.04, 0.06, 0.07, 0.07, 0.01, 0.07, 0.03, 0.07, 0.09, 0.01, 0.03, 0.1, 0.04, 0.03, 0.05, 0.03, 0.07, 0.05, 0.05, 0.05, 0.01, 0.07, 0.07, 0.07, 0.03, 0.06, 0.0, 0.07, 0.03, 0.03, 0.0, 0.06, 0.03, 0.01, 0.03, 0.06, 0.09, 0.03, 0.09, 0.09, 0.03, 0.03, 0.01, 0.03, 0.01, 0.0, 0.07, 0.09, 0.04, 0.05, 0.07, 0.03, 0.07, 0.08, 0.01, 0.06, 0.06, 0.04, 0.02, 0.07, 0.0, 0.01, 0.07, 0.02, 0.04, 0.01, 0.05, 0.03, 0.03, 0.09, 0.06, 0.1, 0.06, 0.03, 0.05, 0.03, 0.04, 0.04, 0.01, 0.07, 0.03, 0.08, 0.09, 0.03, 0.07, 0.09, 0.06, 0.01, 0.02, 0.05, 0.01, 0.02, 0.05, 0.1, 0.09, 0.01, 0.01, 0.06, 0.04, 0.01, 0.09, 0.03, 0.07, 0.05, 0.03, 0.04, 0.03, 0.04, 0.05, 0.04, 0.03, 0.09, 0.07, 0.02, 0.09, 0.05, 0.04, 0.03, 0.03, 0.01, 0.1, 0.0, 0.0, 0.01, 0.07, 0.07, 0.09, 0.03, 0.01, 0.07, 0.0, 0.09, 0.01, 0.08, 0.01, 0.01, 0.01, 0.0, 0.08, 0.04, 0.0, 0.09, 0.0, 0.07, 0.04, 0.02, 0.01, 0.04, 0.05]",0.13,
76,Vote For 2,ATVA_4,150,4,"{'C': 82, 'B': 77, 'A': 76, 'D': 65}","[0.58, 0.88, 1.0, 0.5, 0.5, 0.42, 0.5, 0.5, 0.79, 1.0, 0.58, 0.88, 0.46, 0.88, 1.0, 0.75, 0.88, 0.5, 0.54, 0.58, 1.0, 0.58, 0.58, 0.54, 0.5, 0.5, 0.67, 0.88, 1.0, 0.75, 0.54, 0.58, 0.58, 0.58, 0.5, 1.0, 0.5, 0.75, 0.58, 0.88, 0.58, 0.75, 0.58, 0.67, 0.75, 0.46, 0.79, 0.75, 1.0, 1.0, 0.5, 1.0, 1.0, 0.67, 0.58, 1.0, 0.42, 0.75, 0.58, 0.54, 0.5, 0.88, 1.0, 0.75, 1.0, 1.0, 1.0, 0.42, 0.58, 0.54, 1.0, 1.0, 0.58, 0.5, 0.46, 0.75, 0.58, 0.54, 0.88, 1.0, 0.58, 0.42, 0.75, 1.0, 0.79, 0.75, 0.75, 1.0, 1.0, 0.46, 1.0, 0.54, 0.58, 0.58, 0.75, 0.75, 1.0, 0.88, 0.88, 0.58, 0.75, 1.0, 0.5, 0.58, 0.75, 1.0, 0.79, 0.54, 0.42, 0.79, 0.5, 0.46, 1.0, 0.46, 1.0, 0.58, 1.0, 0.42, 0.75, 0.67, 0.88, 0.88, 0.75, 0.88, 0.58, 0.54, 0.54, 0.67, 0.42, 0.75, 0.75, 0.79, 1.0, 1.0, 1.0, 0.79, 0.75, 0.46, 0.46, 0.46, 0.58, 1.0, 0.75, 0.5, 0.75, 1.0, 0.5, 1.0, 1.0, 0.75]",107.72,"[16, 19, 24, 31, 42, 58, 60, 70, 78, 83, 86, 87, 92, 108, 123, 126, 127]","[0.06, 0.01, 0.01, 0.09, 0.09, 0.1, 0.08, 0.08, 0.03, 0.03, 0.06, 0.01, 0.09, 0.01, 0.03, 0.04, 0.01, 0.08, 0.07, 0.05, 0.04, 0.07, 0.06, 0.07, 0.09, 0.08, 0.05, 0.01, 0.01, 0.03, 0.07, 0.07, 0.06, 0.07, 0.09, 0.0, 0.08, 0.03, 0.05, 0.01, 0.05, 0.04, 0.06, 0.05, 0.02, 0.09, 0.03, 0.03, 0.03, 0.03, 0.09, 0.01, 0.04, 0.05, 0.06, 0.0, 0.1, 0.04, 0.07, 0.07, 0.08, 0.01, 0.0, 0.02, 0.03, 0.03, 0.0, 0.1, 0.05, 0.07, 0.04, 0.0, 0.05, 0.09, 0.09, 0.02, 0.06, 0.07, 0.01, 0.01, 0.05, 0.1, 0.04, 0.0, 0.03, 0.04, 0.04, 0.01, 0.01, 0.09, 0.03, 0.07, 0.05, 0.07, 0.03, 0.02, 0.03, 0.01, 0.01, 0.07, 0.03, 0.03, 0.08, 0.07, 0.02, 0.01, 0.03, 0.07, 0.1, 0.03, 0.08, 0.09, 0.01, 0.09, 0.03, 0.07, 0.03, 0.1, 0.02, 0.05, 0.01, 0.01, 0.04, 0.01, 0.05, 0.07, 0.07, 0.05, 0.1, 0.02, 0.02, 0.03, 0.03, 0.03, 0.03, 0.03, 0.02, 0.09, 0.09, 0.09, 0.07, 0.03, 0.02, 0.08, 0.02, 0.01, 0.08, 0.0, 0.0, 0.03]",0.040000000000000036,
77,Vote For 2,ATVA_4,150,4,"{'A': 84, 'D': 80, 'B': 70, 'C': 66}","[0.5, 0.75, 0.88, 0.75, 0.5, 1.0, 1.0, 0.54, 0.5, 0.75, 0.79, 0.58, 0.5, 0.88, 0.58, 0.79, 0.42, 1.0, 0.75, 0.75, 1.0, 0.5, 0.75, 0.75, 1.0, 0.58, 0.88, 0.42, 0.75, 1.0, 0.5, 0.5, 0.75, 1.0, 0.58, 0.75, 0.58, 0.75, 0.88, 0.54, 0.46, 1.0, 1.0, 1.0, 0.58, 0.79, 0.58, 1.0, 0.58, 0.54, 0.58, 0.5, 0.58, 0.5, 0.58, 0.88, 0.79, 0.58, 0.58, 0.54, 1.0, 0.5, 0.88, 0.58, 0.75, 0.75, 0.58, 1.0, 0.46, 1.0, 0.54, 0.75, 0.88, 0.88, 1.0, 0.88, 0.88, 1.0, 0.58, 0.58, 0.75, 0.75, 0.79, 1.0, 0.58, 1.0, 0.75, 0.75, 0.58, 0.5, 0.88, 0.42, 1.0, 0.54, 1.0, 0.58, 0.54, 0.58, 0.58, 0.58, 0.67, 0.46, 0.58, 0.58, 0.5, 0.42, 0.75, 1.0, 1.0, 0.42, 0.5, 1.0, 0.58, 0.58, 0.79, 1.0, 0.58, 0.58, 0.46, 0.58, 0.58, 1.0, 1.0, 0.5, 1.0, 1.0, 1.0, 0.67, 0.42, 1.0, 0.75, 0.5, 0.5, 0.58, 1.0, 0.79, 1.0, 0.75, 1.0, 0.58, 0.88, 0.54, 1.0, 1.0, 0.54, 0.42, 0.54, 0.58, 1.0, 1.0]",108.08,[],"[0.09, 0.04, 0.01, 0.03, 0.08, 0.0, 0.01, 0.07, 0.09, 0.03, 0.03, 0.07, 0.09, 0.01, 0.05, 0.03, 0.1, 0.03, 0.02, 0.02, 0.03, 0.09, 0.03, 0.02, 0.0, 0.06, 0.01, 0.1, 0.03, 0.03, 0.09, 0.09, 0.03, 0.01, 0.06, 0.03, 0.05, 0.04, 0.01, 0.07, 0.09, 0.01, 0.0, 0.03, 0.07, 0.03, 0.06, 0.04, 0.07, 0.07, 0.07, 0.09, 0.06, 0.09, 0.05, 0.01, 0.03, 0.07, 0.05, 0.07, 0.0, 0.09, 0.01, 0.07, 0.03, 0.03, 0.06, 0.03, 0.09, 0.03, 0.07, 0.04, 0.01, 0.01, 0.01, 0.01, 0.01, 0.0, 0.06, 0.06, 0.04, 0.02, 0.03, 0.03, 0.05, 0.01, 0.03, 0.04, 0.06, 0.08, 0.01, 0.1, 0.0, 0.07, 0.01, 0.06, 0.07, 0.07, 0.05, 0.06, 0.05, 0.09, 0.06, 0.07, 0.09, 0.1, 0.03, 0.01, 0.03, 0.1, 0.09, 0.04, 0.07, 0.06, 0.03, 0.04, 0.06, 0.05, 0.09, 0.06, 0.06, 0.04, 0.03, 0.09, 0.03, 0.01, 0.04, 0.05, 0.1, 0.03, 0.03, 0.08, 0.09, 0.06, 0.0, 0.03, 0.04, 0.04, 0.01, 0.07, 0.01, 0.07, 0.0, 0.0, 0.07, 0.1, 0.07, 0.07, 0.03, 0.03]",0,
78,Vote For 2,ATVA_4,150,4,"{'B': 79, 'C': 78, 'A': 75, 'D': 68}","[1.0, 0.46, 1.0, 0.75, 0.58, 1.0, 0.42, 0.67, 0.75, 0.54, 0.46, 0.42, 0.58, 0.42, 0.42, 0.58, 1.0, 0.79, 0.58, 0.5, 0.88, 1.0, 0.46, 0.58, 0.79, 0.46, 0.67, 0.46, 0.58, 1.0, 0.58, 0.58, 0.79, 0.5, 0.46, 0.42, 0.46, 0.75, 0.54, 1.0, 1.0, 1.0, 0.58, 0.54, 0.58, 0.58, 0.67, 1.0, 1.0, 0.46, 0.75, 1.0, 0.54, 1.0, 1.0, 0.5, 0.58, 1.0, 0.58, 0.75, 1.0, 0.54, 0.75, 0.75, 1.0, 1.0, 0.46, 0.58, 0.79, 0.88, 0.54, 0.67, 0.5, 0.54, 0.58, 0.75, 0.5, 0.58, 0.79, 0.58, 1.0, 1.0, 0.75, 0.79, 1.0, 1.0, 0.75, 0.67, 0.58, 0.58, 0.75, 0.58, 1.0, 0.75, 1.0, 1.0, 0.54, 0.75, 1.0, 0.54, 0.54, 0.88, 0.67, 0.58, 0.79, 0.88, 0.42, 0.46, 1.0, 0.79, 0.5, 0.5, 1.0, 1.0, 0.79, 0.5, 1.0, 0.75, 0.54, 0.75, 1.0, 0.46, 0.58, 0.88, 1.0, 0.79, 0.54, 0.58, 0.42, 1.0, 0.54, 0.54, 1.0, 0.75, 0.58, 0.54, 0.75, 1.0, 1.0, 0.75, 1.0, 0.75, 0.58, 0.58, 0.46, 0.54, 1.0, 0.75, 0.75, 0.58]",106.83,[],"[0.01, 0.09, 0.0, 0.02, 0.07, 0.01, 0.1, 0.05, 0.04, 0.07, 0.09, 0.1, 0.06, 0.1, 0.1, 0.06, 0.01, 0.03, 0.07, 0.08, 0.01, 0.01, 0.09, 0.05, 0.03, 0.09, 0.05, 0.09, 0.06, 0.03, 0.05, 0.06, 0.03, 0.09, 0.09, 0.1, 0.09, 0.02, 0.07, 0.03, 0.03, 0.04, 0.06, 0.07, 0.06, 0.06, 0.05, 0.03, 0.01, 0.09, 0.02, 0.0, 0.07, 0.03, 0.0, 0.09, 0.06, 0.04, 0.07, 0.02, 0.03, 0.07, 0.04, 0.02, 0.04, 0.01, 0.09, 0.05, 0.03, 0.01, 0.07, 0.05, 0.08, 0.07, 0.07, 0.02, 0.09, 0.06, 0.03, 0.06, 0.03, 0.01, 0.04, 0.03, 0.01, 0.03, 0.02, 0.05, 0.06, 0.06, 0.03, 0.07, 0.04, 0.02, 0.03, 0.0, 0.07, 0.04, 0.0, 0.07, 0.07, 0.01, 0.05, 0.07, 0.03, 0.01, 0.1, 0.09, 0.01, 0.03, 0.09, 0.09, 0.01, 0.01, 0.03, 0.09, 0.04, 0.03, 0.07, 0.02, 0.01, 0.09, 0.07, 0.01, 0.0, 0.03, 0.07, 0.05, 0.1, 0.04, 0.07, 0.07, 0.01, 0.02, 0.07, 0.07, 0.02, 0.04, 0.03, 0.02, 0.0, 0.03, 0.06, 0.06, 0.09, 0.07, 0.01, 0.02, 0.03, 0.05]",0,
79,Vote For 2,ATVA_4,150,4,"{'A': 82, 'C': 77, 'B': 71, 'D': 70}","[0.58, 1.0, 0.67, 0.67, 1.0, 0.58, 0.58, 0.58, 1.0, 0.79, 1.0, 0.58, 0.79, 0.58, 0.75, 1.0, 0.42, 1.0, 0.46, 0.46, 0.75, 0.58, 1.0, 1.0, 0.5, 1.0, 0.79, 0.46, 0.75, 1.0, 1.0, 0.42, 0.79, 0.75, 1.0, 0.5, 1.0, 1.0, 0.42, 0.54, 0.54, 0.67, 0.54, 0.54, 0.46, 0.58, 0.88, 0.58, 0.58, 1.0, 1.0, 0.58, 0.79, 0.54, 0.67, 1.0, 0.75, 0.54, 1.0, 0.54, 1.0, 0.75, 1.0, 0.46, 0.5, 0.54, 0.58, 0.75, 0.54, 0.58, 0.88, 0.88, 1.0, 0.67, 0.75, 0.58, 0.67, 0.54, 0.46, 0.75, 1.0, 0.88, 0.58, 1.0, 1.0, 0.75, 0.5, 1.0, 0.58, 0.46, 0.58, 0.58, 0.46, 0.75, 1.0, 1.0, 1.0, 0.42, 1.0, 0.5, 0.58, 0.75, 0.42, 0.75, 0.75, 0.75, 0.75, 0.75, 0.42, 0.79, 1.0, 1.0, 0.46, 1.0, 0.58, 0.54, 1.0, 1.0, 1.0, 1.0, 1.0, 0.75, 1.0, 1.0, 1.0, 0.75, 0.75, 0.58, 0.42, 1.0, 0.58, 0.88, 0.46, 1.0, 0.54, 0.5, 1.0, 0.58, 0.54, 0.88, 0.67, 0.54, 0.58, 0.75, 0.58, 0.42, 0.58, 0.88, 0.88, 0.75]",109.57000000000001,[],"[0.07, 0.0, 0.05, 0.05, 0.01, 0.06, 0.06, 0.07, 0.04, 0.03, 0.03, 0.07, 0.03, 0.07, 0.04, 0.04, 0.1, 0.0, 0.09, 0.09, 0.02, 0.05, 0.03, 0.04, 0.08, 0.0, 0.03, 0.09, 0.03, 0.0, 0.0, 0.1, 0.03, 0.02, 0.01, 0.09, 0.0, 0.03, 0.1, 0.07, 0.07, 0.05, 0.07, 0.07, 0.09, 0.06, 0.01, 0.07, 0.06, 0.0, 0.03, 0.05, 0.03, 0.07, 0.05, 0.03, 0.02, 0.07, 0.01, 0.07, 0.03, 0.02, 0.04, 0.09, 0.08, 0.07, 0.07, 0.04, 0.07, 0.06, 0.01, 0.01, 0.01, 0.05, 0.04, 0.06, 0.05, 0.07, 0.09, 0.03, 0.03, 0.01, 0.06, 0.03, 0.04, 0.02, 0.08, 0.01, 0.07, 0.09, 0.06, 0.06, 0.09, 0.03, 0.03, 0.01, 0.03, 0.1, 0.01, 0.08, 0.07, 0.04, 0.1, 0.04, 0.02, 0.03, 0.03, 0.04, 0.1, 0.03, 0.01, 0.01, 0.09, 0.03, 0.07, 0.07, 0.04, 0.01, 0.01, 0.01, 0.03, 0.04, 0.03, 0.03, 0.03, 0.03, 0.04, 0.07, 0.1, 0.01, 0.05, 0.01, 0.09, 0.01, 0.07, 0.09, 0.01, 0.07, 0.07, 0.01, 0.05, 0.07, 0.05, 0.04, 0.06, 0.1, 0.05, 0.01, 0.01, 0.04]",0,
80,Anti-Plurality,BTVA,150,4,"{'B': 115, 'D': 115, 'C': 114, 'A': 106}","[1.0, 1.0, 0.5, 0.5, 0.88, 1.0, 1.0, 1.0, 0.58, 0.75, 0.75, 0.5, 0.75, 0.75, 0.58, 0.75, 0.58, 0.58, 0.54, 0.42, 0.75, 0.5, 1.0, 0.5, 1.0, 0.75, 0.58, 0.58, 1.0, 0.54, 0.54, 0.58, 0.75, 0.58, 0.46, 1.0, 0.58, 1.0, 0.75, 1.0, 0.75, 0.75, 0.54, 0.54, 0.58, 1.0, 1.0, 0.5, 0.5, 0.79, 1.0, 0.58, 1.0, 0.58, 0.54, 0.75, 0.58, 0.58, 0.54, 0.58, 1.0, 0.46, 0.46, 1.0, 1.0, 0.58, 0.58, 1.0, 0.75, 0.88, 0.58, 1.0, 0.46, 0.58, 1.0, 0.54, 1.0, 0.75, 0.5, 0.75, 1.0, 1.0, 0.54, 0.54, 1.0, 1.0, 0.54, 0.58, 0.5, 0.58, 0.75, 1.0, 1.0, 0.58, 0.5, 0.58, 0.54, 0.46, 0.75, 0.75, 0.75, 0.75, 0.46, 1.0, 1.0, 0.58, 1.0, 0.58, 1.0, 1.0, 0.46, 0.75, 1.0, 0.54, 0.88, 0.5, 0.54, 0.75, 1.0, 0.75, 1.0, 0.79, 1.0, 0.46, 1.0, 0.54, 1.0, 0.79, 0.46, 1.0, 0.46, 1.0, 0.58, 1.0, 0.58, 0.58, 0.79, 1.0, 0.58, 0.88, 0.58, 1.0, 1.0, 0.54, 0.88, 0.58, 1.0, 0.58, 0.75, 0.67]",109.95000000000002,"[10, 11, 20, 26, 33, 35, 42, 50, 56, 63, 73, 91, 122, 124, 128, 137, 149]","[0.01, 0.0, 0.08, 0.09, 0.01, 0.03, 0.0, 0.01, 0.05, 0.03, 0.03, 0.09, 0.02, 0.04, 0.07, 0.04, 0.05, 0.05, 0.07, 0.1, 0.04, 0.09, 0.03, 0.09, 0.03, 0.03, 0.05, 0.06, 0.04, 0.07, 0.07, 0.07, 0.03, 0.06, 0.09, 0.04, 0.06, 0.03, 0.02, 0.0, 0.02, 0.03, 0.07, 0.07, 0.07, 0.0, 0.03, 0.08, 0.09, 0.03, 0.0, 0.06, 0.01, 0.07, 0.07, 0.03, 0.06, 0.07, 0.07, 0.07, 0.04, 0.09, 0.09, 0.0, 0.03, 0.05, 0.07, 0.01, 0.02, 0.01, 0.05, 0.0, 0.09, 0.07, 0.01, 0.07, 0.04, 0.02, 0.08, 0.02, 0.01, 0.01, 0.07, 0.07, 0.04, 0.03, 0.07, 0.06, 0.09, 0.07, 0.03, 0.03, 0.01, 0.06, 0.09, 0.06, 0.07, 0.09, 0.04, 0.02, 0.04, 0.02, 0.09, 0.01, 0.0, 0.07, 0.03, 0.06, 0.0, 0.0, 0.09, 0.02, 0.03, 0.07, 0.01, 0.08, 0.07, 0.04, 0.04, 0.02, 0.01, 0.03, 0.01, 0.09, 0.0, 0.07, 0.03, 0.03, 0.09, 0.01, 0.09, 0.03, 0.06, 0.03, 0.07, 0.05, 0.03, 0.01, 0.06, 0.01, 0.06, 0.01, 0.01, 0.07, 0.01, 0.06, 0.0, 0.06, 0.03, 0.05]",0.20999999999999996,
81,Anti-Plurality,BTVA,150,4,"{'C': 123, 'A': 113, 'B': 112, 'D': 102}","[0.42, 0.79, 0.58, 0.75, 0.58, 0.42, 0.75, 0.5, 1.0, 1.0, 0.58, 0.75, 1.0, 0.88, 0.75, 0.79, 0.5, 0.75, 0.75, 0.58, 0.5, 0.58, 1.0, 0.58, 0.58, 0.5, 1.0, 1.0, 1.0, 0.46, 1.0, 1.0, 0.58, 0.46, 1.0, 0.58, 1.0, 1.0, 0.5, 0.75, 1.0, 0.5, 0.58, 0.58, 0.58, 0.46, 1.0, 0.54, 0.58, 0.5, 0.54, 0.88, 0.79, 0.58, 1.0, 0.75, 1.0, 0.42, 1.0, 0.58, 0.75, 0.75, 0.75, 0.54, 1.0, 1.0, 1.0, 0.79, 0.88, 1.0, 0.75, 0.46, 0.58, 0.79, 0.58, 0.58, 0.75, 0.88, 1.0, 0.75, 0.75, 1.0, 0.46, 1.0, 0.46, 0.58, 1.0, 0.75, 1.0, 0.5, 1.0, 0.88, 1.0, 0.58, 0.75, 1.0, 0.75, 0.58, 0.75, 0.58, 0.42, 0.75, 0.42, 0.58, 0.46, 0.46, 0.58, 0.5, 1.0, 0.67, 0.58, 0.88, 0.5, 1.0, 0.5, 0.75, 0.42, 0.42, 1.0, 0.58, 0.75, 1.0, 0.54, 1.0, 1.0, 0.75, 0.75, 1.0, 0.75, 0.46, 1.0, 1.0, 0.54, 0.58, 0.58, 0.58, 0.58, 0.58, 1.0, 0.58, 0.58, 0.88, 0.58, 1.0, 0.58, 0.75, 1.0, 1.0, 1.0, 0.67]",109.53,[],"[0.1, 0.03, 0.05, 0.04, 0.06, 0.1, 0.02, 0.09, 0.01, 0.0, 0.07, 0.02, 0.01, 0.01, 0.02, 0.03, 0.09, 0.04, 0.04, 0.06, 0.09, 0.05, 0.04, 0.07, 0.06, 0.08, 0.03, 0.03, 0.03, 0.09, 0.01, 0.01, 0.06, 0.09, 0.03, 0.06, 0.01, 0.03, 0.08, 0.03, 0.0, 0.08, 0.06, 0.06, 0.07, 0.09, 0.03, 0.07, 0.06, 0.08, 0.07, 0.01, 0.03, 0.07, 0.03, 0.04, 0.0, 0.1, 0.04, 0.06, 0.04, 0.03, 0.04, 0.07, 0.01, 0.03, 0.03, 0.03, 0.01, 0.01, 0.03, 0.09, 0.07, 0.03, 0.06, 0.07, 0.04, 0.01, 0.01, 0.04, 0.03, 0.03, 0.09, 0.04, 0.09, 0.07, 0.01, 0.03, 0.01, 0.08, 0.01, 0.01, 0.0, 0.07, 0.02, 0.0, 0.04, 0.06, 0.03, 0.06, 0.1, 0.02, 0.1, 0.07, 0.09, 0.09, 0.06, 0.08, 0.04, 0.05, 0.07, 0.01, 0.08, 0.03, 0.08, 0.02, 0.1, 0.1, 0.04, 0.07, 0.03, 0.01, 0.07, 0.01, 0.0, 0.03, 0.04, 0.01, 0.04, 0.09, 0.01, 0.01, 0.07, 0.06, 0.05, 0.07, 0.06, 0.07, 0.04, 0.07, 0.05, 0.01, 0.05, 0.04, 0.07, 0.04, 0.0, 0.0, 0.03, 0.05]",0,
82,Anti-Plurality,BTVA,150,4,"{'D': 118, 'B': 115, 'C': 115, 'A': 102}","[0.46, 0.46, 0.54, 1.0, 0.42, 0.79, 0.79, 1.0, 0.54, 0.58, 0.79, 0.79, 0.46, 0.75, 0.75, 0.58, 0.42, 0.46, 1.0, 0.67, 1.0, 1.0, 0.58, 0.54, 0.58, 0.58, 0.54, 1.0, 1.0, 0.42, 1.0, 0.46, 0.75, 1.0, 0.54, 0.46, 0.79, 0.58, 0.42, 0.88, 0.58, 1.0, 0.58, 0.58, 1.0, 1.0, 1.0, 0.46, 1.0, 1.0, 0.67, 1.0, 0.75, 0.67, 1.0, 1.0, 0.67, 0.5, 0.5, 0.42, 0.58, 0.75, 0.79, 0.58, 0.75, 0.75, 1.0, 0.58, 0.88, 1.0, 1.0, 0.58, 0.58, 0.54, 0.46, 0.54, 0.75, 0.58, 0.75, 0.75, 0.5, 0.58, 0.42, 1.0, 0.58, 0.58, 0.46, 0.75, 0.5, 1.0, 0.42, 0.54, 0.54, 0.58, 0.79, 0.67, 1.0, 1.0, 0.58, 1.0, 0.75, 0.46, 1.0, 0.54, 0.88, 1.0, 1.0, 1.0, 0.58, 0.58, 0.67, 0.75, 0.79, 0.46, 1.0, 1.0, 0.88, 0.75, 0.46, 0.75, 0.46, 1.0, 0.58, 0.58, 0.75, 0.75, 0.58, 1.0, 0.75, 0.75, 0.58, 0.75, 1.0, 1.0, 0.42, 1.0, 0.75, 1.0, 1.0, 0.42, 0.5, 1.0, 1.0, 1.0, 0.75, 0.79, 0.88, 0.75, 0.88, 0.54]",108.94,"[1, 2, 5, 15, 17, 18, 30, 32, 33, 39, 48, 60, 77, 80, 83, 91, 112, 114, 118, 121, 126, 135, 140, 145]","[0.09, 0.09, 0.07, 0.04, 0.1, 0.03, 0.03, 0.04, 0.07, 0.07, 0.03, 0.03, 0.09, 0.02, 0.03, 0.07, 0.1, 0.09, 0.03, 0.05, 0.01, 0.03, 0.05, 0.07, 0.05, 0.06, 0.07, 0.0, 0.01, 0.1, 0.03, 0.09, 0.03, 0.01, 0.07, 0.09, 0.03, 0.07, 0.1, 0.01, 0.05, 0.01, 0.06, 0.06, 0.01, 0.03, 0.01, 0.09, 0.03, 0.01, 0.05, 0.0, 0.02, 0.05, 0.0, 0.0, 0.05, 0.09, 0.08, 0.1, 0.05, 0.04, 0.03, 0.06, 0.02, 0.04, 0.03, 0.06, 0.01, 0.03, 0.03, 0.07, 0.05, 0.07, 0.09, 0.07, 0.03, 0.05, 0.02, 0.03, 0.09, 0.06, 0.1, 0.01, 0.07, 0.06, 0.09, 0.02, 0.09, 0.01, 0.1, 0.07, 0.07, 0.06, 0.03, 0.05, 0.0, 0.0, 0.06, 0.0, 0.02, 0.09, 0.01, 0.07, 0.01, 0.01, 0.04, 0.03, 0.07, 0.06, 0.05, 0.03, 0.03, 0.09, 0.0, 0.0, 0.01, 0.03, 0.09, 0.02, 0.09, 0.03, 0.05, 0.05, 0.04, 0.03, 0.07, 0.01, 0.04, 0.04, 0.05, 0.04, 0.01, 0.01, 0.1, 0.04, 0.04, 0.03, 0.03, 0.1, 0.08, 0.03, 0.03, 0.01, 0.03, 0.03, 0.01, 0.02, 0.01, 0.07]",0.13,
83,Anti-Plurality,BTVA,150,4,"{'D': 118, 'C': 117, 'B': 115, 'A': 100}","[0.5, 0.58, 0.58, 0.54, 0.5, 0.75, 0.58, 0.67, 0.54, 1.0, 0.75, 1.0, 0.75, 0.54, 0.79, 1.0, 0.58, 0.75, 0.75, 0.75, 1.0, 0.75, 0.67, 0.58, 0.58, 0.75, 0.54, 0.58, 1.0, 1.0, 0.75, 0.88, 0.46, 0.75, 0.79, 0.88, 0.5, 0.58, 0.88, 0.58, 0.46, 0.46, 0.58, 1.0, 0.54, 0.88, 1.0, 0.54, 0.88, 0.46, 0.5, 1.0, 0.75, 0.79, 0.75, 0.54, 0.75, 1.0, 0.58, 1.0, 1.0, 1.0, 0.58, 1.0, 1.0, 1.0, 0.58, 1.0, 0.5, 0.58, 1.0, 0.46, 0.58, 0.88, 0.75, 0.75, 0.88, 0.88, 0.58, 0.5, 0.75, 0.54, 0.54, 0.67, 0.79, 0.42, 0.54, 0.75, 0.58, 0.54, 0.42, 1.0, 0.88, 0.79, 0.58, 0.58, 1.0, 1.0, 1.0, 0.5, 0.88, 0.5, 0.88, 0.58, 0.54, 0.54, 0.79, 1.0, 0.58, 0.88, 1.0, 0.54, 0.58, 0.67, 0.67, 0.54, 1.0, 0.79, 0.58, 0.42, 0.58, 0.75, 0.79, 0.54, 1.0, 0.42, 1.0, 0.75, 0.54, 0.67, 1.0, 0.67, 1.0, 0.46, 0.58, 0.88, 0.58, 1.0, 0.58, 0.79, 0.75, 1.0, 0.54, 0.58, 1.0, 1.0, 0.42, 0.58, 0.75, 0.67]",108.06,"[8, 15, 23, 35, 54, 84, 85, 94, 107, 114, 115, 118, 123, 130, 132, 140, 150]","[0.08, 0.06, 0.07, 0.07, 0.08, 0.04, 0.05, 0.05, 0.07, 0.0, 0.03, 0.01, 0.04, 0.07, 0.03, 0.03, 0.05, 0.02, 0.02, 0.02, 0.04, 0.03, 0.05, 0.05, 0.07, 0.02, 0.07, 0.07, 0.03, 0.04, 0.03, 0.01, 0.09, 0.03, 0.03, 0.01, 0.08, 0.06, 0.01, 0.07, 0.09, 0.09, 0.06, 0.03, 0.07, 0.01, 0.03, 0.07, 0.01, 0.09, 0.09, 0.03, 0.03, 0.03, 0.04, 0.07, 0.03, 0.0, 0.07, 0.0, 0.01, 0.0, 0.07, 0.04, 0.03, 0.03, 0.06, 0.01, 0.08, 0.07, 0.01, 0.09, 0.07, 0.01, 0.02, 0.02, 0.01, 0.01, 0.07, 0.08, 0.04, 0.07, 0.07, 0.05, 0.03, 0.1, 0.07, 0.03, 0.07, 0.07, 0.1, 0.0, 0.01, 0.03, 0.06, 0.07, 0.03, 0.0, 0.01, 0.08, 0.01, 0.09, 0.01, 0.07, 0.07, 0.07, 0.03, 0.01, 0.06, 0.01, 0.0, 0.07, 0.07, 0.05, 0.05, 0.07, 0.04, 0.03, 0.06, 0.1, 0.07, 0.04, 0.03, 0.07, 0.04, 0.1, 0.03, 0.03, 0.07, 0.05, 0.01, 0.05, 0.03, 0.09, 0.06, 0.01, 0.07, 0.0, 0.06, 0.03, 0.03, 0.01, 0.07, 0.07, 0.03, 0.01, 0.1, 0.05, 0.03, 0.05]",0.32999999999999996,
84,Anti-Plurality,BTVA,150,4,"{'D': 120, 'B': 115, 'C': 108, 'A': 107}","[1.0, 0.67, 1.0, 0.58, 0.75, 0.75, 0.58, 0.75, 0.58, 0.42, 0.58, 0.42, 1.0, 1.0, 1.0, 0.75, 1.0, 0.79, 0.58, 1.0, 0.79, 0.75, 0.5, 0.67, 0.88, 0.5, 1.0, 0.88, 0.67, 0.58, 1.0, 1.0, 0.75, 0.46, 1.0, 0.79, 0.67, 0.75, 0.58, 1.0, 0.75, 1.0, 0.88, 1.0, 1.0, 0.79, 0.58, 0.75, 1.0, 0.46, 0.5, 0.75, 1.0, 1.0, 0.5, 0.58, 0.67, 1.0, 1.0, 0.75, 0.75, 0.75, 0.54, 1.0, 0.46, 0.54, 1.0, 0.5, 0.58, 0.58, 1.0, 0.54, 0.58, 0.42, 0.58, 0.75, 0.58, 0.46, 0.58, 1.0, 0.54, 1.0, 0.75, 0.54, 0.88, 0.58, 0.75, 0.58, 1.0, 0.54, 0.88, 0.58, 1.0, 0.58, 0.46, 1.0, 0.5, 0.75, 0.5, 1.0, 0.75, 0.54, 1.0, 1.0, 0.79, 1.0, 0.46, 0.5, 0.79, 0.5, 0.46, 0.54, 0.54, 0.46, 0.88, 1.0, 0.88, 1.0, 0.54, 0.79, 1.0, 0.75, 1.0, 0.75, 1.0, 0.5, 0.54, 0.5, 1.0, 1.0, 1.0, 1.0, 1.0, 0.75, 0.58, 0.67, 0.58, 0.75, 0.75, 1.0, 1.0, 0.42, 1.0, 0.88, 0.58, 0.42, 0.46, 0.75, 0.75, 0.5]",111.28,"[23, 26, 55, 66, 68, 72, 81, 84, 90, 97, 99, 108, 112, 119, 126, 127]","[0.04, 0.05, 0.03, 0.06, 0.02, 0.02, 0.05, 0.04, 0.07, 0.1, 0.05, 0.1, 0.04, 0.04, 0.01, 0.04, 0.01, 0.03, 0.06, 0.04, 0.03, 0.02, 0.09, 0.05, 0.01, 0.09, 0.01, 0.01, 0.05, 0.07, 0.03, 0.01, 0.04, 0.09, 0.01, 0.03, 0.05, 0.04, 0.05, 0.01, 0.02, 0.03, 0.01, 0.03, 0.03, 0.03, 0.05, 0.02, 0.01, 0.09, 0.08, 0.04, 0.03, 0.04, 0.09, 0.07, 0.05, 0.03, 0.03, 0.04, 0.02, 0.02, 0.07, 0.04, 0.09, 0.07, 0.0, 0.09, 0.07, 0.05, 0.03, 0.07, 0.07, 0.1, 0.06, 0.04, 0.06, 0.09, 0.06, 0.0, 0.07, 0.01, 0.02, 0.07, 0.01, 0.06, 0.04, 0.07, 0.03, 0.07, 0.01, 0.07, 0.01, 0.07, 0.09, 0.03, 0.09, 0.02, 0.09, 0.01, 0.03, 0.07, 0.03, 0.03, 0.03, 0.01, 0.09, 0.09, 0.03, 0.08, 0.09, 0.07, 0.07, 0.09, 0.01, 0.01, 0.01, 0.01, 0.07, 0.03, 0.03, 0.02, 0.03, 0.03, 0.0, 0.09, 0.07, 0.08, 0.0, 0.0, 0.0, 0.0, 0.04, 0.04, 0.06, 0.05, 0.06, 0.02, 0.02, 0.01, 0.03, 0.1, 0.03, 0.01, 0.07, 0.1, 0.09, 0.03, 0.03, 0.08]",0.040000000000000036,
85,Anti-Plurality,BTVA,150,4,"{'A': 120, 'C': 116, 'B': 111, 'D': 103}","[0.46, 1.0, 0.75, 0.75, 0.58, 0.58, 1.0, 0.75, 0.88, 0.75, 0.75, 0.75, 1.0, 0.58, 0.58, 0.54, 0.58, 0.54, 0.75, 0.42, 0.75, 0.75, 1.0, 0.75, 0.75, 0.88, 1.0, 0.58, 0.75, 1.0, 0.79, 1.0, 0.75, 0.46, 0.88, 0.58, 0.75, 0.5, 1.0, 0.58, 0.75, 0.75, 0.79, 0.58, 0.58, 1.0, 0.42, 1.0, 0.75, 0.46, 0.58, 0.58, 0.5, 0.75, 0.67, 0.67, 0.46, 1.0, 0.79, 0.58, 0.75, 0.58, 0.75, 0.75, 0.58, 0.58, 0.42, 0.5, 0.58, 0.46, 1.0, 0.54, 0.58, 0.58, 1.0, 0.58, 1.0, 0.58, 0.88, 0.54, 0.54, 0.88, 1.0, 0.46, 0.75, 1.0, 0.75, 0.75, 0.58, 0.5, 0.79, 0.79, 0.75, 0.58, 0.46, 0.79, 0.67, 0.54, 0.67, 0.46, 0.58, 0.58, 0.58, 0.58, 0.75, 0.58, 0.88, 0.42, 1.0, 1.0, 1.0, 0.58, 0.58, 0.42, 0.75, 0.88, 0.58, 0.46, 0.5, 0.46, 1.0, 0.75, 0.54, 1.0, 0.75, 0.5, 0.58, 1.0, 0.54, 0.46, 0.79, 0.58, 0.67, 0.75, 0.5, 1.0, 0.79, 0.5, 0.42, 0.79, 0.58, 1.0, 1.0, 1.0, 0.5, 0.42, 1.0, 0.5, 0.88, 0.5]",104.53999999999999,[],"[0.09, 0.01, 0.04, 0.03, 0.06, 0.07, 0.0, 0.03, 0.01, 0.04, 0.04, 0.03, 0.01, 0.07, 0.07, 0.07, 0.05, 0.07, 0.03, 0.1, 0.04, 0.03, 0.03, 0.02, 0.03, 0.01, 0.04, 0.07, 0.03, 0.01, 0.03, 0.0, 0.02, 0.09, 0.01, 0.05, 0.04, 0.09, 0.03, 0.05, 0.03, 0.03, 0.03, 0.06, 0.06, 0.01, 0.1, 0.0, 0.02, 0.09, 0.07, 0.07, 0.08, 0.03, 0.05, 0.05, 0.09, 0.03, 0.03, 0.05, 0.02, 0.07, 0.03, 0.04, 0.05, 0.07, 0.1, 0.09, 0.06, 0.09, 0.04, 0.07, 0.05, 0.06, 0.01, 0.07, 0.01, 0.05, 0.01, 0.07, 0.07, 0.01, 0.01, 0.09, 0.02, 0.01, 0.02, 0.02, 0.06, 0.09, 0.03, 0.03, 0.04, 0.05, 0.09, 0.03, 0.05, 0.07, 0.05, 0.09, 0.07, 0.06, 0.07, 0.07, 0.02, 0.06, 0.01, 0.1, 0.01, 0.03, 0.04, 0.05, 0.07, 0.1, 0.03, 0.01, 0.07, 0.09, 0.08, 0.09, 0.01, 0.04, 0.07, 0.03, 0.04, 0.08, 0.06, 0.01, 0.07, 0.09, 0.03, 0.06, 0.05, 0.04, 0.08, 0.01, 0.03, 0.08, 0.1, 0.03, 0.07, 0.03, 0.04, 0.03, 0.08, 0.1, 0.01, 0.08, 0.01, 0.09]",0,
86,Anti-Plurality,BTVA,150,4,"{'B': 123, 'D': 115, 'A': 106, 'C': 106}","[0.5, 0.46, 1.0, 0.75, 0.5, 1.0, 1.0, 0.67, 1.0, 1.0, 0.79, 0.75, 0.75, 0.58, 0.46, 0.67, 1.0, 0.58, 0.75, 0.75, 1.0, 0.58, 1.0, 0.54, 0.42, 1.0, 0.58, 0.88, 0.46, 0.58, 0.46, 1.0, 0.75, 0.75, 0.58, 1.0, 0.67, 0.42, 0.75, 0.75, 0.67, 0.75, 1.0, 0.58, 0.46, 1.0, 0.58, 0.79, 0.75, 0.46, 0.79, 0.42, 0.58, 1.0, 0.58, 0.5, 1.0, 0.75, 0.79, 0.88, 0.42, 1.0, 1.0, 1.0, 0.42, 0.58, 0.88, 0.5, 1.0, 0.5, 0.67, 0.75, 0.58, 0.58, 0.58, 0.75, 0.75, 0.42, 0.54, 0.46, 0.75, 1.0, 1.0, 1.0, 0.46, 0.75, 0.46, 1.0, 1.0, 1.0, 1.0, 0.46, 0.58, 0.75, 0.79, 0.46, 0.75, 0.5, 0.58, 0.88, 0.75, 0.58, 0.58, 1.0, 0.5, 0.58, 0.54, 0.75, 0.75, 0.67, 1.0, 0.67, 0.46, 1.0, 0.75, 0.5, 1.0, 0.42, 0.75, 1.0, 0.58, 1.0, 0.67, 0.75, 0.75, 0.67, 1.0, 0.58, 0.75, 0.5, 0.67, 0.5, 1.0, 1.0, 1.0, 1.0, 0.67, 0.46, 0.67, 0.58, 0.5, 0.75, 0.46, 0.67, 0.75, 0.54, 0.75, 0.58, 0.75, 0.58]",107.38999999999999,"[5, 68, 105, 132, 141, 146]","[0.08, 0.09, 0.01, 0.04, 0.09, 0.01, 0.03, 0.05, 0.03, 0.03, 0.03, 0.02, 0.04, 0.06, 0.09, 0.05, 0.01, 0.06, 0.04, 0.03, 0.03, 0.07, 0.01, 0.07, 0.1, 0.03, 0.07, 0.01, 0.09, 0.07, 0.09, 0.03, 0.02, 0.02, 0.07, 0.03, 0.05, 0.1, 0.03, 0.04, 0.05, 0.03, 0.01, 0.07, 0.09, 0.04, 0.06, 0.03, 0.03, 0.09, 0.03, 0.1, 0.06, 0.04, 0.07, 0.08, 0.03, 0.04, 0.03, 0.01, 0.1, 0.04, 0.0, 0.01, 0.1, 0.06, 0.01, 0.09, 0.01, 0.08, 0.05, 0.03, 0.05, 0.07, 0.07, 0.04, 0.03, 0.1, 0.07, 0.09, 0.02, 0.04, 0.03, 0.04, 0.09, 0.04, 0.09, 0.03, 0.0, 0.04, 0.01, 0.09, 0.05, 0.04, 0.03, 0.09, 0.03, 0.08, 0.06, 0.01, 0.02, 0.07, 0.07, 0.03, 0.09, 0.07, 0.07, 0.02, 0.02, 0.05, 0.03, 0.05, 0.09, 0.01, 0.03, 0.08, 0.01, 0.1, 0.03, 0.0, 0.06, 0.01, 0.05, 0.02, 0.04, 0.05, 0.01, 0.05, 0.04, 0.08, 0.05, 0.09, 0.0, 0.0, 0.03, 0.0, 0.05, 0.09, 0.05, 0.05, 0.09, 0.03, 0.09, 0.05, 0.04, 0.07, 0.04, 0.07, 0.04, 0.07]",0.040000000000000036,
87,Anti-Plurality,BTVA,150,4,"{'D': 119, 'A': 112, 'C': 112, 'B': 107}","[1.0, 0.58, 1.0, 0.58, 0.58, 0.54, 0.75, 1.0, 1.0, 0.88, 1.0, 1.0, 0.75, 0.42, 0.75, 0.75, 0.67, 0.5, 0.67, 0.58, 0.67, 0.58, 0.54, 0.67, 0.88, 0.58, 1.0, 0.42, 0.75, 0.5, 1.0, 0.5, 0.46, 0.79, 0.58, 0.5, 0.79, 0.54, 0.79, 1.0, 1.0, 0.58, 0.5, 0.46, 1.0, 1.0, 0.88, 0.54, 0.58, 0.67, 0.58, 0.42, 1.0, 1.0, 0.88, 0.58, 0.46, 1.0, 0.88, 0.54, 0.75, 0.58, 0.75, 1.0, 0.46, 1.0, 0.75, 0.75, 0.58, 1.0, 0.5, 0.5, 0.58, 0.54, 0.88, 0.5, 0.42, 0.5, 0.75, 0.75, 0.58, 0.46, 0.67, 0.46, 0.5, 0.5, 0.79, 1.0, 0.79, 0.5, 0.58, 0.75, 0.5, 0.54, 0.67, 1.0, 0.54, 1.0, 0.58, 0.58, 0.5, 1.0, 0.42, 1.0, 0.5, 1.0, 0.88, 0.67, 1.0, 0.88, 0.58, 0.75, 0.75, 1.0, 1.0, 0.75, 1.0, 0.75, 1.0, 0.54, 0.54, 0.58, 0.75, 0.46, 0.46, 1.0, 1.0, 0.46, 1.0, 0.88, 1.0, 0.58, 0.5, 0.75, 1.0, 0.42, 1.0, 1.0, 0.58, 0.79, 0.5, 0.79, 0.58, 0.75, 0.58, 0.75, 0.46, 0.46, 0.54, 0.88]",106.63,"[14, 28, 44, 52, 57, 67, 77, 80, 82, 92, 103, 112, 128, 136, 148]","[0.0, 0.07, 0.03, 0.06, 0.05, 0.07, 0.04, 0.0, 0.0, 0.01, 0.03, 0.01, 0.02, 0.1, 0.02, 0.02, 0.05, 0.08, 0.05, 0.07, 0.05, 0.05, 0.07, 0.05, 0.01, 0.05, 0.0, 0.1, 0.02, 0.09, 0.01, 0.08, 0.09, 0.03, 0.06, 0.08, 0.03, 0.07, 0.03, 0.04, 0.01, 0.06, 0.08, 0.09, 0.03, 0.01, 0.01, 0.07, 0.07, 0.05, 0.05, 0.1, 0.01, 0.03, 0.01, 0.05, 0.09, 0.01, 0.01, 0.07, 0.04, 0.06, 0.04, 0.03, 0.09, 0.04, 0.03, 0.02, 0.07, 0.03, 0.08, 0.09, 0.07, 0.07, 0.01, 0.09, 0.1, 0.08, 0.02, 0.03, 0.06, 0.09, 0.05, 0.09, 0.08, 0.08, 0.03, 0.01, 0.03, 0.08, 0.05, 0.03, 0.09, 0.07, 0.05, 0.01, 0.07, 0.03, 0.05, 0.07, 0.08, 0.03, 0.1, 0.0, 0.09, 0.03, 0.01, 0.05, 0.0, 0.01, 0.07, 0.03, 0.02, 0.01, 0.01, 0.04, 0.03, 0.04, 0.01, 0.07, 0.07, 0.06, 0.04, 0.09, 0.09, 0.0, 0.01, 0.09, 0.01, 0.01, 0.03, 0.07, 0.09, 0.02, 0.03, 0.1, 0.03, 0.0, 0.07, 0.03, 0.09, 0.03, 0.07, 0.04, 0.07, 0.02, 0.09, 0.09, 0.07, 0.01]",0.13,
88,Anti-Plurality,BTVA,150,4,"{'B': 117, 'D': 117, 'A': 112, 'C': 104}","[1.0, 0.54, 0.54, 0.46, 0.75, 0.75, 0.79, 0.46, 0.75, 0.54, 0.54, 0.58, 0.58, 0.46, 1.0, 0.75, 0.75, 1.0, 1.0, 0.5, 1.0, 0.58, 0.54, 1.0, 0.75, 0.54, 0.88, 1.0, 1.0, 1.0, 0.58, 0.58, 1.0, 0.67, 1.0, 1.0, 0.58, 0.5, 0.75, 0.67, 0.42, 0.75, 0.46, 0.79, 1.0, 0.54, 1.0, 0.75, 1.0, 0.75, 0.67, 0.75, 0.54, 0.88, 0.88, 1.0, 1.0, 0.58, 0.46, 0.54, 0.58, 1.0, 1.0, 1.0, 0.46, 0.58, 0.46, 1.0, 1.0, 1.0, 0.75, 0.58, 0.75, 1.0, 1.0, 0.58, 0.46, 0.5, 0.88, 1.0, 0.75, 0.75, 0.58, 0.67, 0.54, 0.5, 0.46, 0.88, 0.58, 0.58, 0.46, 0.75, 1.0, 0.75, 1.0, 0.58, 0.75, 1.0, 0.58, 0.58, 1.0, 0.58, 1.0, 0.42, 1.0, 0.58, 0.58, 0.75, 0.88, 0.58, 0.58, 1.0, 1.0, 0.58, 1.0, 0.88, 0.46, 0.5, 0.42, 0.58, 1.0, 0.79, 0.54, 0.75, 0.5, 0.42, 0.46, 0.58, 0.5, 0.58, 0.54, 1.0, 0.58, 0.75, 0.75, 0.88, 0.5, 0.67, 0.75, 0.54, 0.58, 0.58, 0.75, 0.75, 1.0, 0.58, 0.75, 1.0, 1.0, 0.75]",108.63,"[7, 34, 40, 44, 51, 84, 122, 138]","[0.03, 0.07, 0.07, 0.09, 0.02, 0.03, 0.03, 0.09, 0.03, 0.07, 0.07, 0.06, 0.06, 0.09, 0.04, 0.02, 0.02, 0.01, 0.03, 0.09, 0.01, 0.06, 0.07, 0.01, 0.02, 0.07, 0.01, 0.0, 0.01, 0.03, 0.06, 0.07, 0.01, 0.05, 0.01, 0.01, 0.07, 0.09, 0.03, 0.05, 0.1, 0.03, 0.09, 0.03, 0.03, 0.07, 0.01, 0.04, 0.03, 0.03, 0.05, 0.02, 0.07, 0.01, 0.01, 0.03, 0.03, 0.06, 0.09, 0.07, 0.06, 0.01, 0.03, 0.03, 0.09, 0.05, 0.09, 0.0, 0.01, 0.01, 0.03, 0.07, 0.02, 0.03, 0.01, 0.06, 0.09, 0.08, 0.01, 0.0, 0.03, 0.03, 0.06, 0.05, 0.07, 0.09, 0.09, 0.01, 0.05, 0.05, 0.09, 0.02, 0.03, 0.04, 0.0, 0.06, 0.03, 0.01, 0.05, 0.05, 0.0, 0.06, 0.0, 0.1, 0.03, 0.06, 0.07, 0.03, 0.01, 0.06, 0.06, 0.03, 0.03, 0.07, 0.04, 0.01, 0.09, 0.08, 0.1, 0.07, 0.01, 0.03, 0.07, 0.03, 0.09, 0.1, 0.09, 0.07, 0.09, 0.07, 0.07, 0.03, 0.06, 0.04, 0.03, 0.01, 0.08, 0.05, 0.03, 0.07, 0.06, 0.06, 0.04, 0.03, 0.0, 0.05, 0.03, 0.04, 0.01, 0.02]",0.32999999999999996,
89,Anti-Plurality,BTVA,150,4,"{'D': 120, 'B': 117, 'C': 111, 'A': 102}","[0.54, 0.58, 1.0, 0.5, 1.0, 1.0, 0.42, 0.75, 0.67, 0.58, 0.58, 0.5, 1.0, 0.58, 1.0, 0.67, 0.75, 0.88, 0.58, 0.75, 0.58, 1.0, 1.0, 1.0, 0.46, 1.0, 0.58, 1.0, 0.75, 1.0, 1.0, 0.5, 0.75, 0.79, 0.5, 0.67, 0.79, 0.88, 0.75, 0.58, 0.88, 1.0, 1.0, 1.0, 0.46, 0.46, 1.0, 0.79, 0.75, 0.58, 1.0, 0.54, 0.54, 1.0, 0.75, 0.58, 0.88, 0.79, 0.67, 0.75, 0.58, 0.58, 0.88, 0.58, 0.75, 0.58, 0.75, 0.58, 0.79, 1.0, 0.54, 0.58, 1.0, 0.42, 0.5, 0.58, 1.0, 0.46, 1.0, 0.58, 0.75, 1.0, 1.0, 0.58, 0.75, 0.58, 0.67, 0.58, 0.5, 0.79, 0.88, 0.54, 0.5, 0.75, 0.54, 1.0, 1.0, 0.75, 1.0, 0.5, 0.42, 1.0, 0.79, 0.54, 0.46, 1.0, 1.0, 0.75, 1.0, 0.58, 0.58, 0.79, 0.58, 0.46, 0.42, 0.75, 1.0, 0.67, 0.5, 1.0, 0.54, 0.46, 0.88, 0.5, 0.88, 1.0, 0.75, 1.0, 0.75, 1.0, 1.0, 0.75, 0.58, 1.0, 1.0, 0.75, 0.75, 0.67, 0.54, 0.54, 0.58, 0.75, 0.58, 0.58, 0.54, 0.58, 0.75, 0.75, 0.5, 0.58]",109.53999999999999,[],"[0.07, 0.05, 0.03, 0.09, 0.03, 0.01, 0.1, 0.04, 0.05, 0.07, 0.07, 0.09, 0.0, 0.07, 0.01, 0.05, 0.03, 0.01, 0.07, 0.02, 0.06, 0.03, 0.0, 0.03, 0.09, 0.0, 0.06, 0.03, 0.03, 0.01, 0.04, 0.09, 0.04, 0.03, 0.09, 0.05, 0.03, 0.01, 0.03, 0.07, 0.01, 0.01, 0.01, 0.01, 0.09, 0.09, 0.0, 0.03, 0.03, 0.05, 0.03, 0.07, 0.07, 0.0, 0.03, 0.06, 0.01, 0.03, 0.05, 0.04, 0.05, 0.06, 0.01, 0.05, 0.03, 0.05, 0.03, 0.06, 0.03, 0.04, 0.07, 0.05, 0.01, 0.1, 0.09, 0.05, 0.03, 0.09, 0.04, 0.07, 0.04, 0.03, 0.03, 0.07, 0.02, 0.07, 0.05, 0.06, 0.08, 0.03, 0.01, 0.07, 0.08, 0.03, 0.07, 0.03, 0.0, 0.04, 0.03, 0.08, 0.1, 0.03, 0.03, 0.07, 0.09, 0.03, 0.01, 0.03, 0.01, 0.07, 0.05, 0.03, 0.05, 0.09, 0.1, 0.02, 0.0, 0.05, 0.09, 0.01, 0.07, 0.09, 0.01, 0.08, 0.01, 0.03, 0.02, 0.01, 0.04, 0.0, 0.03, 0.04, 0.07, 0.03, 0.03, 0.03, 0.02, 0.05, 0.07, 0.07, 0.06, 0.02, 0.06, 0.07, 0.07, 0.07, 0.04, 0.04, 0.09, 0.06]",0,
90,Anti-Plurality,ATVA_1,150,4,"{'B': 119, 'A': 115, 'C': 113, 'D': 103}","[0.75, 1.0, 0.58, 0.5, 0.75, 0.75, 0.58, 0.75, 0.58, 0.42, 0.5, 0.58, 0.75, 1.0, 1.0, 0.67, 0.79, 0.75, 0.58, 0.79, 0.5, 0.46, 0.75, 0.46, 0.54, 0.79, 0.79, 0.79, 0.42, 1.0, 0.79, 0.75, 0.58, 1.0, 0.79, 0.58, 0.75, 0.58, 0.5, 0.75, 0.79, 1.0, 0.88, 0.54, 0.75, 1.0, 0.88, 0.58, 0.42, 0.67, 1.0, 0.58, 1.0, 0.75, 0.58, 0.46, 1.0, 0.88, 1.0, 1.0, 0.75, 0.5, 0.58, 0.88, 0.54, 1.0, 0.5, 1.0, 0.58, 0.46, 0.54, 0.75, 1.0, 0.5, 0.58, 0.54, 0.79, 0.58, 0.58, 0.46, 0.75, 1.0, 0.67, 0.5, 0.75, 0.58, 0.58, 0.54, 1.0, 0.88, 1.0, 0.54, 0.67, 0.46, 1.0, 0.75, 0.46, 1.0, 0.88, 1.0, 0.58, 0.75, 1.0, 0.54, 0.42, 0.75, 1.0, 1.0, 0.75, 0.58, 0.58, 0.58, 1.0, 1.0, 1.0, 0.75, 0.46, 0.46, 1.0, 0.75, 0.58, 1.0, 0.5, 0.58, 0.58, 0.58, 0.46, 0.75, 0.58, 0.58, 1.0, 0.79, 0.58, 0.58, 0.42, 1.0, 1.0, 0.75, 0.54, 0.79, 1.0, 1.0, 0.75, 0.75, 0.58, 0.75, 0.46, 1.0, 0.46, 0.5]",107.36,[],"[0.03, 0.01, 0.07, 0.09, 0.03, 0.03, 0.07, 0.03, 0.07, 0.1, 0.08, 0.06, 0.04, 0.03, 0.03, 0.05, 0.03, 0.04, 0.07, 0.03, 0.09, 0.09, 0.02, 0.09, 0.07, 0.03, 0.03, 0.03, 0.1, 0.01, 0.03, 0.03, 0.07, 0.03, 0.03, 0.07, 0.03, 0.06, 0.09, 0.03, 0.03, 0.0, 0.01, 0.07, 0.04, 0.01, 0.01, 0.06, 0.1, 0.05, 0.03, 0.06, 0.04, 0.04, 0.07, 0.09, 0.04, 0.01, 0.03, 0.04, 0.04, 0.08, 0.06, 0.01, 0.07, 0.03, 0.08, 0.03, 0.07, 0.09, 0.07, 0.02, 0.01, 0.08, 0.05, 0.07, 0.03, 0.07, 0.07, 0.09, 0.02, 0.03, 0.05, 0.09, 0.04, 0.06, 0.05, 0.07, 0.03, 0.01, 0.0, 0.07, 0.05, 0.09, 0.0, 0.03, 0.09, 0.01, 0.01, 0.03, 0.05, 0.02, 0.01, 0.07, 0.1, 0.03, 0.04, 0.01, 0.04, 0.06, 0.07, 0.07, 0.01, 0.03, 0.03, 0.03, 0.09, 0.09, 0.04, 0.02, 0.07, 0.03, 0.08, 0.06, 0.07, 0.07, 0.09, 0.04, 0.07, 0.05, 0.03, 0.03, 0.07, 0.05, 0.1, 0.03, 0.03, 0.02, 0.07, 0.03, 0.04, 0.01, 0.04, 0.03, 0.06, 0.04, 0.09, 0.04, 0.09, 0.09]",0,
91,Anti-Plurality,ATVA_1,150,4,"{'A': 120, 'C': 113, 'D': 111, 'B': 106}","[1.0, 0.75, 0.88, 0.5, 0.75, 0.58, 1.0, 0.67, 0.54, 0.46, 0.58, 1.0, 0.75, 0.58, 1.0, 0.75, 0.79, 0.88, 1.0, 0.58, 1.0, 0.42, 0.58, 1.0, 0.5, 0.5, 0.58, 0.58, 0.58, 0.46, 0.54, 0.54, 1.0, 1.0, 0.5, 0.75, 1.0, 0.75, 0.46, 0.88, 1.0, 0.79, 1.0, 1.0, 1.0, 0.54, 0.54, 0.58, 1.0, 1.0, 0.75, 0.79, 0.54, 0.54, 1.0, 0.88, 0.67, 0.5, 0.75, 0.88, 0.54, 0.58, 0.75, 0.54, 0.88, 0.46, 1.0, 0.54, 0.75, 0.46, 0.75, 0.46, 0.5, 0.79, 0.46, 0.58, 0.58, 0.54, 1.0, 0.42, 1.0, 0.58, 1.0, 0.5, 0.58, 0.58, 0.58, 0.46, 0.79, 0.46, 0.58, 0.75, 0.58, 0.67, 1.0, 1.0, 0.75, 0.46, 1.0, 1.0, 0.88, 0.5, 1.0, 0.88, 0.58, 1.0, 0.58, 0.58, 0.54, 0.58, 0.67, 0.58, 0.67, 1.0, 1.0, 1.0, 0.46, 1.0, 0.75, 0.54, 1.0, 0.58, 0.58, 1.0, 0.5, 0.46, 0.58, 0.75, 0.67, 0.42, 0.58, 0.75, 1.0, 0.75, 0.79, 0.58, 0.58, 1.0, 1.0, 1.0, 0.75, 1.0, 0.58, 1.0, 0.5, 1.0, 0.58, 1.0, 1.0, 0.58]",108.66,[],"[0.0, 0.02, 0.01, 0.09, 0.02, 0.07, 0.03, 0.05, 0.07, 0.09, 0.06, 0.01, 0.04, 0.05, 0.03, 0.02, 0.03, 0.01, 0.03, 0.05, 0.0, 0.1, 0.06, 0.01, 0.09, 0.08, 0.06, 0.07, 0.05, 0.09, 0.07, 0.07, 0.0, 0.0, 0.08, 0.04, 0.03, 0.02, 0.09, 0.01, 0.04, 0.03, 0.0, 0.03, 0.01, 0.07, 0.07, 0.07, 0.01, 0.03, 0.04, 0.03, 0.07, 0.07, 0.03, 0.01, 0.05, 0.09, 0.04, 0.01, 0.07, 0.05, 0.03, 0.07, 0.01, 0.09, 0.03, 0.07, 0.04, 0.09, 0.03, 0.09, 0.09, 0.03, 0.09, 0.07, 0.07, 0.07, 0.03, 0.1, 0.0, 0.05, 0.03, 0.08, 0.06, 0.07, 0.06, 0.09, 0.03, 0.09, 0.07, 0.03, 0.05, 0.05, 0.01, 0.0, 0.03, 0.09, 0.01, 0.01, 0.01, 0.09, 0.0, 0.01, 0.07, 0.01, 0.06, 0.05, 0.07, 0.06, 0.05, 0.06, 0.05, 0.04, 0.04, 0.03, 0.09, 0.01, 0.03, 0.07, 0.0, 0.05, 0.05, 0.03, 0.08, 0.09, 0.07, 0.02, 0.05, 0.1, 0.06, 0.02, 0.01, 0.04, 0.03, 0.07, 0.06, 0.04, 0.03, 0.0, 0.03, 0.0, 0.07, 0.03, 0.09, 0.01, 0.06, 0.01, 0.03, 0.06]",0,
92,Anti-Plurality,ATVA_1,150,4,"{'C': 116, 'A': 115, 'B': 110, 'D': 109}","[1.0, 1.0, 1.0, 0.79, 0.54, 0.58, 1.0, 1.0, 0.58, 0.58, 0.42, 0.79, 1.0, 0.46, 0.5, 1.0, 1.0, 0.58, 0.88, 0.54, 0.54, 0.75, 0.67, 0.75, 0.58, 0.5, 0.75, 0.54, 0.46, 0.67, 0.79, 0.88, 0.5, 0.75, 0.46, 0.58, 0.58, 0.58, 0.67, 0.75, 0.58, 1.0, 0.75, 0.54, 0.58, 0.75, 0.46, 1.0, 0.5, 0.5, 0.5, 0.67, 1.0, 1.0, 1.0, 1.0, 0.58, 0.54, 0.54, 0.75, 0.54, 1.0, 0.75, 0.79, 1.0, 0.54, 0.67, 0.58, 0.54, 0.88, 0.46, 0.88, 0.58, 0.42, 0.5, 0.5, 1.0, 1.0, 0.58, 0.58, 0.58, 0.58, 0.5, 0.58, 0.75, 0.5, 0.5, 0.54, 0.79, 0.58, 0.54, 0.75, 0.58, 0.75, 0.54, 0.58, 0.88, 0.75, 0.58, 0.58, 1.0, 0.79, 0.46, 0.75, 0.54, 0.58, 0.46, 1.0, 0.75, 0.88, 0.58, 1.0, 0.79, 1.0, 1.0, 0.58, 0.58, 0.58, 0.67, 0.79, 0.5, 0.79, 1.0, 0.58, 1.0, 0.58, 0.58, 0.46, 1.0, 0.5, 0.46, 0.58, 0.5, 1.0, 0.75, 0.75, 0.75, 1.0, 1.0, 0.75, 0.75, 0.58, 0.75, 0.75, 0.58, 0.5, 1.0, 1.0, 0.75, 0.58]",105.0,"[4, 12, 23, 30, 31, 39, 52, 64, 67, 89, 102, 113, 119, 120, 122]","[0.03, 0.01, 0.0, 0.03, 0.07, 0.07, 0.01, 0.01, 0.07, 0.07, 0.1, 0.03, 0.0, 0.09, 0.09, 0.01, 0.01, 0.07, 0.01, 0.07, 0.07, 0.02, 0.05, 0.02, 0.07, 0.09, 0.02, 0.07, 0.09, 0.05, 0.03, 0.01, 0.08, 0.04, 0.09, 0.05, 0.07, 0.06, 0.05, 0.02, 0.06, 0.03, 0.04, 0.07, 0.06, 0.03, 0.09, 0.03, 0.08, 0.08, 0.09, 0.05, 0.01, 0.01, 0.01, 0.04, 0.06, 0.07, 0.07, 0.03, 0.07, 0.03, 0.03, 0.03, 0.0, 0.07, 0.05, 0.06, 0.07, 0.01, 0.09, 0.01, 0.06, 0.1, 0.08, 0.08, 0.03, 0.0, 0.06, 0.05, 0.07, 0.07, 0.09, 0.06, 0.03, 0.08, 0.08, 0.07, 0.03, 0.06, 0.07, 0.02, 0.07, 0.04, 0.07, 0.06, 0.01, 0.03, 0.07, 0.07, 0.03, 0.03, 0.09, 0.04, 0.07, 0.05, 0.09, 0.03, 0.04, 0.01, 0.06, 0.01, 0.03, 0.01, 0.04, 0.06, 0.07, 0.05, 0.05, 0.03, 0.09, 0.03, 0.03, 0.05, 0.03, 0.07, 0.06, 0.09, 0.01, 0.09, 0.09, 0.06, 0.09, 0.04, 0.04, 0.02, 0.02, 0.01, 0.0, 0.03, 0.04, 0.05, 0.04, 0.04, 0.05, 0.08, 0.04, 0.0, 0.04, 0.07]",0.32999999999999996,"[(4, 119), (72, 137), (12, 132), (23, 132), (24, 97), (4, 128), (32, 110), (64, 133), (4, 137), (92, 97), (19, 103), (27, 116), (110, 132), (39, 90), (102, 128), (19, 121), (30, 121), (32, 92), (102, 137), (22, 28), (19, 130), (30, 130), (32, 69), (39, 117), (12, 100), (23, 100), (31, 113), (122, 133), (24, 74), (31, 122), (4, 105), (24, 83), (64, 119), (72, 132), (12, 127), (23, 127), (24, 92), (64, 128), (64, 137), (22, 131), (40, 45), (27, 93), (113, 133), (92, 110), (27, 102), (110, 127), (31, 72), (27, 120), (19, 116), (30, 116), (110, 136), (102, 132), (22, 23), (31, 90), (39, 103), (22, 32), (32, 64), (52, 131), (122, 128), (24, 69), (4, 100), (12, 113), (23, 113), (72, 127), (72, 136), (64, 132), (22, 126), (31, 97), (27, 79), (113, 119), (40, 58), (72, 97), (113, 128), (19, 84), (30, 84), (27, 97), (113, 137), (19, 93), (30, 93), (110, 113), (39, 71), (19, 102), (30, 102), (31, 67), (110, 122), (110, 131), (39, 89), (12, 72), (19, 120), (23, 72), (30, 120), (102, 127), (22, 27), (102, 136), (12, 90), (23, 90), (31, 103), (52, 126), (24, 64), (64, 100), (72, 113), (72, 122), (72, 131), (64, 127), (22, 121), (120, 126), (64, 136), (22, 130), (97, 133), (27, 74), (27, 83), (19, 79), (30, 79), (27, 92), (113, 132), (39, 66), (19, 97), (30, 97), (27, 110), (102, 113), (12, 58), (23, 58), (31, 71), (110, 117), (39, 84), (12, 67), (23, 67), (24, 32), (32, 45), (102, 122), (102, 131), (31, 89), (4, 72), (72, 90), (52, 121), (72, 128), (52, 130), (4, 90), (32, 72), (72, 117), (64, 113), (72, 126), (64, 122), (22, 116), (12, 105), (64, 131), (120, 121), (97, 128), (120, 130), (97, 137), (67, 133), (89, 133), (27, 69), (19, 74), (30, 74), (113, 127), (39, 52), (19, 83), (30, 83), (113, 136), (19, 92), (30, 92), (39, 70), (110, 121), (31, 66), (39, 79), (40, 133), (24, 27), (102, 117), (4, 58), (32, 40), (12, 71), (23, 71), (31, 84), (4, 67), (102, 126), (52, 116), (24, 45), (32, 58), (23, 89), (64, 90), (72, 103), (22, 93), (22, 102), (64, 117), (22, 120), (67, 119), (89, 119), (97, 132), (67, 128), (89, 128), (67, 137), (27, 64), (89, 137), (70, 133), (19, 69), (30, 69), (113, 122), (39, 47), (40, 110), (12, 39), (23, 39), (31, 52), (40, 119), (102, 103), (40, 128), (22, 51), (52, 93), (31, 70), (40, 137), (12, 66), (23, 66), (24, 31), (52, 102), (64, 67), (24, 40), (4, 71), (72, 89), (52, 120), (22, 79), (64, 103), (22, 97), (67, 105), (97, 127), (70, 110), (97, 136), (70, 119), (67, 132), (89, 132), (70, 128), (70, 137), (19, 64), (30, 64), (113, 117), (39, 51), (40, 105), (31, 47), (4, 30), (52, 79), (4, 39), (12, 52), (23, 52), (40, 132), (52, 97), (24, 26), (32, 39), (64, 71), (4, 66), (72, 84), (72, 93), (22, 74), (64, 89), (22, 83), (22, 92), (32, 133), (67, 100), (22, 110), (89, 100), (97, 113), (97, 122), (70, 105), (19, 32), (27, 45), (97, 131), (67, 127), (89, 127), (119, 128), (67, 136), (89, 136), (119, 137), (70, 132), (27, 72), (12, 20), (40, 100), (110, 126), (52, 74), (31, 51), (12, 47), (23, 47), (52, 83), (40, 127), (52, 92), (4, 52), (24, 30), (64, 66), (72, 79), (52, 110), (22, 69), (31, 136), (64, 84), (32, 119), (32, 128), (32, 137), (27, 31), (24, 133), (70, 100), (19, 27), (67, 113), (27, 40), (89, 113), (97, 117), (97, 126), (67, 122), (89, 122), (19, 45), (30, 45), (27, 58), (119, 132), (70, 127), (12, 15), (4, 11), (92, 133), (12, 24), (23, 24), (4, 20), (52, 69), (40, 113), (40, 122), (4, 47), (39, 126), (72, 74), (64, 70), (22, 64), (31, 131), (64, 79), (32, 105), (67, 72), (12, 136), (23, 136), (4, 132), (24, 110), (67, 90), (89, 90), (24, 119), (97, 103), (32, 132), (24, 128), (19, 22), (24, 137), (19, 31), (30, 31), (89, 117), (70, 113), (19, 40), (30, 40), (119, 127), (40, 72), (70, 122), (119, 136), (92, 119), (30, 58), (40, 90), (12, 19), (92, 128), (31, 32), (4, 15), (92, 137), (12, 28), (23, 28), (52, 64), (4, 24), (39, 121), (31, 117), (122, 137), (39, 130), (31, 126), (12, 122), (23, 122), (32, 100), (12, 131), (23, 131), (4, 127), (24, 105), (70, 72), (4, 136), (32, 127), (70, 90), (32, 136), (67, 103), (27, 30), (24, 132), (89, 103), (19, 26), (27, 39), (119, 122), (40, 67), (92, 105), (119, 131), (12, 14), (92, 132), (12, 23), (4, 19), (40, 103), (27, 133), (4, 28), (39, 116), (22, 45), (122, 132), (31, 121), (12, 117), (23, 117), (31, 130), (4, 113), (23, 126), (12, 126), (22, 72), (4, 122), (67, 71), (24, 100), (4, 131), (32, 113), (32, 122), (67, 89), (24, 127), (19, 30), (92, 100), (119, 126), (40, 71), (4, 5), (40, 89), (92, 127), (27, 119), (4, 14), (27, 128), (39, 93), (52, 72), (27, 137), (39, 102), (22, 31), (19, 133), (30, 133), (22, 40), (122, 127), (39, 120), (12, 103), (23, 103), (31, 116), (122, 136), (22, 58), (32, 90), (12, 121), (23, 121), (4, 117), (12, 130), (23, 130), (4, 126), (70, 71), (32, 117), (67, 84), (24, 113), (70, 89), (40, 66), (92, 113), (27, 105), (92, 122), (4, 9), (19, 110), (30, 110), (52, 58), (110, 130), (19, 119), (30, 119), (27, 132), (39, 97), (22, 26), (19, 128), (30, 128), (31, 93), (12, 89), (19, 137), (30, 137), (31, 102), (32, 67), (122, 131), (24, 72), (31, 120), (4, 103), (72, 121), (12, 116), (23, 116), (72, 130), (24, 90), (64, 126), (4, 121), (32, 103), (67, 70), (4, 130), (40, 52), (113, 131), (40, 70), (27, 100), (110, 116), (39, 74), (19, 105), (30, 105), (39, 83), (102, 121), (31, 79), (27, 127), (39, 92), (102, 130), (27, 136), (12, 84), (19, 132), (22, 30), (23, 84), (30, 132), (12, 93), (22, 39), (23, 93), (4, 89), (24, 58), (12, 102), (23, 102), (24, 67), (32, 71), (72, 116), (122, 126), (32, 89), (12, 120), (23, 120), (64, 121), (4, 116), (136, 137), (64, 130), (22, 133), (40, 47), (113, 126), (92, 103), (39, 69), (19, 100), (30, 100), (27, 113), (102, 116), (110, 120), (31, 74), (27, 122), (12, 70), (23, 70), (31, 83), (12, 79), (19, 127), (23, 79), (30, 127), (31, 92), (39, 105), (4, 84), (32, 66), (12, 97), (23, 97), (31, 110), (4, 93), (52, 133), (72, 102), (24, 71), (4, 102), (32, 84), (72, 120), (64, 116), (24, 89), (22, 119), (22, 128), (120, 133), (22, 137), (40, 51), (113, 121), (27, 90), (113, 130), (39, 64), (31, 69), (27, 117), (40, 136), (102, 120), (19, 113), (30, 113), (110, 133), (12, 74), (24, 39), (23, 74), (4, 70), (30, 122), (12, 83), (23, 83), (32, 52), (4, 79), (52, 119), (12, 92), (23, 92), (52, 128), (32, 70), (64, 93), (52, 137), (24, 66), (64, 102), (4, 97), (22, 105), (64, 120), (120, 128), (22, 132), (120, 137), (67, 131), (89, 131), (27, 67), (70, 136), (113, 116), (19, 72), (30, 72), (19, 90), (30, 90), (27, 103), (12, 51), (23, 51), (31, 64), (110, 119), (40, 131), (12, 69), (23, 69), (52, 105), (32, 47), (72, 83), (4, 74), (72, 92), (24, 52), (4, 83), (52, 132), (64, 97), (4, 92), (72, 110), (24, 70), (72, 119), (22, 100), (97, 121), (67, 117), (22, 127), (97, 130), (120, 132), (67, 126), (22, 136), (89, 126), (70, 131), (19, 58), (27, 71), (19, 67), (30, 67), (113, 120), (39, 45), (27, 89), (40, 117), (39, 72), (40, 126), (30, 103), (102, 110), (4, 51), (102, 119), (12, 64), (23, 64), (52, 100), (64, 74), (4, 69), (32, 51), (24, 47), (64, 83), (52, 127), (64, 92), (72, 105), (52, 136), (64, 110), (22, 113), (97, 116), (22, 122), (120, 127), (67, 121), (89, 121), (120, 136), (70, 117), (67, 130), (89, 130), (70, 126), (27, 66), (39, 40), (19, 71), (30, 71), (27, 84), (12, 32), (23, 32), (31, 45), (39, 58), (19, 89), (30, 89), (39, 67), (40, 121), (102, 105), (40, 130), (64, 69), (4, 64), (52, 113), (52, 122), (24, 51), (72, 100), (22, 90), (64, 105), (97, 102), (32, 131), (22, 117), (24, 136), (70, 103), (97, 120), (67, 116), (89, 116), (120, 122), (120, 131), (19, 39), (30, 39), (27, 52), (70, 121), (70, 130), (27, 70), (19, 66), (30, 66), (92, 136), (12, 27), (23, 27), (31, 40), (4, 23), (4, 32), (40, 116), (12, 45), (23, 45), (31, 58), (52, 90), (24, 28), (22, 67), (52, 117), (32, 126), (67, 93), (22, 103), (24, 122), (89, 93), (67, 102), (89, 102), (24, 131), (67, 120), (27, 47), (89, 120), (70, 116), (119, 121), (39, 110), (119, 130), (19, 52), (30, 52), (40, 84), (40, 93), (12, 22), (19, 70), (30, 70), (92, 131), (40, 102), (12, 31), (23, 31), (52, 67), (4, 27), (12, 40), (23, 40), (40, 120), (4, 45), (52, 103), (39, 133), (22, 71), (67, 79), (22, 89), (32, 121), (24, 117), (70, 84), (32, 130), (67, 97), (89, 97), (24, 126), (70, 93), (19, 20), (97, 110), (97, 119), (70, 102), (27, 51), (70, 120), (19, 47), (30, 47), (40, 79), (92, 117), (92, 126), (40, 97), (12, 26), (23, 26), (31, 39), (4, 22), (52, 71), (4, 31), (4, 40), (52, 89), (39, 119), (39, 128), (64, 72), (39, 137), (22, 66), (31, 133), (67, 74), (22, 84), (24, 103), (32, 116), (67, 83), (70, 79), (67, 92), (89, 92), (24, 121), (97, 105), (27, 28), (24, 130), (70, 97), (19, 24), (67, 110), (89, 110), (119, 120), (40, 74), (19, 51), (30, 51), (40, 83), (92, 121), (40, 92), (92, 130), (12, 30), (23, 30), (27, 131), (4, 26), (52, 66), (19, 136), (30, 136), (52, 84), (122, 130), (22, 52), (31, 119), (39, 132), (31, 128), (32, 93), (22, 70), (31, 137), (4, 120), (32, 102), (12, 133), (23, 133), (67, 69), (70, 74), (32, 120), (24, 116), (70, 83), (97, 100), (70, 92), (89, 105), (27, 32), (19, 28), (40, 69), (119, 133), (92, 116), (4, 12), (27, 126), (19, 122), (52, 70), (39, 100), (19, 131), (30, 131), (31, 105), (22, 47), (32, 79), (39, 127), (12, 110), (23, 110), (39, 136), (12, 119), (23, 119), (24, 84), (31, 132), (32, 97), (12, 128), (23, 128), (24, 93), (72, 133), (12, 137), (23, 137), (24, 102), (4, 133), (24, 120), (19, 23), (92, 93), (30, 32), (40, 64), (92, 102), (92, 120), (110, 128), (27, 121), (19, 117), (30, 117), (27, 130), (102, 133), (22, 24), (19, 126), (30, 126), (110, 137), (31, 100), (39, 113), (32, 74), (39, 122), (23, 105), (32, 83), (39, 131), (24, 79), (31, 127), (4, 110)]"
93,Anti-Plurality,ATVA_1,150,4,"{'B': 119, 'C': 111, 'A': 110, 'D': 110}","[0.5, 1.0, 1.0, 1.0, 0.58, 0.5, 0.75, 0.5, 0.5, 0.67, 0.58, 0.46, 0.54, 0.75, 0.54, 0.5, 0.5, 0.58, 0.42, 0.58, 0.58, 0.54, 0.58, 0.75, 0.75, 0.5, 0.58, 0.75, 0.5, 1.0, 0.75, 0.75, 1.0, 0.67, 0.46, 0.54, 0.75, 1.0, 0.42, 0.75, 0.58, 0.58, 0.58, 1.0, 0.58, 0.46, 0.46, 0.54, 1.0, 1.0, 0.75, 0.58, 0.79, 0.5, 1.0, 1.0, 0.58, 0.54, 0.58, 0.42, 0.58, 1.0, 0.58, 0.58, 1.0, 0.42, 0.75, 0.46, 1.0, 1.0, 0.88, 0.75, 0.58, 1.0, 1.0, 1.0, 1.0, 0.5, 1.0, 0.58, 0.75, 1.0, 1.0, 0.67, 0.58, 1.0, 0.88, 0.67, 0.58, 0.79, 1.0, 0.5, 1.0, 1.0, 1.0, 0.75, 1.0, 0.58, 0.54, 1.0, 0.58, 0.54, 0.46, 0.58, 0.88, 1.0, 0.67, 0.46, 0.42, 1.0, 0.79, 0.5, 1.0, 1.0, 0.54, 0.88, 0.54, 0.46, 0.5, 0.75, 0.58, 1.0, 0.79, 0.54, 1.0, 1.0, 0.58, 1.0, 1.0, 0.58, 1.0, 0.46, 1.0, 0.79, 0.75, 0.58, 0.54, 1.0, 0.54, 0.88, 0.75, 1.0, 0.46, 0.75, 0.58, 1.0, 0.58, 0.67, 0.58, 1.0]",108.07,"[1, 8, 12, 13, 15, 19, 26, 35, 39, 46, 47, 48, 58, 60, 66, 92, 99, 103, 109, 117, 118, 119, 124, 132, 137]","[0.09, 0.01, 0.03, 0.01, 0.07, 0.08, 0.03, 0.09, 0.08, 0.05, 0.06, 0.09, 0.07, 0.03, 0.07, 0.08, 0.08, 0.06, 0.1, 0.05, 0.05, 0.07, 0.05, 0.03, 0.03, 0.09, 0.06, 0.02, 0.08, 0.03, 0.04, 0.03, 0.01, 0.05, 0.09, 0.07, 0.03, 0.03, 0.1, 0.02, 0.07, 0.07, 0.06, 0.03, 0.07, 0.09, 0.09, 0.07, 0.04, 0.0, 0.03, 0.07, 0.03, 0.08, 0.01, 0.0, 0.05, 0.07, 0.06, 0.1, 0.06, 0.03, 0.07, 0.05, 0.01, 0.1, 0.04, 0.09, 0.03, 0.04, 0.01, 0.02, 0.07, 0.0, 0.01, 0.01, 0.0, 0.08, 0.01, 0.06, 0.04, 0.01, 0.03, 0.05, 0.06, 0.01, 0.01, 0.05, 0.06, 0.03, 0.01, 0.09, 0.03, 0.04, 0.03, 0.03, 0.01, 0.07, 0.07, 0.01, 0.05, 0.07, 0.09, 0.07, 0.01, 0.03, 0.05, 0.09, 0.1, 0.01, 0.03, 0.08, 0.01, 0.0, 0.07, 0.01, 0.07, 0.09, 0.09, 0.02, 0.07, 0.03, 0.03, 0.07, 0.01, 0.01, 0.06, 0.0, 0.01, 0.07, 0.04, 0.09, 0.01, 0.03, 0.03, 0.05, 0.07, 0.04, 0.07, 0.01, 0.03, 0.0, 0.09, 0.04, 0.06, 0.03, 0.07, 0.05, 0.06, 0.03]",0.11999999999999994,"[(103, 143), (13, 88), (137, 145), (66, 103), (12, 132), (15, 39), (26, 39), (1, 104), (99, 109), (35, 115), (46, 112), (8, 18), (15, 124), (26, 124), (46, 139), (48, 72), (58, 104), (68, 148), (19, 103), (39, 81), (19, 112), (39, 99), (102, 137), (39, 108), (22, 37), (19, 139), (39, 117), (22, 46), (60, 149), (66, 80), (12, 109), (1, 72), (12, 118), (36, 48), (47, 48), (13, 92), (36, 57), (47, 57), (1, 99), (35, 101), (36, 66), (47, 66), (99, 104), (1, 108), (117, 149), (68, 107), (109, 145), (48, 58), (15, 119), (26, 119), (58, 99), (132, 137), (68, 143), (58, 108), (15, 137), (26, 137), (58, 117), (8, 98), (19, 98), (8, 107), (19, 107), (102, 132), (22, 23), (39, 103), (22, 32), (102, 141), (60, 135), (39, 112), (103, 115), (13, 60), (35, 60), (60, 144), (103, 124), (66, 84), (35, 78), (35, 96), (99, 108), (139, 144), (22, 135), (46, 102), (99, 117), (22, 144), (109, 149), (68, 120), (132, 141), (8, 84), (19, 84), (102, 109), (19, 102), (39, 80), (102, 118), (8, 120), (19, 120), (39, 98), (12, 81), (35, 46), (102, 136), (60, 139), (12, 99), (35, 64), (60, 148), (13, 73), (108, 143), (1, 80), (36, 47), (22, 112), (68, 88), (109, 135), (117, 148), (22, 139), (109, 144), (46, 115), (58, 80), (15, 109), (26, 109), (68, 124), (39, 48), (58, 98), (132, 136), (39, 57), (8, 88), (19, 88), (39, 66), (12, 58), (60, 107), (39, 84), (12, 67), (19, 115), (13, 41), (1, 48), (124, 137), (13, 59), (60, 143), (1, 66), (13, 68), (35, 68), (109, 112), (1, 84), (36, 51), (47, 51), (68, 92), (117, 143), (139, 143), (46, 101), (58, 66), (109, 139), (22, 143), (109, 148), (15, 104), (26, 104), (36, 136), (58, 84), (39, 43), (39, 52), (48, 119), (8, 92), (19, 92), (102, 108), (19, 101), (48, 137), (60, 102), (102, 117), (13, 27), (1, 34), (35, 36), (60, 120), (1, 43), (13, 45), (143, 145), (1, 52), (35, 54), (108, 124), (46, 60), (36, 37), (22, 102), (66, 136), (117, 120), (46, 78), (66, 145), (15, 72), (26, 72), (13, 148), (46, 96), (109, 143), (15, 99), (26, 99), (8, 60), (15, 108), (19, 60), (26, 108), (39, 47), (19, 78), (12, 39), (60, 88), (102, 103), (12, 48), (19, 96), (102, 112), (12, 57), (12, 66), (60, 115), (13, 40), (60, 124), (108, 119), (35, 58), (124, 145), (108, 137), (46, 64), (68, 73), (117, 124), (22, 115), (109, 120), (66, 149), (13, 143), (35, 143), (36, 117), (19, 46), (36, 135), (19, 64), (47, 135), (12, 25), (8, 73), (19, 73), (36, 144), (39, 51), (47, 144), (48, 109), (92, 143), (39, 60), (60, 92), (1, 15), (60, 101), (115, 135), (13, 26), (115, 144), (39, 145), (66, 117), (22, 101), (46, 68), (66, 135), (117, 119), (109, 115), (66, 144), (109, 124), (19, 32), (15, 80), (26, 80), (1, 145), (36, 112), (8, 41), (19, 41), (47, 112), (119, 137), (8, 59), (19, 59), (12, 20), (8, 68), (19, 68), (36, 139), (39, 46), (12, 29), (47, 139), (48, 104), (60, 78), (58, 145), (12, 47), (1, 10), (60, 96), (1, 19), (115, 139), (1, 28), (22, 60), (108, 109), (39, 149), (22, 78), (66, 112), (12, 141), (46, 54), (15, 48), (22, 96), (26, 48), (13, 124), (35, 124), (66, 139), (15, 66), (26, 66), (68, 72), (8, 27), (19, 27), (66, 148), (99, 145), (19, 36), (26, 84), (1, 149), (8, 45), (19, 45), (19, 54), (92, 124), (12, 15), (48, 99), (60, 64), (39, 41), (12, 24), (48, 108), (60, 73), (48, 117), (58, 149), (1, 5), (8, 148), (19, 148), (115, 143), (39, 135), (22, 64), (66, 98), (39, 144), (137, 149), (66, 107), (15, 34), (12, 136), (26, 34), (15, 43), (26, 43), (46, 58), (15, 52), (26, 52), (1, 117), (13, 119), (8, 13), (118, 135), (19, 22), (118, 144), (13, 137), (35, 137), (19, 31), (36, 102), (47, 102), (99, 149), (8, 40), (19, 40), (46, 143), (92, 119), (119, 145), (12, 19), (60, 68), (92, 137), (12, 37), (8, 143), (1, 18), (19, 143), (39, 139), (22, 68), (66, 102), (39, 148), (108, 117), (66, 120), (118, 139), (35, 132), (8, 26), (19, 26), (35, 141), (19, 35), (1, 148), (36, 115), (47, 115), (48, 80), (12, 14), (48, 98), (12, 23), (60, 72), (58, 148), (39, 107), (22, 36), (115, 124), (1, 13), (12, 108), (22, 54), (66, 88), (12, 117), (103, 137), (39, 143), (137, 148), (12, 135), (1, 98), (66, 115), (12, 144), (1, 107), (13, 109), (35, 109), (35, 118), (19, 21), (118, 143), (46, 124), (36, 101), (47, 101), (48, 66), (99, 148), (58, 107), (92, 109), (48, 84), (15, 145), (26, 145), (60, 67), (58, 143), (8, 124), (19, 124), (39, 102), (22, 31), (39, 120), (12, 103), (12, 112), (22, 58), (103, 132), (66, 92), (15, 19), (103, 141), (137, 143), (66, 101), (15, 28), (26, 28), (36, 60), (47, 60), (12, 139), (13, 104), (99, 107), (36, 78), (47, 78), (1, 120), (48, 52), (68, 119), (36, 96), (19, 25), (47, 96), (99, 143), (46, 137), (68, 137), (92, 104), (58, 120), (15, 149), (26, 149), (39, 88), (8, 119), (19, 119), (102, 135), (102, 144), (22, 35), (8, 137), (19, 137), (103, 109), (39, 115), (103, 118), (66, 78), (39, 124), (13, 72), (103, 136), (35, 81), (36, 46), (66, 96), (1, 88), (13, 99), (35, 99), (36, 64), (47, 64), (13, 108), (35, 108), (118, 124), (99, 120), (8, 11), (58, 88), (15, 117), (26, 117), (46, 132), (92, 99), (132, 135), (46, 141), (92, 108), (132, 144), (58, 124), (39, 92), (39, 101), (102, 139), (19, 132), (22, 39), (13, 58), (19, 141), (66, 73), (143, 149), (12, 102), (35, 67), (15, 18), (1, 92), (22, 124), (35, 103), (36, 68), (47, 68), (46, 109), (68, 109), (99, 124), (46, 118), (58, 92), (132, 139), (15, 148), (26, 148), (39, 78), (8, 109), (19, 109), (48, 145), (19, 118), (60, 119), (39, 96), (22, 25), (102, 143), (103, 108), (60, 137), (66, 68), (103, 117), (1, 60), (124, 149), (13, 80), (36, 54), (47, 54), (117, 137), (58, 60), (22, 137), (68, 104), (15, 98), (26, 98), (15, 107), (26, 107), (132, 143), (39, 64), (39, 73), (8, 104), (19, 104), (48, 149), (13, 39), (35, 39), (13, 48), (35, 48), (60, 132), (103, 112), (35, 57), (60, 141), (143, 148), (12, 101), (13, 66), (35, 66), (1, 73), (108, 145), (46, 81), (109, 119), (36, 58), (47, 58), (139, 141), (15, 84), (22, 132), (46, 99), (68, 99), (109, 137), (22, 141), (46, 108), (58, 73), (68, 108), (68, 117), (36, 143), (8, 72), (15, 120), (19, 72), (26, 120), (47, 143), (19, 81), (39, 59), (39, 68), (12, 51), (8, 99), (19, 99), (102, 115), (12, 60), (8, 108), (19, 108), (60, 109), (102, 124), (13, 34), (60, 118), (12, 78), (1, 41), (13, 43), (13, 52), (60, 136), (1, 59), (124, 148), (1, 68), (46, 67), (22, 109), (108, 149), (66, 143), (22, 118), (109, 132), (58, 59), (117, 145), (15, 88), (22, 136), (26, 88), (46, 103), (58, 68), (109, 141), (8, 58), (19, 58), (19, 67), (39, 45), (39, 54), (12, 46), (39, 72), (60, 104), (12, 64), (1, 27), (48, 148), (1, 45), (35, 47), (124, 143), (36, 39), (68, 80), (109, 118), (68, 98), (109, 136), (15, 92), (26, 92), (36, 124), (47, 124), (58, 72), (119, 149), (39, 40), (48, 107), (12, 32), (8, 80), (19, 80), (60, 81), (39, 58), (39, 67), (13, 15), (60, 99), (48, 143), (60, 108), (12, 68), (60, 117), (1, 40), (35, 51), (22, 81), (46, 48), (1, 58), (46, 57), (66, 124), (22, 99), (46, 66), (15, 60), (22, 108), (26, 60), (108, 148), (22, 117), (35, 136), (68, 84), (1, 143), (13, 145), (8, 39), (19, 39), (8, 48), (19, 48), (19, 57), (36, 137), (8, 66), (19, 66), (47, 137), (92, 145), (12, 36), (48, 120), (1, 8), (12, 54), (13, 19), (60, 103), (115, 137), (1, 26), (13, 28), (60, 112), (35, 37), (22, 67), (66, 119), (22, 103), (66, 137), (109, 117), (15, 73), (26, 73), (8, 34), (19, 34), (13, 149), (8, 43), (19, 43), (8, 52), (19, 52), (48, 88), (12, 13), (36, 132), (47, 132), (119, 148), (12, 22), (36, 141), (47, 141), (12, 31), (60, 80), (92, 149), (48, 124), (60, 98), (115, 132), (115, 141), (1, 39), (108, 120), (46, 47), (15, 41), (12, 143), (26, 41), (13, 117), (35, 117), (66, 132), (15, 59), (26, 59), (1, 124), (19, 20), (15, 68), (26, 68), (35, 135), (66, 141), (19, 29), (35, 144), (36, 109), (47, 109), (36, 118), (19, 47), (47, 118), (92, 117), (48, 92), (119, 143), (12, 17), (47, 136), (60, 66), (12, 35), (60, 84), (115, 118), (13, 18), (39, 119), (22, 48), (115, 136), (22, 57), (39, 137), (22, 66), (15, 27), (26, 27), (66, 109), (46, 51), (66, 118), (15, 45), (26, 45), (35, 112), (1, 119), (8, 15), (118, 137), (19, 24), (48, 60), (1, 137), (35, 139), (46, 136), (119, 120), (68, 145), (19, 51), (58, 119), (12, 21), (58, 137), (92, 148), (99, 137), (19, 136), (1, 11), (8, 145), (19, 145), (39, 132), (12, 115), (103, 135), (39, 141), (12, 124), (103, 144), (66, 104), (13, 98), (15, 40), (26, 40), (13, 107), (36, 81), (8, 10), (15, 58), (26, 58), (47, 81), (99, 119), (8, 19), (118, 132), (118, 141), (36, 99), (8, 28), (19, 28), (47, 99), (92, 98), (36, 108), (19, 37), (47, 108), (48, 73), (92, 107), (47, 117), (119, 124), (68, 149), (15, 143), (26, 143), (12, 16), (22, 29), (115, 117), (39, 109), (66, 72), (39, 118), (22, 47), (8, 149), (19, 149), (66, 81), (39, 136), (103, 139), (13, 84), (66, 99), (15, 26), (66, 108), (12, 137), (35, 102), (36, 67), (47, 67), (1, 109), (13, 120), (118, 136), (46, 117), (19, 23), (48, 59), (36, 103), (47, 103), (48, 68), (46, 135), (46, 144), (58, 109), (92, 120), (8, 117), (19, 117), (22, 24), (39, 104), (19, 135), (66, 67), (12, 96), (19, 144), (60, 145), (22, 51)]"
94,Anti-Plurality,ATVA_1,150,4,"{'A': 119, 'D': 114, 'B': 111, 'C': 106}","[1.0, 0.88, 0.75, 1.0, 0.54, 0.58, 0.58, 0.58, 0.79, 0.58, 1.0, 0.58, 0.75, 0.5, 0.58, 0.58, 0.46, 0.75, 1.0, 1.0, 0.58, 1.0, 0.75, 0.75, 1.0, 0.5, 0.46, 1.0, 0.54, 1.0, 0.67, 0.75, 1.0, 0.42, 0.75, 0.67, 0.67, 0.75, 0.46, 0.46, 0.46, 1.0, 1.0, 0.58, 0.5, 0.79, 1.0, 0.88, 0.58, 0.67, 0.58, 0.58, 0.75, 0.46, 1.0, 1.0, 0.54, 0.58, 0.75, 1.0, 0.54, 0.67, 1.0, 0.58, 0.79, 0.58, 1.0, 0.54, 0.5, 1.0, 1.0, 0.79, 0.54, 0.5, 1.0, 0.75, 0.5, 0.88, 0.75, 0.79, 0.75, 0.58, 0.58, 1.0, 0.88, 0.58, 0.75, 0.5, 0.58, 0.54, 0.58, 1.0, 0.67, 0.42, 0.79, 0.58, 0.67, 0.75, 0.75, 0.88, 0.58, 0.46, 0.58, 0.75, 0.58, 0.75, 0.67, 1.0, 1.0, 0.54, 0.5, 0.5, 0.54, 0.46, 1.0, 1.0, 0.58, 0.42, 0.58, 0.75, 0.75, 0.58, 0.46, 0.58, 0.75, 1.0, 0.75, 0.46, 0.58, 0.75, 1.0, 0.58, 0.46, 1.0, 0.75, 1.0, 1.0, 0.54, 0.58, 0.88, 1.0, 0.5, 0.75, 0.54, 0.58, 0.75, 1.0, 1.0, 1.0, 0.42]",107.12,[],"[0.0, 0.01, 0.03, 0.03, 0.07, 0.06, 0.06, 0.06, 0.03, 0.07, 0.01, 0.05, 0.03, 0.09, 0.06, 0.05, 0.09, 0.03, 0.0, 0.01, 0.06, 0.04, 0.03, 0.03, 0.04, 0.08, 0.09, 0.01, 0.07, 0.01, 0.05, 0.04, 0.0, 0.1, 0.02, 0.05, 0.05, 0.04, 0.09, 0.09, 0.09, 0.01, 0.03, 0.06, 0.09, 0.03, 0.01, 0.01, 0.07, 0.05, 0.06, 0.07, 0.03, 0.09, 0.01, 0.0, 0.07, 0.07, 0.04, 0.04, 0.07, 0.05, 0.03, 0.05, 0.03, 0.07, 0.04, 0.07, 0.08, 0.01, 0.01, 0.03, 0.07, 0.09, 0.03, 0.04, 0.08, 0.01, 0.02, 0.03, 0.02, 0.07, 0.06, 0.03, 0.01, 0.07, 0.03, 0.08, 0.05, 0.07, 0.07, 0.03, 0.05, 0.1, 0.03, 0.06, 0.05, 0.04, 0.03, 0.01, 0.06, 0.09, 0.06, 0.04, 0.07, 0.04, 0.05, 0.0, 0.01, 0.07, 0.08, 0.09, 0.07, 0.09, 0.04, 0.0, 0.05, 0.1, 0.06, 0.04, 0.03, 0.05, 0.09, 0.07, 0.02, 0.03, 0.04, 0.09, 0.05, 0.03, 0.03, 0.05, 0.09, 0.03, 0.04, 0.04, 0.04, 0.07, 0.07, 0.01, 0.01, 0.08, 0.04, 0.07, 0.06, 0.02, 0.01, 0.01, 0.01, 0.1]",0,
95,Anti-Plurality,ATVA_1,150,4,"{'B': 119, 'A': 116, 'C': 109, 'D': 106}","[0.58, 1.0, 1.0, 0.42, 0.5, 0.75, 0.79, 0.75, 0.58, 0.58, 0.58, 0.5, 0.75, 0.67, 0.46, 0.58, 0.75, 0.88, 0.58, 0.58, 0.58, 0.58, 0.58, 0.67, 0.75, 0.58, 1.0, 0.58, 0.75, 0.46, 0.5, 0.42, 1.0, 0.75, 0.58, 1.0, 1.0, 0.5, 0.88, 0.58, 0.58, 0.79, 0.88, 0.58, 0.46, 0.67, 0.58, 0.75, 1.0, 1.0, 1.0, 0.79, 0.75, 0.58, 0.42, 0.46, 0.58, 0.75, 0.58, 1.0, 1.0, 0.75, 0.58, 1.0, 0.88, 1.0, 1.0, 0.58, 1.0, 0.58, 1.0, 0.58, 1.0, 1.0, 1.0, 0.58, 0.79, 0.46, 0.58, 1.0, 0.58, 0.58, 0.46, 0.5, 0.88, 0.67, 0.58, 0.75, 0.58, 0.58, 0.75, 0.58, 0.75, 0.54, 1.0, 0.46, 0.79, 1.0, 0.54, 0.75, 0.42, 1.0, 0.75, 0.58, 1.0, 1.0, 0.67, 0.54, 1.0, 0.88, 0.88, 0.75, 1.0, 1.0, 0.42, 0.5, 0.46, 0.58, 0.54, 0.54, 0.58, 0.67, 1.0, 0.58, 0.67, 0.58, 0.54, 0.75, 0.5, 1.0, 0.88, 0.54, 1.0, 0.67, 1.0, 1.0, 0.58, 0.58, 0.54, 0.58, 0.67, 0.75, 1.0, 0.54, 1.0, 1.0, 0.88, 0.75, 1.0, 0.75]",107.99000000000001,[],"[0.06, 0.03, 0.03, 0.1, 0.08, 0.04, 0.03, 0.02, 0.07, 0.06, 0.05, 0.08, 0.02, 0.05, 0.09, 0.06, 0.04, 0.01, 0.07, 0.06, 0.05, 0.07, 0.05, 0.05, 0.03, 0.06, 0.0, 0.05, 0.02, 0.09, 0.08, 0.1, 0.03, 0.02, 0.06, 0.03, 0.03, 0.08, 0.01, 0.05, 0.07, 0.03, 0.01, 0.07, 0.09, 0.05, 0.06, 0.03, 0.03, 0.03, 0.01, 0.03, 0.04, 0.07, 0.1, 0.09, 0.07, 0.04, 0.05, 0.0, 0.01, 0.04, 0.06, 0.03, 0.01, 0.01, 0.01, 0.07, 0.03, 0.07, 0.04, 0.05, 0.04, 0.0, 0.03, 0.06, 0.03, 0.09, 0.07, 0.04, 0.07, 0.07, 0.09, 0.09, 0.01, 0.05, 0.05, 0.03, 0.06, 0.07, 0.03, 0.07, 0.03, 0.07, 0.03, 0.09, 0.03, 0.03, 0.07, 0.03, 0.1, 0.01, 0.04, 0.07, 0.04, 0.01, 0.05, 0.07, 0.0, 0.01, 0.01, 0.02, 0.01, 0.01, 0.1, 0.09, 0.09, 0.07, 0.07, 0.07, 0.07, 0.05, 0.01, 0.05, 0.05, 0.07, 0.07, 0.03, 0.08, 0.01, 0.01, 0.07, 0.0, 0.05, 0.0, 0.01, 0.05, 0.07, 0.07, 0.06, 0.05, 0.03, 0.0, 0.07, 0.03, 0.0, 0.01, 0.04, 0.04, 0.03]",0,
96,Anti-Plurality,ATVA_1,150,4,"{'B': 119, 'A': 112, 'C': 111, 'D': 108}","[1.0, 0.75, 0.75, 1.0, 1.0, 0.58, 1.0, 0.75, 0.67, 0.67, 1.0, 0.58, 0.5, 0.46, 0.58, 0.42, 1.0, 0.54, 1.0, 1.0, 0.5, 0.42, 0.54, 0.88, 1.0, 0.58, 0.58, 0.58, 1.0, 0.5, 0.58, 0.5, 1.0, 1.0, 0.75, 0.79, 1.0, 0.58, 0.58, 0.67, 1.0, 0.75, 0.58, 0.75, 0.67, 1.0, 0.46, 0.75, 0.54, 0.46, 0.46, 0.5, 0.58, 1.0, 0.54, 0.75, 1.0, 0.58, 0.46, 0.5, 0.79, 0.42, 1.0, 0.75, 0.88, 0.46, 0.58, 0.75, 1.0, 0.75, 0.46, 0.58, 0.88, 0.79, 0.58, 1.0, 0.75, 0.58, 0.67, 0.58, 1.0, 0.75, 0.75, 0.46, 0.75, 0.58, 1.0, 1.0, 0.67, 1.0, 0.42, 0.5, 0.46, 1.0, 1.0, 1.0, 0.58, 0.75, 0.58, 1.0, 0.46, 1.0, 1.0, 1.0, 1.0, 0.58, 0.58, 0.5, 0.58, 1.0, 0.75, 0.75, 0.58, 0.54, 1.0, 0.88, 1.0, 1.0, 0.75, 0.54, 1.0, 0.5, 0.58, 0.88, 1.0, 1.0, 1.0, 0.46, 0.54, 0.5, 1.0, 1.0, 0.5, 0.58, 0.75, 0.79, 1.0, 0.54, 0.58, 0.42, 0.58, 0.75, 0.42, 1.0, 0.75, 1.0, 0.5, 0.54, 1.0, 1.0]",109.75999999999999,[],"[0.0, 0.04, 0.02, 0.01, 0.0, 0.05, 0.03, 0.04, 0.05, 0.05, 0.0, 0.07, 0.08, 0.09, 0.07, 0.1, 0.03, 0.07, 0.03, 0.01, 0.08, 0.1, 0.07, 0.01, 0.03, 0.07, 0.05, 0.05, 0.01, 0.09, 0.06, 0.09, 0.03, 0.03, 0.04, 0.03, 0.03, 0.05, 0.05, 0.05, 0.0, 0.02, 0.05, 0.02, 0.05, 0.03, 0.09, 0.02, 0.07, 0.09, 0.09, 0.09, 0.06, 0.01, 0.07, 0.03, 0.04, 0.06, 0.09, 0.08, 0.03, 0.1, 0.01, 0.02, 0.01, 0.09, 0.06, 0.04, 0.03, 0.02, 0.09, 0.07, 0.01, 0.03, 0.05, 0.0, 0.04, 0.05, 0.05, 0.07, 0.0, 0.03, 0.02, 0.09, 0.03, 0.05, 0.0, 0.01, 0.05, 0.04, 0.1, 0.08, 0.09, 0.01, 0.03, 0.01, 0.06, 0.03, 0.06, 0.01, 0.09, 0.0, 0.01, 0.03, 0.0, 0.06, 0.07, 0.08, 0.07, 0.03, 0.04, 0.02, 0.06, 0.07, 0.0, 0.01, 0.03, 0.01, 0.02, 0.07, 0.03, 0.09, 0.06, 0.01, 0.01, 0.03, 0.01, 0.09, 0.07, 0.09, 0.01, 0.03, 0.08, 0.05, 0.03, 0.03, 0.03, 0.07, 0.07, 0.1, 0.06, 0.03, 0.1, 0.01, 0.03, 0.0, 0.09, 0.07, 0.04, 0.03]",0,
97,Anti-Plurality,ATVA_1,150,4,"{'C': 120, 'B': 112, 'A': 109, 'D': 109}","[0.67, 1.0, 1.0, 0.79, 0.58, 0.58, 0.5, 0.42, 1.0, 1.0, 0.54, 0.58, 1.0, 1.0, 1.0, 0.67, 0.67, 0.75, 0.5, 1.0, 0.54, 1.0, 0.75, 0.46, 1.0, 0.46, 0.54, 1.0, 0.54, 0.5, 0.58, 1.0, 0.75, 0.54, 0.42, 1.0, 0.79, 0.46, 1.0, 1.0, 1.0, 0.54, 0.58, 0.58, 0.5, 0.75, 1.0, 0.58, 0.79, 0.46, 0.42, 0.75, 0.5, 1.0, 0.54, 0.46, 0.46, 0.79, 0.58, 0.58, 1.0, 0.67, 0.58, 1.0, 1.0, 0.5, 0.75, 0.75, 0.79, 1.0, 0.54, 0.79, 1.0, 1.0, 0.5, 0.58, 0.58, 0.67, 0.46, 0.54, 0.54, 0.58, 0.46, 0.58, 0.5, 0.58, 0.67, 0.58, 0.54, 0.79, 1.0, 0.46, 0.75, 0.42, 0.67, 0.75, 0.67, 0.67, 1.0, 0.5, 0.58, 0.75, 1.0, 1.0, 0.46, 0.58, 0.5, 0.75, 0.42, 0.58, 0.58, 0.79, 0.54, 1.0, 0.5, 0.75, 0.67, 0.79, 0.46, 0.88, 0.58, 0.79, 0.75, 0.67, 1.0, 0.5, 0.75, 0.58, 0.58, 0.58, 0.75, 0.75, 0.79, 0.79, 0.58, 0.67, 1.0, 1.0, 0.58, 0.75, 1.0, 1.0, 0.67, 1.0, 0.46, 0.46, 1.0, 0.46, 1.0, 0.58]",105.5,"[7, 11, 19, 21, 27, 34, 53, 55, 66, 80, 89, 100, 113]","[0.05, 0.04, 0.01, 0.03, 0.07, 0.07, 0.09, 0.1, 0.0, 0.03, 0.07, 0.06, 0.0, 0.03, 0.03, 0.05, 0.05, 0.03, 0.09, 0.0, 0.07, 0.03, 0.03, 0.09, 0.01, 0.09, 0.07, 0.01, 0.07, 0.08, 0.06, 0.0, 0.03, 0.07, 0.1, 0.0, 0.03, 0.09, 0.0, 0.01, 0.01, 0.07, 0.07, 0.07, 0.08, 0.03, 0.04, 0.07, 0.03, 0.09, 0.1, 0.04, 0.09, 0.01, 0.07, 0.09, 0.09, 0.03, 0.06, 0.05, 0.0, 0.05, 0.07, 0.03, 0.03, 0.09, 0.04, 0.02, 0.03, 0.01, 0.07, 0.03, 0.03, 0.0, 0.08, 0.05, 0.07, 0.05, 0.09, 0.07, 0.07, 0.07, 0.09, 0.06, 0.08, 0.05, 0.05, 0.07, 0.07, 0.03, 0.04, 0.09, 0.02, 0.1, 0.05, 0.03, 0.05, 0.05, 0.0, 0.09, 0.06, 0.02, 0.03, 0.01, 0.09, 0.05, 0.08, 0.04, 0.1, 0.07, 0.05, 0.03, 0.07, 0.03, 0.08, 0.02, 0.05, 0.03, 0.09, 0.01, 0.07, 0.03, 0.02, 0.05, 0.01, 0.08, 0.04, 0.07, 0.07, 0.05, 0.02, 0.02, 0.03, 0.03, 0.07, 0.05, 0.0, 0.0, 0.07, 0.03, 0.0, 0.01, 0.05, 0.03, 0.09, 0.09, 0.0, 0.09, 0.0, 0.07]",0.040000000000000036,"[(51, 105), (7, 17), (55, 66), (24, 97), (7, 26), (35, 97), (34, 129), (7, 35), (55, 84), (55, 93), (109, 150), (38, 117), (80, 95), (92, 97), (26, 124), (21, 55), (100, 110), (38, 135), (50, 100), (7, 129), (80, 113), (50, 109), (27, 116), (80, 131), (83, 124), (11, 117), (11, 135), (66, 80), (66, 89), (51, 100), (24, 83), (35, 83), (24, 92), (7, 21), (35, 92), (34, 124), (53, 146), (109, 145), (100, 105), (21, 50), (113, 124), (27, 93), (50, 95), (7, 124), (92, 110), (21, 68), (27, 102), (80, 117), (8, 98), (19, 98), (26, 146), (50, 113), (8, 116), (19, 116), (27, 129), (51, 68), (51, 77), (83, 146), (94, 146), (53, 105), (66, 84), (24, 78), (35, 78), (34, 110), (24, 87), (7, 16), (35, 87), (53, 123), (53, 132), (109, 131), (38, 89), (38, 98), (21, 27), (34, 146), (26, 105), (38, 116), (7, 110), (80, 94), (26, 123), (8, 84), (19, 84), (26, 132), (27, 97), (8, 93), (19, 93), (113, 146), (11, 89), (8, 102), (19, 102), (83, 105), (11, 98), (7, 146), (83, 123), (94, 123), (11, 116), (51, 63), (83, 132), (94, 132), (24, 55), (35, 55), (53, 100), (94, 150), (53, 109), (34, 105), (7, 11), (34, 123), (53, 136), (38, 84), (34, 132), (109, 135), (38, 93), (26, 100), (21, 31), (38, 102), (26, 109), (55, 145), (7, 105), (80, 89), (27, 83), (113, 123), (80, 98), (27, 92), (50, 94), (7, 123), (113, 132), (11, 84), (7, 132), (8, 97), (19, 97), (27, 110), (11, 93), (83, 100), (94, 100), (83, 109), (94, 109), (11, 102), (21, 143), (24, 50), (35, 50), (83, 136), (94, 136), (53, 95), (24, 68), (35, 68), (34, 100), (35, 77), (53, 113), (34, 109), (66, 150), (50, 53), (26, 95), (21, 26), (38, 97), (50, 62), (21, 35), (7, 100), (80, 84), (26, 113), (27, 78), (50, 80), (7, 109), (80, 93), (27, 87), (50, 89), (8, 83), (19, 83), (113, 136), (8, 92), (19, 92), (83, 95), (94, 95), (11, 97), (24, 27), (21, 129), (83, 113), (94, 113), (51, 53), (34, 77), (24, 63), (35, 63), (34, 95), (105, 146), (53, 117), (66, 136), (34, 113), (109, 116), (66, 145), (38, 83), (7, 77), (38, 92), (27, 55), (109, 143), (8, 51), (55, 135), (50, 66), (7, 95), (89, 146), (7, 113), (8, 78), (19, 78), (8, 87), (19, 87), (11, 83), (11, 92), (21, 124), (24, 31), (83, 117), (94, 117), (105, 123), (53, 94), (105, 132), (38, 51), (105, 150), (66, 131), (7, 63), (38, 78), (24, 143), (35, 143), (109, 129), (38, 87), (27, 50), (89, 123), (26, 94), (89, 132), (8, 55), (19, 55), (27, 68), (11, 51), (89, 150), (27, 77), (113, 117), (92, 143), (11, 78), (21, 110), (83, 94), (11, 87), (24, 26), (53, 62), (146, 150), (24, 35), (105, 109), (53, 80), (53, 89), (53, 98), (66, 117), (105, 136), (34, 94), (26, 53), (38, 55), (66, 135), (26, 62), (51, 146), (24, 129), (35, 129), (89, 100), (89, 109), (109, 124), (26, 80), (55, 116), (26, 89), (8, 50), (19, 50), (27, 63), (89, 136), (7, 94), (55, 143), (11, 55), (8, 68), (19, 68), (80, 145), (21, 105), (83, 89), (50, 150), (83, 98), (94, 98), (21, 123), (34, 53), (53, 66), (21, 132), (34, 62), (105, 113), (53, 84), (34, 80), (105, 131), (34, 89), (51, 123), (26, 48), (38, 50), (51, 132), (89, 95), (24, 124), (7, 53), (35, 124), (26, 66), (27, 31), (38, 68), (7, 62), (8, 27), (19, 27), (51, 150), (55, 102), (89, 113), (26, 84), (50, 51), (7, 80), (55, 129), (11, 50), (92, 124), (8, 63), (19, 63), (100, 146), (11, 68), (21, 100), (50, 136), (83, 84), (21, 109), (27, 143), (50, 145), (34, 48), (34, 66), (105, 117), (66, 98), (51, 109), (26, 34), (66, 116), (109, 110), (24, 110), (35, 110), (51, 136), (7, 48), (38, 63), (51, 145), (55, 97), (27, 35), (7, 66), (8, 31), (19, 31), (89, 117), (11, 27), (24, 146), (35, 146), (55, 124), (27, 53), (100, 123), (100, 132), (21, 77), (80, 135), (100, 150), (21, 95), (50, 131), (92, 146), (21, 113), (8, 143), (19, 143), (51, 95), (66, 93), (66, 102), (51, 113), (26, 38), (24, 105), (7, 34), (35, 105), (55, 83), (51, 131), (53, 150), (66, 129), (55, 92), (89, 94), (24, 123), (35, 123), (8, 17), (24, 132), (35, 132), (8, 26), (19, 26), (55, 110), (8, 35), (19, 35), (100, 109), (11, 31), (92, 105), (21, 63), (38, 143), (92, 123), (26, 150), (50, 117), (100, 136), (92, 132), (27, 124), (50, 135), (8, 129), (19, 129), (34, 38), (83, 150), (11, 143), (66, 97), (51, 117), (24, 100), (35, 100), (55, 78), (24, 109), (7, 38), (35, 109), (26, 51), (53, 145), (55, 87), (34, 150), (89, 98), (8, 21), (19, 21), (55, 105), (11, 17), (11, 26), (92, 100), (38, 129), (100, 113), (11, 35), (92, 109), (26, 136), (80, 116), (26, 145), (100, 131), (113, 150), (7, 150), (21, 94), (80, 143), (8, 124), (19, 124), (27, 146), (11, 129), (83, 145), (94, 145), (34, 51), (66, 83), (51, 94), (24, 77), (66, 92), (24, 95), (7, 24), (35, 95), (53, 131), (34, 136), (24, 113), (35, 113), (34, 145), (8, 16), (11, 21), (92, 95), (38, 124), (21, 53), (80, 102), (26, 131), (21, 62), (50, 98), (92, 113), (100, 117), (27, 105), (113, 145), (7, 136), (21, 80), (50, 116), (7, 145), (8, 110), (19, 110), (27, 123), (80, 129), (27, 132), (51, 62), (83, 131), (94, 131), (11, 124), (51, 80), (8, 146), (19, 146), (66, 78), (51, 89), (66, 87), (51, 98), (7, 19), (55, 68), (53, 135), (34, 131), (55, 77), (8, 11), (38, 110), (11, 16), (26, 117), (21, 48), (50, 84), (80, 97), (50, 93), (113, 131), (26, 135), (21, 66), (27, 100), (7, 131), (50, 102), (38, 146), (27, 109), (80, 124), (8, 105), (19, 105), (11, 110), (8, 123), (19, 123), (27, 136), (51, 66), (8, 132), (19, 132), (83, 135), (94, 135), (51, 84), (51, 93), (34, 117), (55, 63), (24, 94), (35, 94), (34, 135), (38, 105), (21, 34), (80, 83), (80, 92), (92, 94), (38, 123), (7, 117), (38, 132), (27, 95), (50, 97), (80, 110), (113, 135), (7, 135), (8, 100), (19, 100), (27, 113), (8, 109), (19, 109), (11, 105), (21, 146), (11, 123), (24, 53), (35, 53), (66, 68), (11, 132), (24, 62), (35, 62), (66, 77), (105, 145), (24, 80), (35, 80), (53, 116), (24, 89), (35, 89), (53, 143), (26, 98), (38, 100), (38, 109), (21, 38), (89, 145), (80, 87), (26, 116), (50, 83), (8, 77), (19, 77), (50, 92), (80, 105), (8, 95), (19, 95), (27, 117), (11, 100), (8, 113), (19, 113), (83, 116), (11, 109), (94, 116), (24, 48), (21, 150), (35, 48), (53, 93), (83, 143), (94, 143), (24, 66), (35, 66), (53, 102), (34, 98), (34, 116), (53, 129), (38, 77), (26, 93), (21, 24), (38, 95), (7, 89), (89, 131), (26, 102), (109, 146), (7, 98), (38, 113), (50, 78), (113, 116), (50, 87), (7, 116), (26, 129), (27, 94), (11, 77), (83, 93), (83, 102), (94, 102), (11, 95), (24, 34), (21, 136), (11, 113), (21, 145), (83, 129), (94, 129), (34, 84), (53, 97), (105, 135), (34, 93), (34, 102), (53, 124), (66, 143), (109, 123), (109, 132), (50, 55), (7, 84), (26, 97), (27, 62), (89, 135), (7, 93), (7, 102), (27, 80), (11, 63), (27, 89), (113, 129), (27, 98), (8, 94), (19, 94), (83, 97), (94, 97), (21, 131), (51, 55), (24, 38), (35, 38), (94, 124), (53, 83), (53, 92), (34, 97), (53, 110), (26, 83), (27, 48), (24, 150), (35, 150), (109, 136), (26, 92), (38, 94), (8, 53), (19, 53), (27, 66), (50, 68), (7, 97), (8, 62), (19, 62), (26, 110), (50, 77), (55, 146), (100, 145), (27, 84), (8, 80), (19, 80), (92, 150), (8, 89), (19, 89), (83, 92), (21, 117), (11, 94), (83, 110), (94, 110), (21, 135), (53, 78), (105, 116), (24, 51), (35, 51), (53, 87), (34, 83), (34, 92), (105, 143), (66, 124), (38, 53), (51, 135), (38, 62), (109, 113), (27, 34), (24, 136), (35, 136), (26, 78), (38, 80), (24, 145), (35, 145), (89, 116), (26, 87), (55, 123), (7, 83), (8, 48), (19, 48), (50, 63), (55, 132), (7, 92), (89, 143), (11, 53), (8, 66), (19, 66), (55, 150), (11, 62), (92, 136), (92, 145), (83, 87), (11, 80), (53, 55), (94, 105), (34, 78), (105, 129), (66, 110), (34, 87), (38, 48), (26, 55), (89, 93), (7, 51), (38, 66), (55, 100), (24, 131), (35, 131), (66, 146), (55, 109), (27, 38), (89, 102), (109, 117), (8, 34), (19, 34), (7, 78), (89, 129), (7, 87), (55, 136), (11, 48), (100, 135), (92, 131), (21, 89), (11, 66), (21, 98), (50, 143), (21, 116), (27, 150), (34, 55), (53, 68), (53, 77), (105, 124), (66, 105), (51, 116), (66, 123), (26, 50), (24, 117), (35, 117), (66, 132), (55, 95), (51, 143), (89, 97), (7, 55), (26, 68), (24, 135), (35, 135), (26, 77), (55, 113), (8, 38), (19, 38), (27, 51), (11, 34), (89, 124), (55, 131), (92, 117), (21, 84), (92, 135), (21, 93), (50, 129), (21, 102), (27, 145), (34, 50), (8, 150), (19, 150), (53, 63), (11, 146), (105, 110), (145, 146), (34, 68), (51, 102), (66, 100), (26, 27), (66, 109), (51, 129), (89, 92), (7, 50), (26, 63), (8, 24), (19, 24), (89, 110), (7, 68), (55, 117), (100, 116), (11, 38), (19, 51), (38, 150), (100, 143), (50, 124), (21, 97), (27, 131), (80, 146), (8, 136), (19, 136), (8, 145), (19, 145), (11, 150), (34, 63), (51, 97), (145, 150), (66, 95), (26, 31), (24, 98), (7, 27), (35, 98), (66, 113), (51, 124), (24, 116), (35, 116), (55, 94), (8, 19), (89, 105), (100, 102), (11, 24), (92, 98), (38, 136), (92, 116), (26, 143), (38, 145), (50, 110), (80, 123), (100, 129), (21, 83), (80, 132), (21, 92), (27, 135), (80, 150), (8, 131), (19, 131), (50, 146), (11, 136), (51, 83), (11, 145), (51, 92), (24, 84), (35, 84), (55, 62), (51, 110), (24, 93), (35, 93), (26, 35), (24, 102), (7, 31), (35, 102), (55, 80), (34, 143), (55, 89), (55, 98), (11, 19), (92, 93), (21, 51), (80, 100), (92, 102), (38, 131), (80, 109), (100, 124), (50, 105), (113, 143), (21, 78), (7, 143), (92, 129), (21, 87), (50, 123), (80, 136), (8, 117), (19, 117), (50, 132), (34, 35), (8, 135), (19, 135), (11, 131), (51, 78), (51, 87), (7, 8), (66, 94)]"
98,Anti-Plurality,ATVA_1,150,4,"{'B': 116, 'A': 113, 'D': 111, 'C': 110}","[0.58, 0.75, 1.0, 0.58, 1.0, 0.46, 0.75, 0.54, 1.0, 1.0, 0.75, 0.42, 0.58, 1.0, 1.0, 0.58, 1.0, 0.5, 0.58, 0.88, 0.67, 0.54, 0.58, 1.0, 1.0, 0.46, 0.79, 0.75, 0.54, 0.46, 0.54, 0.42, 1.0, 0.79, 0.58, 1.0, 1.0, 0.5, 1.0, 1.0, 0.58, 0.46, 0.54, 0.54, 0.58, 0.75, 0.5, 0.79, 0.58, 0.54, 0.54, 0.46, 1.0, 0.58, 0.54, 0.75, 0.88, 0.67, 0.88, 0.58, 0.88, 0.88, 1.0, 1.0, 0.46, 0.5, 0.58, 0.88, 0.88, 0.5, 0.75, 0.58, 0.67, 1.0, 1.0, 0.58, 0.75, 1.0, 0.5, 0.58, 0.58, 0.75, 0.58, 0.88, 0.5, 1.0, 0.58, 1.0, 0.5, 1.0, 0.54, 0.46, 1.0, 1.0, 0.58, 0.46, 0.58, 0.67, 0.5, 0.67, 0.58, 0.58, 1.0, 0.75, 0.75, 0.75, 1.0, 0.75, 0.75, 0.42, 0.5, 1.0, 0.88, 1.0, 0.54, 0.42, 1.0, 1.0, 1.0, 0.54, 0.58, 1.0, 0.67, 1.0, 1.0, 0.46, 0.58, 0.54, 1.0, 0.58, 0.88, 0.5, 0.42, 0.58, 1.0, 0.58, 0.75, 0.46, 0.54, 0.5, 0.88, 0.79, 0.54, 0.46, 0.79, 0.75, 0.58, 1.0, 0.75, 0.75]",107.22999999999999,"[22, 29, 31, 43, 44, 47, 51, 66, 89, 99, 115, 120, 132, 139]","[0.05, 0.04, 0.0, 0.06, 0.04, 0.09, 0.03, 0.07, 0.04, 0.01, 0.04, 0.1, 0.07, 0.01, 0.01, 0.07, 0.03, 0.08, 0.07, 0.01, 0.05, 0.07, 0.06, 0.03, 0.0, 0.09, 0.03, 0.03, 0.07, 0.09, 0.07, 0.1, 0.04, 0.03, 0.05, 0.01, 0.0, 0.08, 0.01, 0.03, 0.07, 0.09, 0.07, 0.07, 0.06, 0.04, 0.09, 0.03, 0.07, 0.07, 0.07, 0.09, 0.01, 0.07, 0.07, 0.03, 0.01, 0.05, 0.01, 0.06, 0.01, 0.01, 0.01, 0.03, 0.09, 0.09, 0.06, 0.01, 0.01, 0.08, 0.04, 0.05, 0.05, 0.01, 0.0, 0.07, 0.02, 0.03, 0.08, 0.05, 0.06, 0.03, 0.07, 0.01, 0.08, 0.03, 0.06, 0.01, 0.09, 0.04, 0.07, 0.09, 0.01, 0.03, 0.07, 0.09, 0.07, 0.05, 0.09, 0.05, 0.07, 0.05, 0.03, 0.02, 0.02, 0.02, 0.04, 0.03, 0.03, 0.1, 0.08, 0.03, 0.01, 0.01, 0.07, 0.1, 0.03, 0.0, 0.03, 0.07, 0.05, 0.03, 0.05, 0.03, 0.01, 0.09, 0.07, 0.07, 0.01, 0.06, 0.01, 0.09, 0.1, 0.06, 0.01, 0.07, 0.02, 0.09, 0.07, 0.08, 0.01, 0.03, 0.07, 0.09, 0.03, 0.03, 0.07, 0.04, 0.03, 0.04]",0.040000000000000036,"[(12, 123), (51, 105), (12, 132), (99, 100), (32, 110), (43, 110), (29, 32), (29, 41), (47, 89), (99, 136), (132, 133), (92, 106), (26, 133), (92, 115), (110, 123), (44, 47), (110, 132), (32, 92), (31, 95), (32, 60), (43, 60), (51, 73), (31, 104), (12, 100), (66, 89), (51, 100), (47, 66), (99, 104), (29, 54), (132, 137), (92, 110), (26, 137), (44, 51), (110, 136), (31, 81), (12, 77), (22, 23), (22, 32), (31, 99), (12, 95), (51, 77), (32, 73), (43, 73), (12, 104), (44, 136), (47, 52), (22, 126), (29, 31), (26, 105), (26, 123), (26, 132), (31, 67), (31, 76), (32, 41), (51, 54), (12, 81), (52, 126), (12, 99), (51, 81), (32, 77), (43, 77), (116, 147), (120, 126), (22, 139), (26, 100), (29, 44), (89, 147), (132, 136), (12, 58), (110, 126), (12, 67), (29, 147), (12, 76), (51, 58), (31, 89), (32, 54), (43, 54), (51, 67), (116, 133), (44, 126), (52, 139), (47, 51), (22, 116), (120, 139), (26, 95), (89, 133), (26, 104), (12, 44), (31, 66), (29, 133), (52, 98), (52, 116), (32, 58), (43, 58), (116, 137), (44, 139), (66, 136), (51, 147), (22, 120), (26, 81), (26, 99), (89, 137), (31, 43), (29, 110), (31, 52), (22, 51), (29, 137), (12, 66), (32, 44), (43, 44), (44, 98), (52, 120), (116, 123), (44, 116), (116, 132), (51, 133), (22, 106), (26, 67), (22, 115), (43, 147), (32, 147), (26, 76), (89, 123), (89, 132), (47, 126), (29, 105), (31, 47), (12, 43), (29, 123), (12, 52), (115, 126), (29, 132), (52, 106), (52, 115), (44, 120), (116, 136), (22, 92), (66, 126), (51, 137), (32, 133), (43, 133), (22, 110), (89, 100), (26, 89), (89, 136), (47, 139), (29, 100), (12, 29), (92, 147), (31, 51), (12, 47), (52, 92), (115, 139), (22, 60), (52, 110), (44, 106), (31, 136), (44, 115), (51, 123), (51, 132), (89, 95), (32, 137), (26, 66), (43, 137), (66, 139), (47, 98), (89, 104), (47, 116), (29, 77), (29, 95), (52, 60), (92, 133), (29, 104), (115, 116), (44, 92), (66, 98), (22, 73), (32, 105), (43, 105), (12, 136), (66, 116), (26, 43), (32, 123), (26, 52), (43, 123), (51, 136), (126, 139), (32, 132), (43, 132), (89, 99), (47, 120), (29, 81), (12, 19), (31, 32), (29, 99), (92, 137), (44, 60), (52, 73), (133, 147), (115, 120), (22, 41), (51, 95), (31, 126), (51, 104), (32, 100), (26, 29), (22, 77), (43, 100), (66, 120), (26, 47), (99, 126), (32, 136), (43, 136), (29, 58), (47, 106), (29, 67), (47, 115), (92, 105), (29, 76), (92, 123), (92, 132), (12, 23), (52, 77), (44, 73), (22, 54), (51, 99), (32, 95), (43, 95), (12, 126), (31, 139), (32, 104), (43, 104), (66, 106), (66, 115), (51, 126), (26, 51), (89, 98), (126, 147), (47, 92), (99, 139), (92, 100), (47, 110), (26, 136), (29, 89), (52, 54), (133, 137), (22, 31), (31, 98), (51, 76), (31, 116), (32, 81), (43, 81), (22, 58), (66, 92), (32, 99), (43, 99), (47, 60), (12, 139), (126, 133), (99, 116), (92, 95), (29, 66), (92, 104), (52, 58), (44, 54), (110, 139), (22, 26), (12, 89), (32, 67), (43, 67), (12, 98), (22, 44), (32, 76), (43, 76), (51, 89), (31, 120), (12, 116), (51, 98), (26, 32), (47, 73), (139, 147), (99, 120), (22, 147), (29, 43), (29, 52), (92, 99), (26, 126), (110, 116), (133, 136), (51, 66), (31, 106), (66, 73), (31, 115), (52, 147), (32, 89), (43, 89), (12, 120), (43, 98), (99, 106), (22, 133), (47, 77), (99, 115), (120, 147), (29, 47), (132, 139), (26, 139), (110, 120), (51, 52), (110, 147), (31, 92), (32, 66), (43, 66), (52, 133), (31, 110), (66, 77), (12, 106), (44, 147), (47, 54), (120, 133), (99, 110), (22, 137), (26, 98), (29, 51), (26, 116), (110, 115), (31, 60), (29, 136), (110, 133), (32, 43), (32, 52), (43, 52), (12, 92), (52, 137), (44, 133), (22, 105), (47, 58), (22, 123), (99, 105), (22, 132), (120, 137), (26, 120), (12, 51), (12, 60), (31, 73), (52, 105), (32, 47), (43, 47), (51, 60), (44, 110), (52, 123), (116, 126), (52, 132), (44, 137), (22, 100), (120, 123), (120, 132), (89, 126), (22, 136), (26, 106), (26, 115), (47, 147), (31, 41), (29, 126), (52, 100), (31, 77), (12, 73), (115, 147), (32, 51), (43, 51), (44, 105), (44, 123), (52, 136), (116, 139), (44, 132), (22, 95), (22, 104), (66, 147), (120, 136), (26, 92), (89, 139), (47, 133), (26, 110), (12, 32), (12, 41), (31, 54), (52, 95), (115, 133), (29, 139), (52, 104), (44, 100), (22, 81), (22, 99), (66, 133), (26, 60), (89, 116), (47, 137), (29, 98), (92, 136), (29, 116), (52, 81), (31, 58), (44, 77), (12, 54), (52, 99), (115, 137), (44, 95), (44, 104), (22, 67), (116, 120), (22, 76), (66, 110), (32, 126), (43, 126), (51, 139), (66, 137), (26, 73), (47, 105), (89, 120), (47, 123), (12, 13), (47, 132), (12, 22), (12, 31), (52, 67), (31, 44), (52, 76), (29, 120), (115, 123), (44, 81), (115, 132), (44, 99), (66, 105), (51, 116), (31, 147), (26, 41), (22, 89), (66, 123), (22, 98), (126, 137), (66, 132), (32, 139), (43, 139), (89, 106), (47, 100), (26, 77), (89, 115), (99, 147), (92, 126), (47, 136), (12, 26), (44, 58), (29, 106), (44, 67), (29, 115), (44, 76), (52, 89), (115, 136), (22, 66), (31, 133), (32, 98), (66, 100), (51, 120), (32, 116), (43, 116), (12, 147), (126, 132), (26, 54), (89, 92), (47, 95), (99, 133), (89, 110), (47, 104), (29, 92), (12, 21), (92, 139), (52, 66), (22, 43), (44, 89), (22, 52), (12, 115), (66, 95), (51, 106), (31, 137), (66, 104), (26, 31), (12, 133), (51, 115), (32, 120), (43, 120), (126, 136), (47, 81), (26, 58), (89, 105), (47, 99), (99, 137), (29, 60), (92, 98), (92, 116), (44, 66), (22, 29), (31, 105), (22, 47), (66, 81), (12, 110), (51, 92), (31, 123), (31, 132), (66, 99), (51, 110), (32, 106), (43, 106), (12, 137), (47, 67), (32, 115), (26, 44), (43, 115), (47, 76), (99, 123), (99, 132), (29, 73), (132, 147), (92, 120), (26, 147), (44, 52), (110, 137), (133, 139), (31, 100), (66, 67), (66, 76), (12, 105), (43, 92)]"
99,Anti-Plurality,ATVA_1,150,4,"{'A': 117, 'C': 114, 'D': 110, 'B': 109}","[1.0, 0.54, 1.0, 1.0, 1.0, 0.79, 0.5, 0.75, 0.58, 0.88, 0.42, 0.54, 1.0, 1.0, 0.58, 0.58, 0.58, 0.46, 0.75, 0.5, 1.0, 0.75, 0.46, 0.75, 1.0, 1.0, 1.0, 0.88, 0.46, 0.58, 0.58, 0.58, 0.5, 0.75, 0.58, 0.46, 1.0, 1.0, 0.67, 1.0, 0.75, 0.67, 1.0, 0.67, 0.75, 1.0, 1.0, 1.0, 0.54, 0.5, 0.75, 1.0, 0.46, 0.54, 0.58, 1.0, 1.0, 0.75, 0.79, 1.0, 0.75, 0.75, 1.0, 0.58, 0.58, 0.58, 1.0, 0.5, 1.0, 0.75, 0.75, 0.42, 0.46, 0.88, 1.0, 0.58, 0.75, 0.58, 1.0, 0.79, 0.58, 0.58, 0.75, 0.58, 0.75, 0.58, 1.0, 0.58, 0.75, 0.58, 1.0, 0.75, 1.0, 1.0, 0.67, 0.79, 0.79, 0.75, 0.54, 0.42, 0.75, 0.46, 0.5, 1.0, 1.0, 0.58, 0.58, 0.46, 1.0, 0.58, 0.54, 0.58, 1.0, 0.75, 0.88, 0.58, 1.0, 1.0, 0.5, 0.58, 1.0, 0.75, 0.54, 0.75, 1.0, 0.75, 0.58, 0.54, 1.0, 0.58, 0.54, 0.58, 0.58, 1.0, 0.46, 0.58, 0.46, 0.58, 1.0, 0.58, 0.58, 0.46, 0.42, 0.58, 0.58, 0.42, 0.46, 0.79, 1.0, 1.0]",108.8,"[7, 20, 49, 50, 54, 103, 111, 128]","[0.01, 0.07, 0.04, 0.03, 0.04, 0.03, 0.09, 0.04, 0.07, 0.01, 0.1, 0.07, 0.03, 0.03, 0.07, 0.06, 0.07, 0.09, 0.04, 0.09, 0.01, 0.04, 0.09, 0.04, 0.01, 0.03, 0.0, 0.01, 0.09, 0.05, 0.05, 0.06, 0.08, 0.04, 0.06, 0.09, 0.03, 0.03, 0.05, 0.03, 0.03, 0.05, 0.03, 0.05, 0.03, 0.0, 0.03, 0.01, 0.07, 0.09, 0.02, 0.03, 0.09, 0.07, 0.07, 0.0, 0.0, 0.02, 0.03, 0.01, 0.03, 0.02, 0.0, 0.06, 0.07, 0.06, 0.01, 0.08, 0.04, 0.04, 0.04, 0.1, 0.09, 0.01, 0.01, 0.06, 0.02, 0.06, 0.03, 0.03, 0.07, 0.07, 0.04, 0.07, 0.03, 0.07, 0.03, 0.05, 0.02, 0.06, 0.01, 0.04, 0.03, 0.01, 0.05, 0.03, 0.03, 0.04, 0.07, 0.1, 0.03, 0.09, 0.09, 0.04, 0.03, 0.07, 0.06, 0.09, 0.04, 0.05, 0.07, 0.07, 0.01, 0.04, 0.01, 0.05, 0.0, 0.03, 0.08, 0.06, 0.01, 0.02, 0.07, 0.02, 0.04, 0.02, 0.07, 0.07, 0.03, 0.06, 0.07, 0.07, 0.07, 0.04, 0.09, 0.06, 0.09, 0.07, 0.0, 0.07, 0.05, 0.09, 0.1, 0.07, 0.07, 0.1, 0.09, 0.03, 0.03, 0.03]",0.040000000000000036,"[(103, 143), (23, 132), (53, 133), (72, 146), (18, 44), (29, 50), (11, 23), (49, 126), (49, 135), (50, 100), (49, 144), (7, 138), (18, 138), (7, 147), (18, 147), (50, 127), (11, 108), (20, 86), (20, 95), (11, 126), (103, 111), (11, 135), (23, 100), (103, 120), (11, 144), (20, 122), (103, 138), (72, 132), (23, 127), (53, 128), (128, 140), (53, 146), (49, 103), (29, 54), (50, 86), (50, 95), (7, 124), (18, 124), (7, 133), (18, 133), (20, 72), (50, 122), (11, 103), (23, 77), (23, 86), (23, 95), (20, 108), (103, 124), (103, 133), (72, 127), (72, 136), (53, 132), (128, 135), (72, 145), (128, 144), (50, 72), (29, 49), (7, 128), (18, 128), (50, 108), (11, 89), (7, 146), (18, 146), (20, 76), (54, 78), (29, 143), (23, 72), (72, 95), (143, 146), (20, 103), (53, 100), (23, 108), (72, 122), (108, 143), (7, 11), (53, 127), (53, 136), (49, 84), (50, 58), (29, 44), (49, 111), (50, 76), (49, 120), (20, 53), (11, 84), (7, 132), (18, 132), (20, 62), (54, 64), (23, 58), (146, 147), (29, 138), (11, 111), (23, 76), (29, 147), (20, 89), (11, 120), (53, 86), (53, 95), (72, 108), (135, 146), (108, 138), (72, 126), (108, 147), (53, 122), (128, 143), (50, 53), (50, 62), (7, 100), (18, 100), (20, 39), (50, 89), (7, 127), (18, 127), (29, 124), (23, 53), (20, 66), (29, 133), (23, 62), (72, 76), (23, 89), (143, 145), (72, 103), (108, 124), (108, 133), (53, 108), (128, 138), (7, 77), (18, 77), (7, 86), (18, 86), (50, 66), (7, 95), (18, 95), (23, 39), (29, 128), (23, 66), (29, 146), (53, 76), (72, 89), (135, 136), (135, 145), (108, 128), (53, 103), (49, 51), (108, 146), (49, 78), (7, 72), (18, 72), (11, 51), (100, 138), (20, 29), (18, 108), (100, 147), (111, 147), (11, 78), (29, 132), (53, 62), (72, 84), (53, 89), (54, 143), (135, 140), (108, 132), (49, 64), (7, 58), (18, 58), (7, 76), (18, 76), (100, 133), (111, 133), (11, 64), (23, 29), (29, 100), (20, 42), (20, 51), (29, 127), (53, 66), (20, 136), (53, 84), (54, 138), (20, 145), (54, 147), (108, 127), (49, 50), (108, 136), (7, 44), (7, 53), (18, 53), (7, 62), (18, 62), (50, 51), (29, 77), (18, 89), (100, 128), (111, 128), (11, 50), (29, 86), (29, 95), (100, 146), (111, 146), (50, 136), (23, 42), (50, 145), (54, 124), (54, 133), (103, 147), (20, 140), (23, 136), (108, 122), (23, 145), (7, 39), (18, 39), (49, 54), (11, 18), (7, 66), (18, 66), (29, 72), (100, 132), (20, 23), (111, 132), (11, 54), (29, 108), (50, 140), (20, 126), (54, 128), (23, 122), (20, 135), (20, 144), (54, 146), (23, 140), (29, 58), (29, 76), (49, 143), (100, 127), (111, 127), (11, 49), (100, 136), (111, 136), (50, 126), (50, 135), (50, 144), (11, 143), (103, 128), (54, 132), (23, 126), (103, 146), (7, 20), (18, 20), (72, 140), (23, 135), (7, 29), (18, 29), (23, 144), (53, 145), (29, 53), (29, 62), (49, 138), (50, 103), (100, 122), (111, 122), (49, 147), (29, 89), (54, 100), (11, 138), (23, 103), (11, 147), (103, 132), (54, 127), (72, 135), (72, 144), (53, 140), (7, 42), (18, 42), (29, 39), (49, 124), (100, 108), (29, 66), (49, 133), (7, 136), (18, 136), (7, 145), (18, 145), (54, 77), (20, 84), (54, 86), (54, 95), (11, 124), (11, 133), (20, 111), (103, 127), (20, 120), (103, 136), (103, 145), (53, 126), (53, 135), (53, 144), (128, 147), (100, 103), (50, 84), (49, 128), (7, 122), (18, 122), (49, 146), (50, 111), (7, 140), (18, 140), (54, 72), (50, 120), (23, 84), (11, 128), (54, 108), (103, 122), (23, 111), (23, 120), (7, 23), (18, 23), (72, 143), (128, 133), (7, 108), (49, 132), (7, 126), (18, 126), (54, 58), (7, 135), (18, 135), (7, 144), (18, 144), (54, 76), (103, 108), (143, 144), (11, 132), (72, 111), (103, 126), (72, 120), (7, 9), (72, 138), (53, 143), (128, 146), (49, 100), (29, 42), (7, 103), (18, 103), (29, 51), (49, 127), (54, 62), (11, 100), (29, 136), (20, 78), (29, 145), (54, 89), (135, 144), (53, 111), (72, 124), (108, 145), (53, 120), (128, 132), (49, 77), (49, 86), (49, 95), (7, 89), (50, 78), (11, 77), (11, 86), (23, 51), (29, 122), (20, 64), (54, 66), (11, 95), (29, 140), (23, 78), (108, 140), (53, 124), (49, 72), (128, 136), (128, 145), (7, 84), (18, 84), (50, 64), (49, 108), (7, 111), (18, 111), (11, 72), (7, 120), (18, 120), (20, 50), (29, 126), (29, 135), (23, 64), (20, 77), (72, 78), (29, 144), (143, 147), (135, 143), (108, 126), (108, 135), (49, 58), (108, 144), (49, 76), (50, 77), (11, 58), (100, 145), (111, 145), (29, 103), (11, 76), (20, 54), (23, 50), (53, 78), (72, 100), (135, 138), (135, 147), (49, 53), (49, 62), (49, 89), (50, 54), (11, 44), (11, 53), (100, 140), (111, 140), (11, 62), (20, 49), (20, 58), (23, 54), (53, 64), (72, 77), (72, 86), (54, 136), (20, 143), (54, 145), (7, 51), (18, 51), (49, 66), (7, 78), (18, 78), (11, 39), (100, 126), (111, 126), (29, 84), (100, 135), (111, 135), (100, 144), (111, 144), (11, 66), (20, 44), (29, 111), (50, 143), (29, 120), (23, 49), (54, 122), (53, 77), (108, 111), (20, 138), (54, 140), (108, 120), (20, 147), (23, 143), (7, 64), (18, 64), (50, 138), (23, 44), (50, 147), (53, 54), (11, 146), (20, 124), (53, 72), (54, 126), (103, 140), (20, 133), (54, 135), (54, 144), (23, 138), (23, 147), (7, 50), (18, 50), (11, 20), (11, 29), (100, 143), (50, 124), (111, 143), (50, 133), (54, 103), (53, 58), (103, 135), (20, 128), (23, 124), (103, 144), (7, 18), (23, 133), (20, 146), (72, 147), (7, 54), (18, 54), (100, 111), (49, 136), (100, 120), (111, 120), (11, 42), (29, 78), (49, 145), (111, 138), (50, 128), (50, 146), (11, 127), (11, 136), (11, 145), (20, 132), (72, 133), (23, 128), (53, 138), (23, 146), (53, 147), (7, 49), (18, 49), (49, 122), (29, 64), (49, 140), (100, 124), (111, 124), (7, 143), (18, 143), (54, 84), (50, 132), (11, 122), (20, 100), (54, 111), (11, 140), (54, 120), (20, 127), (72, 128)]"
100,Anti-Plurality,ATVA_2,150,4,"{'C': 117, 'B': 113, 'A': 112, 'D': 108}","[0.88, 0.75, 0.79, 0.5, 0.5, 0.58, 0.54, 1.0, 0.46, 0.58, 0.75, 0.58, 0.88, 0.46, 0.75, 0.46, 0.88, 0.58, 1.0, 0.75, 0.58, 0.88, 1.0, 0.54, 0.58, 0.46, 0.58, 1.0, 1.0, 0.75, 0.75, 1.0, 0.46, 0.58, 0.75, 1.0, 0.75, 0.88, 1.0, 0.54, 0.75, 1.0, 0.58, 0.58, 0.58, 1.0, 1.0, 0.54, 0.58, 1.0, 0.58, 0.54, 1.0, 1.0, 0.58, 0.58, 0.46, 1.0, 0.67, 0.67, 1.0, 1.0, 0.58, 1.0, 0.75, 0.46, 0.58, 0.58, 0.58, 0.58, 0.5, 0.54, 0.75, 0.58, 1.0, 0.67, 0.79, 0.75, 0.75, 0.54, 0.54, 0.54, 0.58, 1.0, 0.79, 1.0, 0.75, 0.75, 0.42, 0.58, 0.67, 0.58, 0.58, 1.0, 0.46, 0.5, 1.0, 0.58, 0.5, 0.46, 1.0, 0.75, 0.58, 0.75, 0.5, 0.75, 0.58, 0.58, 0.54, 0.58, 0.42, 0.75, 0.58, 0.58, 0.54, 0.88, 1.0, 1.0, 0.58, 0.75, 0.42, 0.88, 0.58, 0.46, 0.58, 1.0, 0.58, 0.54, 0.54, 1.0, 0.5, 0.75, 0.5, 1.0, 0.5, 0.5, 0.58, 0.58, 0.58, 1.0, 0.75, 0.75, 0.5, 0.75, 0.54, 0.5, 0.58, 0.58, 0.5, 0.58]",103.49000000000001,"[2, 1]","[0.01, 0.03, 0.03, 0.09, 0.08, 0.07, 0.07, 0.01, 0.09, 0.07, 0.03, 0.07, 0.01, 0.09, 0.02, 0.09, 0.01, 0.06, 0.03, 0.04, 0.06, 0.01, 0.03, 0.07, 0.07, 0.09, 0.07, 0.0, 0.03, 0.03, 0.03, 0.01, 0.09, 0.07, 0.02, 0.0, 0.04, 0.01, 0.0, 0.07, 0.04, 0.04, 0.07, 0.07, 0.06, 0.03, 0.01, 0.07, 0.07, 0.04, 0.06, 0.07, 0.03, 0.01, 0.07, 0.07, 0.09, 0.01, 0.05, 0.05, 0.0, 0.01, 0.05, 0.01, 0.03, 0.09, 0.06, 0.05, 0.07, 0.07, 0.08, 0.07, 0.04, 0.07, 0.01, 0.05, 0.03, 0.03, 0.03, 0.07, 0.07, 0.07, 0.07, 0.03, 0.03, 0.0, 0.02, 0.02, 0.1, 0.05, 0.05, 0.07, 0.07, 0.0, 0.09, 0.08, 0.03, 0.06, 0.09, 0.09, 0.0, 0.02, 0.07, 0.04, 0.08, 0.02, 0.06, 0.05, 0.07, 0.07, 0.1, 0.03, 0.06, 0.07, 0.07, 0.01, 0.03, 0.01, 0.06, 0.04, 0.1, 0.01, 0.05, 0.09, 0.06, 0.0, 0.06, 0.07, 0.07, 0.0, 0.09, 0.03, 0.08, 0.03, 0.09, 0.08, 0.05, 0.07, 0.05, 0.03, 0.04, 0.03, 0.08, 0.03, 0.07, 0.08, 0.07, 0.07, 0.08, 0.06]",0.13,"[2, 1]"
101,Anti-Plurality,ATVA_3,150,4,"{'C': 43, 'B': 40, 'D': 40, 'A': 27}","[0.46, 0.5, 1.0, 0.75, 0.75, 0.54, 1.0, 0.58, 0.75, 0.54, 0.75, 0.75, 0.79, 1.0, 1.0, 0.75, 1.0, 0.46, 1.0, 0.42, 0.42, 1.0, 0.58, 1.0, 0.5, 1.0, 0.75, 0.54, 0.75, 0.46, 0.46, 0.58, 0.58, 0.58, 0.58, 1.0, 0.67, 0.46, 0.5, 1.0, 1.0, 0.79, 1.0, 0.88, 1.0, 1.0, 0.58, 0.58, 1.0, 0.75, 0.46, 1.0, 0.75, 0.54, 0.75, 0.75, 0.58, 0.42, 0.58, 0.67, 0.58, 0.54, 0.58, 0.79, 1.0, 1.0, 1.0, 0.46, 1.0, 1.0, 0.46, 0.54, 0.75, 0.54, 0.58, 0.5, 0.46, 1.0, 0.88, 0.46, 1.0, 0.79, 0.58, 0.54, 0.58, 0.54, 1.0, 0.79, 0.54, 1.0, 0.75, 1.0, 0.58, 0.46, 1.0, 0.5, 0.75, 0.58, 1.0, 0.75, 0.58, 1.0, 1.0, 0.54, 1.0, 0.58, 0.58, 1.0, 1.0, 0.75, 0.75, 0.58, 0.58, 0.42, 1.0, 0.58, 0.54, 0.46, 0.58, 0.88, 1.0, 0.58, 1.0, 1.0, 0.46, 0.46, 0.88, 1.0, 0.67, 0.46, 0.58, 0.46, 0.58, 0.46, 0.46, 0.58, 0.79, 0.75, 1.0, 0.54, 0.88, 1.0, 0.58, 1.0, 0.88, 0.58, 1.0, 0.46, 0.5, 0.75]",107.87,"[1, 2, 8, 13, 18, 20, 21, 23, 25, 27, 30, 31, 32, 33, 34, 37, 38, 39, 42, 44, 48, 51, 55, 56, 58, 59, 60, 61, 62, 63, 64, 68, 71, 72, 74, 76, 77, 79, 80, 82, 85, 88, 89, 96, 98, 104, 106, 111, 114, 117, 118, 120, 122, 125, 127, 129, 130, 132, 135, 136, 137, 140, 141, 143, 145, 146, 148, 149]","[0.05, 0.02, 0.03, 0.09, 0.05, 0.09, 0.03, 0.06, 0.03, 0.06, 0.08, 0.03, 0.06, 0.03, 0.01, 0.09, 0.04, 0.05, 0.04, 0.03, 0.05, 0.01, 0.02, 0.04, 0.09, 0.01, 0.07, 0.06, 0.08, 0.07, 0.05, 0.09, 0.07, 0.05, 0.01, 0.01, 0.07, 0.09, 0.02, 0.04, 0.03, 0.07, 0.03, 0.1, 0.03, 0.04, 0.08, 0.05, 0.04, 0.08, 0.09, 0.03, 0.03, 0.09, 0.09, 0.06, 0.09, 0.05, 0.05, 0.1, 0.05, 0.08, 0.05, 0.07, 0.03, 0.03, 0.0, 0.02, 0.01, 0.01, 0.08, 0.02, 0.04, 0.07, 0.03, 0.05, 0.08, 0.01, 0.07, 0.05, 0.01, 0.09, 0.01, 0.09, 0.1, 0.01, 0.04, 0.06, 0.02, 0.04, 0.09, 0.04, 0.07, 0.07, 0.03, 0.08, 0.07, 0.02, 0.01, 0.05, 0.06, 0.03, 0.04, 0.08, 0.03, 0.05, 0.07, 0.03, 0.03, 0.08, 0.07, 0.03, 0.08, 0.07, 0.04, 0.08, 0.05, 0.05, 0.06, 0.07, 0.03, 0.06, 0.01, 0.03, 0.08, 0.07, 0.07, 0.03, 0.07, 0.02, 0.08, 0.05, 0.07, 0.07, 0.05, 0.06, 0.07, 0.07, 0.04, 0.05, 0.06, 0.04, 0.09, 0.03, 0.09, 0.1, 0.04, 0.09, 0.02, 0.07]",0,
102,Anti-Plurality,ATVA_3,150,4,"{'B': 47, 'C': 40, 'A': 35, 'D': 28}","[0.46, 0.58, 0.46, 0.5, 0.5, 0.54, 0.67, 1.0, 1.0, 1.0, 0.54, 1.0, 1.0, 1.0, 0.58, 0.46, 1.0, 1.0, 0.75, 1.0, 0.58, 0.67, 0.88, 0.5, 1.0, 0.46, 0.67, 0.54, 0.5, 1.0, 0.88, 0.58, 0.58, 0.75, 0.88, 1.0, 0.46, 0.67, 0.58, 1.0, 0.58, 1.0, 0.5, 0.75, 0.42, 0.58, 0.88, 1.0, 1.0, 0.88, 0.75, 1.0, 0.75, 0.75, 0.5, 0.88, 0.54, 1.0, 0.5, 0.46, 0.46, 1.0, 1.0, 0.75, 1.0, 1.0, 1.0, 1.0, 1.0, 0.5, 1.0, 0.67, 1.0, 0.5, 0.58, 0.75, 0.58, 0.75, 0.88, 0.79, 0.5, 0.54, 0.88, 0.54, 0.75, 0.75, 0.75, 0.5, 0.67, 1.0, 0.58, 0.58, 0.67, 0.46, 0.88, 0.54, 0.58, 1.0, 0.46, 1.0, 0.58, 0.58, 0.5, 0.5, 0.88, 1.0, 1.0, 0.54, 1.0, 1.0, 1.0, 0.54, 0.46, 0.67, 1.0, 0.58, 0.54, 1.0, 0.46, 0.5, 0.75, 0.58, 0.88, 0.79, 0.58, 1.0, 0.75, 0.5, 1.0, 0.5, 0.58, 0.58, 0.58, 1.0, 1.0, 0.58, 0.54, 1.0, 0.58, 0.67, 1.0, 1.0, 0.58, 1.0, 0.79, 0.46, 1.0, 0.75, 1.0, 0.75]",110.88,"[1, 3, 5, 7, 16, 21, 22, 23, 24, 26, 27, 28, 29, 31, 35, 37, 38, 43, 45, 46, 47, 50, 55, 56, 59, 60, 61, 72, 74, 75, 78, 79, 80, 81, 83, 84, 87, 88, 89, 91, 92, 93, 94, 95, 97, 99, 101, 102, 103, 104, 105, 108, 112, 113, 114, 117, 119, 120, 122, 123, 124, 128, 132, 133, 136, 140, 145, 146, 148]","[0.07, 0.07, 0.1, 0.07, 0.01, 0.02, 0.08, 0.01, 0.03, 0.0, 0.1, 0.0, 0.04, 0.01, 0.09, 0.09, 0.0, 0.01, 0.06, 0.03, 0.03, 0.04, 0.07, 0.09, 0.03, 0.03, 0.09, 0.09, 0.01, 0.01, 0.09, 0.09, 0.1, 0.01, 0.03, 0.03, 0.06, 0.03, 0.07, 0.01, 0.09, 0.0, 0.01, 0.06, 0.1, 0.03, 0.05, 0.03, 0.04, 0.03, 0.02, 0.01, 0.07, 0.01, 0.03, 0.03, 0.07, 0.01, 0.02, 0.03, 0.09, 0.01, 0.03, 0.07, 0.03, 0.01, 0.0, 0.0, 0.04, 0.05, 0.0, 0.09, 0.01, 0.06, 0.05, 0.05, 0.1, 0.05, 0.07, 0.05, 0.03, 0.07, 0.04, 0.03, 0.06, 0.07, 0.04, 0.01, 0.03, 0.01, 0.03, 0.04, 0.08, 0.1, 0.05, 0.1, 0.09, 0.01, 0.07, 0.03, 0.03, 0.01, 0.07, 0.06, 0.07, 0.03, 0.04, 0.06, 0.01, 0.0, 0.01, 0.03, 0.06, 0.05, 0.03, 0.07, 0.03, 0.03, 0.01, 0.09, 0.01, 0.05, 0.05, 0.05, 0.06, 0.03, 0.02, 0.06, 0.01, 0.07, 0.07, 0.05, 0.03, 0.01, 0.01, 0.05, 0.1, 0.01, 0.07, 0.08, 0.0, 0.0, 0.09, 0.03, 0.03, 0.09, 0.01, 0.05, 0.03, 0.03]",0.11999999999999994,
103,Anti-Plurality,ATVA_3,150,4,"{'D': 43, 'A': 38, 'C': 35, 'B': 34}","[0.58, 0.67, 0.75, 0.88, 0.88, 0.75, 0.79, 1.0, 1.0, 0.75, 0.46, 0.79, 0.58, 0.58, 0.54, 0.88, 0.46, 0.58, 0.58, 0.88, 0.58, 1.0, 1.0, 1.0, 0.5, 0.5, 1.0, 1.0, 1.0, 1.0, 0.5, 0.75, 0.75, 1.0, 0.58, 0.75, 0.75, 0.58, 0.75, 0.54, 0.58, 0.75, 0.54, 1.0, 0.58, 1.0, 0.58, 1.0, 0.88, 0.75, 1.0, 1.0, 0.88, 0.42, 0.46, 1.0, 0.67, 0.58, 0.58, 0.46, 1.0, 0.42, 0.42, 0.46, 0.79, 0.67, 0.58, 0.54, 1.0, 0.75, 0.5, 0.67, 0.5, 0.88, 0.58, 0.58, 0.5, 0.75, 0.75, 0.54, 0.58, 1.0, 1.0, 0.58, 0.46, 0.88, 0.5, 0.46, 1.0, 0.5, 0.67, 0.58, 0.75, 0.67, 0.5, 0.54, 0.54, 0.5, 1.0, 0.58, 1.0, 1.0, 0.54, 0.54, 1.0, 0.75, 1.0, 0.42, 0.42, 0.58, 1.0, 0.58, 1.0, 0.88, 0.42, 0.79, 0.79, 0.58, 0.54, 0.46, 0.46, 0.79, 1.0, 1.0, 0.54, 1.0, 0.5, 0.54, 0.5, 1.0, 0.67, 0.75, 0.67, 0.46, 0.58, 0.67, 0.42, 1.0, 0.75, 0.5, 0.67, 0.75, 0.58, 0.46, 0.79, 0.54, 1.0, 0.75, 1.0, 0.54]",105.96000000000001,"[1, 2, 4, 5, 7, 11, 12, 13, 14, 15, 16, 17, 18, 20, 21, 25, 26, 31, 32, 33, 35, 39, 40, 41, 45, 47, 49, 53, 54, 55, 57, 59, 62, 63, 64, 65, 66, 67, 68, 70, 71, 72, 73, 74, 75, 77, 80, 81, 84, 85, 86, 87, 88, 90, 91, 92, 94, 95, 96, 100, 103, 104, 108, 109, 112, 114, 115, 116, 117, 119, 120, 121, 122, 127, 128, 129, 131, 132, 133, 135, 136, 137, 140, 141, 144, 145, 150]","[0.1, 0.01, 0.01, 0.05, 0.06, 0.01, 0.07, 0.03, 0.03, 0.01, 0.01, 0.05, 0.07, 0.1, 0.1, 0.02, 0.01, 0.09, 0.0, 0.06, 0.07, 0.03, 0.07, 0.07, 0.01, 0.03, 0.09, 0.07, 0.09, 0.09, 0.07, 0.03, 0.06, 0.03, 0.09, 0.01, 0.01, 0.03, 0.02, 0.09, 0.07, 0.03, 0.01, 0.08, 0.09, 0.03, 0.07, 0.03, 0.05, 0.01, 0.07, 0.09, 0.01, 0.09, 0.09, 0.09, 0.07, 0.03, 0.05, 0.01, 0.08, 0.09, 0.09, 0.09, 0.06, 0.06, 0.01, 0.1, 0.03, 0.05, 0.01, 0.01, 0.0, 0.05, 0.09, 0.01, 0.03, 0.0, 0.0, 0.09, 0.07, 0.08, 0.07, 0.02, 0.01, 0.05, 0.1, 0.09, 0.04, 0.03, 0.06, 0.06, 0.01, 0.02, 0.01, 0.03, 0.0, 0.03, 0.07, 0.07, 0.09, 0.07, 0.07, 0.01, 0.09, 0.03, 0.07, 0.07, 0.07, 0.01, 0.07, 0.1, 0.05, 0.07, 0.09, 0.02, 0.07, 0.09, 0.03, 0.01, 0.07, 0.02, 0.09, 0.04, 0.01, 0.07, 0.03, 0.07, 0.01, 0.09, 0.07, 0.01, 0.07, 0.01, 0.09, 0.02, 0.1, 0.07, 0.03, 0.09, 0.06, 0.01, 0.01, 0.06, 0.02, 0.03, 0.07, 0.0, 0.04, 0.09]",0,
104,Anti-Plurality,ATVA_3,150,4,"{'A': 45, 'B': 41, 'C': 33, 'D': 31}","[0.67, 0.5, 1.0, 0.75, 0.46, 0.54, 0.79, 0.5, 0.5, 1.0, 0.58, 0.54, 0.75, 0.58, 1.0, 0.58, 1.0, 0.79, 1.0, 0.75, 0.54, 0.58, 1.0, 0.88, 0.5, 0.42, 0.58, 0.58, 0.58, 0.5, 0.75, 1.0, 1.0, 0.79, 0.46, 0.5, 0.58, 1.0, 0.58, 0.42, 0.5, 0.75, 0.75, 1.0, 0.46, 0.46, 1.0, 0.67, 0.5, 1.0, 1.0, 0.46, 0.46, 0.42, 0.75, 0.88, 0.5, 0.46, 0.58, 0.54, 1.0, 1.0, 0.75, 0.46, 1.0, 0.75, 1.0, 1.0, 1.0, 1.0, 0.58, 0.5, 0.58, 0.75, 0.75, 0.54, 0.54, 1.0, 0.58, 0.58, 0.75, 0.75, 0.58, 0.75, 1.0, 0.58, 0.46, 0.79, 1.0, 1.0, 0.58, 1.0, 1.0, 0.5, 1.0, 0.5, 1.0, 0.58, 1.0, 0.5, 1.0, 0.54, 0.58, 1.0, 0.58, 0.88, 0.75, 1.0, 0.58, 0.88, 0.75, 0.58, 1.0, 0.58, 0.79, 1.0, 0.75, 0.58, 0.75, 1.0, 1.0, 0.46, 0.42, 1.0, 1.0, 0.58, 0.58, 1.0, 0.42, 0.75, 0.58, 0.58, 0.58, 0.79, 0.46, 1.0, 0.54, 0.54, 0.88, 0.75, 0.5, 0.58, 0.88, 1.0, 0.54, 0.42, 0.67, 0.46, 0.79, 0.58]",107.24000000000001,"[1, 2, 5, 8, 9, 11, 12, 14, 16, 25, 26, 27, 29, 30, 36, 37, 39, 40, 41, 45, 46, 49, 52, 53, 54, 57, 58, 59, 60, 64, 71, 72, 77, 79, 80, 83, 87, 91, 94, 96, 98, 100, 102, 103, 105, 109, 114, 118, 122, 123, 127, 129, 131, 132, 133, 135, 138, 141, 145, 146, 148, 150]","[0.03, 0.03, 0.01, 0.09, 0.01, 0.07, 0.04, 0.03, 0.0, 0.02, 0.04, 0.0, 0.07, 0.03, 0.03, 0.03, 0.02, 0.05, 0.02, 0.1, 0.07, 0.05, 0.02, 0.03, 0.07, 0.0, 0.03, 0.09, 0.03, 0.06, 0.08, 0.01, 0.03, 0.03, 0.1, 0.01, 0.0, 0.01, 0.04, 0.0, 0.01, 0.09, 0.07, 0.06, 0.03, 0.0, 0.02, 0.05, 0.03, 0.01, 0.01, 0.04, 0.03, 0.03, 0.06, 0.04, 0.07, 0.01, 0.0, 0.06, 0.06, 0.02, 0.06, 0.03, 0.02, 0.03, 0.01, 0.05, 0.05, 0.06, 0.01, 0.0, 0.05, 0.07, 0.07, 0.09, 0.01, 0.05, 0.01, 0.03, 0.09, 0.09, 0.03, 0.06, 0.03, 0.08, 0.0, 0.04, 0.01, 0.03, 0.01, 0.01, 0.07, 0.07, 0.01, 0.07, 0.03, 0.01, 0.01, 0.0, 0.01, 0.0, 0.0, 0.05, 0.03, 0.03, 0.06, 0.01, 0.01, 0.04, 0.03, 0.06, 0.07, 0.01, 0.09, 0.02, 0.03, 0.01, 0.03, 0.02, 0.02, 0.03, 0.01, 0.03, 0.05, 0.05, 0.01, 0.05, 0.0, 0.09, 0.03, 0.01, 0.04, 0.08, 0.07, 0.01, 0.09, 0.01, 0.05, 0.06, 0.07, 0.07, 0.04, 0.02, 0.01, 0.01, 0.07, 0.07, 0.03, 0.03]",0,
105,Anti-Plurality,ATVA_3,150,4,"{'C': 44, 'B': 41, 'D': 36, 'A': 29}","[0.5, 1.0, 0.54, 0.88, 0.58, 0.5, 0.46, 0.58, 0.67, 0.54, 0.75, 1.0, 0.75, 1.0, 0.46, 0.75, 1.0, 0.75, 0.42, 1.0, 1.0, 0.75, 0.46, 1.0, 1.0, 0.58, 0.58, 0.54, 0.58, 0.42, 0.58, 1.0, 1.0, 0.67, 0.75, 1.0, 1.0, 0.54, 1.0, 0.58, 0.54, 0.5, 1.0, 0.46, 0.58, 0.75, 0.5, 0.54, 0.58, 1.0, 1.0, 0.58, 0.58, 0.46, 0.46, 1.0, 0.75, 0.58, 0.58, 1.0, 0.5, 0.75, 0.58, 0.75, 0.75, 0.46, 0.46, 0.46, 0.42, 1.0, 0.58, 1.0, 1.0, 1.0, 0.75, 0.46, 0.5, 1.0, 0.42, 0.75, 0.79, 1.0, 1.0, 1.0, 0.79, 1.0, 1.0, 0.58, 1.0, 0.58, 1.0, 0.54, 1.0, 0.58, 0.58, 0.46, 0.58, 0.75, 0.54, 1.0, 1.0, 0.79, 0.58, 1.0, 0.46, 0.75, 1.0, 1.0, 0.67, 1.0, 1.0, 0.58, 0.58, 0.75, 0.5, 0.42, 0.46, 0.88, 0.75, 0.75, 0.58, 0.75, 0.54, 0.75, 0.46, 0.42, 1.0, 0.75, 0.88, 0.58, 0.46, 0.79, 1.0, 0.75, 0.79, 1.0, 0.75, 1.0, 1.0, 0.58, 0.46, 0.54, 0.54, 0.58, 0.79, 0.88, 1.0, 0.75, 0.54, 0.75]",108.53999999999999,"[1, 3, 4, 5, 6, 7, 8, 9, 10, 11, 15, 16, 19, 23, 28, 29, 30, 34, 38, 40, 41, 42, 44, 45, 47, 49, 52, 53, 55, 57, 58, 59, 61, 63, 66, 67, 68, 69, 71, 76, 77, 79, 81, 85, 90, 92, 94, 95, 96, 97, 99, 102, 103, 105, 109, 112, 113, 115, 116, 117, 118, 120, 122, 123, 125, 126, 128, 129, 130, 131, 132, 135, 137, 141, 142, 143, 144, 145, 146, 149]","[0.08, 0.04, 0.06, 0.07, 0.05, 0.05, 0.07, 0.09, 0.09, 0.01, 0.07, 0.03, 0.08, 0.01, 0.02, 0.07, 0.01, 0.08, 0.07, 0.01, 0.04, 0.05, 0.08, 0.01, 0.03, 0.09, 0.03, 0.05, 0.09, 0.03, 0.09, 0.03, 0.03, 0.09, 0.07, 0.01, 0.01, 0.05, 0.03, 0.05, 0.07, 0.05, 0.01, 0.09, 0.02, 0.09, 0.07, 0.08, 0.09, 0.04, 0.03, 0.02, 0.09, 0.03, 0.09, 0.0, 0.07, 0.05, 0.07, 0.04, 0.06, 0.09, 0.05, 0.09, 0.08, 0.06, 0.05, 0.06, 0.03, 0.03, 0.06, 0.03, 0.01, 0.0, 0.08, 0.02, 0.07, 0.03, 0.05, 0.08, 0.09, 0.01, 0.01, 0.03, 0.07, 0.01, 0.01, 0.01, 0.04, 0.02, 0.03, 0.09, 0.04, 0.09, 0.07, 0.09, 0.05, 0.05, 0.05, 0.01, 0.03, 0.09, 0.05, 0.03, 0.06, 0.09, 0.03, 0.01, 0.09, 0.03, 0.01, 0.09, 0.07, 0.08, 0.09, 0.01, 0.02, 0.1, 0.05, 0.06, 0.03, 0.07, 0.09, 0.09, 0.09, 0.05, 0.04, 0.07, 0.07, 0.06, 0.04, 0.06, 0.03, 0.07, 0.07, 0.01, 0.06, 0.01, 0.01, 0.08, 0.05, 0.02, 0.07, 0.09, 0.1, 0.09, 0.04, 0.03, 0.06, 0.05]",0,
106,Anti-Plurality,ATVA_3,150,4,"{'A': 39, 'D': 39, 'B': 36, 'C': 36}","[1.0, 0.46, 0.5, 0.75, 0.46, 0.58, 0.58, 1.0, 0.67, 0.75, 0.75, 0.54, 1.0, 0.58, 1.0, 0.75, 0.58, 1.0, 0.58, 0.75, 0.75, 0.67, 1.0, 0.5, 1.0, 1.0, 0.58, 0.58, 0.58, 0.58, 1.0, 1.0, 0.79, 0.75, 0.54, 1.0, 0.58, 0.42, 0.46, 0.88, 0.67, 0.58, 0.54, 0.5, 0.46, 0.58, 0.46, 1.0, 0.75, 0.58, 1.0, 0.46, 0.58, 0.5, 1.0, 0.58, 0.46, 0.58, 1.0, 0.75, 0.75, 0.5, 0.54, 1.0, 0.75, 0.42, 0.58, 1.0, 0.58, 1.0, 0.67, 1.0, 0.88, 1.0, 0.42, 0.88, 0.58, 0.46, 0.58, 0.88, 1.0, 1.0, 0.58, 0.75, 0.75, 0.75, 0.46, 0.88, 0.75, 0.88, 0.75, 0.58, 0.58, 0.75, 0.58, 0.88, 1.0, 0.58, 0.75, 0.88, 1.0, 1.0, 0.54, 0.88, 0.75, 0.54, 1.0, 0.42, 0.58, 0.58, 0.46, 1.0, 1.0, 0.58, 1.0, 0.67, 0.75, 1.0, 0.67, 0.75, 1.0, 1.0, 0.75, 1.0, 0.75, 1.0, 1.0, 0.75, 0.75, 0.67, 0.58, 0.75, 0.54, 0.75, 0.54, 0.54, 0.79, 1.0, 1.0, 0.75, 0.54, 0.5, 0.75, 0.46, 0.5, 1.0, 1.0, 0.54, 0.5, 0.75]",109.19,"[2, 3, 5, 6, 9, 10, 11, 12, 14, 17, 19, 20, 21, 22, 24, 27, 28, 29, 33, 34, 35, 37, 38, 39, 40, 41, 42, 43, 44, 45, 46, 47, 49, 50, 52, 53, 54, 56, 57, 58, 60, 61, 62, 66, 67, 69, 71, 73, 75, 76, 77, 78, 79, 80, 83, 84, 85, 86, 87, 88, 89, 90, 92, 93, 94, 95, 96, 98, 99, 100, 104, 106, 108, 109, 110, 111, 114, 116, 119, 120, 123, 130, 131, 132, 133, 134, 135, 137, 140, 141, 142, 143, 144, 149, 150]","[0.01, 0.07, 0.09, 0.03, 0.06, 0.05, 0.07, 0.02, 0.03, 0.04, 0.05, 0.09, 0.01, 0.08, 0.01, 0.03, 0.05, 0.02, 0.07, 0.01, 0.05, 0.0, 0.05, 0.07, 0.03, 0.01, 0.04, 0.03, 0.04, 0.09, 0.05, 0.01, 0.03, 0.04, 0.08, 0.01, 0.07, 0.09, 0.1, 0.01, 0.03, 0.04, 0.03, 0.1, 0.09, 0.05, 0.06, 0.01, 0.03, 0.09, 0.02, 0.1, 0.07, 0.05, 0.06, 0.03, 0.09, 0.07, 0.05, 0.05, 0.03, 0.07, 0.07, 0.01, 0.03, 0.07, 0.09, 0.07, 0.01, 0.03, 0.04, 0.05, 0.04, 0.03, 0.07, 0.03, 0.03, 0.07, 0.03, 0.01, 0.01, 0.02, 0.07, 0.03, 0.05, 0.08, 0.05, 0.04, 0.03, 0.03, 0.03, 0.03, 0.04, 0.05, 0.07, 0.03, 0.02, 0.07, 0.05, 0.03, 0.01, 0.02, 0.1, 0.04, 0.09, 0.07, 0.03, 0.09, 0.01, 0.04, 0.03, 0.07, 0.02, 0.03, 0.01, 0.03, 0.03, 0.02, 0.03, 0.05, 0.03, 0.01, 0.03, 0.01, 0.09, 0.03, 0.05, 0.09, 0.04, 0.01, 0.03, 0.08, 0.06, 0.03, 0.05, 0.07, 0.01, 0.03, 0.01, 0.04, 0.05, 0.06, 0.03, 0.05, 0.09, 0.03, 0.02, 0.07, 0.09, 0.05]",0,
107,Anti-Plurality,ATVA_3,150,4,"{'D': 43, 'C': 41, 'B': 34, 'A': 32}","[0.46, 0.58, 0.75, 0.88, 1.0, 0.75, 0.5, 0.54, 0.46, 1.0, 0.58, 1.0, 1.0, 1.0, 0.67, 0.75, 0.5, 0.42, 0.75, 0.54, 1.0, 0.58, 0.42, 1.0, 0.58, 0.5, 1.0, 0.46, 1.0, 0.75, 0.46, 0.58, 0.58, 0.75, 0.58, 1.0, 1.0, 0.79, 1.0, 1.0, 1.0, 0.58, 0.54, 0.54, 0.75, 1.0, 1.0, 0.79, 0.58, 0.46, 0.46, 0.75, 1.0, 1.0, 0.42, 0.75, 0.54, 0.75, 0.79, 0.79, 0.58, 0.58, 1.0, 0.58, 0.67, 0.5, 1.0, 0.5, 0.75, 1.0, 1.0, 1.0, 0.67, 0.79, 0.75, 0.5, 0.58, 0.58, 0.46, 1.0, 0.58, 0.54, 0.88, 0.75, 1.0, 0.58, 0.88, 0.75, 0.5, 1.0, 0.42, 1.0, 1.0, 1.0, 0.42, 0.42, 1.0, 1.0, 0.5, 0.67, 0.75, 0.58, 0.5, 0.5, 1.0, 0.75, 0.75, 0.42, 0.58, 1.0, 0.79, 1.0, 0.88, 0.75, 0.58, 0.88, 0.75, 0.58, 0.75, 0.54, 0.46, 0.58, 0.5, 1.0, 0.46, 1.0, 0.75, 1.0, 1.0, 1.0, 0.46, 0.46, 0.42, 0.75, 1.0, 0.79, 0.75, 0.88, 0.58, 0.75, 0.58, 0.58, 1.0, 0.5, 0.75, 1.0, 0.67, 0.75, 1.0, 0.58]",109.36,"[1, 2, 3, 7, 8, 9, 11, 15, 17, 18, 20, 22, 23, 25, 26, 28, 31, 32, 42, 43, 44, 49, 50, 51, 55, 57, 61, 62, 64, 66, 68, 77, 78, 79, 81, 82, 86, 89, 91, 95, 96, 99, 102, 103, 104, 106, 108, 109, 115, 120, 121, 122, 123, 125, 127, 131, 132, 133, 137, 139, 141, 144, 147, 150]","[0.09, 0.09, 0.09, 0.07, 0.04, 0.06, 0.1, 0.09, 0.09, 0.03, 0.1, 0.04, 0.03, 0.04, 0.08, 0.02, 0.06, 0.09, 0.05, 0.06, 0.03, 0.09, 0.09, 0.0, 0.07, 0.05, 0.03, 0.03, 0.03, 0.07, 0.07, 0.09, 0.02, 0.01, 0.04, 0.04, 0.03, 0.04, 0.04, 0.01, 0.04, 0.09, 0.09, 0.07, 0.05, 0.03, 0.01, 0.05, 0.09, 0.05, 0.07, 0.06, 0.04, 0.03, 0.07, 0.06, 0.07, 0.06, 0.07, 0.05, 0.09, 0.06, 0.03, 0.1, 0.04, 0.07, 0.04, 0.09, 0.05, 0.04, 0.03, 0.03, 0.05, 0.04, 0.08, 0.02, 0.08, 0.09, 0.05, 0.03, 0.07, 0.05, 0.04, 0.02, 0.01, 0.09, 0.08, 0.08, 0.06, 0.04, 0.09, 0.01, 0.03, 0.04, 0.09, 0.09, 0.01, 0.04, 0.09, 0.03, 0.05, 0.1, 0.09, 0.1, 0.03, 0.09, 0.05, 0.07, 0.1, 0.03, 0.03, 0.03, 0.07, 0.07, 0.05, 0.09, 0.01, 0.05, 0.07, 0.1, 0.1, 0.09, 0.1, 0.04, 0.05, 0.04, 0.09, 0.03, 0.03, 0.04, 0.06, 0.09, 0.1, 0.06, 0.04, 0.05, 0.09, 0.07, 0.07, 0.01, 0.09, 0.05, 0.0, 0.09, 0.04, 0.04, 0.07, 0.03, 0.03, 0.1]",0.20999999999999996,
108,Anti-Plurality,ATVA_3,150,4,"{'D': 43, 'A': 40, 'C': 36, 'B': 31}","[0.58, 0.58, 0.5, 0.75, 1.0, 0.5, 0.54, 0.79, 1.0, 0.58, 0.58, 0.54, 1.0, 0.79, 0.46, 0.54, 0.5, 0.58, 0.58, 0.42, 0.58, 0.75, 0.75, 0.58, 0.75, 0.54, 0.79, 0.75, 0.46, 0.58, 1.0, 0.58, 0.54, 0.54, 0.79, 0.54, 0.58, 0.75, 1.0, 0.5, 0.75, 0.58, 1.0, 0.54, 0.58, 0.54, 0.58, 0.58, 0.46, 0.79, 1.0, 0.5, 1.0, 0.75, 0.58, 1.0, 0.67, 1.0, 1.0, 0.67, 0.75, 1.0, 0.58, 0.46, 0.46, 0.79, 1.0, 1.0, 1.0, 0.54, 1.0, 0.42, 1.0, 0.58, 0.75, 0.5, 0.75, 0.5, 0.46, 0.58, 0.42, 0.58, 0.79, 0.75, 0.79, 0.67, 1.0, 0.58, 1.0, 0.67, 0.5, 0.58, 0.54, 0.58, 0.75, 0.75, 0.67, 1.0, 0.58, 0.54, 0.5, 0.75, 0.58, 0.79, 1.0, 1.0, 0.58, 0.5, 0.75, 0.46, 0.58, 0.75, 0.67, 1.0, 0.5, 0.88, 0.67, 0.5, 0.67, 0.58, 0.88, 0.75, 1.0, 0.58, 1.0, 1.0, 0.54, 1.0, 0.54, 0.75, 0.58, 0.5, 0.58, 0.75, 0.75, 0.5, 1.0, 0.67, 1.0, 0.54, 0.58, 0.75, 0.46, 0.46, 0.75, 0.58, 1.0, 0.88, 0.58, 1.0]",104.25,"[1, 3, 6, 7, 10, 11, 12, 15, 16, 17, 19, 20, 21, 24, 26, 29, 30, 33, 34, 37, 40, 42, 44, 45, 46, 48, 52, 55, 57, 60, 63, 64, 65, 72, 74, 78, 79, 81, 82, 88, 90, 91, 93, 94, 100, 101, 103, 108, 111, 113, 115, 117, 118, 124, 127, 131, 132, 136, 140, 141, 143, 144, 149]","[0.07, 0.08, 0.05, 0.01, 0.1, 0.05, 0.03, 0.09, 0.07, 0.07, 0.05, 0.07, 0.1, 0.07, 0.0, 0.05, 0.0, 0.04, 0.05, 0.07, 0.05, 0.01, 0.0, 0.07, 0.07, 0.07, 0.09, 0.03, 0.03, 0.06, 0.1, 0.0, 0.07, 0.07, 0.05, 0.01, 0.07, 0.03, 0.1, 0.0, 0.01, 0.07, 0.07, 0.06, 0.05, 0.01, 0.01, 0.06, 0.01, 0.07, 0.09, 0.07, 0.07, 0.04, 0.05, 0.09, 0.07, 0.09, 0.07, 0.07, 0.03, 0.1, 0.05, 0.01, 0.01, 0.09, 0.1, 0.09, 0.09, 0.0, 0.09, 0.07, 0.07, 0.07, 0.03, 0.03, 0.07, 0.02, 0.0, 0.04, 0.05, 0.09, 0.07, 0.0, 0.09, 0.04, 0.1, 0.07, 0.09, 0.07, 0.01, 0.0, 0.06, 0.01, 0.01, 0.0, 0.05, 0.09, 0.04, 0.06, 0.01, 0.01, 0.05, 0.09, 0.09, 0.09, 0.03, 0.01, 0.0, 0.01, 0.07, 0.01, 0.07, 0.1, 0.03, 0.04, 0.07, 0.05, 0.03, 0.03, 0.07, 0.01, 0.09, 0.06, 0.1, 0.09, 0.01, 0.1, 0.0, 0.03, 0.02, 0.01, 0.0, 0.04, 0.01, 0.03, 0.1, 0.08, 0.1, 0.07, 0.03, 0.01, 0.01, 0.06, 0.08, 0.04, 0.07, 0.07, 0.02, 0.06]",0,
109,Anti-Plurality,ATVA_3,150,4,"{'C': 43, 'D': 38, 'B': 36, 'A': 33}","[0.54, 0.79, 0.54, 0.46, 0.75, 0.54, 0.42, 0.54, 0.67, 0.58, 0.54, 0.42, 0.75, 1.0, 0.58, 0.42, 0.58, 1.0, 1.0, 0.58, 0.75, 1.0, 0.5, 0.46, 0.5, 0.46, 1.0, 1.0, 0.75, 0.79, 0.5, 0.5, 0.46, 0.58, 0.58, 0.54, 1.0, 0.75, 1.0, 0.79, 0.54, 0.75, 0.5, 0.75, 1.0, 0.5, 0.75, 0.58, 0.79, 0.75, 1.0, 0.75, 0.58, 0.46, 1.0, 0.67, 0.75, 1.0, 0.67, 0.79, 1.0, 1.0, 0.79, 1.0, 1.0, 0.75, 0.5, 0.46, 0.79, 0.88, 1.0, 0.58, 1.0, 0.58, 0.58, 1.0, 0.75, 0.46, 1.0, 0.54, 0.58, 0.42, 1.0, 0.5, 0.58, 0.58, 0.88, 0.58, 0.5, 0.5, 0.58, 0.54, 0.58, 0.79, 1.0, 1.0, 0.58, 0.58, 1.0, 1.0, 0.58, 0.75, 0.58, 0.75, 0.58, 0.58, 0.5, 0.79, 0.79, 1.0, 0.67, 0.67, 0.58, 1.0, 0.58, 1.0, 1.0, 0.58, 1.0, 0.75, 0.5, 0.58, 1.0, 0.75, 0.75, 0.46, 0.58, 1.0, 1.0, 1.0, 0.75, 1.0, 0.5, 0.42, 0.88, 1.0, 1.0, 0.5, 0.42, 0.46, 0.75, 0.79, 0.58, 0.58, 0.75, 0.58, 0.75, 0.58, 0.54, 1.0]",106.79999999999998,"[1, 4, 6, 7, 8, 9, 11, 12, 15, 16, 17, 20, 23, 24, 25, 26, 30, 31, 33, 34, 35, 36, 41, 42, 43, 46, 47, 48, 50, 53, 54, 56, 59, 60, 68, 72, 74, 75, 78, 80, 82, 84, 85, 86, 88, 90, 91, 93, 94, 97, 98, 101, 103, 104, 105, 107, 111, 112, 113, 115, 118, 121, 122, 126, 127, 133, 134, 138, 139, 140, 142, 143, 144, 148, 149]","[0.09, 0.04, 0.01, 0.09, 0.01, 0.1, 0.09, 0.09, 0.05, 0.03, 0.03, 0.1, 0.09, 0.03, 0.04, 0.09, 0.08, 0.05, 0.07, 0.04, 0.03, 0.07, 0.07, 0.04, 0.03, 0.04, 0.07, 0.01, 0.03, 0.08, 0.03, 0.01, 0.03, 0.09, 0.08, 0.09, 0.07, 0.03, 0.07, 0.05, 0.1, 0.08, 0.03, 0.03, 0.05, 0.07, 0.08, 0.07, 0.04, 0.08, 0.07, 0.0, 0.03, 0.04, 0.02, 0.08, 0.03, 0.06, 0.08, 0.08, 0.07, 0.07, 0.05, 0.07, 0.02, 0.04, 0.01, 0.09, 0.09, 0.04, 0.05, 0.1, 0.07, 0.08, 0.04, 0.06, 0.04, 0.03, 0.07, 0.09, 0.04, 0.09, 0.07, 0.03, 0.07, 0.07, 0.08, 0.07, 0.0, 0.04, 0.07, 0.01, 0.08, 0.08, 0.02, 0.06, 0.08, 0.1, 0.02, 0.07, 0.06, 0.01, 0.04, 0.08, 0.07, 0.01, 0.04, 0.03, 0.07, 0.07, 0.08, 0.05, 0.07, 0.03, 0.09, 0.07, 0.07, 0.1, 0.07, 0.03, 0.03, 0.09, 0.07, 0.04, 0.03, 0.04, 0.07, 0.05, 0.02, 0.02, 0.03, 0.07, 0.09, 0.06, 0.05, 0.07, 0.05, 0.03, 0.1, 0.07, 0.03, 0.08, 0.07, 0.09, 0.03, 0.04, 0.09, 0.1, 0.03, 0.07]",0.13,
110,Anti-Plurality,ATVA_3,150,4,"{'C': 44, 'B': 39, 'A': 37, 'D': 30}","[1.0, 0.58, 0.42, 0.58, 0.58, 0.75, 0.88, 0.58, 1.0, 0.5, 0.79, 0.79, 0.58, 0.58, 0.5, 1.0, 0.67, 0.58, 1.0, 0.75, 0.58, 0.58, 1.0, 0.58, 1.0, 0.46, 0.58, 1.0, 0.58, 1.0, 0.75, 1.0, 0.58, 0.46, 0.75, 0.58, 0.79, 1.0, 0.46, 0.46, 0.58, 0.58, 1.0, 0.5, 1.0, 0.5, 0.75, 0.58, 0.5, 0.67, 0.54, 0.58, 0.46, 0.58, 0.58, 0.58, 0.5, 0.58, 0.75, 0.75, 0.58, 0.75, 0.42, 0.75, 0.58, 1.0, 0.75, 0.58, 0.58, 0.75, 1.0, 1.0, 1.0, 0.46, 0.58, 0.5, 0.67, 0.58, 0.5, 0.54, 0.58, 0.5, 0.58, 0.5, 1.0, 0.5, 0.79, 0.88, 1.0, 0.75, 1.0, 0.58, 0.5, 0.79, 0.88, 1.0, 0.5, 0.54, 1.0, 0.75, 0.75, 1.0, 0.75, 1.0, 0.88, 0.58, 0.88, 0.58, 1.0, 1.0, 0.42, 1.0, 0.88, 0.67, 0.5, 0.75, 0.75, 0.5, 1.0, 0.75, 0.54, 0.75, 1.0, 1.0, 0.75, 0.5, 1.0, 0.67, 0.75, 1.0, 0.79, 0.58, 1.0, 0.5, 1.0, 0.75, 1.0, 1.0, 1.0, 0.88, 0.5, 0.79, 1.0, 0.79, 0.58, 0.88, 0.75, 1.0, 0.54, 1.0]",108.97999999999999,"[2, 3, 4, 5, 10, 13, 15, 21, 24, 26, 27, 29, 33, 34, 39, 41, 42, 44, 46, 48, 49, 50, 51, 53, 54, 61, 63, 74, 76, 78, 79, 80, 81, 82, 83, 84, 92, 93, 97, 98, 108, 111, 114, 115, 118, 121, 126, 132, 134, 141, 149]","[0.03, 0.03, 0.07, 0.05, 0.01, 0.03, 0.01, 0.03, 0.07, 0.09, 0.04, 0.0, 0.09, 0.01, 0.04, 0.01, 0.03, 0.04, 0.01, 0.03, 0.09, 0.1, 0.02, 0.04, 0.03, 0.03, 0.04, 0.03, 0.01, 0.01, 0.09, 0.02, 0.0, 0.04, 0.09, 0.06, 0.03, 0.01, 0.07, 0.06, 0.0, 0.09, 0.02, 0.03, 0.01, 0.04, 0.09, 0.09, 0.03, 0.01, 0.07, 0.09, 0.09, 0.03, 0.1, 0.03, 0.06, 0.03, 0.01, 0.09, 0.03, 0.03, 0.04, 0.01, 0.03, 0.06, 0.09, 0.1, 0.09, 0.09, 0.01, 0.06, 0.06, 0.07, 0.09, 0.07, 0.03, 0.01, 0.09, 0.07, 0.07, 0.03, 0.05, 0.1, 0.03, 0.07, 0.03, 0.0, 0.01, 0.06, 0.06, 0.0, 0.1, 0.03, 0.01, 0.05, 0.07, 0.09, 0.01, 0.0, 0.1, 0.03, 0.09, 0.03, 0.03, 0.09, 0.03, 0.04, 0.01, 0.02, 0.04, 0.06, 0.01, 0.0, 0.07, 0.01, 0.09, 0.1, 0.05, 0.1, 0.09, 0.09, 0.01, 0.03, 0.09, 0.03, 0.01, 0.03, 0.01, 0.06, 0.01, 0.04, 0.07, 0.07, 0.03, 0.03, 0.03, 0.06, 0.03, 0.01, 0.09, 0.01, 0.05, 0.0, 0.03, 0.01, 0.01, 0.03, 0.04, 0.06]",0.32999999999999996,
111,Anti-Plurality,ATVA_4,150,4,"{'B': 118, 'C': 112, 'A': 111, 'D': 109}","[0.58, 0.58, 1.0, 0.58, 0.54, 0.79, 1.0, 0.88, 1.0, 1.0, 1.0, 0.58, 1.0, 0.79, 0.58, 0.5, 0.58, 0.79, 0.58, 0.58, 1.0, 0.88, 0.67, 0.54, 0.58, 0.54, 0.75, 0.58, 0.58, 0.46, 1.0, 0.88, 0.58, 0.46, 0.88, 0.58, 1.0, 1.0, 0.75, 0.58, 0.67, 0.5, 0.54, 0.58, 1.0, 0.58, 0.54, 1.0, 0.58, 0.79, 0.42, 0.88, 1.0, 0.42, 0.54, 0.75, 0.46, 0.58, 0.75, 0.46, 0.79, 0.58, 0.58, 1.0, 0.54, 0.67, 0.75, 0.75, 0.67, 1.0, 0.42, 0.75, 1.0, 0.46, 0.54, 0.5, 0.46, 0.88, 0.46, 1.0, 0.54, 0.58, 0.54, 0.58, 0.46, 1.0, 1.0, 0.42, 0.46, 0.46, 0.79, 1.0, 0.5, 1.0, 0.58, 0.75, 0.88, 1.0, 1.0, 0.79, 1.0, 0.75, 1.0, 1.0, 0.58, 0.58, 1.0, 1.0, 0.58, 1.0, 1.0, 0.58, 0.5, 0.79, 0.88, 0.67, 0.46, 0.79, 0.58, 0.58, 1.0, 0.54, 1.0, 1.0, 1.0, 1.0, 0.75, 0.54, 0.58, 0.58, 0.58, 0.54, 1.0, 0.75, 0.67, 0.75, 0.67, 0.75, 0.54, 0.58, 0.58, 0.5, 0.58, 1.0, 0.67, 0.75, 0.75, 0.58, 0.79, 1.0]",107.73,"[51, 54, 71, 72, 74, 77, 79, 85, 88, 136, 146, 147]","[0.06, 0.05, 0.01, 0.06, 0.07, 0.03, 0.01, 0.01, 0.04, 0.03, 0.01, 0.06, 0.03, 0.03, 0.07, 0.09, 0.07, 0.03, 0.06, 0.07, 0.01, 0.01, 0.05, 0.07, 0.05, 0.07, 0.04, 0.07, 0.05, 0.09, 0.03, 0.01, 0.07, 0.09, 0.01, 0.06, 0.01, 0.0, 0.02, 0.06, 0.05, 0.09, 0.07, 0.07, 0.0, 0.05, 0.07, 0.03, 0.05, 0.03, 0.1, 0.01, 0.04, 0.1, 0.07, 0.02, 0.09, 0.07, 0.02, 0.09, 0.03, 0.06, 0.06, 0.04, 0.07, 0.05, 0.04, 0.04, 0.05, 0.03, 0.1, 0.03, 0.04, 0.09, 0.07, 0.08, 0.09, 0.01, 0.09, 0.01, 0.07, 0.07, 0.07, 0.07, 0.09, 0.04, 0.01, 0.1, 0.09, 0.09, 0.03, 0.03, 0.08, 0.01, 0.07, 0.04, 0.01, 0.03, 0.01, 0.03, 0.03, 0.02, 0.01, 0.0, 0.06, 0.05, 0.04, 0.03, 0.07, 0.01, 0.03, 0.07, 0.09, 0.03, 0.01, 0.05, 0.09, 0.03, 0.06, 0.07, 0.03, 0.07, 0.01, 0.04, 0.01, 0.0, 0.04, 0.07, 0.06, 0.05, 0.07, 0.07, 0.04, 0.02, 0.05, 0.03, 0.05, 0.02, 0.07, 0.07, 0.06, 0.08, 0.05, 0.01, 0.05, 0.03, 0.03, 0.06, 0.03, 0.0]",0.13,
112,Anti-Plurality,ATVA_4,150,4,"{'A': 115, 'B': 114, 'D': 112, 'C': 109}","[1.0, 0.54, 1.0, 1.0, 0.58, 0.58, 0.75, 1.0, 0.58, 0.5, 0.58, 0.58, 0.75, 0.42, 0.54, 0.67, 1.0, 0.58, 0.46, 0.58, 0.75, 1.0, 0.75, 0.58, 0.58, 0.42, 0.54, 0.75, 0.79, 0.58, 1.0, 1.0, 0.46, 0.79, 0.5, 0.54, 1.0, 0.58, 0.54, 0.58, 0.58, 0.58, 0.79, 0.75, 0.79, 1.0, 0.67, 0.42, 0.58, 0.58, 0.79, 0.46, 1.0, 0.42, 1.0, 0.75, 1.0, 0.58, 1.0, 0.5, 0.75, 0.58, 0.46, 0.58, 0.54, 0.88, 0.54, 0.88, 1.0, 0.58, 1.0, 0.54, 1.0, 1.0, 0.46, 0.5, 1.0, 1.0, 0.79, 1.0, 0.75, 0.75, 1.0, 0.58, 0.42, 1.0, 1.0, 0.75, 1.0, 0.75, 0.42, 1.0, 0.58, 0.67, 1.0, 0.5, 1.0, 0.67, 0.46, 0.5, 0.67, 1.0, 0.58, 0.58, 0.75, 0.88, 0.42, 1.0, 1.0, 0.58, 0.54, 0.67, 0.54, 1.0, 0.42, 1.0, 0.58, 0.79, 0.42, 0.75, 1.0, 1.0, 0.46, 0.58, 0.79, 0.67, 0.75, 0.75, 1.0, 0.58, 0.58, 1.0, 0.75, 0.75, 0.75, 0.75, 0.67, 0.54, 0.75, 0.42, 0.54, 1.0, 0.46, 0.58, 1.0, 0.67, 0.46, 0.42, 0.54, 1.0]",106.92,[],"[0.01, 0.07, 0.04, 0.03, 0.06, 0.06, 0.03, 0.03, 0.07, 0.09, 0.07, 0.05, 0.03, 0.1, 0.07, 0.05, 0.03, 0.05, 0.09, 0.06, 0.04, 0.01, 0.03, 0.07, 0.07, 0.1, 0.07, 0.04, 0.03, 0.07, 0.0, 0.03, 0.09, 0.03, 0.08, 0.07, 0.01, 0.05, 0.07, 0.06, 0.07, 0.06, 0.03, 0.04, 0.03, 0.01, 0.05, 0.1, 0.07, 0.05, 0.03, 0.09, 0.03, 0.1, 0.03, 0.03, 0.01, 0.05, 0.0, 0.08, 0.03, 0.05, 0.09, 0.07, 0.07, 0.01, 0.07, 0.01, 0.04, 0.06, 0.0, 0.07, 0.01, 0.04, 0.09, 0.09, 0.01, 0.03, 0.03, 0.03, 0.02, 0.02, 0.03, 0.06, 0.1, 0.03, 0.03, 0.03, 0.04, 0.02, 0.1, 0.01, 0.06, 0.05, 0.01, 0.08, 0.04, 0.05, 0.09, 0.08, 0.05, 0.0, 0.06, 0.07, 0.04, 0.01, 0.1, 0.03, 0.04, 0.05, 0.07, 0.05, 0.07, 0.0, 0.1, 0.01, 0.06, 0.03, 0.1, 0.03, 0.0, 0.01, 0.09, 0.06, 0.03, 0.05, 0.02, 0.02, 0.03, 0.07, 0.07, 0.03, 0.02, 0.04, 0.04, 0.04, 0.05, 0.07, 0.02, 0.1, 0.07, 0.0, 0.09, 0.06, 0.03, 0.05, 0.09, 0.1, 0.07, 0.01]",0,
113,Anti-Plurality,ATVA_4,150,4,"{'A': 126, 'B': 109, 'D': 108, 'C': 107}","[0.46, 0.58, 0.75, 0.79, 0.75, 0.46, 0.79, 0.58, 0.42, 0.79, 1.0, 0.46, 0.67, 1.0, 0.58, 0.46, 0.75, 0.88, 1.0, 1.0, 0.88, 0.46, 1.0, 1.0, 0.46, 0.42, 1.0, 1.0, 0.79, 1.0, 0.54, 0.5, 0.46, 0.58, 0.42, 0.58, 0.75, 1.0, 1.0, 1.0, 1.0, 0.58, 0.46, 0.42, 1.0, 0.58, 0.75, 0.5, 0.58, 0.54, 1.0, 0.54, 0.79, 1.0, 1.0, 0.54, 0.42, 0.58, 0.88, 0.58, 0.79, 0.67, 0.75, 0.5, 0.75, 0.79, 0.75, 0.79, 1.0, 0.75, 0.5, 1.0, 0.5, 0.54, 0.75, 0.5, 0.88, 0.67, 1.0, 1.0, 0.79, 0.54, 0.58, 0.75, 1.0, 0.5, 0.75, 1.0, 1.0, 1.0, 0.58, 1.0, 1.0, 0.75, 0.46, 0.75, 0.54, 0.75, 0.75, 0.75, 1.0, 0.54, 1.0, 0.5, 1.0, 1.0, 1.0, 0.75, 0.46, 0.75, 0.67, 1.0, 0.5, 0.46, 0.42, 0.75, 1.0, 0.75, 0.58, 1.0, 0.46, 1.0, 0.54, 1.0, 0.58, 0.46, 0.5, 0.42, 0.79, 0.79, 0.42, 0.67, 0.54, 1.0, 0.58, 1.0, 1.0, 0.54, 0.67, 0.5, 0.75, 0.79, 0.5, 0.75, 1.0, 0.79, 0.58, 0.67, 0.79, 0.58]",108.66,"[50, 52, 56, 82, 86, 102, 104, 113, 123, 138, 140]","[0.09, 0.07, 0.03, 0.03, 0.02, 0.09, 0.03, 0.07, 0.1, 0.03, 0.01, 0.09, 0.05, 0.04, 0.06, 0.09, 0.04, 0.01, 0.01, 0.04, 0.01, 0.09, 0.01, 0.03, 0.09, 0.1, 0.01, 0.01, 0.03, 0.01, 0.07, 0.08, 0.09, 0.06, 0.1, 0.06, 0.04, 0.01, 0.0, 0.03, 0.01, 0.06, 0.09, 0.1, 0.03, 0.05, 0.04, 0.08, 0.05, 0.07, 0.03, 0.07, 0.03, 0.03, 0.03, 0.07, 0.1, 0.06, 0.01, 0.06, 0.03, 0.05, 0.03, 0.08, 0.02, 0.03, 0.02, 0.03, 0.03, 0.04, 0.08, 0.0, 0.08, 0.07, 0.04, 0.08, 0.01, 0.05, 0.01, 0.01, 0.03, 0.07, 0.06, 0.04, 0.04, 0.09, 0.04, 0.03, 0.03, 0.01, 0.07, 0.01, 0.03, 0.02, 0.09, 0.04, 0.07, 0.03, 0.03, 0.03, 0.03, 0.07, 0.01, 0.09, 0.03, 0.03, 0.04, 0.03, 0.09, 0.02, 0.05, 0.03, 0.09, 0.09, 0.1, 0.03, 0.04, 0.03, 0.06, 0.04, 0.09, 0.03, 0.07, 0.0, 0.07, 0.09, 0.08, 0.1, 0.03, 0.03, 0.1, 0.05, 0.07, 0.01, 0.06, 0.01, 0.03, 0.07, 0.05, 0.09, 0.02, 0.03, 0.08, 0.04, 0.04, 0.03, 0.06, 0.05, 0.03, 0.05]",0.040000000000000036,
114,Anti-Plurality,ATVA_4,150,4,"{'D': 122, 'C': 119, 'A': 105, 'B': 104}","[1.0, 0.79, 0.54, 0.5, 1.0, 0.75, 0.42, 0.46, 0.75, 0.67, 0.75, 0.75, 1.0, 0.75, 0.58, 0.58, 1.0, 0.54, 0.75, 0.79, 0.54, 0.5, 0.58, 0.54, 0.75, 0.88, 0.58, 0.75, 0.75, 0.58, 0.75, 0.88, 0.5, 0.75, 0.54, 0.58, 0.58, 0.67, 1.0, 0.75, 1.0, 1.0, 0.58, 0.58, 0.79, 0.5, 1.0, 0.5, 1.0, 0.54, 0.58, 1.0, 0.88, 0.54, 0.58, 0.75, 0.5, 1.0, 0.79, 0.75, 0.79, 0.46, 0.58, 1.0, 0.79, 1.0, 0.67, 0.58, 0.5, 1.0, 1.0, 1.0, 0.58, 0.58, 1.0, 0.67, 0.5, 1.0, 1.0, 0.88, 0.58, 0.42, 0.5, 0.58, 1.0, 0.5, 0.58, 1.0, 0.75, 1.0, 0.79, 0.67, 0.42, 0.58, 0.58, 0.5, 1.0, 0.54, 1.0, 0.58, 0.54, 0.42, 0.54, 1.0, 1.0, 0.88, 1.0, 0.58, 0.5, 0.79, 0.79, 0.42, 0.58, 1.0, 1.0, 0.67, 1.0, 0.75, 1.0, 0.58, 0.79, 0.58, 0.79, 0.42, 0.88, 0.5, 1.0, 0.75, 0.88, 0.79, 1.0, 0.75, 0.58, 0.75, 0.58, 1.0, 0.75, 0.75, 0.75, 0.5, 0.58, 0.58, 0.75, 0.79, 0.46, 0.5, 0.58, 1.0, 0.58, 1.0]",108.48,[],"[0.0, 0.03, 0.07, 0.08, 0.03, 0.02, 0.1, 0.09, 0.02, 0.05, 0.04, 0.02, 0.03, 0.03, 0.06, 0.07, 0.03, 0.07, 0.03, 0.03, 0.07, 0.09, 0.06, 0.07, 0.02, 0.01, 0.07, 0.03, 0.02, 0.07, 0.03, 0.01, 0.08, 0.03, 0.07, 0.06, 0.07, 0.05, 0.03, 0.02, 0.03, 0.01, 0.06, 0.06, 0.03, 0.08, 0.03, 0.08, 0.01, 0.07, 0.07, 0.0, 0.01, 0.07, 0.07, 0.02, 0.09, 0.01, 0.03, 0.03, 0.03, 0.09, 0.06, 0.01, 0.03, 0.03, 0.05, 0.05, 0.08, 0.04, 0.03, 0.03, 0.07, 0.06, 0.01, 0.05, 0.09, 0.03, 0.03, 0.01, 0.06, 0.1, 0.08, 0.06, 0.03, 0.08, 0.05, 0.0, 0.03, 0.01, 0.03, 0.05, 0.1, 0.05, 0.06, 0.09, 0.04, 0.07, 0.01, 0.06, 0.07, 0.1, 0.07, 0.04, 0.03, 0.01, 0.03, 0.06, 0.08, 0.03, 0.03, 0.1, 0.06, 0.01, 0.01, 0.05, 0.0, 0.02, 0.01, 0.06, 0.03, 0.05, 0.03, 0.1, 0.01, 0.09, 0.0, 0.04, 0.01, 0.03, 0.01, 0.03, 0.06, 0.03, 0.05, 0.0, 0.02, 0.04, 0.03, 0.08, 0.06, 0.06, 0.03, 0.03, 0.09, 0.08, 0.06, 0.01, 0.07, 0.0]",0,
115,Anti-Plurality,ATVA_4,150,4,"{'A': 116, 'D': 114, 'C': 113, 'B': 107}","[0.46, 0.75, 0.54, 1.0, 0.75, 0.75, 1.0, 0.79, 0.75, 0.75, 1.0, 0.58, 1.0, 0.67, 0.54, 0.79, 0.42, 0.54, 1.0, 1.0, 0.79, 0.75, 1.0, 0.58, 1.0, 1.0, 0.79, 0.42, 1.0, 1.0, 0.75, 0.5, 0.46, 1.0, 0.75, 0.58, 0.75, 0.79, 1.0, 0.79, 0.54, 0.75, 0.58, 0.58, 0.79, 0.58, 0.5, 1.0, 0.58, 0.88, 1.0, 1.0, 1.0, 0.75, 1.0, 0.67, 1.0, 0.5, 0.58, 1.0, 0.79, 0.67, 0.58, 0.58, 1.0, 1.0, 1.0, 0.46, 0.58, 0.88, 0.58, 0.75, 1.0, 0.58, 0.58, 0.42, 0.75, 1.0, 0.75, 1.0, 0.58, 1.0, 0.42, 0.58, 0.75, 0.79, 1.0, 0.67, 0.54, 0.75, 0.75, 0.5, 0.54, 0.58, 0.5, 0.75, 0.5, 0.75, 0.75, 1.0, 1.0, 0.75, 0.58, 0.67, 1.0, 0.46, 1.0, 1.0, 0.79, 0.54, 0.42, 1.0, 0.5, 0.58, 0.58, 1.0, 0.5, 0.46, 1.0, 0.58, 0.58, 0.58, 0.75, 0.58, 1.0, 0.58, 0.58, 0.75, 0.58, 0.88, 1.0, 1.0, 0.88, 0.58, 0.67, 0.46, 0.58, 0.42, 1.0, 0.54, 0.58, 0.58, 0.5, 0.58, 0.58, 0.5, 0.75, 0.75, 0.46, 1.0]",109.38999999999999,"[2, 5, 6, 17, 28, 31, 33, 35, 68, 76, 79, 83, 90, 98, 99, 111, 118, 123, 136, 138]","[0.09, 0.03, 0.07, 0.01, 0.03, 0.03, 0.01, 0.03, 0.02, 0.02, 0.03, 0.05, 0.0, 0.05, 0.07, 0.03, 0.1, 0.07, 0.03, 0.01, 0.03, 0.04, 0.04, 0.06, 0.01, 0.04, 0.03, 0.1, 0.03, 0.01, 0.03, 0.08, 0.09, 0.03, 0.03, 0.07, 0.04, 0.03, 0.03, 0.03, 0.07, 0.02, 0.07, 0.06, 0.03, 0.05, 0.08, 0.04, 0.06, 0.01, 0.01, 0.03, 0.01, 0.04, 0.01, 0.05, 0.03, 0.09, 0.07, 0.03, 0.03, 0.05, 0.07, 0.06, 0.0, 0.03, 0.03, 0.09, 0.07, 0.01, 0.06, 0.04, 0.03, 0.06, 0.07, 0.1, 0.02, 0.03, 0.03, 0.01, 0.06, 0.04, 0.1, 0.06, 0.02, 0.03, 0.03, 0.05, 0.07, 0.03, 0.02, 0.08, 0.07, 0.06, 0.08, 0.02, 0.09, 0.03, 0.03, 0.01, 0.0, 0.02, 0.05, 0.05, 0.01, 0.09, 0.03, 0.04, 0.03, 0.07, 0.1, 0.03, 0.08, 0.06, 0.07, 0.01, 0.08, 0.09, 0.01, 0.07, 0.07, 0.06, 0.03, 0.06, 0.03, 0.07, 0.06, 0.04, 0.07, 0.01, 0.03, 0.04, 0.01, 0.06, 0.05, 0.09, 0.06, 0.1, 0.04, 0.07, 0.07, 0.07, 0.08, 0.07, 0.07, 0.08, 0.04, 0.02, 0.09, 0.0]",0.13,
116,Anti-Plurality,ATVA_4,150,4,"{'B': 118, 'D': 113, 'A': 111, 'C': 108}","[0.58, 0.75, 1.0, 0.54, 0.67, 0.46, 1.0, 0.58, 0.5, 0.75, 1.0, 0.54, 0.75, 0.58, 1.0, 1.0, 0.46, 0.58, 0.5, 0.58, 1.0, 0.46, 1.0, 1.0, 0.79, 0.79, 1.0, 0.75, 0.75, 0.46, 0.42, 0.58, 0.46, 0.79, 1.0, 0.75, 0.58, 0.5, 1.0, 0.67, 0.58, 0.58, 0.75, 0.42, 0.75, 1.0, 1.0, 0.58, 1.0, 0.58, 0.58, 0.58, 1.0, 1.0, 0.5, 0.5, 0.58, 0.54, 1.0, 0.58, 0.58, 0.54, 1.0, 1.0, 1.0, 1.0, 0.75, 0.54, 0.46, 0.67, 1.0, 0.75, 1.0, 1.0, 0.58, 0.58, 1.0, 0.58, 0.75, 0.75, 0.42, 0.79, 0.42, 0.54, 0.88, 0.58, 0.5, 0.88, 0.75, 0.58, 0.75, 0.67, 0.46, 0.54, 0.75, 0.67, 0.79, 1.0, 1.0, 0.88, 0.75, 0.46, 1.0, 0.54, 1.0, 0.5, 0.88, 0.46, 1.0, 0.75, 0.58, 0.46, 0.75, 0.67, 0.54, 0.67, 0.54, 0.58, 1.0, 1.0, 0.5, 1.0, 0.88, 0.67, 1.0, 1.0, 0.58, 0.46, 0.5, 0.79, 0.79, 1.0, 0.46, 0.46, 0.46, 0.58, 1.0, 1.0, 0.42, 0.5, 1.0, 0.58, 0.58, 0.46, 1.0, 1.0, 0.75, 1.0, 0.42, 1.0]",108.02000000000001,[],"[0.06, 0.03, 0.01, 0.07, 0.05, 0.09, 0.01, 0.07, 0.08, 0.03, 0.03, 0.07, 0.02, 0.07, 0.01, 0.04, 0.09, 0.05, 0.09, 0.05, 0.01, 0.09, 0.03, 0.04, 0.03, 0.03, 0.03, 0.02, 0.04, 0.09, 0.1, 0.06, 0.09, 0.03, 0.01, 0.03, 0.06, 0.09, 0.03, 0.05, 0.05, 0.07, 0.04, 0.1, 0.02, 0.0, 0.03, 0.07, 0.0, 0.07, 0.07, 0.05, 0.01, 0.04, 0.08, 0.08, 0.07, 0.07, 0.03, 0.05, 0.07, 0.07, 0.01, 0.04, 0.03, 0.01, 0.04, 0.07, 0.09, 0.05, 0.01, 0.03, 0.01, 0.03, 0.07, 0.07, 0.01, 0.06, 0.04, 0.04, 0.1, 0.03, 0.1, 0.07, 0.01, 0.05, 0.08, 0.01, 0.02, 0.06, 0.04, 0.05, 0.09, 0.07, 0.04, 0.05, 0.03, 0.0, 0.01, 0.01, 0.04, 0.09, 0.03, 0.07, 0.0, 0.08, 0.01, 0.09, 0.0, 0.04, 0.07, 0.09, 0.03, 0.05, 0.07, 0.05, 0.07, 0.06, 0.0, 0.04, 0.08, 0.0, 0.01, 0.05, 0.01, 0.04, 0.07, 0.09, 0.09, 0.03, 0.03, 0.03, 0.09, 0.09, 0.09, 0.06, 0.04, 0.03, 0.1, 0.09, 0.01, 0.06, 0.07, 0.09, 0.03, 0.0, 0.03, 0.03, 0.1, 0.03]",0,
117,Anti-Plurality,ATVA_4,150,4,"{'B': 118, 'C': 118, 'A': 109, 'D': 105}","[0.58, 0.88, 0.54, 1.0, 0.75, 0.75, 0.46, 0.75, 0.79, 0.75, 0.58, 0.67, 0.75, 0.75, 0.88, 0.46, 0.75, 1.0, 0.58, 1.0, 1.0, 0.42, 0.58, 0.46, 1.0, 0.79, 0.58, 0.58, 0.58, 0.46, 0.75, 1.0, 0.88, 1.0, 0.5, 1.0, 1.0, 0.46, 0.54, 0.88, 0.75, 1.0, 0.88, 0.5, 1.0, 0.5, 1.0, 0.58, 0.54, 0.58, 1.0, 0.75, 0.54, 0.58, 0.75, 0.58, 0.79, 0.58, 0.58, 0.42, 0.58, 0.58, 0.88, 1.0, 1.0, 1.0, 1.0, 1.0, 1.0, 0.79, 0.46, 0.67, 0.58, 1.0, 0.79, 0.58, 0.5, 1.0, 1.0, 0.58, 0.46, 1.0, 0.54, 0.79, 0.75, 0.58, 0.54, 1.0, 1.0, 0.42, 0.5, 0.58, 0.58, 0.5, 0.54, 0.54, 1.0, 0.54, 1.0, 0.75, 0.88, 1.0, 0.5, 0.75, 0.58, 1.0, 1.0, 1.0, 0.58, 0.46, 0.46, 1.0, 0.46, 0.79, 0.46, 0.42, 0.79, 0.58, 0.54, 0.75, 0.75, 1.0, 0.58, 0.42, 0.46, 1.0, 0.58, 1.0, 0.67, 0.58, 0.58, 0.75, 0.54, 1.0, 0.5, 0.5, 0.75, 0.46, 0.67, 0.46, 0.75, 0.58, 0.58, 0.54, 1.0, 1.0, 1.0, 0.46, 0.67, 1.0]",107.46000000000001,"[9, 12, 26, 57, 70, 72, 75, 84, 114, 117, 129, 139, 149]","[0.05, 0.01, 0.07, 0.0, 0.02, 0.02, 0.09, 0.03, 0.03, 0.04, 0.07, 0.05, 0.04, 0.04, 0.01, 0.09, 0.04, 0.03, 0.06, 0.01, 0.01, 0.1, 0.07, 0.09, 0.01, 0.03, 0.07, 0.06, 0.06, 0.09, 0.04, 0.01, 0.01, 0.03, 0.09, 0.01, 0.04, 0.09, 0.07, 0.01, 0.04, 0.01, 0.01, 0.09, 0.01, 0.09, 0.03, 0.07, 0.07, 0.07, 0.03, 0.02, 0.07, 0.07, 0.04, 0.05, 0.03, 0.06, 0.07, 0.1, 0.07, 0.06, 0.01, 0.01, 0.01, 0.0, 0.01, 0.03, 0.0, 0.03, 0.09, 0.05, 0.07, 0.01, 0.03, 0.05, 0.08, 0.01, 0.01, 0.06, 0.09, 0.01, 0.07, 0.03, 0.03, 0.05, 0.07, 0.01, 0.01, 0.1, 0.09, 0.05, 0.06, 0.09, 0.07, 0.07, 0.03, 0.07, 0.03, 0.02, 0.01, 0.01, 0.08, 0.02, 0.07, 0.0, 0.01, 0.01, 0.07, 0.09, 0.09, 0.0, 0.09, 0.03, 0.09, 0.1, 0.03, 0.07, 0.07, 0.03, 0.04, 0.01, 0.07, 0.1, 0.09, 0.0, 0.07, 0.03, 0.05, 0.07, 0.06, 0.04, 0.07, 0.03, 0.08, 0.09, 0.04, 0.09, 0.05, 0.09, 0.03, 0.07, 0.06, 0.07, 0.0, 0.03, 0.04, 0.09, 0.05, 0.03]",0.32999999999999996,
118,Anti-Plurality,ATVA_4,150,4,"{'B': 118, 'A': 115, 'C': 112, 'D': 105}","[1.0, 1.0, 0.5, 1.0, 0.75, 0.79, 1.0, 0.58, 1.0, 1.0, 1.0, 0.75, 0.58, 1.0, 1.0, 0.46, 0.58, 0.88, 0.58, 0.5, 1.0, 1.0, 0.75, 0.58, 0.75, 0.5, 0.46, 0.46, 0.75, 0.88, 0.75, 0.75, 0.88, 0.88, 0.75, 0.42, 0.58, 0.88, 0.58, 0.79, 0.79, 0.58, 0.67, 0.5, 1.0, 1.0, 0.58, 0.54, 0.58, 0.58, 0.75, 0.75, 0.5, 0.46, 0.75, 0.75, 0.79, 0.75, 0.75, 0.58, 0.75, 1.0, 0.58, 0.58, 0.54, 0.79, 0.5, 0.75, 0.67, 0.58, 0.54, 0.42, 0.46, 0.88, 0.46, 1.0, 0.54, 0.58, 0.75, 0.58, 0.58, 0.58, 0.5, 0.54, 0.75, 1.0, 0.58, 0.67, 1.0, 0.5, 1.0, 1.0, 0.79, 0.5, 0.75, 0.46, 0.58, 0.58, 0.58, 0.46, 0.58, 1.0, 0.75, 1.0, 0.67, 0.58, 0.75, 0.46, 1.0, 0.58, 0.79, 0.54, 0.46, 0.88, 0.58, 1.0, 1.0, 0.67, 1.0, 0.58, 1.0, 0.58, 1.0, 1.0, 0.58, 0.5, 0.42, 0.67, 0.88, 0.5, 0.75, 1.0, 0.54, 1.0, 0.54, 0.5, 1.0, 1.0, 0.54, 0.75, 0.79, 1.0, 0.58, 1.0, 0.58, 0.58, 0.67, 1.0, 0.58, 1.0]",107.74,[],"[0.03, 0.03, 0.08, 0.0, 0.03, 0.03, 0.03, 0.06, 0.01, 0.03, 0.04, 0.03, 0.07, 0.01, 0.01, 0.09, 0.06, 0.01, 0.06, 0.08, 0.04, 0.03, 0.02, 0.07, 0.03, 0.08, 0.09, 0.09, 0.04, 0.01, 0.03, 0.02, 0.01, 0.01, 0.03, 0.1, 0.07, 0.01, 0.07, 0.03, 0.03, 0.06, 0.05, 0.09, 0.01, 0.03, 0.05, 0.07, 0.06, 0.06, 0.04, 0.02, 0.08, 0.09, 0.04, 0.04, 0.03, 0.04, 0.03, 0.06, 0.04, 0.01, 0.07, 0.06, 0.07, 0.03, 0.09, 0.04, 0.05, 0.07, 0.07, 0.1, 0.09, 0.01, 0.09, 0.04, 0.07, 0.05, 0.04, 0.06, 0.05, 0.06, 0.08, 0.07, 0.02, 0.04, 0.05, 0.05, 0.04, 0.08, 0.0, 0.01, 0.03, 0.09, 0.04, 0.09, 0.07, 0.06, 0.07, 0.09, 0.06, 0.03, 0.02, 0.03, 0.05, 0.06, 0.02, 0.09, 0.04, 0.05, 0.03, 0.07, 0.09, 0.01, 0.06, 0.0, 0.0, 0.05, 0.03, 0.06, 0.01, 0.07, 0.03, 0.03, 0.07, 0.08, 0.1, 0.05, 0.01, 0.09, 0.04, 0.03, 0.07, 0.01, 0.07, 0.08, 0.01, 0.0, 0.07, 0.03, 0.03, 0.01, 0.07, 0.01, 0.05, 0.05, 0.05, 0.04, 0.05, 0.01]",0,
119,Anti-Plurality,ATVA_4,150,4,"{'C': 123, 'B': 113, 'D': 111, 'A': 103}","[0.58, 0.75, 0.58, 0.54, 0.58, 1.0, 0.58, 1.0, 0.58, 0.75, 0.88, 1.0, 0.58, 0.75, 1.0, 0.75, 0.58, 0.79, 1.0, 0.75, 0.75, 0.75, 0.58, 1.0, 0.5, 0.79, 1.0, 0.5, 0.5, 0.67, 1.0, 0.46, 0.67, 1.0, 0.58, 0.54, 0.58, 1.0, 0.54, 0.5, 1.0, 0.58, 0.58, 0.67, 0.58, 0.79, 0.5, 0.46, 0.5, 0.75, 0.46, 0.42, 0.42, 0.88, 0.88, 1.0, 0.54, 1.0, 1.0, 0.54, 1.0, 1.0, 0.58, 0.75, 0.88, 1.0, 0.42, 0.88, 0.67, 1.0, 0.75, 0.88, 0.46, 0.58, 0.58, 1.0, 0.75, 0.75, 0.79, 0.75, 0.46, 0.5, 0.58, 0.67, 0.75, 1.0, 0.58, 0.79, 0.79, 0.54, 1.0, 1.0, 1.0, 0.75, 1.0, 0.88, 0.58, 1.0, 0.58, 0.46, 1.0, 0.79, 0.54, 1.0, 0.75, 0.58, 1.0, 1.0, 1.0, 0.58, 0.75, 0.58, 0.58, 1.0, 0.75, 0.79, 0.5, 0.46, 0.46, 0.58, 0.58, 0.5, 1.0, 0.58, 0.54, 1.0, 0.67, 0.58, 0.88, 0.75, 0.46, 0.75, 0.5, 0.46, 0.58, 0.54, 0.46, 0.58, 0.5, 0.5, 0.5, 0.42, 0.88, 1.0, 0.5, 0.58, 0.58, 0.5, 0.75, 0.75]",106.41999999999999,[],"[0.06, 0.03, 0.07, 0.07, 0.07, 0.0, 0.07, 0.0, 0.06, 0.02, 0.01, 0.03, 0.06, 0.04, 0.0, 0.03, 0.07, 0.03, 0.01, 0.03, 0.04, 0.03, 0.06, 0.01, 0.08, 0.03, 0.0, 0.08, 0.08, 0.05, 0.0, 0.09, 0.05, 0.01, 0.06, 0.07, 0.07, 0.01, 0.07, 0.08, 0.03, 0.05, 0.05, 0.05, 0.07, 0.03, 0.09, 0.09, 0.09, 0.04, 0.09, 0.1, 0.1, 0.01, 0.01, 0.01, 0.07, 0.0, 0.03, 0.07, 0.03, 0.03, 0.05, 0.03, 0.01, 0.01, 0.1, 0.01, 0.05, 0.03, 0.02, 0.01, 0.09, 0.06, 0.06, 0.04, 0.02, 0.03, 0.03, 0.04, 0.09, 0.08, 0.05, 0.05, 0.04, 0.03, 0.06, 0.03, 0.03, 0.07, 0.0, 0.04, 0.04, 0.02, 0.03, 0.01, 0.07, 0.01, 0.07, 0.09, 0.01, 0.03, 0.07, 0.01, 0.03, 0.06, 0.03, 0.01, 0.0, 0.07, 0.02, 0.07, 0.06, 0.01, 0.03, 0.03, 0.08, 0.09, 0.09, 0.06, 0.07, 0.09, 0.04, 0.06, 0.07, 0.03, 0.05, 0.06, 0.01, 0.04, 0.09, 0.04, 0.09, 0.09, 0.05, 0.07, 0.09, 0.06, 0.08, 0.09, 0.08, 0.1, 0.01, 0.03, 0.09, 0.05, 0.07, 0.08, 0.03, 0.04]",0,
120,Anti-Plurality,ATVA_4,150,4,"{'C': 119, 'B': 115, 'D': 109, 'A': 107}","[0.88, 0.58, 1.0, 1.0, 0.54, 0.67, 0.75, 1.0, 0.79, 0.58, 0.42, 0.58, 0.75, 0.75, 0.42, 0.75, 0.88, 0.88, 0.79, 0.58, 0.88, 1.0, 1.0, 0.75, 0.54, 0.58, 1.0, 0.5, 0.58, 1.0, 0.79, 0.79, 0.67, 0.58, 0.67, 1.0, 0.75, 0.5, 0.58, 0.88, 1.0, 1.0, 0.46, 0.58, 0.58, 0.5, 0.58, 1.0, 1.0, 1.0, 0.58, 0.75, 0.58, 1.0, 0.58, 0.58, 1.0, 0.58, 1.0, 1.0, 0.58, 0.46, 0.58, 0.58, 1.0, 0.5, 1.0, 0.58, 1.0, 0.75, 1.0, 0.46, 0.88, 1.0, 0.58, 0.5, 0.58, 0.58, 0.75, 0.46, 0.58, 0.75, 0.58, 0.58, 0.88, 1.0, 0.67, 0.54, 0.88, 1.0, 0.88, 0.75, 0.5, 1.0, 0.58, 0.5, 0.5, 0.54, 0.88, 1.0, 0.5, 0.67, 1.0, 0.58, 0.54, 0.58, 0.58, 0.75, 0.54, 0.58, 0.58, 1.0, 0.58, 1.0, 1.0, 1.0, 0.5, 0.54, 0.58, 0.75, 1.0, 0.58, 1.0, 0.75, 0.54, 1.0, 1.0, 0.75, 0.5, 0.58, 0.75, 0.5, 0.75, 1.0, 0.58, 1.0, 0.46, 0.54, 0.5, 0.54, 0.79, 0.54, 1.0, 0.58, 0.75, 0.79, 0.75, 0.5, 0.54, 0.5]",108.3,[],"[0.01, 0.06, 0.01, 0.03, 0.07, 0.05, 0.02, 0.01, 0.03, 0.07, 0.1, 0.05, 0.04, 0.03, 0.1, 0.03, 0.01, 0.01, 0.03, 0.05, 0.01, 0.03, 0.03, 0.02, 0.07, 0.06, 0.01, 0.08, 0.06, 0.01, 0.03, 0.03, 0.05, 0.07, 0.05, 0.01, 0.04, 0.08, 0.06, 0.01, 0.03, 0.04, 0.09, 0.05, 0.06, 0.08, 0.07, 0.0, 0.01, 0.03, 0.06, 0.04, 0.07, 0.03, 0.06, 0.06, 0.03, 0.06, 0.03, 0.0, 0.06, 0.09, 0.07, 0.06, 0.04, 0.09, 0.0, 0.05, 0.01, 0.04, 0.03, 0.09, 0.01, 0.01, 0.05, 0.09, 0.05, 0.07, 0.04, 0.09, 0.06, 0.04, 0.06, 0.07, 0.01, 0.01, 0.05, 0.07, 0.01, 0.0, 0.01, 0.04, 0.09, 0.03, 0.06, 0.08, 0.09, 0.07, 0.01, 0.01, 0.09, 0.05, 0.01, 0.06, 0.07, 0.06, 0.06, 0.03, 0.07, 0.07, 0.07, 0.01, 0.06, 0.03, 0.01, 0.01, 0.09, 0.07, 0.06, 0.04, 0.0, 0.07, 0.03, 0.04, 0.07, 0.03, 0.01, 0.03, 0.08, 0.07, 0.04, 0.08, 0.02, 0.04, 0.06, 0.0, 0.09, 0.07, 0.08, 0.07, 0.03, 0.07, 0.04, 0.07, 0.03, 0.03, 0.03, 0.08, 0.07, 0.08]",0,
121,Borda,BTVA,150,4,"{'B': 236, 'D': 236, 'C': 223, 'A': 205}","[0.54, 1.0, 0.54, 1.0, 0.46, 1.0, 0.79, 0.46, 0.5, 0.75, 0.88, 0.58, 0.54, 1.0, 0.75, 0.75, 0.46, 0.75, 0.58, 0.54, 0.58, 0.79, 0.75, 0.88, 0.54, 0.75, 0.58, 0.75, 0.54, 1.0, 0.5, 0.46, 0.75, 0.75, 1.0, 0.79, 0.58, 1.0, 0.5, 0.46, 1.0, 1.0, 1.0, 0.75, 0.75, 1.0, 0.58, 1.0, 0.46, 1.0, 1.0, 0.75, 1.0, 0.54, 0.58, 0.75, 1.0, 1.0, 0.75, 1.0, 1.0, 0.46, 1.0, 1.0, 1.0, 0.88, 0.5, 0.75, 0.54, 1.0, 0.58, 0.58, 1.0, 0.5, 0.46, 0.58, 0.5, 1.0, 1.0, 1.0, 0.88, 0.58, 0.58, 0.54, 0.58, 0.5, 0.58, 0.5, 1.0, 0.75, 0.58, 0.54, 0.75, 0.42, 0.46, 0.46, 0.58, 0.5, 0.58, 0.75, 1.0, 0.5, 1.0, 0.88, 0.67, 0.54, 0.58, 0.79, 1.0, 1.0, 0.75, 0.58, 0.42, 0.46, 0.88, 0.75, 1.0, 0.5, 0.58, 0.79, 1.0, 0.58, 0.58, 0.79, 1.0, 1.0, 1.0, 0.58, 0.54, 0.58, 0.5, 0.54, 1.0, 0.67, 0.79, 1.0, 1.0, 0.75, 0.58, 0.67, 0.46, 1.0, 0.75, 0.58, 1.0, 0.5, 0.54, 0.58, 0.58, 1.0]",108.97999999999999,"[1, 7, 10, 11, 15, 16, 20, 22, 24, 25, 29, 31, 33, 34, 36, 39, 40, 54, 62, 66, 68, 69, 75, 81, 84, 86, 88, 90, 92, 94, 96, 98, 104, 105, 106, 108, 111, 113, 115, 118, 120, 124, 129, 131, 134, 135, 138, 140, 146]","[0.07, 0.0, 0.07, 0.01, 0.09, 0.03, 0.03, 0.09, 0.08, 0.02, 0.01, 0.06, 0.07, 0.0, 0.02, 0.02, 0.09, 0.04, 0.05, 0.07, 0.05, 0.03, 0.04, 0.01, 0.07, 0.03, 0.06, 0.04, 0.07, 0.0, 0.09, 0.09, 0.02, 0.02, 0.03, 0.03, 0.06, 0.04, 0.09, 0.09, 0.01, 0.0, 0.04, 0.04, 0.03, 0.01, 0.07, 0.03, 0.09, 0.03, 0.04, 0.04, 0.04, 0.07, 0.06, 0.03, 0.01, 0.0, 0.04, 0.01, 0.04, 0.09, 0.0, 0.03, 0.01, 0.01, 0.08, 0.02, 0.07, 0.04, 0.05, 0.06, 0.03, 0.08, 0.09, 0.07, 0.08, 0.03, 0.03, 0.01, 0.01, 0.07, 0.07, 0.07, 0.07, 0.09, 0.06, 0.09, 0.0, 0.02, 0.06, 0.07, 0.03, 0.1, 0.09, 0.09, 0.07, 0.09, 0.06, 0.04, 0.04, 0.08, 0.01, 0.01, 0.05, 0.07, 0.06, 0.03, 0.01, 0.01, 0.02, 0.07, 0.1, 0.09, 0.01, 0.03, 0.03, 0.09, 0.07, 0.03, 0.01, 0.05, 0.05, 0.03, 0.0, 0.03, 0.01, 0.07, 0.07, 0.06, 0.09, 0.07, 0.04, 0.05, 0.03, 0.0, 0.0, 0.02, 0.06, 0.05, 0.09, 0.03, 0.03, 0.07, 0.0, 0.09, 0.07, 0.06, 0.06, 0.03]",0.32999999999999996,
122,Borda,BTVA,150,4,"{'D': 237, 'A': 231, 'B': 220, 'C': 212}","[0.58, 1.0, 0.58, 0.75, 0.75, 0.58, 0.67, 0.88, 1.0, 0.58, 1.0, 0.5, 0.46, 0.5, 0.75, 0.79, 0.42, 1.0, 0.46, 0.54, 0.46, 0.75, 0.79, 0.46, 1.0, 0.58, 0.75, 1.0, 0.75, 1.0, 1.0, 1.0, 0.67, 0.58, 0.88, 0.75, 0.58, 0.75, 0.58, 0.88, 1.0, 0.42, 0.58, 0.75, 0.79, 0.67, 1.0, 1.0, 1.0, 0.5, 0.5, 0.58, 0.67, 0.5, 0.42, 0.5, 1.0, 0.58, 1.0, 0.67, 0.58, 0.79, 1.0, 0.46, 0.88, 1.0, 0.5, 0.67, 0.54, 1.0, 0.75, 0.54, 0.5, 0.5, 0.88, 0.75, 0.67, 0.5, 0.79, 1.0, 0.46, 1.0, 0.58, 0.46, 0.58, 0.58, 0.58, 0.5, 1.0, 0.67, 0.88, 0.75, 1.0, 1.0, 1.0, 0.54, 0.79, 0.54, 0.75, 0.58, 0.58, 0.5, 0.79, 0.58, 0.58, 1.0, 1.0, 0.88, 0.54, 0.42, 0.75, 0.54, 0.42, 0.58, 1.0, 0.58, 1.0, 0.75, 0.58, 1.0, 0.54, 1.0, 0.58, 0.42, 1.0, 0.54, 0.5, 1.0, 0.67, 1.0, 0.75, 0.54, 0.5, 0.58, 1.0, 1.0, 0.58, 0.75, 1.0, 0.58, 0.58, 0.58, 0.79, 0.5, 0.58, 0.75, 1.0, 0.58, 1.0, 1.0]",107.63,[],"[0.07, 0.03, 0.06, 0.03, 0.02, 0.07, 0.05, 0.01, 0.01, 0.07, 0.03, 0.08, 0.09, 0.08, 0.02, 0.03, 0.1, 0.01, 0.09, 0.07, 0.09, 0.04, 0.03, 0.09, 0.04, 0.06, 0.03, 0.03, 0.04, 0.01, 0.03, 0.01, 0.05, 0.06, 0.01, 0.03, 0.06, 0.02, 0.06, 0.01, 0.04, 0.1, 0.07, 0.04, 0.03, 0.05, 0.01, 0.04, 0.0, 0.09, 0.08, 0.05, 0.05, 0.08, 0.1, 0.09, 0.0, 0.06, 0.04, 0.05, 0.07, 0.03, 0.03, 0.09, 0.01, 0.03, 0.08, 0.05, 0.07, 0.01, 0.03, 0.07, 0.08, 0.09, 0.01, 0.02, 0.05, 0.08, 0.03, 0.01, 0.09, 0.04, 0.06, 0.09, 0.06, 0.06, 0.07, 0.08, 0.01, 0.05, 0.01, 0.03, 0.01, 0.01, 0.01, 0.07, 0.03, 0.07, 0.02, 0.06, 0.07, 0.08, 0.03, 0.06, 0.06, 0.03, 0.03, 0.01, 0.07, 0.1, 0.02, 0.07, 0.1, 0.06, 0.01, 0.06, 0.0, 0.04, 0.05, 0.01, 0.07, 0.0, 0.07, 0.1, 0.0, 0.07, 0.08, 0.0, 0.05, 0.03, 0.03, 0.07, 0.08, 0.07, 0.03, 0.03, 0.06, 0.04, 0.0, 0.05, 0.05, 0.05, 0.03, 0.08, 0.05, 0.02, 0.03, 0.07, 0.01, 0.03]",0,
123,Borda,BTVA,150,4,"{'A': 235, 'B': 233, 'C': 221, 'D': 211}","[0.54, 0.58, 0.54, 0.58, 0.79, 1.0, 0.88, 1.0, 0.75, 1.0, 0.88, 1.0, 0.75, 1.0, 0.75, 0.75, 1.0, 1.0, 0.75, 1.0, 0.46, 0.58, 0.46, 0.5, 1.0, 0.58, 1.0, 0.54, 0.75, 1.0, 0.67, 0.58, 0.67, 0.5, 0.54, 0.54, 1.0, 0.58, 0.54, 1.0, 0.75, 1.0, 0.5, 0.67, 0.46, 0.58, 0.75, 0.75, 0.5, 0.75, 0.75, 0.46, 1.0, 0.58, 0.58, 0.58, 0.5, 1.0, 0.67, 0.5, 0.54, 1.0, 0.58, 1.0, 1.0, 0.54, 1.0, 0.79, 1.0, 1.0, 0.46, 0.46, 0.46, 0.67, 1.0, 1.0, 0.58, 0.75, 0.75, 0.58, 0.75, 0.46, 0.54, 1.0, 0.46, 0.75, 0.5, 1.0, 0.75, 0.46, 0.5, 1.0, 0.75, 0.58, 0.75, 1.0, 1.0, 1.0, 0.88, 0.79, 0.58, 1.0, 1.0, 0.88, 0.5, 0.79, 0.58, 0.88, 0.54, 0.58, 0.67, 0.5, 1.0, 0.46, 0.75, 0.67, 0.58, 1.0, 0.58, 0.58, 1.0, 0.58, 0.54, 0.75, 0.75, 0.42, 0.75, 1.0, 1.0, 0.79, 0.54, 0.46, 0.54, 0.88, 0.58, 0.5, 0.67, 0.42, 0.58, 0.5, 0.58, 1.0, 0.5, 0.79, 0.75, 1.0, 0.75, 0.75, 0.58, 1.0]",108.51,[],"[0.07, 0.07, 0.07, 0.06, 0.03, 0.01, 0.01, 0.01, 0.04, 0.03, 0.01, 0.04, 0.02, 0.03, 0.04, 0.03, 0.0, 0.04, 0.04, 0.03, 0.09, 0.06, 0.09, 0.09, 0.01, 0.06, 0.0, 0.07, 0.02, 0.03, 0.05, 0.07, 0.05, 0.09, 0.07, 0.07, 0.01, 0.07, 0.07, 0.03, 0.02, 0.01, 0.09, 0.05, 0.09, 0.06, 0.04, 0.02, 0.09, 0.03, 0.03, 0.09, 0.01, 0.06, 0.06, 0.07, 0.09, 0.0, 0.05, 0.09, 0.07, 0.01, 0.06, 0.04, 0.01, 0.07, 0.01, 0.03, 0.03, 0.03, 0.09, 0.09, 0.09, 0.05, 0.03, 0.01, 0.06, 0.04, 0.04, 0.06, 0.04, 0.09, 0.07, 0.04, 0.09, 0.03, 0.08, 0.0, 0.03, 0.09, 0.08, 0.0, 0.02, 0.06, 0.04, 0.03, 0.01, 0.01, 0.01, 0.03, 0.06, 0.04, 0.03, 0.01, 0.08, 0.03, 0.05, 0.01, 0.07, 0.06, 0.05, 0.08, 0.03, 0.09, 0.03, 0.05, 0.07, 0.03, 0.05, 0.07, 0.03, 0.06, 0.07, 0.03, 0.04, 0.1, 0.03, 0.01, 0.03, 0.03, 0.07, 0.09, 0.07, 0.01, 0.06, 0.09, 0.05, 0.1, 0.06, 0.09, 0.07, 0.0, 0.08, 0.03, 0.03, 0.03, 0.02, 0.03, 0.07, 0.01]",0,
124,Borda,BTVA,150,4,"{'D': 241, 'A': 227, 'B': 226, 'C': 206}","[1.0, 0.5, 1.0, 1.0, 0.58, 0.75, 1.0, 0.88, 1.0, 0.79, 0.54, 0.58, 1.0, 0.5, 0.75, 1.0, 0.42, 0.75, 0.5, 1.0, 0.58, 0.5, 0.75, 0.75, 0.58, 0.54, 0.5, 1.0, 0.46, 0.5, 0.88, 0.58, 0.75, 0.5, 0.88, 0.75, 0.58, 0.5, 0.58, 1.0, 0.75, 0.58, 1.0, 0.58, 0.75, 0.75, 0.75, 0.88, 0.5, 0.54, 0.5, 0.42, 0.58, 0.42, 0.58, 0.54, 0.54, 0.58, 0.54, 0.58, 0.88, 0.88, 0.75, 0.54, 1.0, 0.75, 1.0, 0.54, 1.0, 0.75, 0.54, 0.58, 0.88, 1.0, 1.0, 1.0, 0.54, 1.0, 0.46, 0.54, 0.75, 0.75, 0.58, 1.0, 0.58, 0.54, 0.42, 0.75, 1.0, 1.0, 0.79, 1.0, 0.58, 0.46, 0.58, 0.54, 0.58, 1.0, 0.79, 1.0, 0.88, 1.0, 0.54, 0.75, 1.0, 1.0, 1.0, 0.5, 1.0, 1.0, 1.0, 0.79, 0.54, 1.0, 0.58, 0.75, 0.58, 0.58, 1.0, 0.75, 0.5, 1.0, 1.0, 0.58, 0.58, 0.58, 1.0, 0.58, 0.75, 0.58, 0.58, 0.58, 0.5, 1.0, 0.58, 0.88, 1.0, 1.0, 0.75, 0.79, 0.46, 1.0, 0.75, 0.5, 0.58, 1.0, 0.46, 0.75, 0.42, 0.88]",109.23,"[11, 18, 26, 33, 36, 41, 50, 56, 57, 59, 64, 66, 68, 71, 77, 80, 81, 86, 88, 96, 103, 113, 116, 129, 139, 148]","[0.01, 0.08, 0.01, 0.03, 0.07, 0.03, 0.0, 0.01, 0.01, 0.03, 0.07, 0.07, 0.01, 0.08, 0.03, 0.0, 0.1, 0.04, 0.08, 0.03, 0.05, 0.08, 0.02, 0.02, 0.06, 0.07, 0.08, 0.01, 0.09, 0.09, 0.01, 0.07, 0.04, 0.08, 0.01, 0.04, 0.05, 0.08, 0.07, 0.01, 0.04, 0.06, 0.03, 0.07, 0.03, 0.02, 0.02, 0.01, 0.09, 0.07, 0.08, 0.1, 0.06, 0.1, 0.06, 0.07, 0.07, 0.06, 0.07, 0.06, 0.01, 0.01, 0.02, 0.07, 0.03, 0.04, 0.03, 0.07, 0.04, 0.02, 0.07, 0.06, 0.01, 0.03, 0.03, 0.0, 0.07, 0.04, 0.09, 0.07, 0.04, 0.03, 0.07, 0.0, 0.07, 0.07, 0.1, 0.04, 0.04, 0.03, 0.03, 0.01, 0.05, 0.09, 0.05, 0.07, 0.06, 0.03, 0.03, 0.01, 0.01, 0.01, 0.07, 0.02, 0.03, 0.01, 0.01, 0.08, 0.03, 0.03, 0.03, 0.03, 0.07, 0.03, 0.07, 0.04, 0.05, 0.07, 0.04, 0.02, 0.09, 0.01, 0.04, 0.07, 0.07, 0.06, 0.01, 0.07, 0.04, 0.05, 0.07, 0.06, 0.09, 0.01, 0.07, 0.01, 0.01, 0.03, 0.04, 0.03, 0.09, 0.04, 0.03, 0.09, 0.07, 0.01, 0.09, 0.04, 0.1, 0.01]",0.040000000000000036,
125,Borda,BTVA,150,4,"{'D': 237, 'A': 223, 'B': 220, 'C': 220}","[0.79, 1.0, 0.5, 0.58, 0.58, 0.54, 0.58, 0.58, 0.46, 0.79, 0.5, 1.0, 0.58, 0.75, 0.5, 0.54, 0.58, 0.58, 0.46, 0.54, 0.54, 0.79, 0.5, 0.79, 0.5, 0.79, 0.58, 1.0, 1.0, 0.54, 0.46, 0.67, 0.75, 1.0, 0.75, 0.58, 0.75, 1.0, 0.58, 0.54, 0.46, 0.79, 0.75, 1.0, 1.0, 0.54, 1.0, 0.58, 0.58, 0.79, 0.58, 0.75, 1.0, 0.75, 0.46, 0.5, 0.5, 0.58, 0.46, 0.88, 0.58, 0.75, 0.58, 0.5, 0.46, 0.75, 1.0, 1.0, 1.0, 1.0, 0.58, 1.0, 0.5, 1.0, 0.46, 0.75, 0.88, 0.75, 0.5, 0.46, 0.54, 1.0, 0.58, 0.79, 0.46, 0.58, 0.88, 0.75, 1.0, 0.67, 0.58, 0.42, 0.5, 0.79, 1.0, 0.54, 1.0, 0.46, 0.79, 1.0, 1.0, 1.0, 1.0, 1.0, 0.75, 0.58, 0.88, 0.54, 0.75, 0.58, 0.75, 0.46, 0.58, 1.0, 0.46, 1.0, 1.0, 0.5, 1.0, 1.0, 0.58, 1.0, 0.42, 0.42, 0.58, 1.0, 1.0, 1.0, 1.0, 0.79, 0.79, 0.58, 0.75, 0.75, 1.0, 1.0, 1.0, 0.46, 0.79, 0.58, 0.5, 0.75, 1.0, 0.58, 1.0, 1.0, 0.75, 0.58, 0.58, 1.0]",108.38,"[11, 15, 19, 21, 25, 31, 32, 33, 37, 46, 55, 56, 57, 59, 65, 75, 79, 80, 81, 85, 88, 90, 92, 93, 108, 111, 115, 118, 123, 124, 133, 141, 142]","[0.03, 0.01, 0.08, 0.06, 0.06, 0.07, 0.07, 0.06, 0.09, 0.03, 0.09, 0.03, 0.07, 0.04, 0.09, 0.07, 0.07, 0.06, 0.09, 0.07, 0.07, 0.03, 0.08, 0.03, 0.09, 0.03, 0.07, 0.0, 0.03, 0.07, 0.09, 0.05, 0.02, 0.03, 0.03, 0.05, 0.02, 0.01, 0.06, 0.07, 0.09, 0.03, 0.04, 0.0, 0.04, 0.07, 0.01, 0.07, 0.07, 0.03, 0.06, 0.03, 0.04, 0.04, 0.09, 0.09, 0.09, 0.06, 0.09, 0.01, 0.06, 0.03, 0.06, 0.08, 0.09, 0.03, 0.01, 0.03, 0.04, 0.04, 0.06, 0.03, 0.08, 0.03, 0.09, 0.04, 0.01, 0.03, 0.09, 0.09, 0.07, 0.0, 0.06, 0.03, 0.09, 0.07, 0.01, 0.02, 0.03, 0.05, 0.07, 0.1, 0.09, 0.03, 0.03, 0.07, 0.03, 0.09, 0.03, 0.01, 0.0, 0.03, 0.01, 0.0, 0.03, 0.05, 0.01, 0.07, 0.03, 0.05, 0.02, 0.09, 0.05, 0.0, 0.09, 0.0, 0.0, 0.09, 0.04, 0.01, 0.05, 0.03, 0.1, 0.1, 0.07, 0.04, 0.03, 0.03, 0.01, 0.03, 0.03, 0.05, 0.02, 0.04, 0.03, 0.03, 0.04, 0.09, 0.03, 0.06, 0.09, 0.02, 0.01, 0.07, 0.03, 0.04, 0.03, 0.06, 0.07, 0.01]",0.13,
126,Borda,BTVA,150,4,"{'A': 240, 'B': 225, 'C': 220, 'D': 215}","[0.42, 0.75, 1.0, 0.75, 0.88, 0.46, 0.58, 0.54, 0.58, 0.88, 0.75, 1.0, 0.58, 0.58, 1.0, 0.46, 0.46, 0.58, 0.58, 0.88, 0.5, 0.67, 0.5, 0.54, 0.88, 0.5, 1.0, 0.54, 0.75, 1.0, 1.0, 0.58, 0.58, 1.0, 1.0, 1.0, 0.5, 1.0, 0.58, 1.0, 0.88, 0.5, 0.46, 1.0, 0.75, 0.54, 0.46, 0.42, 0.75, 0.58, 0.75, 1.0, 0.88, 1.0, 1.0, 0.54, 0.75, 1.0, 0.58, 0.58, 1.0, 1.0, 0.88, 0.58, 0.5, 1.0, 0.58, 1.0, 0.58, 0.54, 1.0, 1.0, 0.46, 0.54, 0.75, 0.79, 0.46, 0.46, 0.75, 1.0, 0.58, 0.79, 1.0, 0.58, 0.42, 0.88, 0.75, 1.0, 0.46, 0.67, 1.0, 1.0, 0.46, 0.5, 0.79, 1.0, 1.0, 0.58, 0.75, 0.46, 0.58, 1.0, 0.75, 0.67, 0.67, 0.67, 1.0, 0.58, 1.0, 0.88, 1.0, 1.0, 1.0, 0.58, 0.54, 0.79, 0.75, 0.42, 0.58, 1.0, 1.0, 0.54, 0.58, 0.46, 0.46, 0.5, 0.54, 0.5, 1.0, 0.46, 1.0, 0.67, 1.0, 0.58, 1.0, 0.58, 0.46, 0.75, 0.75, 0.58, 0.58, 0.54, 0.46, 1.0, 1.0, 0.75, 1.0, 0.67, 1.0, 0.67]",109.33,[],"[0.1, 0.03, 0.04, 0.02, 0.01, 0.09, 0.07, 0.07, 0.06, 0.01, 0.03, 0.03, 0.07, 0.06, 0.03, 0.09, 0.09, 0.06, 0.07, 0.01, 0.09, 0.05, 0.09, 0.07, 0.01, 0.09, 0.01, 0.07, 0.02, 0.0, 0.03, 0.05, 0.06, 0.03, 0.0, 0.03, 0.09, 0.01, 0.07, 0.0, 0.01, 0.08, 0.09, 0.0, 0.04, 0.07, 0.09, 0.1, 0.04, 0.05, 0.04, 0.03, 0.01, 0.04, 0.04, 0.07, 0.04, 0.01, 0.06, 0.07, 0.04, 0.0, 0.01, 0.07, 0.09, 0.03, 0.06, 0.04, 0.06, 0.07, 0.01, 0.01, 0.09, 0.07, 0.03, 0.03, 0.09, 0.09, 0.02, 0.03, 0.06, 0.03, 0.01, 0.06, 0.1, 0.01, 0.03, 0.03, 0.09, 0.05, 0.04, 0.01, 0.09, 0.08, 0.03, 0.01, 0.04, 0.06, 0.02, 0.09, 0.07, 0.03, 0.04, 0.05, 0.05, 0.05, 0.0, 0.07, 0.03, 0.01, 0.01, 0.0, 0.01, 0.06, 0.07, 0.03, 0.03, 0.1, 0.06, 0.01, 0.0, 0.07, 0.05, 0.09, 0.09, 0.09, 0.07, 0.09, 0.04, 0.09, 0.01, 0.05, 0.04, 0.07, 0.03, 0.06, 0.09, 0.02, 0.04, 0.05, 0.07, 0.07, 0.09, 0.03, 0.01, 0.03, 0.01, 0.05, 0.0, 0.05]",0,
127,Borda,BTVA,150,4,"{'B': 232, 'A': 226, 'C': 223, 'D': 219}","[1.0, 0.58, 0.75, 1.0, 1.0, 0.42, 0.88, 0.67, 0.75, 0.67, 0.58, 1.0, 0.54, 0.54, 0.67, 0.79, 0.5, 0.54, 0.58, 0.58, 1.0, 0.46, 1.0, 1.0, 1.0, 1.0, 0.75, 0.58, 0.5, 0.58, 1.0, 0.79, 1.0, 0.88, 0.54, 0.67, 0.58, 1.0, 0.46, 1.0, 0.75, 0.5, 0.46, 1.0, 0.58, 1.0, 0.58, 1.0, 1.0, 0.54, 0.54, 0.5, 1.0, 0.54, 1.0, 1.0, 0.75, 1.0, 0.75, 0.58, 1.0, 0.58, 0.75, 1.0, 0.54, 0.5, 0.67, 0.42, 0.75, 0.58, 0.58, 0.54, 0.46, 0.58, 1.0, 0.79, 0.58, 0.58, 1.0, 0.46, 1.0, 0.88, 1.0, 0.54, 0.5, 0.75, 0.58, 0.75, 0.5, 0.54, 0.54, 0.67, 1.0, 0.75, 0.79, 0.46, 0.75, 0.79, 0.58, 0.58, 1.0, 0.46, 0.58, 1.0, 0.58, 0.58, 0.5, 0.46, 0.54, 1.0, 0.58, 0.58, 0.79, 0.46, 1.0, 0.46, 0.58, 0.46, 0.58, 0.75, 0.54, 1.0, 1.0, 0.88, 0.79, 0.58, 1.0, 0.75, 1.0, 1.0, 0.75, 0.54, 1.0, 0.67, 0.58, 0.88, 0.79, 0.58, 1.0, 0.54, 1.0, 0.75, 0.67, 0.5, 0.67, 0.67, 1.0, 0.54, 0.54, 0.42]",107.78,[],"[0.01, 0.07, 0.03, 0.01, 0.01, 0.1, 0.01, 0.05, 0.04, 0.05, 0.07, 0.01, 0.07, 0.07, 0.05, 0.03, 0.08, 0.07, 0.05, 0.06, 0.0, 0.09, 0.04, 0.03, 0.03, 0.03, 0.04, 0.06, 0.09, 0.06, 0.03, 0.03, 0.03, 0.01, 0.07, 0.05, 0.07, 0.03, 0.09, 0.04, 0.04, 0.09, 0.09, 0.03, 0.05, 0.04, 0.06, 0.03, 0.01, 0.07, 0.07, 0.08, 0.03, 0.07, 0.0, 0.01, 0.02, 0.0, 0.03, 0.07, 0.03, 0.06, 0.03, 0.03, 0.07, 0.09, 0.05, 0.1, 0.02, 0.07, 0.07, 0.07, 0.09, 0.06, 0.01, 0.03, 0.06, 0.06, 0.04, 0.09, 0.04, 0.01, 0.0, 0.07, 0.09, 0.03, 0.06, 0.04, 0.08, 0.07, 0.07, 0.05, 0.03, 0.02, 0.03, 0.09, 0.04, 0.03, 0.07, 0.05, 0.01, 0.09, 0.06, 0.01, 0.05, 0.07, 0.09, 0.09, 0.07, 0.03, 0.07, 0.05, 0.03, 0.09, 0.03, 0.09, 0.06, 0.09, 0.06, 0.03, 0.07, 0.0, 0.03, 0.01, 0.03, 0.07, 0.03, 0.03, 0.04, 0.0, 0.02, 0.07, 0.04, 0.05, 0.06, 0.01, 0.03, 0.07, 0.0, 0.07, 0.03, 0.04, 0.05, 0.08, 0.05, 0.05, 0.0, 0.07, 0.07, 0.1]",0,
128,Borda,BTVA,150,4,"{'A': 242, 'D': 233, 'C': 227, 'B': 198}","[1.0, 0.5, 0.88, 0.46, 0.58, 0.54, 0.75, 0.88, 0.46, 0.54, 1.0, 0.54, 1.0, 0.42, 0.79, 0.5, 1.0, 0.54, 1.0, 0.42, 1.0, 1.0, 0.42, 1.0, 0.58, 0.42, 1.0, 0.5, 0.46, 0.58, 1.0, 1.0, 1.0, 0.88, 0.5, 0.46, 0.58, 0.58, 0.75, 0.58, 0.75, 1.0, 0.54, 1.0, 1.0, 0.75, 1.0, 0.88, 0.75, 1.0, 0.58, 0.88, 0.58, 1.0, 0.58, 0.46, 0.46, 0.67, 0.75, 0.42, 0.5, 0.46, 1.0, 0.54, 0.58, 0.58, 0.88, 0.58, 1.0, 0.75, 0.58, 0.46, 0.58, 0.75, 1.0, 1.0, 0.88, 0.75, 0.75, 1.0, 1.0, 1.0, 0.79, 0.75, 0.88, 1.0, 0.5, 0.67, 1.0, 0.67, 0.58, 0.67, 1.0, 0.5, 0.75, 1.0, 0.58, 0.58, 1.0, 0.58, 0.67, 1.0, 1.0, 0.58, 0.5, 0.58, 0.54, 0.58, 0.75, 0.54, 0.58, 0.88, 1.0, 0.75, 0.58, 0.67, 0.79, 0.58, 0.79, 0.5, 1.0, 1.0, 1.0, 0.54, 0.5, 0.79, 0.58, 0.58, 1.0, 1.0, 0.88, 0.58, 1.0, 0.75, 1.0, 1.0, 0.5, 1.0, 0.54, 0.58, 1.0, 0.88, 1.0, 0.75, 0.58, 0.54, 0.58, 1.0, 1.0, 0.75]",111.02000000000001,[],"[0.03, 0.09, 0.01, 0.09, 0.06, 0.07, 0.02, 0.01, 0.09, 0.07, 0.01, 0.07, 0.04, 0.1, 0.03, 0.09, 0.04, 0.07, 0.04, 0.1, 0.01, 0.03, 0.1, 0.0, 0.07, 0.1, 0.01, 0.08, 0.09, 0.05, 0.04, 0.0, 0.03, 0.01, 0.08, 0.09, 0.07, 0.06, 0.04, 0.05, 0.03, 0.03, 0.07, 0.0, 0.01, 0.03, 0.01, 0.01, 0.02, 0.01, 0.05, 0.01, 0.05, 0.01, 0.07, 0.09, 0.09, 0.05, 0.02, 0.1, 0.08, 0.09, 0.01, 0.07, 0.05, 0.07, 0.01, 0.05, 0.01, 0.04, 0.07, 0.09, 0.06, 0.03, 0.04, 0.01, 0.01, 0.02, 0.04, 0.0, 0.03, 0.0, 0.03, 0.04, 0.01, 0.03, 0.08, 0.05, 0.03, 0.05, 0.07, 0.05, 0.01, 0.08, 0.02, 0.03, 0.07, 0.06, 0.01, 0.07, 0.05, 0.03, 0.04, 0.07, 0.09, 0.07, 0.07, 0.07, 0.03, 0.07, 0.07, 0.01, 0.03, 0.04, 0.06, 0.05, 0.03, 0.07, 0.03, 0.09, 0.0, 0.01, 0.03, 0.07, 0.08, 0.03, 0.07, 0.07, 0.04, 0.03, 0.01, 0.07, 0.01, 0.03, 0.03, 0.04, 0.08, 0.0, 0.07, 0.06, 0.01, 0.01, 0.0, 0.04, 0.07, 0.07, 0.05, 0.01, 0.04, 0.04]",0,
129,Borda,BTVA,150,4,"{'B': 235, 'C': 233, 'A': 228, 'D': 204}","[0.88, 1.0, 0.54, 0.75, 0.75, 0.79, 0.46, 0.58, 0.58, 0.5, 1.0, 0.79, 0.54, 0.46, 0.88, 0.58, 0.67, 0.75, 1.0, 0.58, 0.5, 1.0, 1.0, 0.5, 1.0, 0.58, 1.0, 0.5, 0.79, 0.5, 0.79, 0.58, 0.5, 0.5, 1.0, 0.58, 1.0, 0.67, 1.0, 0.58, 0.54, 0.75, 0.75, 1.0, 1.0, 0.75, 0.75, 1.0, 0.75, 0.58, 0.79, 0.58, 1.0, 0.58, 1.0, 0.75, 0.46, 1.0, 0.54, 0.58, 0.46, 0.75, 0.5, 0.46, 0.58, 0.88, 1.0, 0.58, 1.0, 0.54, 0.75, 1.0, 0.75, 0.58, 0.46, 0.46, 0.67, 0.58, 1.0, 1.0, 0.5, 1.0, 0.67, 0.88, 0.58, 0.58, 0.58, 0.46, 1.0, 0.88, 0.75, 0.67, 0.46, 1.0, 1.0, 0.58, 0.75, 1.0, 0.42, 0.75, 0.79, 0.67, 0.58, 0.88, 0.88, 0.54, 1.0, 0.5, 0.75, 0.58, 1.0, 0.54, 1.0, 0.58, 1.0, 0.75, 0.75, 1.0, 0.58, 0.79, 0.46, 1.0, 0.58, 0.54, 1.0, 0.67, 0.54, 0.58, 0.58, 1.0, 0.79, 0.46, 0.67, 0.75, 0.46, 1.0, 0.75, 0.46, 0.79, 0.79, 0.46, 0.58, 1.0, 0.75, 0.42, 1.0, 1.0, 0.5, 0.42, 1.0]",108.47,[],"[0.01, 0.01, 0.07, 0.04, 0.04, 0.03, 0.09, 0.07, 0.05, 0.09, 0.0, 0.03, 0.07, 0.09, 0.01, 0.06, 0.05, 0.03, 0.01, 0.06, 0.08, 0.03, 0.03, 0.09, 0.03, 0.06, 0.0, 0.09, 0.03, 0.09, 0.03, 0.05, 0.08, 0.09, 0.01, 0.07, 0.01, 0.05, 0.03, 0.05, 0.07, 0.04, 0.03, 0.0, 0.0, 0.02, 0.02, 0.01, 0.02, 0.05, 0.03, 0.07, 0.0, 0.07, 0.04, 0.04, 0.09, 0.01, 0.07, 0.07, 0.09, 0.04, 0.09, 0.09, 0.06, 0.01, 0.03, 0.07, 0.03, 0.07, 0.03, 0.03, 0.02, 0.07, 0.09, 0.09, 0.05, 0.06, 0.01, 0.04, 0.09, 0.03, 0.05, 0.01, 0.07, 0.05, 0.05, 0.09, 0.01, 0.01, 0.04, 0.05, 0.09, 0.04, 0.01, 0.07, 0.02, 0.03, 0.1, 0.03, 0.03, 0.05, 0.06, 0.01, 0.01, 0.07, 0.0, 0.08, 0.02, 0.06, 0.03, 0.07, 0.01, 0.05, 0.01, 0.03, 0.03, 0.03, 0.06, 0.03, 0.09, 0.03, 0.06, 0.07, 0.01, 0.05, 0.07, 0.07, 0.07, 0.03, 0.03, 0.09, 0.05, 0.04, 0.09, 0.0, 0.03, 0.09, 0.03, 0.03, 0.09, 0.06, 0.01, 0.02, 0.1, 0.03, 0.03, 0.09, 0.1, 0.04]",0,
130,Borda,BTVA,150,4,"{'A': 241, 'D': 231, 'C': 224, 'B': 204}","[0.46, 0.54, 0.58, 1.0, 0.58, 0.88, 0.75, 0.5, 0.79, 0.88, 0.5, 0.58, 1.0, 1.0, 0.58, 0.75, 0.58, 0.5, 0.88, 1.0, 1.0, 0.79, 0.54, 1.0, 0.54, 0.58, 1.0, 0.58, 1.0, 0.54, 0.79, 0.5, 0.46, 1.0, 0.58, 1.0, 1.0, 0.46, 0.42, 1.0, 0.54, 0.58, 0.75, 0.75, 1.0, 0.58, 0.79, 1.0, 0.58, 1.0, 1.0, 0.58, 1.0, 0.58, 1.0, 0.75, 0.88, 0.58, 0.58, 1.0, 0.46, 0.5, 0.58, 0.79, 0.75, 0.5, 0.54, 0.79, 0.54, 0.54, 0.54, 0.75, 0.75, 0.88, 0.79, 1.0, 1.0, 1.0, 0.46, 0.79, 0.58, 0.79, 0.88, 0.79, 0.67, 0.75, 0.42, 1.0, 0.67, 0.75, 0.67, 1.0, 1.0, 0.58, 0.5, 1.0, 0.58, 0.58, 0.42, 0.79, 0.5, 0.46, 0.58, 0.46, 1.0, 0.54, 0.54, 0.46, 1.0, 0.58, 1.0, 0.46, 0.42, 0.67, 1.0, 1.0, 0.75, 0.54, 0.58, 0.58, 0.75, 0.46, 0.75, 1.0, 1.0, 1.0, 0.58, 0.5, 1.0, 0.46, 1.0, 1.0, 0.88, 0.46, 1.0, 1.0, 0.58, 1.0, 1.0, 0.5, 0.42, 0.54, 1.0, 0.88, 0.75, 1.0, 0.54, 1.0, 0.67, 0.79]",109.63,[],"[0.09, 0.07, 0.05, 0.03, 0.06, 0.01, 0.04, 0.09, 0.03, 0.01, 0.08, 0.07, 0.04, 0.01, 0.06, 0.03, 0.06, 0.08, 0.01, 0.0, 0.0, 0.03, 0.07, 0.03, 0.07, 0.05, 0.03, 0.06, 0.01, 0.07, 0.03, 0.08, 0.09, 0.03, 0.07, 0.01, 0.01, 0.09, 0.1, 0.01, 0.07, 0.07, 0.03, 0.04, 0.01, 0.06, 0.03, 0.04, 0.06, 0.03, 0.03, 0.06, 0.01, 0.05, 0.03, 0.04, 0.01, 0.07, 0.06, 0.03, 0.09, 0.09, 0.06, 0.03, 0.02, 0.09, 0.07, 0.03, 0.07, 0.07, 0.07, 0.03, 0.03, 0.01, 0.03, 0.04, 0.03, 0.01, 0.09, 0.03, 0.05, 0.03, 0.01, 0.03, 0.05, 0.02, 0.1, 0.04, 0.05, 0.03, 0.05, 0.03, 0.01, 0.06, 0.08, 0.01, 0.07, 0.07, 0.1, 0.03, 0.09, 0.09, 0.07, 0.09, 0.01, 0.07, 0.07, 0.09, 0.0, 0.06, 0.03, 0.09, 0.1, 0.05, 0.01, 0.01, 0.04, 0.07, 0.05, 0.06, 0.02, 0.09, 0.02, 0.03, 0.01, 0.01, 0.05, 0.08, 0.01, 0.09, 0.01, 0.0, 0.01, 0.09, 0.03, 0.01, 0.06, 0.04, 0.0, 0.09, 0.1, 0.07, 0.01, 0.01, 0.04, 0.0, 0.07, 0.03, 0.05, 0.03]",0,
131,Borda,ATVA_1,150,4,"{'B': 237, 'C': 230, 'A': 229, 'D': 204}","[0.58, 0.58, 0.79, 0.75, 0.46, 0.5, 1.0, 0.75, 0.46, 0.75, 0.46, 0.5, 0.75, 1.0, 0.75, 0.67, 0.67, 0.75, 0.75, 1.0, 1.0, 1.0, 1.0, 1.0, 0.58, 0.75, 1.0, 0.79, 0.75, 0.58, 1.0, 0.5, 0.42, 0.58, 0.67, 0.58, 0.75, 0.46, 0.46, 0.58, 0.88, 0.75, 0.75, 1.0, 1.0, 1.0, 1.0, 0.75, 0.5, 0.67, 0.5, 1.0, 1.0, 0.58, 1.0, 0.5, 1.0, 0.75, 0.75, 0.58, 0.58, 0.54, 0.46, 1.0, 0.58, 0.58, 0.75, 0.46, 0.46, 1.0, 0.54, 0.58, 0.58, 1.0, 1.0, 1.0, 0.75, 1.0, 0.67, 0.42, 0.46, 0.58, 1.0, 0.46, 1.0, 0.46, 1.0, 0.58, 0.67, 1.0, 1.0, 0.5, 0.75, 1.0, 0.54, 0.58, 1.0, 0.46, 0.5, 0.54, 0.5, 1.0, 1.0, 1.0, 0.58, 1.0, 0.75, 0.75, 0.88, 1.0, 0.75, 0.42, 0.79, 1.0, 0.46, 0.79, 0.58, 1.0, 0.58, 0.75, 0.79, 0.58, 1.0, 1.0, 0.5, 0.88, 0.58, 1.0, 0.75, 0.75, 0.75, 0.88, 0.58, 0.58, 0.88, 0.54, 0.58, 1.0, 0.88, 0.75, 1.0, 0.5, 0.5, 0.46, 0.46, 1.0, 0.58, 0.58, 0.58, 0.75]",109.6,"[5, 8, 9, 10, 11, 15, 18, 19, 29, 33, 37, 38, 39, 42, 43, 48, 58, 59, 62, 63, 68, 69, 71, 77, 80, 81, 84, 86, 93, 95, 98, 100, 107, 112, 115, 120, 129, 130, 136, 140, 144, 145]","[0.07, 0.06, 0.03, 0.02, 0.09, 0.08, 0.01, 0.04, 0.09, 0.03, 0.09, 0.08, 0.02, 0.04, 0.04, 0.05, 0.05, 0.03, 0.03, 0.0, 0.0, 0.04, 0.01, 0.04, 0.05, 0.02, 0.04, 0.03, 0.04, 0.05, 0.01, 0.09, 0.1, 0.07, 0.05, 0.05, 0.04, 0.09, 0.09, 0.06, 0.01, 0.04, 0.03, 0.0, 0.01, 0.03, 0.01, 0.04, 0.09, 0.05, 0.09, 0.01, 0.03, 0.07, 0.01, 0.09, 0.03, 0.03, 0.03, 0.05, 0.07, 0.07, 0.09, 0.03, 0.07, 0.07, 0.02, 0.09, 0.09, 0.03, 0.07, 0.07, 0.07, 0.04, 0.03, 0.04, 0.03, 0.0, 0.05, 0.1, 0.09, 0.06, 0.01, 0.09, 0.01, 0.09, 0.04, 0.07, 0.05, 0.01, 0.01, 0.09, 0.04, 0.03, 0.07, 0.06, 0.03, 0.09, 0.08, 0.07, 0.09, 0.04, 0.0, 0.03, 0.06, 0.01, 0.03, 0.02, 0.01, 0.03, 0.02, 0.1, 0.03, 0.03, 0.09, 0.03, 0.06, 0.0, 0.05, 0.04, 0.03, 0.05, 0.03, 0.03, 0.09, 0.01, 0.06, 0.03, 0.03, 0.04, 0.02, 0.01, 0.07, 0.06, 0.01, 0.07, 0.07, 0.01, 0.01, 0.04, 0.01, 0.09, 0.08, 0.09, 0.09, 0.01, 0.06, 0.05, 0.07, 0.02]",0.13,"[(15, 30), (84, 148), (15, 39), (95, 148), (107, 122), (8, 9), (9, 63), (68, 112), (37, 143), (8, 18), (58, 86), (9, 81), (48, 63), (68, 130), (29, 59), (58, 95), (69, 95), (77, 99), (80, 95), (29, 68), (98, 140), (9, 99), (68, 148), (18, 129), (38, 144), (10, 36), (33, 38), (58, 122), (69, 122), (80, 122), (39, 81), (100, 107), (8, 112), (19, 112), (10, 63), (39, 99), (8, 130), (19, 130), (43, 60), (43, 69), (84, 107), (95, 107), (11, 144), (15, 25), (84, 143), (95, 143), (136, 144), (18, 30), (59, 68), (5, 60), (37, 129), (9, 58), (5, 69), (29, 36), (68, 107), (120, 145), (58, 81), (69, 81), (38, 112), (48, 58), (80, 81), (15, 119), (18, 115), (29, 63), (38, 130), (58, 99), (68, 143), (69, 99), (77, 112), (80, 99), (98, 144), (62, 69), (8, 98), (19, 98), (42, 100), (33, 42), (71, 136), (8, 107), (19, 107), (71, 145), (81, 100), (10, 58), (11, 112), (29, 148), (84, 93), (11, 130), (39, 112), (33, 136), (84, 120), (95, 120), (10, 143), (33, 145), (84, 129), (95, 129), (37, 115), (59, 63), (107, 112), (68, 93), (136, 148), (120, 140), (9, 62), (38, 98), (77, 80), (95, 130), (9, 71), (38, 107), (68, 120), (9, 80), (77, 98), (68, 129), (59, 148), (42, 77), (77, 107), (98, 130), (129, 136), (18, 119), (8, 84), (19, 84), (42, 86), (39, 62), (80, 112), (8, 93), (19, 93), (42, 95), (33, 37), (39, 71), (71, 140), (81, 86), (98, 148), (11, 98), (39, 80), (63, 136), (11, 107), (29, 143), (8, 120), (19, 120), (63, 145), (39, 98), (43, 59), (33, 122), (43, 68), (43, 77), (84, 115), (95, 115), (33, 140), (9, 30), (9, 39), (136, 143), (37, 119), (9, 48), (38, 84), (5, 59), (58, 62), (38, 93), (5, 68), (58, 71), (69, 71), (15, 100), (77, 84), (5, 77), (58, 80), (42, 63), (68, 115), (69, 80), (77, 93), (59, 143), (38, 120), (10, 12), (39, 48), (42, 81), (58, 98), (69, 98), (80, 98), (98, 143), (10, 30), (11, 84), (42, 99), (62, 68), (63, 122), (10, 39), (11, 93), (29, 129), (62, 77), (71, 144), (39, 84), (63, 140), (19, 115), (11, 120), (43, 63), (93, 140), (9, 25), (33, 144), (5, 36), (9, 43), (120, 130), (15, 86), (5, 63), (29, 30), (15, 95), (120, 148), (59, 129), (42, 58), (18, 100), (58, 84), (69, 84), (80, 84), (39, 43), (80, 93), (71, 112), (15, 122), (98, 120), (98, 129), (48, 119), (10, 25), (62, 63), (71, 130), (112, 140), (71, 148), (63, 144), (115, 145), (33, 112), (43, 58), (10, 119), (9, 11), (33, 130), (93, 144), (68, 69), (37, 100), (9, 29), (9, 38), (15, 81), (5, 58), (18, 77), (120, 143), (18, 86), (15, 99), (18, 95), (8, 60), (19, 60), (42, 62), (71, 98), (98, 115), (8, 69), (19, 69), (42, 71), (10, 11), (71, 107), (42, 80), (5, 143), (63, 112), (29, 119), (63, 130), (112, 144), (115, 140), (33, 98), (33, 107), (62, 143), (5, 8), (93, 130), (37, 77), (37, 86), (9, 15), (86, 100), (93, 148), (37, 95), (38, 60), (9, 33), (38, 69), (120, 129), (86, 136), (18, 81), (42, 48), (59, 119), (71, 93), (18, 99), (48, 100), (98, 119), (11, 60), (39, 42), (63, 98), (11, 69), (63, 107), (9, 136), (71, 120), (39, 60), (9, 145), (71, 129), (112, 130), (48, 136), (33, 84), (112, 148), (33, 93), (115, 144), (10, 100), (37, 63), (39, 145), (33, 120), (5, 12), (37, 81), (9, 10), (86, 95), (93, 143), (9, 19), (5, 30), (37, 99), (15, 62), (5, 39), (18, 58), (68, 77), (15, 71), (86, 122), (15, 80), (42, 43), (11, 37), (48, 86), (63, 84), (8, 59), (19, 59), (48, 95), (63, 93), (8, 68), (9, 122), (19, 68), (29, 100), (77, 140), (71, 115), (58, 145), (69, 145), (9, 140), (48, 122), (80, 145), (63, 120), (115, 130), (112, 143), (10, 86), (10, 95), (115, 148), (37, 58), (39, 140), (93, 120), (93, 129), (10, 122), (43, 119), (15, 48), (5, 25), (86, 99), (38, 59), (38, 68), (107, 140), (18, 62), (59, 100), (18, 71), (8, 36), (19, 36), (18, 80), (48, 81), (98, 100), (100, 119), (29, 77), (5, 119), (29, 86), (8, 63), (19, 63), (48, 99), (11, 59), (29, 95), (77, 144), (11, 68), (58, 140), (69, 140), (80, 140), (112, 120), (9, 144), (112, 129), (10, 81), (62, 119), (8, 148), (19, 148), (115, 143), (10, 99), (93, 115), (37, 62), (39, 144), (37, 71), (5, 11), (37, 80), (15, 43), (18, 39), (59, 77), (18, 48), (59, 86), (38, 63), (86, 112), (59, 95), (107, 144), (11, 18), (11, 36), (29, 81), (9, 112), (38, 148), (77, 130), (29, 99), (9, 130), (77, 148), (33, 60), (58, 144), (69, 144), (80, 144), (112, 115), (33, 69), (42, 136), (115, 120), (8, 143), (19, 143), (37, 39), (42, 145), (115, 129), (81, 136), (37, 48), (11, 148), (39, 130), (81, 145), (145, 148), (93, 119), (43, 100), (15, 29), (39, 148), (5, 6), (18, 25), (140, 145), (15, 38), (86, 98), (18, 43), (59, 81), (107, 130), (43, 136), (59, 99), (48, 62), (107, 148), (29, 58), (48, 71), (5, 100), (63, 69), (9, 98), (48, 80), (58, 112), (69, 112), (9, 107), (38, 143), (48, 98), (100, 136), (58, 130), (69, 130), (77, 143), (80, 130), (81, 95), (42, 122), (112, 119), (10, 62), (58, 148), (8, 129), (19, 129), (62, 100), (10, 71), (39, 107), (42, 140), (69, 148), (80, 148), (10, 80), (81, 122), (37, 43), (11, 143), (43, 86), (62, 136), (43, 95), (39, 143), (15, 33), (18, 29), (15, 42), (86, 93), (18, 38), (43, 122), (8, 12), (130, 136), (107, 143), (5, 86), (8, 30), (9, 84), (5, 95), (19, 30), (29, 62), (9, 93), (38, 129), (71, 77), (29, 71), (58, 107), (15, 136), (48, 84), (69, 107), (29, 80), (77, 120), (15, 145), (77, 129), (5, 122), (100, 122), (10, 48), (62, 86), (8, 115), (81, 99), (33, 59), (39, 93), (58, 143), (62, 95), (69, 143), (33, 68), (80, 143), (11, 129), (42, 144), (37, 38), (10, 84), (39, 120), (62, 122), (93, 100), (43, 81), (39, 129), (84, 119), (95, 119), (15, 19), (43, 99), (59, 62), (15, 37), (18, 33), (59, 71), (107, 120), (18, 42), (59, 80), (107, 129), (29, 39), (80, 107), (5, 81), (11, 12), (29, 48), (19, 25), (38, 115), (68, 119), (58, 93), (69, 93), (129, 144), (140, 144), (5, 99), (11, 30), (63, 68), (77, 115), (15, 140), (33, 36), (18, 136), (58, 120), (69, 120), (80, 120), (10, 43), (18, 145), (42, 112), (58, 129), (62, 81), (69, 129), (80, 129), (8, 119), (19, 119), (11, 115), (33, 63), (42, 130), (62, 99), (81, 112), (39, 115), (37, 42), (33, 148), (18, 19), (107, 115), (18, 37), (37, 136), (8, 11), (29, 43), (37, 145), (129, 130), (38, 119), (100, 112), (129, 148), (140, 148), (18, 122), (77, 119), (10, 29), (58, 115), (42, 98), (15, 144), (69, 115), (10, 38), (18, 140), (42, 107), (71, 143), (80, 115), (81, 98), (63, 148), (144, 145), (11, 119), (43, 62), (84, 100), (95, 100), (43, 71), (43, 80), (33, 143), (15, 18), (43, 98), (84, 136), (95, 136), (9, 42), (37, 122), (107, 119), (5, 62), (68, 100), (9, 60), (5, 71), (29, 38), (37, 140), (9, 69), (86, 145), (5, 80), (15, 112), (129, 143), (140, 143), (10, 15), (68, 136), (42, 84), (15, 130), (42, 93), (10, 33), (39, 69), (8, 100), (15, 148), (19, 100), (10, 42), (18, 144), (48, 145), (62, 71), (62, 80), (63, 143), (81, 84), (42, 120), (81, 93), (43, 48), (84, 86), (84, 95), (33, 129), (10, 136), (43, 84), (84, 122), (95, 122), (10, 145), (9, 37), (5, 48), (68, 86), (68, 95), (58, 60), (86, 140), (29, 33), (58, 69), (15, 98), (38, 100), (29, 42), (37, 144), (15, 107), (5, 84), (68, 122), (77, 100), (18, 112), (8, 77), (19, 77), (129, 145), (10, 19), (8, 86), (19, 86), (18, 130), (8, 95), (19, 95), (10, 37), (63, 129), (48, 140), (11, 100), (29, 136), (62, 84), (29, 145), (33, 115), (84, 99), (95, 99), (10, 140), (5, 43), (68, 81), (37, 112), (38, 77), (136, 145), (15, 84), (38, 86), (68, 99), (37, 130), (9, 59), (15, 93), (38, 95), (29, 37), (86, 144), (77, 86), (18, 98), (59, 136), (18, 107), (59, 145), (15, 120), (98, 136), (8, 81), (19, 81), (71, 119), (11, 77), (39, 59), (63, 115), (98, 145), (11, 86), (29, 122), (8, 99), (19, 99), (39, 68), (11, 95), (39, 77), (48, 144), (29, 140), (39, 86), (33, 119), (95, 112), (9, 18), (5, 29), (37, 98), (10, 144), (5, 38), (37, 107), (9, 36), (136, 140), (38, 81), (86, 130), (58, 59), (18, 84), (58, 68), (38, 99), (59, 122), (77, 81), (18, 93), (8, 58), (19, 58), (42, 60), (58, 77), (59, 140), (42, 69), (15, 115), (69, 77), (11, 63), (69, 86), (48, 112), (80, 86), (98, 122), (10, 18), (18, 120), (11, 81), (39, 63), (9, 148), (48, 130), (63, 119), (11, 99), (48, 148), (29, 144), (10, 112), (84, 98), (95, 98), (5, 15), (37, 84), (10, 130), (37, 93), (38, 58), (5, 33), (68, 71), (86, 107), (10, 148), (5, 42), (68, 80), (43, 145), (37, 120), (68, 98), (58, 63), (98, 99), (120, 136), (86, 143), (8, 62), (19, 62), (71, 100), (11, 58), (59, 144), (8, 71), (19, 71), (5, 136), (48, 107), (100, 145), (8, 80), (19, 80), (5, 145), (29, 112), (39, 58), (9, 143), (29, 130), (100, 120), (48, 143), (81, 140), (129, 140), (10, 98), (33, 100), (10, 107), (62, 145), (5, 10), (5, 19), (15, 60), (38, 62), (5, 37), (43, 140), (15, 69), (38, 71), (68, 84), (86, 120), (120, 122), (38, 80), (130, 145), (86, 129), (59, 112), (8, 39), (19, 39), (8, 48), (19, 48), (71, 86), (59, 130), (42, 59), (48, 93), (71, 95), (98, 112), (9, 120), (42, 68), (100, 140), (11, 62), (29, 98), (9, 129), (63, 100), (5, 140), (11, 71), (29, 107), (48, 120), (71, 122), (11, 80), (115, 119), (48, 129), (33, 77), (33, 86), (10, 93), (33, 95), (81, 144), (62, 140), (10, 120), (38, 39), (93, 136), (9, 12), (10, 129), (38, 48), (93, 145), (130, 140), (86, 115), (18, 60), (8, 25), (43, 144), (59, 98), (18, 69), (59, 107), (8, 43), (19, 43), (71, 81), (11, 39), (63, 77), (98, 107), (120, 144), (11, 48), (29, 84), (9, 115), (63, 86), (71, 99), (29, 93), (63, 95), (100, 144), (48, 115), (5, 144), (29, 120), (112, 136), (33, 81), (42, 148), (81, 130), (93, 95), (112, 145), (33, 99), (81, 148), (37, 60), (62, 144), (93, 122), (37, 69), (10, 115), (5, 9), (43, 112), (38, 43), (5, 18), (59, 84), (43, 130), (15, 59), (59, 93), (15, 68), (130, 144), (86, 119), (8, 29), (15, 77), (19, 29), (11, 25), (43, 148), (8, 38), (19, 38), (59, 120), (5, 112), (11, 43), (63, 81), (100, 130), (9, 119), (5, 130), (63, 99), (100, 148), (33, 58), (81, 107), (112, 122), (5, 148), (29, 115), (62, 112), (42, 143), (39, 119), (115, 136), (93, 99), (62, 130), (81, 143), (62, 148), (43, 107), (15, 36), (84, 145), (95, 145), (8, 15), (15, 63), (18, 59), (43, 143), (48, 60), (130, 148), (18, 68), (8, 33), (19, 33), (5, 98), (11, 29), (48, 69), (8, 42), (19, 42), (5, 107), (11, 38), (59, 115), (68, 145), (71, 80), (58, 119), (69, 119), (80, 119), (100, 143), (10, 60), (33, 62), (42, 129), (62, 98), (10, 69), (33, 71), (8, 136), (19, 136), (62, 107), (33, 80), (81, 120), (8, 145), (19, 145), (81, 129), (115, 122), (93, 112), (37, 59), (43, 93), (37, 68), (84, 140), (95, 140), (38, 42), (18, 36), (43, 120), (8, 10), (15, 58), (43, 129), (8, 19), (130, 143), (11, 15), (18, 63), (5, 93), (29, 60), (8, 37), (19, 37), (68, 140), (11, 33), (29, 69), (9, 100), (38, 136), (63, 71), (11, 42), (63, 80), (15, 143), (38, 145), (5, 120), (33, 39), (71, 84), (77, 136), (100, 129), (5, 129), (18, 148), (33, 48), (42, 115), (77, 145), (62, 93), (8, 122), (19, 122), (39, 100), (81, 115), (8, 140), (19, 140), (11, 136), (62, 120), (93, 98), (11, 145), (62, 129), (93, 107), (39, 136), (59, 60), (84, 144), (86, 148), (95, 144), (59, 69), (43, 115), (9, 68), (107, 136), (37, 148), (9, 77), (48, 59), (77, 95), (11, 19), (107, 145), (9, 86), (38, 122), (48, 68), (58, 100), (69, 100), (9, 95), (15, 129), (48, 77), (68, 144), (80, 100), (38, 140), (77, 122), (5, 115), (100, 115), (33, 43), (18, 143), (58, 136), (42, 119), (69, 136), (80, 136), (10, 59), (39, 95), (144, 148), (10, 68), (11, 122), (81, 119), (10, 77), (62, 115), (8, 144), (19, 144), (84, 112), (11, 140), (39, 122), (84, 130)]"
132,Borda,ATVA_1,150,4,"{'B': 252, 'C': 240, 'D': 209, 'A': 199}","[0.5, 0.75, 0.58, 0.75, 1.0, 0.75, 1.0, 0.88, 1.0, 0.58, 0.58, 0.58, 0.75, 0.42, 1.0, 0.5, 1.0, 0.88, 0.54, 0.75, 0.58, 1.0, 0.75, 1.0, 0.58, 0.58, 0.58, 1.0, 0.46, 0.75, 0.46, 1.0, 1.0, 1.0, 1.0, 0.58, 0.46, 0.88, 1.0, 1.0, 0.58, 0.79, 0.75, 0.5, 0.75, 0.58, 0.5, 1.0, 1.0, 1.0, 1.0, 0.54, 0.79, 1.0, 0.54, 0.54, 0.75, 1.0, 0.79, 0.46, 0.79, 0.46, 0.58, 0.54, 0.75, 0.75, 0.58, 0.75, 0.75, 0.75, 0.79, 0.46, 1.0, 1.0, 0.46, 0.54, 0.46, 0.58, 1.0, 1.0, 0.58, 1.0, 0.58, 1.0, 0.42, 0.58, 0.54, 0.54, 0.42, 0.67, 1.0, 0.79, 0.54, 1.0, 0.75, 0.88, 0.46, 0.79, 0.58, 1.0, 1.0, 1.0, 0.5, 0.79, 1.0, 0.75, 0.79, 0.46, 0.42, 1.0, 0.42, 0.79, 1.0, 0.88, 0.67, 0.54, 0.46, 0.46, 0.58, 1.0, 1.0, 0.75, 0.58, 1.0, 1.0, 0.42, 0.88, 1.0, 0.5, 1.0, 0.88, 0.75, 0.58, 0.58, 0.75, 0.58, 0.54, 0.75, 1.0, 1.0, 1.0, 1.0, 1.0, 0.79, 0.58, 0.75, 0.46, 1.0, 0.58, 1.0]",111.63,[],"[0.09, 0.02, 0.06, 0.03, 0.04, 0.02, 0.01, 0.01, 0.01, 0.05, 0.07, 0.07, 0.02, 0.1, 0.04, 0.09, 0.03, 0.01, 0.07, 0.04, 0.05, 0.01, 0.04, 0.01, 0.07, 0.07, 0.06, 0.01, 0.09, 0.02, 0.09, 0.04, 0.0, 0.04, 0.0, 0.06, 0.09, 0.01, 0.0, 0.03, 0.07, 0.03, 0.02, 0.09, 0.04, 0.06, 0.09, 0.04, 0.03, 0.01, 0.01, 0.07, 0.03, 0.04, 0.07, 0.07, 0.03, 0.01, 0.03, 0.09, 0.03, 0.09, 0.07, 0.07, 0.02, 0.02, 0.05, 0.04, 0.02, 0.04, 0.03, 0.09, 0.01, 0.0, 0.09, 0.07, 0.09, 0.07, 0.0, 0.04, 0.06, 0.0, 0.06, 0.03, 0.1, 0.06, 0.07, 0.07, 0.1, 0.05, 0.01, 0.03, 0.07, 0.03, 0.03, 0.01, 0.09, 0.03, 0.07, 0.01, 0.01, 0.01, 0.08, 0.03, 0.0, 0.03, 0.03, 0.09, 0.1, 0.03, 0.1, 0.03, 0.03, 0.01, 0.05, 0.07, 0.09, 0.09, 0.07, 0.01, 0.01, 0.02, 0.07, 0.03, 0.0, 0.1, 0.01, 0.03, 0.08, 0.01, 0.01, 0.03, 0.07, 0.06, 0.02, 0.05, 0.07, 0.03, 0.01, 0.0, 0.01, 0.01, 0.03, 0.03, 0.07, 0.02, 0.09, 0.0, 0.07, 0.03]",0,
133,Borda,ATVA_1,150,4,"{'C': 236, 'A': 231, 'B': 225, 'D': 208}","[0.75, 0.75, 0.46, 1.0, 0.5, 0.5, 0.54, 0.58, 0.67, 1.0, 0.75, 0.58, 0.75, 1.0, 0.75, 0.79, 1.0, 0.46, 0.75, 0.67, 0.46, 1.0, 0.75, 0.58, 0.42, 1.0, 0.58, 1.0, 0.42, 1.0, 0.58, 0.58, 1.0, 0.75, 0.58, 0.5, 0.79, 0.5, 0.46, 0.46, 0.5, 0.5, 0.58, 0.42, 0.5, 1.0, 0.75, 1.0, 0.75, 1.0, 0.79, 0.67, 0.5, 1.0, 1.0, 1.0, 0.58, 0.79, 0.67, 1.0, 0.58, 1.0, 0.54, 0.54, 0.58, 0.75, 0.75, 0.58, 1.0, 0.88, 0.54, 0.75, 1.0, 1.0, 0.75, 1.0, 1.0, 0.46, 0.5, 0.5, 1.0, 0.58, 0.75, 0.67, 0.58, 0.79, 0.5, 0.46, 0.58, 1.0, 1.0, 0.58, 0.58, 0.58, 1.0, 0.58, 0.75, 0.46, 0.5, 0.67, 0.75, 1.0, 1.0, 0.88, 0.75, 0.54, 1.0, 1.0, 0.75, 0.67, 1.0, 1.0, 0.75, 0.58, 1.0, 0.46, 0.58, 0.58, 0.54, 0.42, 1.0, 1.0, 0.67, 0.42, 1.0, 1.0, 1.0, 0.58, 0.54, 0.88, 0.46, 1.0, 0.5, 0.58, 0.5, 1.0, 0.75, 0.58, 0.58, 0.79, 0.75, 0.88, 0.58, 0.5, 1.0, 0.58, 1.0, 0.54, 1.0, 0.5]",108.38,[],"[0.03, 0.04, 0.09, 0.04, 0.09, 0.08, 0.07, 0.06, 0.05, 0.0, 0.04, 0.06, 0.03, 0.03, 0.02, 0.03, 0.01, 0.09, 0.04, 0.05, 0.09, 0.0, 0.02, 0.06, 0.1, 0.01, 0.07, 0.01, 0.1, 0.04, 0.05, 0.05, 0.04, 0.02, 0.06, 0.08, 0.03, 0.09, 0.09, 0.09, 0.09, 0.09, 0.07, 0.1, 0.09, 0.0, 0.02, 0.01, 0.03, 0.0, 0.03, 0.05, 0.09, 0.0, 0.01, 0.03, 0.05, 0.03, 0.05, 0.04, 0.05, 0.0, 0.07, 0.07, 0.06, 0.02, 0.03, 0.07, 0.0, 0.01, 0.07, 0.02, 0.01, 0.04, 0.02, 0.04, 0.03, 0.09, 0.09, 0.09, 0.03, 0.06, 0.02, 0.05, 0.05, 0.03, 0.09, 0.09, 0.07, 0.03, 0.01, 0.07, 0.06, 0.07, 0.03, 0.06, 0.03, 0.09, 0.08, 0.05, 0.03, 0.01, 0.01, 0.01, 0.03, 0.07, 0.01, 0.04, 0.04, 0.05, 0.03, 0.0, 0.03, 0.06, 0.03, 0.09, 0.05, 0.06, 0.07, 0.1, 0.01, 0.0, 0.05, 0.1, 0.01, 0.04, 0.01, 0.06, 0.07, 0.01, 0.09, 0.01, 0.09, 0.06, 0.08, 0.03, 0.02, 0.06, 0.06, 0.03, 0.03, 0.01, 0.06, 0.08, 0.0, 0.06, 0.03, 0.07, 0.04, 0.08]",0,
134,Borda,ATVA_1,150,4,"{'C': 241, 'B': 229, 'D': 219, 'A': 211}","[0.5, 0.88, 0.58, 0.75, 1.0, 1.0, 0.58, 0.5, 1.0, 0.46, 0.67, 0.58, 0.58, 0.79, 0.79, 1.0, 0.75, 0.42, 1.0, 0.46, 0.42, 1.0, 1.0, 0.58, 0.75, 0.88, 0.58, 0.88, 1.0, 0.5, 0.79, 1.0, 1.0, 0.5, 0.75, 0.58, 0.75, 0.88, 1.0, 1.0, 0.58, 0.54, 0.42, 0.58, 1.0, 0.58, 0.67, 1.0, 0.58, 1.0, 1.0, 0.88, 0.58, 0.75, 0.5, 0.58, 0.75, 0.58, 1.0, 0.75, 0.5, 0.58, 1.0, 0.75, 0.58, 0.75, 0.42, 0.5, 0.5, 1.0, 0.88, 0.88, 0.58, 1.0, 1.0, 0.79, 0.42, 0.88, 0.46, 0.75, 0.58, 0.5, 1.0, 0.58, 0.46, 0.79, 0.75, 0.79, 1.0, 1.0, 0.75, 0.67, 0.58, 1.0, 0.54, 0.42, 0.58, 0.46, 0.54, 0.75, 0.54, 0.5, 0.58, 0.54, 1.0, 0.46, 1.0, 0.58, 0.58, 0.75, 0.58, 1.0, 1.0, 1.0, 0.58, 0.58, 0.67, 0.54, 0.5, 0.58, 0.46, 1.0, 1.0, 1.0, 1.0, 0.75, 1.0, 0.75, 0.54, 0.42, 0.58, 0.54, 0.79, 0.79, 0.58, 1.0, 0.46, 1.0, 1.0, 1.0, 0.58, 1.0, 0.88, 0.54, 1.0, 0.58, 0.58, 0.54, 0.75, 0.88]",108.96000000000001,[],"[0.09, 0.01, 0.06, 0.04, 0.03, 0.0, 0.05, 0.09, 0.03, 0.09, 0.05, 0.05, 0.07, 0.03, 0.03, 0.03, 0.03, 0.1, 0.04, 0.09, 0.1, 0.01, 0.01, 0.06, 0.03, 0.01, 0.05, 0.01, 0.01, 0.09, 0.03, 0.03, 0.04, 0.08, 0.02, 0.06, 0.02, 0.01, 0.0, 0.04, 0.05, 0.07, 0.1, 0.07, 0.01, 0.07, 0.05, 0.03, 0.06, 0.01, 0.04, 0.01, 0.06, 0.04, 0.09, 0.07, 0.03, 0.05, 0.0, 0.04, 0.09, 0.06, 0.01, 0.04, 0.06, 0.03, 0.1, 0.09, 0.09, 0.01, 0.01, 0.01, 0.05, 0.01, 0.01, 0.03, 0.1, 0.01, 0.09, 0.03, 0.06, 0.08, 0.03, 0.07, 0.09, 0.03, 0.04, 0.03, 0.03, 0.01, 0.04, 0.05, 0.05, 0.03, 0.07, 0.1, 0.06, 0.09, 0.07, 0.03, 0.07, 0.09, 0.07, 0.07, 0.04, 0.09, 0.04, 0.06, 0.06, 0.02, 0.05, 0.01, 0.03, 0.03, 0.07, 0.07, 0.05, 0.07, 0.08, 0.05, 0.09, 0.03, 0.01, 0.03, 0.01, 0.04, 0.03, 0.02, 0.07, 0.1, 0.05, 0.07, 0.03, 0.03, 0.07, 0.01, 0.09, 0.03, 0.03, 0.01, 0.06, 0.01, 0.01, 0.07, 0.01, 0.05, 0.06, 0.07, 0.02, 0.01]",0,
135,Borda,ATVA_1,150,4,"{'A': 231, 'C': 226, 'D': 224, 'B': 219}","[0.75, 0.58, 0.54, 1.0, 1.0, 0.46, 0.54, 0.54, 0.67, 1.0, 1.0, 0.58, 1.0, 1.0, 0.67, 0.88, 0.54, 0.42, 1.0, 0.75, 0.75, 0.58, 1.0, 0.75, 0.88, 0.46, 0.58, 1.0, 1.0, 1.0, 1.0, 0.58, 0.54, 0.5, 0.54, 0.46, 0.58, 1.0, 0.42, 0.42, 1.0, 0.46, 1.0, 0.75, 0.46, 0.58, 0.58, 1.0, 0.75, 0.58, 0.79, 0.5, 0.5, 0.5, 0.88, 0.54, 0.79, 1.0, 0.46, 0.58, 0.46, 0.75, 0.42, 0.79, 0.5, 0.58, 0.75, 0.54, 0.5, 1.0, 0.54, 0.67, 0.5, 1.0, 0.46, 0.79, 0.75, 0.75, 1.0, 1.0, 0.54, 0.88, 0.79, 1.0, 0.75, 0.75, 0.75, 0.67, 1.0, 0.79, 0.75, 0.5, 0.58, 0.42, 0.42, 0.54, 0.46, 0.75, 1.0, 1.0, 0.5, 0.79, 0.79, 0.58, 0.58, 0.5, 1.0, 0.79, 1.0, 0.54, 0.58, 0.75, 0.58, 0.54, 0.46, 0.42, 1.0, 0.58, 0.54, 0.75, 0.5, 0.5, 0.58, 1.0, 0.5, 1.0, 1.0, 0.75, 1.0, 1.0, 0.88, 0.5, 0.46, 0.42, 0.5, 0.58, 1.0, 0.5, 1.0, 1.0, 0.46, 0.67, 0.58, 0.79, 0.79, 0.58, 1.0, 0.58, 0.75, 0.58]",105.47,[],"[0.03, 0.06, 0.07, 0.03, 0.0, 0.09, 0.07, 0.07, 0.05, 0.01, 0.03, 0.06, 0.03, 0.0, 0.05, 0.01, 0.07, 0.1, 0.0, 0.02, 0.02, 0.06, 0.01, 0.02, 0.01, 0.09, 0.05, 0.03, 0.01, 0.0, 0.01, 0.06, 0.07, 0.09, 0.07, 0.09, 0.07, 0.03, 0.1, 0.1, 0.01, 0.09, 0.04, 0.02, 0.09, 0.05, 0.05, 0.01, 0.03, 0.05, 0.03, 0.09, 0.08, 0.09, 0.01, 0.07, 0.03, 0.01, 0.09, 0.07, 0.09, 0.02, 0.1, 0.03, 0.08, 0.07, 0.04, 0.07, 0.09, 0.0, 0.07, 0.05, 0.09, 0.01, 0.09, 0.03, 0.03, 0.02, 0.03, 0.0, 0.07, 0.01, 0.03, 0.0, 0.02, 0.03, 0.04, 0.05, 0.01, 0.03, 0.03, 0.09, 0.06, 0.1, 0.1, 0.07, 0.09, 0.03, 0.0, 0.01, 0.08, 0.03, 0.03, 0.07, 0.07, 0.08, 0.01, 0.03, 0.03, 0.07, 0.06, 0.04, 0.05, 0.07, 0.09, 0.1, 0.01, 0.06, 0.07, 0.04, 0.09, 0.08, 0.07, 0.04, 0.08, 0.0, 0.0, 0.04, 0.04, 0.01, 0.01, 0.08, 0.09, 0.1, 0.08, 0.06, 0.04, 0.08, 0.0, 0.0, 0.09, 0.05, 0.06, 0.03, 0.03, 0.07, 0.01, 0.07, 0.02, 0.07]",0,
136,Borda,ATVA_1,150,4,"{'B': 239, 'D': 233, 'A': 221, 'C': 207}","[0.75, 0.75, 1.0, 0.75, 0.79, 0.5, 0.75, 0.75, 1.0, 0.58, 1.0, 0.46, 0.58, 1.0, 0.58, 1.0, 0.75, 1.0, 0.46, 0.58, 0.58, 0.54, 0.75, 0.54, 1.0, 1.0, 1.0, 1.0, 0.79, 1.0, 0.75, 1.0, 0.88, 0.75, 0.79, 0.58, 0.5, 1.0, 0.5, 1.0, 0.54, 0.54, 0.79, 1.0, 0.46, 1.0, 0.5, 0.42, 0.58, 0.54, 1.0, 0.54, 1.0, 1.0, 0.46, 0.5, 0.67, 0.46, 0.88, 0.79, 1.0, 0.67, 0.67, 0.46, 0.79, 0.58, 0.5, 1.0, 0.5, 0.58, 0.5, 0.88, 0.46, 0.75, 0.54, 0.79, 0.5, 0.46, 0.58, 1.0, 0.75, 0.42, 0.5, 1.0, 0.58, 0.75, 0.58, 0.5, 0.75, 0.88, 0.5, 0.46, 0.58, 1.0, 0.88, 0.67, 0.58, 0.58, 1.0, 0.58, 1.0, 0.79, 0.54, 0.67, 1.0, 0.46, 0.75, 1.0, 0.75, 0.58, 1.0, 0.5, 0.58, 1.0, 1.0, 0.58, 0.54, 0.54, 0.58, 0.58, 0.79, 0.54, 0.58, 1.0, 1.0, 0.75, 0.75, 0.75, 0.46, 1.0, 0.79, 0.75, 1.0, 1.0, 1.0, 1.0, 0.54, 1.0, 1.0, 0.58, 0.58, 0.46, 1.0, 0.5, 1.0, 1.0, 0.54, 0.46, 0.75, 0.88]",109.28999999999999,[],"[0.03, 0.02, 0.03, 0.04, 0.03, 0.09, 0.02, 0.02, 0.03, 0.07, 0.0, 0.09, 0.06, 0.03, 0.06, 0.03, 0.04, 0.01, 0.09, 0.07, 0.07, 0.07, 0.04, 0.07, 0.04, 0.0, 0.01, 0.03, 0.03, 0.01, 0.04, 0.01, 0.01, 0.03, 0.03, 0.07, 0.09, 0.03, 0.09, 0.01, 0.07, 0.07, 0.03, 0.03, 0.09, 0.04, 0.09, 0.1, 0.07, 0.07, 0.01, 0.07, 0.03, 0.01, 0.09, 0.08, 0.05, 0.09, 0.01, 0.03, 0.01, 0.05, 0.05, 0.09, 0.03, 0.07, 0.09, 0.0, 0.08, 0.07, 0.08, 0.01, 0.09, 0.03, 0.07, 0.03, 0.08, 0.09, 0.06, 0.03, 0.02, 0.1, 0.09, 0.01, 0.05, 0.04, 0.06, 0.08, 0.02, 0.01, 0.08, 0.09, 0.06, 0.01, 0.01, 0.05, 0.05, 0.07, 0.03, 0.05, 0.0, 0.03, 0.07, 0.05, 0.0, 0.09, 0.03, 0.04, 0.03, 0.05, 0.01, 0.09, 0.05, 0.01, 0.03, 0.06, 0.07, 0.07, 0.07, 0.07, 0.03, 0.07, 0.06, 0.03, 0.01, 0.03, 0.03, 0.03, 0.09, 0.0, 0.03, 0.02, 0.01, 0.03, 0.0, 0.04, 0.07, 0.03, 0.0, 0.07, 0.06, 0.09, 0.0, 0.08, 0.03, 0.03, 0.07, 0.09, 0.04, 0.01]",0,
137,Borda,ATVA_1,150,4,"{'C': 250, 'A': 223, 'D': 215, 'B': 212}","[1.0, 1.0, 0.5, 0.54, 1.0, 1.0, 0.58, 0.75, 0.5, 1.0, 0.58, 0.42, 0.75, 0.58, 1.0, 1.0, 0.58, 0.58, 0.58, 0.5, 0.46, 1.0, 0.54, 1.0, 0.58, 0.88, 1.0, 1.0, 0.88, 0.54, 1.0, 1.0, 0.46, 0.75, 0.75, 1.0, 0.75, 0.58, 0.58, 0.42, 0.79, 0.58, 0.75, 1.0, 0.75, 1.0, 1.0, 1.0, 0.79, 0.54, 1.0, 0.58, 0.46, 0.58, 0.58, 0.54, 1.0, 0.46, 0.5, 0.75, 0.5, 0.58, 0.54, 0.5, 1.0, 1.0, 0.67, 0.58, 1.0, 1.0, 0.5, 1.0, 1.0, 1.0, 0.58, 1.0, 0.54, 1.0, 1.0, 0.58, 0.46, 0.46, 1.0, 1.0, 0.54, 0.75, 0.58, 0.54, 0.58, 0.67, 0.88, 1.0, 0.58, 0.5, 0.58, 1.0, 0.46, 0.67, 0.75, 1.0, 0.75, 0.5, 0.42, 0.58, 1.0, 1.0, 1.0, 1.0, 1.0, 0.88, 0.46, 1.0, 0.58, 1.0, 0.75, 1.0, 0.79, 1.0, 0.75, 1.0, 0.58, 0.46, 0.58, 0.5, 0.58, 1.0, 0.54, 0.88, 1.0, 1.0, 0.75, 1.0, 0.67, 1.0, 0.88, 0.75, 0.79, 0.5, 1.0, 0.54, 0.5, 0.67, 0.46, 0.46, 0.54, 0.5, 0.75, 0.75, 0.54, 0.46]",110.91999999999999,[],"[0.04, 0.01, 0.08, 0.07, 0.0, 0.03, 0.06, 0.04, 0.08, 0.03, 0.07, 0.1, 0.04, 0.06, 0.0, 0.04, 0.07, 0.07, 0.05, 0.09, 0.09, 0.0, 0.07, 0.01, 0.06, 0.01, 0.01, 0.04, 0.01, 0.07, 0.04, 0.01, 0.09, 0.03, 0.04, 0.03, 0.04, 0.07, 0.07, 0.1, 0.03, 0.07, 0.03, 0.03, 0.02, 0.0, 0.01, 0.03, 0.03, 0.07, 0.01, 0.06, 0.09, 0.06, 0.06, 0.07, 0.0, 0.09, 0.09, 0.02, 0.08, 0.06, 0.07, 0.09, 0.01, 0.0, 0.05, 0.07, 0.03, 0.03, 0.08, 0.03, 0.01, 0.03, 0.06, 0.01, 0.07, 0.03, 0.03, 0.06, 0.09, 0.09, 0.01, 0.03, 0.07, 0.02, 0.06, 0.07, 0.06, 0.05, 0.01, 0.03, 0.07, 0.09, 0.06, 0.0, 0.09, 0.05, 0.03, 0.03, 0.02, 0.08, 0.1, 0.06, 0.01, 0.01, 0.04, 0.01, 0.01, 0.01, 0.09, 0.01, 0.05, 0.01, 0.04, 0.01, 0.03, 0.01, 0.03, 0.0, 0.06, 0.09, 0.06, 0.09, 0.07, 0.03, 0.07, 0.01, 0.01, 0.0, 0.04, 0.03, 0.05, 0.01, 0.01, 0.04, 0.03, 0.09, 0.0, 0.07, 0.09, 0.05, 0.09, 0.09, 0.07, 0.09, 0.03, 0.03, 0.07, 0.09]",0,
138,Borda,ATVA_1,150,4,"{'B': 241, 'D': 237, 'A': 218, 'C': 204}","[1.0, 0.46, 0.58, 0.75, 0.54, 0.79, 0.5, 0.75, 0.75, 0.67, 0.88, 0.54, 0.75, 1.0, 0.58, 0.58, 0.75, 0.46, 0.79, 0.75, 0.42, 1.0, 1.0, 0.79, 0.54, 0.58, 0.58, 0.46, 0.75, 0.58, 0.58, 0.79, 0.88, 1.0, 0.46, 0.75, 0.54, 0.67, 0.58, 0.54, 1.0, 1.0, 0.79, 0.75, 0.54, 0.42, 1.0, 1.0, 0.79, 1.0, 1.0, 0.58, 1.0, 0.42, 1.0, 0.58, 0.46, 0.79, 0.58, 0.5, 0.75, 1.0, 1.0, 0.88, 0.67, 0.79, 0.5, 0.75, 1.0, 0.54, 0.75, 1.0, 1.0, 0.67, 0.54, 0.88, 0.58, 0.75, 0.67, 1.0, 0.46, 0.79, 0.75, 0.58, 1.0, 1.0, 0.5, 0.75, 0.58, 0.42, 1.0, 1.0, 0.58, 0.54, 0.75, 1.0, 0.58, 1.0, 0.46, 0.5, 0.75, 1.0, 1.0, 0.75, 0.75, 1.0, 0.88, 0.75, 0.58, 1.0, 0.54, 0.67, 0.58, 0.88, 0.58, 0.42, 0.5, 0.67, 0.79, 0.58, 0.75, 0.58, 0.5, 1.0, 1.0, 0.88, 0.58, 0.75, 1.0, 0.5, 0.54, 0.58, 0.58, 0.88, 0.88, 1.0, 0.46, 0.46, 1.0, 0.58, 1.0, 0.58, 0.79, 1.0, 0.58, 1.0, 0.58, 0.75, 0.54, 1.0]",109.50999999999999,[],"[0.0, 0.09, 0.05, 0.03, 0.07, 0.03, 0.09, 0.04, 0.04, 0.05, 0.01, 0.07, 0.04, 0.0, 0.07, 0.07, 0.02, 0.09, 0.03, 0.03, 0.1, 0.01, 0.01, 0.03, 0.07, 0.06, 0.05, 0.09, 0.03, 0.05, 0.07, 0.03, 0.01, 0.03, 0.09, 0.04, 0.07, 0.05, 0.05, 0.07, 0.0, 0.04, 0.03, 0.02, 0.07, 0.1, 0.03, 0.03, 0.03, 0.01, 0.04, 0.07, 0.03, 0.1, 0.0, 0.05, 0.09, 0.03, 0.05, 0.09, 0.02, 0.0, 0.03, 0.01, 0.05, 0.03, 0.09, 0.04, 0.04, 0.07, 0.02, 0.01, 0.01, 0.05, 0.07, 0.01, 0.07, 0.04, 0.05, 0.03, 0.09, 0.03, 0.02, 0.06, 0.03, 0.03, 0.09, 0.02, 0.07, 0.1, 0.0, 0.01, 0.07, 0.07, 0.02, 0.03, 0.06, 0.04, 0.09, 0.08, 0.03, 0.03, 0.04, 0.03, 0.04, 0.03, 0.01, 0.04, 0.07, 0.03, 0.07, 0.05, 0.06, 0.01, 0.05, 0.1, 0.08, 0.05, 0.03, 0.07, 0.03, 0.07, 0.09, 0.04, 0.03, 0.01, 0.07, 0.02, 0.03, 0.08, 0.07, 0.05, 0.07, 0.01, 0.01, 0.0, 0.09, 0.09, 0.0, 0.06, 0.01, 0.06, 0.03, 0.04, 0.06, 0.03, 0.05, 0.03, 0.07, 0.04]",0,
139,Borda,ATVA_1,150,4,"{'D': 257, 'B': 215, 'C': 215, 'A': 213}","[0.58, 0.88, 0.75, 1.0, 0.5, 0.54, 0.58, 0.75, 0.75, 0.5, 0.58, 1.0, 0.58, 0.54, 0.88, 1.0, 1.0, 1.0, 0.75, 0.88, 0.75, 0.58, 0.75, 1.0, 1.0, 0.75, 1.0, 0.5, 0.58, 1.0, 0.75, 1.0, 0.54, 1.0, 0.88, 0.75, 0.58, 1.0, 0.5, 0.75, 0.58, 0.58, 0.75, 0.5, 0.54, 0.88, 1.0, 0.58, 1.0, 0.5, 0.75, 0.75, 0.67, 0.79, 1.0, 1.0, 0.58, 0.54, 0.79, 0.46, 0.42, 0.58, 0.58, 1.0, 0.5, 0.46, 0.58, 0.46, 1.0, 0.75, 0.5, 1.0, 0.75, 1.0, 1.0, 0.79, 1.0, 1.0, 0.75, 0.58, 0.58, 1.0, 0.54, 0.79, 1.0, 1.0, 0.46, 0.58, 0.5, 1.0, 0.58, 0.46, 0.5, 0.88, 0.54, 1.0, 1.0, 1.0, 0.75, 0.58, 0.75, 0.42, 0.58, 1.0, 0.75, 0.5, 0.75, 1.0, 0.58, 0.54, 0.54, 1.0, 0.54, 0.58, 0.58, 1.0, 1.0, 1.0, 1.0, 0.75, 0.46, 0.58, 0.46, 0.42, 0.42, 1.0, 0.46, 0.75, 1.0, 1.0, 1.0, 0.46, 1.0, 0.46, 1.0, 0.88, 1.0, 0.88, 1.0, 0.67, 0.58, 0.58, 0.58, 0.79, 0.75, 0.88, 0.58, 1.0, 0.75, 1.0]",111.63,"[6, 14, 23, 33, 36, 45, 51, 52, 58, 60, 61, 66, 68, 83, 87, 92, 95, 101, 102, 110, 111, 113, 121, 123, 124, 125, 127, 132, 134, 149]","[0.06, 0.01, 0.04, 0.01, 0.09, 0.07, 0.05, 0.02, 0.04, 0.08, 0.07, 0.03, 0.07, 0.07, 0.01, 0.04, 0.04, 0.04, 0.04, 0.01, 0.02, 0.07, 0.03, 0.01, 0.03, 0.02, 0.03, 0.08, 0.07, 0.0, 0.02, 0.03, 0.07, 0.01, 0.01, 0.03, 0.07, 0.04, 0.09, 0.04, 0.06, 0.06, 0.02, 0.09, 0.07, 0.01, 0.04, 0.07, 0.04, 0.08, 0.03, 0.03, 0.05, 0.03, 0.01, 0.04, 0.07, 0.07, 0.03, 0.09, 0.1, 0.07, 0.06, 0.03, 0.09, 0.09, 0.07, 0.09, 0.01, 0.04, 0.08, 0.04, 0.04, 0.0, 0.03, 0.03, 0.01, 0.03, 0.02, 0.06, 0.06, 0.03, 0.07, 0.03, 0.0, 0.01, 0.09, 0.05, 0.09, 0.01, 0.06, 0.09, 0.08, 0.01, 0.07, 0.01, 0.01, 0.03, 0.02, 0.06, 0.03, 0.1, 0.06, 0.03, 0.02, 0.08, 0.02, 0.03, 0.07, 0.07, 0.07, 0.03, 0.07, 0.07, 0.06, 0.01, 0.01, 0.03, 0.04, 0.02, 0.09, 0.05, 0.09, 0.1, 0.1, 0.03, 0.09, 0.04, 0.0, 0.03, 0.0, 0.09, 0.03, 0.09, 0.04, 0.01, 0.04, 0.01, 0.0, 0.05, 0.07, 0.06, 0.06, 0.03, 0.04, 0.01, 0.07, 0.01, 0.03, 0.04]",0.13,"[(23, 123), (23, 132), (36, 71), (68, 121), (58, 95), (6, 66), (92, 106), (61, 100), (58, 113), (92, 115), (61, 109), (101, 145), (58, 122), (110, 123), (110, 132), (61, 127), (102, 128), (83, 124), (51, 73), (14, 33), (66, 71), (60, 149), (52, 145), (14, 51), (95, 125), (87, 121), (95, 134), (23, 127), (45, 124), (36, 66), (68, 107), (14, 145), (68, 125), (6, 52), (121, 128), (113, 124), (68, 134), (6, 61), (92, 101), (61, 95), (68, 143), (6, 70), (92, 110), (61, 113), (101, 149), (110, 127), (61, 122), (102, 123), (102, 132), (125, 134), (110, 145), (83, 128), (14, 19), (102, 141), (51, 68), (125, 143), (14, 28), (95, 102), (23, 95), (95, 111), (23, 113), (52, 149), (33, 145), (45, 110), (87, 125), (36, 52), (87, 134), (36, 61), (45, 128), (68, 93), (14, 122), (36, 70), (68, 102), (68, 111), (68, 120), (121, 123), (14, 149), (61, 81), (121, 132), (113, 128), (61, 99), (110, 113), (102, 109), (110, 122), (102, 127), (60, 121), (83, 123), (83, 132), (14, 23), (102, 145), (87, 93), (33, 122), (66, 70), (95, 106), (87, 102), (87, 111), (95, 124), (33, 149), (45, 123), (68, 88), (45, 132), (68, 106), (6, 33), (58, 71), (68, 115), (68, 124), (6, 51), (121, 127), (101, 121), (113, 123), (113, 132), (132, 145), (61, 103), (102, 113), (23, 58), (102, 122), (6, 145), (51, 58), (60, 125), (83, 127), (124, 128), (52, 121), (87, 88), (60, 134), (95, 101), (95, 110), (87, 106), (36, 51), (68, 83), (6, 10), (45, 127), (68, 92), (6, 19), (14, 121), (68, 101), (6, 28), (58, 66), (61, 62), (68, 110), (61, 71), (121, 122), (61, 80), (36, 145), (61, 89), (101, 125), (113, 127), (101, 134), (83, 95), (110, 121), (60, 102), (60, 111), (83, 113), (123, 149), (23, 71), (83, 122), (6, 149), (124, 132), (52, 125), (87, 92), (127, 128), (33, 121), (124, 141), (52, 134), (87, 101), (45, 95), (87, 110), (45, 113), (66, 145), (45, 122), (68, 87), (6, 14), (6, 23), (14, 125), (58, 61), (58, 70), (14, 134), (61, 66), (101, 102), (101, 111), (134, 145), (113, 122), (36, 149), (60, 88), (102, 103), (52, 93), (60, 106), (23, 66), (52, 102), (52, 111), (60, 124), (124, 127), (127, 132), (33, 125), (124, 145), (127, 141), (33, 134), (14, 93), (68, 73), (14, 102), (6, 9), (14, 111), (66, 149), (61, 70), (101, 106), (134, 140), (134, 149), (101, 124), (92, 143), (60, 83), (60, 92), (6, 121), (23, 52), (52, 88), (60, 101), (23, 61), (60, 110), (33, 93), (52, 106), (33, 102), (33, 111), (124, 140), (51, 128), (127, 145), (14, 88), (14, 106), (36, 121), (101, 110), (58, 145), (60, 87), (33, 70), (123, 125), (52, 83), (123, 134), (6, 125), (52, 92), (33, 88), (6, 134), (52, 101), (52, 110), (33, 106), (45, 71), (51, 123), (14, 83), (66, 121), (51, 132), (14, 92), (14, 101), (36, 125), (111, 128), (92, 124), (36, 134), (6, 93), (52, 60), (60, 73), (6, 102), (23, 33), (6, 111), (58, 149), (61, 145), (52, 87), (33, 83), (33, 92), (33, 101), (45, 66), (14, 60), (23, 145), (51, 127), (14, 87), (66, 125), (66, 134), (51, 145), (36, 93), (36, 102), (36, 111), (111, 123), (111, 132), (6, 88), (92, 128), (134, 143), (60, 68), (33, 51), (23, 28), (33, 60), (6, 106), (52, 73), (61, 140), (123, 124), (61, 149), (33, 87), (45, 52), (45, 61), (51, 95), (66, 93), (23, 122), (45, 70), (66, 102), (51, 113), (14, 73), (66, 111), (51, 122), (23, 149), (36, 88), (36, 106), (92, 105), (111, 127), (6, 83), (58, 121), (92, 123), (6, 92), (92, 132), (6, 101), (52, 68), (92, 141), (6, 110), (110, 149), (33, 73), (14, 50), (66, 88), (14, 68), (66, 106), (36, 83), (36, 92), (36, 101), (6, 60), (36, 110), (92, 100), (111, 113), (92, 109), (121, 145), (111, 122), (6, 87), (58, 125), (92, 127), (61, 121), (33, 50), (58, 134), (33, 68), (102, 140), (102, 149), (83, 145), (14, 36), (45, 51), (14, 45), (66, 83), (66, 92), (95, 128), (23, 121), (87, 124), (66, 101), (36, 60), (45, 145), (36, 87), (68, 128), (58, 93), (92, 95), (58, 102), (6, 73), (58, 111), (92, 113), (61, 107), (33, 36), (92, 122), (113, 145), (121, 149), (132, 149), (33, 45), (52, 58), (61, 125), (125, 128), (61, 134), (51, 71), (83, 149), (14, 40), (66, 87), (95, 123), (95, 132), (23, 125), (87, 128), (23, 134), (36, 73), (68, 105), (45, 149), (68, 123), (6, 50), (58, 88), (68, 132), (92, 99), (61, 93), (68, 141), (6, 68), (58, 106), (61, 102), (61, 111), (33, 40), (58, 124), (110, 125), (113, 149), (61, 120), (102, 121), (110, 134), (125, 132), (125, 141), (51, 66), (23, 93), (66, 73), (23, 102), (23, 111), (51, 93), (95, 127), (87, 123), (36, 50), (87, 132), (36, 68), (68, 100), (68, 109), (6, 36), (6, 45), (58, 83), (61, 79), (68, 127), (58, 92), (61, 88), (58, 101), (92, 103), (58, 110), (110, 111), (61, 106), (102, 107), (61, 115), (102, 125), (23, 70), (51, 52), (83, 121), (125, 127), (102, 134), (51, 61), (60, 128), (102, 143), (23, 88), (51, 70), (52, 124), (66, 68), (95, 113), (124, 149), (23, 106), (95, 122), (36, 45), (87, 127), (45, 121), (68, 95), (58, 60), (14, 124), (61, 65), (68, 113), (6, 40), (68, 122), (58, 87), (121, 125), (61, 83), (113, 121), (6, 58), (121, 134), (132, 134), (61, 92), (101, 128), (61, 101), (102, 111), (110, 124), (102, 120), (60, 123), (83, 125), (23, 83), (60, 132), (83, 134), (23, 92), (52, 128), (87, 95), (33, 124), (23, 101), (127, 140), (87, 113), (36, 40), (127, 149), (87, 122), (68, 81), (14, 110), (36, 58), (45, 125), (45, 134), (68, 99), (14, 128), (58, 73), (61, 87), (101, 123), (113, 125), (101, 132), (113, 134), (83, 93), (102, 106), (23, 51), (83, 102), (102, 115), (23, 60), (83, 111), (102, 124), (51, 60), (60, 127), (33, 110), (23, 87), (52, 123), (52, 132), (33, 128), (45, 93), (45, 102), (45, 111), (14, 123), (68, 103), (58, 68), (14, 132), (61, 73), (121, 124), (101, 127), (83, 88), (60, 95), (6, 124), (102, 110), (83, 106), (60, 113), (23, 73), (60, 122), (124, 125), (124, 134), (52, 127), (33, 123), (45, 88), (124, 143), (33, 132), (45, 106), (68, 71), (51, 149), (68, 80), (6, 7), (68, 89), (14, 127), (36, 124), (61, 68), (101, 113), (111, 145), (101, 122), (83, 92), (123, 128), (102, 105), (23, 50), (83, 101), (6, 128), (52, 95), (83, 110), (23, 68), (52, 113), (52, 122), (45, 83), (127, 134), (33, 127), (45, 92), (127, 143), (66, 124), (45, 101), (14, 95), (14, 113), (36, 128), (111, 149), (92, 145), (23, 36), (83, 87), (23, 45), (123, 132), (6, 123), (6, 132), (33, 95), (45, 60), (33, 113), (66, 110), (45, 87), (51, 121), (66, 128), (68, 70), (68, 79), (36, 123), (36, 132), (60, 71), (92, 140), (92, 149), (23, 40), (61, 143), (123, 127), (6, 127), (123, 145), (14, 58), (45, 73), (51, 125), (66, 123), (51, 134), (66, 132), (111, 121), (36, 127), (134, 141), (60, 66), (6, 95), (33, 58), (52, 71), (6, 113), (60, 93), (6, 122), (45, 50), (45, 68), (51, 102), (51, 111), (14, 71), (95, 145), (66, 127), (36, 95), (36, 113), (68, 145), (36, 122), (111, 125), (92, 121), (111, 134), (60, 61), (58, 128), (60, 70), (61, 124), (52, 66), (33, 71), (125, 145), (51, 88), (66, 95), (23, 124), (51, 106), (14, 66), (66, 113), (95, 149), (51, 124), (87, 145), (66, 122), (68, 140), (92, 107), (68, 149), (61, 110), (58, 123), (92, 125), (58, 132), (52, 61), (92, 134), (61, 128), (52, 70), (33, 66), (125, 140), (125, 149), (51, 83), (23, 110), (45, 58), (51, 92), (14, 52), (51, 101), (14, 61), (23, 128), (51, 110), (14, 70), (87, 149), (92, 93), (92, 102), (6, 71), (92, 111), (111, 124), (61, 105), (92, 120), (58, 127), (110, 128), (61, 123), (33, 52), (61, 132), (33, 61), (61, 141), (60, 145), (51, 87), (95, 121)]"
140,Borda,ATVA_1,150,4,"{'D': 232, 'A': 231, 'C': 229, 'B': 208}","[0.5, 0.58, 0.54, 0.75, 0.46, 0.75, 0.67, 0.67, 0.88, 1.0, 0.5, 1.0, 0.75, 0.58, 0.58, 0.79, 0.58, 0.58, 0.54, 0.88, 0.54, 0.75, 0.75, 0.58, 1.0, 1.0, 0.5, 0.5, 1.0, 0.46, 1.0, 0.75, 0.67, 0.58, 1.0, 0.46, 1.0, 0.67, 1.0, 0.54, 0.54, 0.58, 1.0, 0.58, 0.58, 0.88, 0.67, 0.58, 0.88, 0.58, 0.58, 1.0, 1.0, 1.0, 0.58, 0.54, 1.0, 0.5, 0.54, 0.58, 1.0, 0.58, 0.46, 0.58, 1.0, 0.75, 1.0, 1.0, 0.5, 0.5, 1.0, 0.46, 0.42, 1.0, 0.42, 0.54, 0.46, 0.58, 0.5, 0.58, 1.0, 0.58, 0.46, 0.75, 0.58, 0.75, 1.0, 0.58, 1.0, 0.58, 1.0, 0.5, 1.0, 0.75, 0.75, 0.58, 0.42, 0.75, 0.54, 0.58, 0.58, 1.0, 0.75, 1.0, 1.0, 0.46, 0.58, 1.0, 0.54, 0.5, 1.0, 1.0, 0.75, 1.0, 1.0, 0.54, 0.75, 0.58, 0.75, 0.5, 0.58, 0.54, 0.88, 0.88, 0.42, 0.5, 0.75, 0.58, 1.0, 0.58, 1.0, 0.88, 0.5, 0.54, 1.0, 0.58, 0.54, 0.75, 0.58, 0.67, 0.58, 0.58, 0.88, 1.0, 0.88, 1.0, 0.58, 1.0, 1.0, 0.75]",107.28,"[1, 5, 7, 8, 9, 11, 16, 20, 21, 22, 28, 30, 32, 33, 36, 38, 41, 46, 47, 49, 56, 63, 70, 73, 75, 77, 83, 92, 94, 97, 103, 109, 116, 119, 122, 123, 124, 125, 132, 133, 134, 137, 138, 140, 143, 145, 150]","[0.09, 0.07, 0.07, 0.03, 0.09, 0.04, 0.05, 0.05, 0.01, 0.04, 0.09, 0.03, 0.03, 0.05, 0.06, 0.03, 0.05, 0.07, 0.07, 0.01, 0.07, 0.02, 0.04, 0.06, 0.01, 0.03, 0.08, 0.09, 0.01, 0.09, 0.01, 0.02, 0.05, 0.06, 0.03, 0.09, 0.01, 0.05, 0.01, 0.07, 0.07, 0.06, 0.04, 0.06, 0.06, 0.01, 0.05, 0.06, 0.01, 0.05, 0.06, 0.0, 0.03, 0.01, 0.07, 0.07, 0.0, 0.08, 0.07, 0.07, 0.03, 0.05, 0.09, 0.07, 0.01, 0.04, 0.04, 0.03, 0.08, 0.09, 0.01, 0.09, 0.1, 0.03, 0.1, 0.07, 0.09, 0.07, 0.08, 0.06, 0.0, 0.06, 0.09, 0.03, 0.06, 0.04, 0.03, 0.07, 0.03, 0.05, 0.01, 0.09, 0.01, 0.02, 0.04, 0.06, 0.1, 0.04, 0.07, 0.06, 0.07, 0.0, 0.02, 0.03, 0.01, 0.09, 0.07, 0.01, 0.07, 0.08, 0.03, 0.01, 0.03, 0.04, 0.01, 0.07, 0.03, 0.06, 0.02, 0.08, 0.05, 0.07, 0.01, 0.01, 0.1, 0.08, 0.03, 0.07, 0.01, 0.06, 0.01, 0.01, 0.09, 0.07, 0.04, 0.05, 0.07, 0.02, 0.06, 0.05, 0.07, 0.07, 0.01, 0.03, 0.01, 0.01, 0.07, 0.0, 0.0, 0.02]",0.32999999999999996,"[(8, 9), (5, 83), (38, 117), (49, 126), (21, 64), (33, 38), (83, 124), (22, 28), (8, 130), (94, 133), (32, 78), (16, 70), (103, 138), (36, 48), (7, 21), (46, 98), (70, 77), (49, 103), (21, 41), (140, 141), (5, 96), (46, 134), (132, 137), (38, 130), (49, 139), (8, 107), (133, 138), (125, 134), (30, 125), (32, 55), (83, 137), (75, 133), (122, 128), (41, 140), (16, 83), (56, 119), (9, 44), (22, 126), (1, 103), (47, 70), (5, 73), (38, 107), (49, 116), (7, 119), (8, 84), (132, 150), (8, 120), (94, 123), (20, 94), (11, 125), (116, 147), (36, 38), (7, 11), (46, 88), (38, 84), (56, 132), (97, 133), (22, 139), (7, 96), (38, 120), (7, 132), (8, 97), (73, 77), (124, 128), (75, 123), (41, 130), (33, 126), (16, 73), (56, 109), (36, 51), (22, 116), (28, 47), (5, 63), (38, 97), (49, 106), (7, 109), (47, 145), (134, 150), (20, 48), (30, 92), (123, 140), (94, 113), (41, 107), (33, 103), (32, 58), (124, 141), (116, 137), (9, 11), (1, 70), (33, 139), (46, 78), (32, 143), (56, 122), (97, 123), (9, 47), (49, 83), (109, 134), (7, 86), (8, 51), (119, 147), (11, 56), (63, 103), (9, 132), (28, 145), (11, 92), (63, 139), (1, 47), (33, 116), (46, 55), (38, 51), (116, 150), (9, 24), (22, 106), (7, 63), (70, 119), (30, 46), (28, 122), (8, 64), (134, 140), (20, 38), (5, 138), (92, 143), (63, 116), (9, 145), (83, 94), (123, 130), (21, 119), (94, 103), (41, 97), (1, 24), (22, 83), (5, 30), (32, 133), (38, 64), (49, 73), (109, 124), (1, 145), (8, 41), (119, 137), (11, 46), (70, 132), (36, 139), (9, 122), (77, 140), (21, 96), (20, 51), (33, 70), (123, 143), (21, 132), (33, 106), (5, 7), (38, 41), (22, 96), (70, 109), (30, 36), (16, 138), (63, 70), (36, 116), (47, 125), (20, 28), (5, 128), (92, 133), (119, 150), (21, 109), (33, 83), (73, 119), (16, 30), (137, 140), (22, 73), (103, 147), (46, 58), (32, 123), (97, 103), (138, 141), (49, 63), (7, 66), (46, 143), (11, 36), (70, 122), (30, 49), (119, 127), (63, 83), (77, 130), (28, 125), (134, 143), (41, 64), (5, 141), (133, 147), (123, 133), (122, 137), (73, 132), (20, 126), (47, 79), (16, 128), (8, 44), (21, 63), (119, 140), (11, 49), (92, 123), (9, 125), (77, 143), (41, 77), (33, 73), (73, 109), (11, 134), (30, 147), (22, 63), (103, 137), (122, 150), (7, 20), (20, 139), (32, 113), (36, 83), (1, 125), (7, 56), (8, 21), (47, 92), (46, 133), (63, 73), (49, 138), (7, 141), (133, 137), (125, 133), (30, 124), (94, 145), (73, 122), (20, 116), (11, 147), (137, 143), (103, 150), (7, 33), (47, 69), (36, 96), (9, 79), (77, 97), (28, 92), (8, 119), (33, 63), (133, 150), (11, 124), (30, 137), (75, 145), (103, 127), (122, 140), (32, 103), (36, 73), (9, 56), (22, 138), (8, 11), (46, 123), (11, 16), (38, 119), (9, 92), (49, 128), (8, 96), (41, 44), (22, 30), (8, 132), (20, 106), (11, 137), (28, 46), (1, 92), (7, 23), (38, 96), (9, 69), (140, 143), (92, 103), (132, 139), (38, 132), (8, 109), (20, 83), (83, 139), (103, 117), (33, 138), (36, 63), (9, 46), (22, 128), (109, 133), (47, 72), (5, 75), (46, 113), (38, 109), (8, 86), (63, 138), (83, 116), (21, 141), (94, 125), (41, 119), (20, 96), (32, 70), (9, 23), (28, 36), (47, 49), (38, 86), (56, 134), (49, 95), (22, 141), (21, 33), (7, 98), (20, 73), (32, 47), (124, 130), (75, 125), (103, 107), (41, 132), (33, 128), (16, 75), (9, 36), (49, 72), (28, 49), (109, 123), (46, 103), (36, 138), (47, 147), (5, 150), (30, 94), (63, 128), (41, 109), (1, 36), (124, 143), (56, 88), (116, 139), (9, 13), (22, 95), (32, 145), (97, 125), (7, 88), (47, 124), (20, 27), (9, 134), (28, 147), (20, 63), (11, 94), (41, 122), (1, 49), (138, 140), (97, 138), (30, 48), (16, 150), (36, 128), (28, 124), (47, 137), (8, 66), (5, 140), (92, 145), (9, 147), (83, 96), (123, 132), (75, 92), (33, 95), (124, 133), (56, 78), (5, 32), (46, 70), (38, 66), (16, 127), (49, 75), (1, 147), (7, 78), (119, 139), (11, 48), (70, 134), (36, 141), (9, 124), (28, 137), (33, 72), (123, 145), (20, 138), (5, 9), (46, 47), (9, 16), (22, 98), (1, 124), (7, 55), (8, 20), (30, 38), (16, 140), (47, 127), (8, 56), (20, 30), (5, 130), (9, 137), (8, 141), (1, 16), (22, 75), (7, 32), (32, 125), (38, 56), (138, 143), (70, 88), (16, 117), (1, 137), (8, 33), (46, 145), (5, 107), (11, 38), (30, 51), (38, 141), (49, 150), (77, 132), (21, 88), (125, 145), (122, 139), (73, 134), (20, 128), (11, 15), (16, 130), (77, 109), (47, 117), (92, 125), (77, 145), (33, 75), (32, 79), (103, 139), (7, 22), (20, 141), (70, 78), (16, 107), (56, 143), (22, 150), (47, 94), (8, 23), (5, 97), (11, 28), (63, 75), (49, 140), (77, 122), (21, 78), (7, 143), (41, 56), (73, 88), (133, 139), (83, 138), (103, 116), (94, 147), (32, 92), (137, 145), (16, 84), (49, 117), (28, 94), (21, 55), (20, 95), (30, 139), (32, 69), (75, 147), (47, 48), (33, 150), (16, 97), (56, 133), (36, 75), (9, 58), (22, 140), (109, 145), (47, 84), (21, 32), (46, 125), (49, 130), (7, 133), (8, 98), (73, 78), (20, 72), (11, 103), (30, 116), (63, 150), (83, 128), (22, 32), (8, 134), (75, 124), (94, 137), (103, 106), (11, 139), (28, 48), (1, 94), (5, 64), (38, 98), (97, 147), (49, 107), (7, 110), (140, 145), (132, 141), (11, 116), (83, 141), (16, 51), (75, 137), (103, 119), (94, 150), (33, 140), (5, 41), (46, 79), (56, 123), (9, 48), (22, 130), (49, 84), (21, 22), (5, 77), (70, 143), (49, 120), (36, 150), (7, 123), (8, 88), (32, 36), (63, 140), (21, 143), (94, 127), (1, 48), (33, 117), (32, 72), (16, 64), (22, 107), (28, 38), (47, 51), (46, 92), (38, 88), (97, 137), (49, 97), (22, 143), (11, 70), (30, 83), (20, 75), (32, 49), (124, 132), (16, 41), (143, 145), (116, 128), (41, 134), (33, 130), (46, 69), (9, 38), (22, 120), (109, 125), (7, 77), (97, 150), (70, 133), (36, 140), (7, 113), (8, 78), (11, 83), (30, 96), (63, 130), (75, 143), (16, 18), (21, 133), (94, 117), (1, 38), (33, 107), (5, 8), (124, 145), (116, 141), (9, 15), (22, 97), (49, 51), (5, 44), (32, 147), (38, 78), (47, 126), (8, 55), (30, 73), (63, 107), (41, 88), (1, 15), (33, 84), (1, 51), (33, 120), (20, 150), (5, 21), (32, 124), (38, 55), (56, 103), (9, 28), (22, 110), (49, 64), (8, 32), (119, 128), (70, 123), (36, 130), (9, 113), (47, 139), (11, 73), (92, 147), (123, 134), (75, 94), (21, 123), (1, 28), (33, 97), (73, 133), (7, 44), (32, 137), (36, 107), (28, 103), (47, 116), (5, 119), (92, 124), (119, 141), (30, 63), (63, 97), (9, 126), (28, 139), (41, 78), (1, 5), (16, 21), (22, 64), (20, 140), (5, 11), (46, 49), (8, 22), (9, 103), (28, 116), (21, 77), (41, 55), (20, 32), (5, 132), (33, 51), (92, 137), (123, 124), (22, 41), (8, 143), (1, 18), (73, 123), (20, 117), (56, 70), (22, 77), (32, 127), (138, 145), (16, 119), (36, 97), (1, 139), (47, 106), (5, 109), (46, 147), (38, 143), (9, 116), (77, 134), (33, 64), (125, 147), (30, 138), (83, 150), (103, 128), (122, 141), (20, 130), (16, 96), (28, 70), (1, 116), (7, 47), (47, 83), (46, 124), (16, 132), (63, 64), (5, 122), (33, 41), (8, 133), (20, 107), (11, 138), (103, 141), (7, 24), (32, 117), (16, 109), (56, 145), (9, 70), (77, 88), (28, 83), (47, 96), (21, 44), (46, 137), (11, 30), (132, 140), (38, 133), (77, 124), (7, 145), (8, 110), (133, 141), (20, 84), (125, 137), (30, 128), (83, 140), (22, 44), (41, 143), (20, 120), (32, 94), (36, 64), (47, 73), (38, 110), (9, 83), (49, 119), (7, 122), (8, 123), (94, 126), (73, 103), (20, 97), (11, 128), (125, 150), (30, 141), (16, 63), (36, 41), (1, 83), (36, 77), (49, 96), (77, 78), (28, 73), (109, 147), (46, 127), (92, 94), (38, 123), (49, 132), (33, 44), (32, 48), (83, 130), (94, 139), (41, 133), (32, 84), (22, 119), (1, 96), (47, 63), (9, 73), (49, 109), (21, 47), (8, 77), (140, 147), (132, 143), (83, 107), (75, 103), (8, 113), (94, 116), (83, 143), (75, 139), (116, 140), (1, 73), (38, 77), (56, 125), (49, 86), (22, 132), (28, 63), (109, 137), (21, 24), (38, 113), (70, 145), (7, 125), (20, 64), (32, 38), (75, 116), (21, 145), (41, 123), (33, 119), (5, 20), (36, 44), (9, 27), (22, 109), (5, 56), (46, 94), (97, 139), (47, 138), (20, 41), (63, 119), (83, 97), (21, 122), (94, 106), (20, 77), (33, 96), (32, 51), (124, 134), (143, 147), (116, 130), (22, 86), (1, 63), (33, 132), (5, 33), (97, 116), (22, 122), (7, 79), (63, 96), (28, 138), (63, 132), (16, 20), (33, 109), (73, 145), (46, 48), (38, 44), (56, 92), (116, 143), (28, 30), (46, 84), (16, 141), (36, 119), (7, 92), (47, 128), (30, 75), (63, 109), (9, 138), (75, 83), (94, 96), (33, 86), (145, 147), (16, 33), (32, 126), (49, 66), (1, 138), (7, 69), (119, 130), (70, 125), (36, 132), (77, 133), (28, 128), (47, 141), (20, 44), (11, 75), (75, 96), (21, 125), (41, 103), (1, 30), (7, 46), (32, 139), (97, 119), (36, 109), (8, 47), (20, 21), (119, 143), (9, 128), (1, 7), (30, 150), (22, 66), (103, 140), (46, 51), (32, 116), (38, 47), (49, 56), (1, 128), (47, 95), (8, 24), (119, 120), (36, 122), (49, 141), (77, 123), (5, 134), (92, 139), (133, 140), (123, 126), (8, 145), (1, 20), (122, 130), (73, 125), (20, 119), (11, 150), (145, 150), (7, 36), (70, 92), (1, 141), (21, 56), (119, 133), (92, 116), (38, 145), (21, 92), (8, 122), (41, 70), (33, 66), (30, 140), (22, 56), (103, 130), (122, 143), (7, 13), (20, 132), (32, 106), (7, 49), (46, 126), (5, 88), (30, 32), (38, 122), (9, 95), (7, 134), (41, 47), (22, 33), (94, 138), (20, 109), (11, 140), (32, 83), (103, 143), (56, 147), (9, 72), (21, 46), (46, 139), (7, 147), (33, 56), (73, 92), (133, 143), (20, 86), (125, 139), (30, 130), (22, 46), (75, 138), (103, 120), (122, 133), (41, 145), (20, 122), (33, 141), (32, 96), (16, 88), (56, 124), (9, 49), (47, 75), (5, 78), (46, 116), (77, 103), (7, 124), (30, 107), (63, 141), (83, 119), (22, 23), (8, 125), (94, 128), (11, 130), (32, 73), (103, 133), (7, 16), (5, 55), (56, 137), (49, 98), (28, 75), (21, 36), (92, 96), (38, 125), (49, 134), (7, 137), (11, 107), (83, 132), (75, 128), (103, 110), (94, 141), (16, 78), (36, 56), (46, 106), (21, 49), (47, 150), (8, 79), (132, 145), (30, 97), (83, 109), (21, 134), (32, 63), (16, 55), (75, 141), (1, 75), (46, 83), (38, 79), (97, 128), (49, 88), (22, 134), (109, 139), (70, 147), (28, 150), (7, 127), (8, 92), (94, 95), (20, 66), (11, 97), (83, 122), (16, 32), (116, 119), (21, 147), (41, 125), (5, 22), (109, 116), (46, 96), (38, 92), (97, 141), (70, 124), (47, 140), (8, 69), (134, 145), (5, 143), (9, 150), (21, 124), (33, 98), (116, 132), (22, 88), (33, 134), (46, 73), (32, 138), (38, 69), (49, 78), (1, 150), (8, 46), (11, 51), (70, 137), (30, 64), (9, 127), (28, 140), (20, 56), (16, 22), (21, 137), (73, 147), (38, 46), (56, 94), (49, 55), (7, 58), (30, 41), (16, 143), (7, 94), (47, 130), (20, 33), (5, 133), (11, 64), (92, 138), (30, 77), (9, 140), (123, 125), (94, 98), (41, 92), (33, 88), (73, 124), (124, 126), (116, 122), (22, 78), (46, 63), (32, 128), (1, 140), (47, 107), (8, 36), (119, 132), (11, 41), (63, 88), (36, 134), (9, 117), (28, 130), (123, 138), (22, 55), (1, 32), (73, 137), (7, 48), (8, 13), (32, 141), (11, 18), (16, 133), (9, 94), (28, 107), (47, 120), (8, 49), (41, 46), (20, 23), (5, 123), (92, 128), (119, 145), (9, 130), (1, 9), (33, 78), (38, 49), (36, 88), (1, 130), (47, 97), (46, 138), (119, 122), (30, 44), (38, 134), (63, 78), (9, 107), (49, 143), (77, 125), (33, 55), (92, 141), (125, 138), (8, 147), (122, 132), (32, 95), (1, 107), (7, 38), (70, 94), (16, 123), (9, 84), (28, 97), (47, 110), (38, 147), (77, 138), (21, 94), (8, 124), (20, 98), (22, 58), (75, 150), (103, 132), (122, 145), (7, 15), (20, 134), (36, 78), (8, 16), (46, 128), (11, 21), (38, 124), (9, 97), (49, 133), (41, 49), (125, 128), (30, 119), (103, 109), (8, 137), (94, 140), (137, 138), (16, 77), (103, 145), (36, 55), (28, 51), (1, 97), (7, 28), (47, 64), (16, 113), (49, 110), (77, 92), (21, 48), (5, 103), (46, 141), (38, 137), (73, 94), (133, 145), (20, 88), (11, 119), (125, 141), (30, 132), (75, 140), (103, 122), (41, 147), (33, 143), (9, 51), (22, 133), (28, 64), (109, 138), (47, 77), (49, 123), (7, 126), (11, 96), (30, 109), (63, 143), (8, 127), (94, 130), (41, 124), (11, 132), (32, 75), (28, 41), (46, 95), (56, 139), (97, 140), (9, 64), (21, 38), (7, 103), (132, 134), (38, 127), (7, 8), (7, 139), (94, 107), (20, 78), (11, 109), (30, 122), (83, 134), (16, 44), (75, 130), (94, 143), (41, 137), (1, 64), (33, 133), (46, 72), (56, 116), (9, 41), (22, 123), (49, 77), (109, 128), (5, 70), (49, 113), (36, 143), (7, 116), (20, 55), (63, 133), (123, 147), (75, 107), (94, 120), (1, 41), (33, 110), (9, 18), (1, 77), (5, 47), (32, 150), (97, 130), (109, 141), (21, 28), (8, 58), (11, 63), (9, 139), (83, 88), (8, 94), (94, 97), (124, 125), (33, 123), (5, 24), (38, 58), (97, 107), (22, 113), (28, 44), (7, 70), (38, 94), (97, 143), (36, 133), (7, 106), (134, 147), (5, 145), (92, 150), (63, 123), (123, 137), (75, 97), (94, 110), (124, 138), (16, 47), (56, 83), (116, 134), (46, 75), (32, 140), (70, 103), (47, 119), (7, 83), (8, 48), (20, 22), (70, 139), (77, 147), (21, 103), (1, 8), (20, 58), (33, 77), (123, 150), (16, 24), (21, 139), (1, 44), (33, 113), (20, 143), (38, 48), (56, 96), (9, 21), (22, 103), (70, 116), (16, 145), (63, 77), (36, 123), (9, 106), (28, 119), (47, 132), (134, 137), (92, 140), (123, 127), (21, 116), (41, 94), (1, 21), (56, 73), (137, 147), (116, 124), (32, 130), (16, 122), (49, 70), (28, 96), (7, 73), (8, 38), (47, 109), (46, 150), (119, 134), (30, 56), (9, 119), (77, 137), (28, 132), (73, 139), (20, 133), (32, 107), (1, 119), (47, 86), (8, 15), (11, 20), (30, 33), (9, 96), (28, 109), (47, 122), (21, 70), (41, 48), (5, 125), (92, 130), (77, 150), (75, 77), (1, 11), (73, 116), (20, 110), (11, 141), (56, 63), (22, 70), (7, 27), (32, 120), (70, 83), (1, 132), (8, 28), (46, 140), (11, 33), (92, 107), (119, 124), (9, 109), (49, 145), (21, 83), (125, 140), (22, 47), (122, 134), (20, 123), (32, 97), (137, 150), (1, 109), (46, 117), (70, 96), (16, 125), (36, 103), (9, 86), (49, 122), (22, 24), (8, 126), (103, 134), (122, 147), (32, 110), (70, 73), (56, 138), (9, 63), (22, 145), (109, 150), (1, 122), (8, 18), (5, 92), (46, 130), (92, 97), (38, 126), (132, 133), (21, 73), (7, 138), (8, 103), (41, 51), (33, 47), (73, 83), (133, 134), (125, 130), (83, 133), (8, 139), (122, 124), (20, 113), (7, 30), (47, 66), (46, 107), (38, 103), (77, 94), (140, 150), (38, 139), (8, 116), (94, 119), (73, 96), (125, 143), (30, 134), (32, 64), (124, 147), (16, 56), (103, 124), (33, 145), (5, 46), (16, 92), (56, 128), (36, 70), (109, 140), (46, 120), (38, 116), (49, 125), (77, 107), (7, 128), (32, 41), (63, 145), (83, 123), (22, 27), (75, 119), (94, 132), (20, 103), (33, 122), (32, 77), (36, 47), (9, 30), (47, 56), (46, 97), (56, 141), (9, 66), (8, 70), (30, 88), (63, 122), (8, 106), (94, 109), (124, 137), (16, 46), (75, 132), (116, 133), (143, 150), (41, 139), (5, 36), (38, 70), (49, 79), (22, 125), (28, 56), (109, 130), (46, 110), (38, 106), (70, 138), (36, 145), (28, 141), (8, 83), (11, 88), (75, 109), (21, 138), (94, 122), (41, 116), (124, 150), (9, 20), (28, 33), (5, 49), (38, 83), (97, 132), (49, 92), (109, 143), (21, 30), (7, 95), (30, 78), (9, 141), (20, 70), (32, 44), (124, 127), (16, 36), (75, 122), (116, 123), (22, 79), (1, 56), (33, 125), (46, 64), (97, 109), (138, 147), (9, 33), (49, 69), (7, 72), (97, 145), (70, 128), (30, 55), (8, 73), (20, 47), (5, 147), (11, 78), (63, 125), (83, 103), (123, 139), (21, 128), (1, 33), (73, 138), (124, 140), (16, 49), (22, 92), (46, 77), (38, 73), (97, 122), (16, 134), (20, 24), (5, 124), (11, 55), (70, 141), (41, 83), (33, 79), (22, 69), (1, 46), (20, 145), (5, 16), (32, 119), (47, 98), (8, 27), (119, 123), (11, 32), (16, 147), (36, 125), (47, 134), (8, 63), (134, 139), (5, 137), (41, 96), (33, 92), (73, 128), (56, 75), (32, 132), (38, 63), (138, 150), (16, 124), (7, 75), (92, 119), (63, 92), (77, 139), (28, 134), (41, 73), (33, 69), (30, 143), (73, 141), (32, 109), (47, 88), (11, 22), (16, 137), (9, 98), (77, 116), (33, 46), (92, 132), (22, 36), (8, 138), (122, 123), (11, 143), (32, 86), (137, 139), (22, 72), (32, 122), (56, 150), (36, 92), (9, 75), (28, 88), (1, 134), (8, 30), (119, 126), (92, 109), (38, 138), (49, 147), (7, 150), (41, 63), (30, 133), (83, 145), (22, 49), (103, 123), (20, 125), (47, 78), (46, 119), (9, 88), (49, 124), (33, 36), (92, 122), (8, 128), (11, 133), (36, 46), (1, 88), (47, 55), (70, 75), (56, 140), (77, 83), (22, 147), (28, 78), (5, 94), (46, 132), (38, 128), (49, 137), (77, 119), (21, 75), (7, 140), (33, 49), (20, 79), (125, 132), (30, 123), (103, 113), (41, 138), (22, 124), (28, 55), (46, 109), (9, 78), (77, 96), (7, 117), (63, 134), (20, 92), (11, 123), (32, 66), (103, 126), (116, 145), (28, 32), (1, 78), (7, 9), (33, 147), (5, 48), (46, 86), (16, 94), (56, 130), (9, 55), (22, 137), (46, 122), (70, 150), (49, 127), (7, 130), (8, 95), (73, 75), (20, 69), (63, 147), (83, 125), (21, 150), (94, 134), (41, 128), (1, 55), (33, 124), (56, 107), (36, 49), (9, 32), (109, 119), (47, 58), (38, 95), (7, 107), (8, 72), (47, 143), (132, 138), (20, 46), (11, 77), (63, 124), (32, 56), (124, 139), (16, 48), (75, 134), (41, 141), (33, 137), (5, 38), (38, 72), (22, 127), (109, 132), (7, 84), (70, 140), (36, 147), (28, 143), (7, 120), (30, 103), (32, 33), (63, 137), (21, 140), (94, 124), (73, 150), (5, 15), (56, 97), (9, 22), (49, 58), (5, 51), (97, 134), (49, 94), (36, 124), (7, 97), (47, 133), (134, 138), (20, 36), (9, 143), (83, 92), (123, 128), (75, 88), (1, 22), (32, 46), (16, 38), (116, 125), (33, 127), (5, 28), (46, 66), (22, 117), (109, 122), (1, 143), (11, 44), (70, 130), (36, 137), (9, 120), (28, 133), (8, 75), (20, 49), (123, 141), (21, 130), (73, 140), (116, 138), (22, 94), (7, 51), (38, 75), (97, 124), (70, 107), (47, 123), (30, 70), (9, 133), (75, 78), (21, 107), (16, 28), (56, 64), (20, 147), (5, 18), (46, 56), (138, 139), (1, 133), (7, 64), (103, 125), (119, 125), (30, 47), (9, 110), (77, 128), (28, 123), (134, 141), (5, 139), (33, 58), (22, 48), (8, 150), (33, 94), (73, 130), (20, 124), (32, 98), (56, 77), (22, 84), (7, 41), (32, 134), (70, 97), (47, 113), (5, 116), (11, 47), (119, 138), (38, 150), (63, 94), (9, 123), (77, 141), (21, 97), (41, 75), (73, 107), (30, 145), (73, 143), (7, 18), (20, 137), (16, 103), (28, 77), (1, 123), (11, 24), (16, 139), (33, 48), (92, 134), (22, 38), (8, 140), (122, 125), (11, 145), (32, 88), (137, 141), (16, 116), (36, 94), (9, 77), (47, 103), (21, 51), (132, 147), (38, 140), (8, 117), (73, 97), (11, 122), (83, 147), (22, 51), (122, 138), (41, 150), (20, 127)]"
141,Borda,ATVA_3,150,4,"{'A': 42, 'B': 40, 'D': 36, 'C': 32}","[1.0, 0.88, 0.54, 0.75, 0.58, 0.58, 0.79, 0.75, 0.75, 0.75, 0.75, 0.46, 0.79, 0.75, 1.0, 0.88, 0.5, 0.58, 0.75, 1.0, 0.58, 1.0, 0.46, 1.0, 1.0, 1.0, 0.58, 0.5, 0.58, 0.88, 0.58, 0.58, 1.0, 1.0, 0.42, 1.0, 0.79, 0.75, 1.0, 0.46, 0.58, 1.0, 0.58, 0.75, 1.0, 0.5, 0.5, 0.5, 0.67, 1.0, 1.0, 0.67, 0.75, 1.0, 0.58, 1.0, 0.5, 0.75, 0.75, 0.46, 1.0, 0.5, 0.75, 1.0, 0.58, 0.54, 0.75, 0.5, 1.0, 0.42, 0.75, 0.5, 0.46, 0.5, 0.58, 1.0, 0.58, 1.0, 0.58, 0.75, 0.42, 0.5, 0.54, 1.0, 0.58, 0.75, 1.0, 0.58, 0.75, 0.5, 1.0, 0.75, 1.0, 0.46, 0.42, 1.0, 1.0, 1.0, 0.54, 0.46, 0.75, 0.58, 0.5, 0.58, 0.58, 0.67, 0.75, 0.46, 0.42, 0.75, 1.0, 1.0, 0.46, 0.58, 0.67, 0.67, 1.0, 0.75, 0.58, 0.5, 0.54, 0.75, 0.58, 0.46, 0.75, 0.42, 0.42, 0.67, 0.54, 1.0, 0.42, 1.0, 0.79, 0.75, 0.88, 0.88, 0.75, 0.67, 0.54, 0.67, 0.58, 0.58, 0.75, 0.58, 1.0, 0.67, 0.54, 0.58, 0.46, 1.0]",105.99000000000001,"[3, 4, 5, 6, 9, 11, 12, 14, 17, 18, 19, 21, 23, 28, 29, 31, 35, 38, 40, 41, 43, 46, 47, 48, 49, 52, 55, 57, 58, 59, 60, 62, 63, 65, 66, 67, 68, 70, 71, 72, 73, 74, 75, 77, 79, 80, 81, 82, 83, 85, 86, 88, 90, 94, 95, 99, 100, 101, 102, 103, 104, 105, 106, 108, 109, 110, 113, 114, 115, 119, 120, 121, 123, 124, 125, 126, 127, 129, 131, 134, 137, 139, 141, 142, 143, 144, 146, 147, 148, 149]","[0.05, 0.06, 0.01, 0.04, 0.02, 0.03, 0.06, 0.07, 0.03, 0.07, 0.03, 0.01, 0.06, 0.03, 0.03, 0.07, 0.06, 0.06, 0.03, 0.04, 0.0, 0.03, 0.01, 0.03, 0.08, 0.04, 0.09, 0.0, 0.01, 0.09, 0.03, 0.06, 0.05, 0.05, 0.06, 0.03, 0.09, 0.01, 0.08, 0.0, 0.03, 0.04, 0.02, 0.06, 0.03, 0.01, 0.02, 0.02, 0.06, 0.03, 0.09, 0.06, 0.1, 0.08, 0.0, 0.04, 0.01, 0.01, 0.03, 0.04, 0.05, 0.01, 0.03, 0.03, 0.02, 0.01, 0.01, 0.01, 0.08, 0.01, 0.03, 0.02, 0.01, 0.01, 0.03, 0.03, 0.01, 0.03, 0.05, 0.0, 0.05, 0.01, 0.01, 0.05, 0.02, 0.01, 0.04, 0.06, 0.06, 0.03, 0.03, 0.06, 0.03, 0.02, 0.02, 0.04, 0.03, 0.03, 0.02, 0.01, 0.03, 0.06, 0.03, 0.01, 0.01, 0.07, 0.06, 0.02, 0.02, 0.01, 0.03, 0.09, 0.01, 0.02, 0.07, 0.07, 0.08, 0.1, 0.02, 0.02, 0.02, 0.09, 0.01, 0.03, 0.01, 0.05, 0.02, 0.07, 0.01, 0.04, 0.01, 0.08, 0.06, 0.01, 0.09, 0.06, 0.0, 0.07, 0.01, 0.09, 0.06, 0.02, 0.01, 0.05, 0.04, 0.06, 0.03, 0.01, 0.01, 0.04]",0.13,
142,Borda,ATVA_3,150,4,"{'D': 43, 'C': 42, 'A': 35, 'B': 30}","[0.42, 0.46, 0.58, 0.42, 1.0, 0.54, 0.75, 0.58, 1.0, 0.42, 0.5, 0.88, 0.75, 0.58, 0.58, 1.0, 1.0, 0.46, 0.5, 0.75, 0.46, 1.0, 1.0, 0.42, 1.0, 0.58, 0.46, 0.54, 1.0, 1.0, 1.0, 0.75, 0.75, 1.0, 0.58, 1.0, 0.42, 0.79, 0.75, 1.0, 1.0, 0.54, 0.54, 1.0, 1.0, 1.0, 1.0, 0.58, 0.5, 0.46, 0.79, 1.0, 0.5, 0.67, 0.88, 0.88, 0.58, 0.79, 0.58, 0.79, 0.46, 0.75, 0.54, 1.0, 1.0, 1.0, 0.54, 0.58, 0.5, 0.46, 0.75, 0.75, 0.79, 0.75, 0.42, 0.67, 0.42, 1.0, 0.88, 0.79, 0.67, 1.0, 1.0, 0.58, 1.0, 0.79, 1.0, 0.42, 0.67, 1.0, 0.54, 0.58, 0.75, 1.0, 0.75, 1.0, 0.5, 1.0, 0.88, 1.0, 1.0, 0.46, 0.58, 0.42, 0.58, 0.5, 0.54, 0.79, 1.0, 0.5, 0.75, 0.75, 0.58, 1.0, 0.58, 1.0, 0.58, 0.58, 1.0, 0.75, 0.5, 0.79, 1.0, 0.75, 1.0, 0.58, 0.54, 0.58, 0.58, 0.88, 1.0, 0.46, 0.54, 0.46, 0.88, 0.79, 0.58, 0.67, 1.0, 0.58, 0.58, 0.46, 0.46, 0.67, 0.58, 0.79, 0.58, 1.0, 1.0, 0.46]",108.61,"[1, 2, 3, 4, 6, 10, 11, 14, 15, 18, 21, 24, 26, 27, 28, 32, 35, 37, 38, 39, 42, 43, 48, 49, 50, 53, 54, 57, 58, 59, 61, 63, 67, 68, 69, 70, 72, 74, 75, 76, 77, 81, 84, 86, 88, 91, 92, 95, 97, 102, 103, 104, 105, 106, 107, 110, 113, 115, 117, 118, 121, 126, 127, 132, 133, 134, 136, 137, 138, 140, 141, 142, 143, 145, 147]","[0.03, 0.09, 0.03, 0.04, 0.04, 0.04, 0.07, 0.09, 0.0, 0.07, 0.07, 0.01, 0.1, 0.07, 0.07, 0.03, 0.03, 0.07, 0.07, 0.1, 0.09, 0.01, 0.03, 0.03, 0.04, 0.09, 0.1, 0.09, 0.03, 0.04, 0.04, 0.07, 0.07, 0.01, 0.09, 0.01, 0.08, 0.06, 0.07, 0.0, 0.04, 0.07, 0.09, 0.0, 0.03, 0.03, 0.03, 0.1, 0.09, 0.1, 0.03, 0.04, 0.04, 0.03, 0.06, 0.03, 0.08, 0.06, 0.1, 0.03, 0.1, 0.09, 0.07, 0.01, 0.03, 0.01, 0.1, 0.06, 0.09, 0.08, 0.1, 0.07, 0.01, 0.07, 0.09, 0.03, 0.05, 0.04, 0.05, 0.01, 0.06, 0.01, 0.04, 0.07, 0.01, 0.06, 0.03, 0.09, 0.05, 0.03, 0.09, 0.06, 0.03, 0.04, 0.09, 0.01, 0.1, 0.0, 0.06, 0.0, 0.01, 0.05, 0.05, 0.09, 0.06, 0.09, 0.09, 0.03, 0.01, 0.1, 0.07, 0.06, 0.05, 0.03, 0.07, 0.04, 0.03, 0.07, 0.04, 0.1, 0.09, 0.07, 0.04, 0.03, 0.03, 0.09, 0.05, 0.05, 0.09, 0.01, 0.03, 0.07, 0.09, 0.07, 0.07, 0.06, 0.06, 0.03, 0.01, 0.03, 0.05, 0.05, 0.08, 0.05, 0.08, 0.03, 0.01, 0.01, 0.03, 0.06]",0,
143,Borda,ATVA_3,150,4,"{'B': 40, 'C': 38, 'A': 36, 'D': 36}","[0.5, 0.5, 0.75, 0.46, 1.0, 0.58, 0.58, 0.58, 0.58, 0.88, 0.46, 0.75, 0.58, 0.79, 0.58, 0.67, 1.0, 0.58, 0.58, 0.75, 0.5, 0.54, 1.0, 0.58, 0.5, 0.88, 0.58, 1.0, 0.46, 1.0, 1.0, 0.54, 0.75, 0.58, 1.0, 0.46, 0.75, 0.58, 0.58, 0.54, 1.0, 0.54, 1.0, 0.75, 0.88, 0.5, 0.5, 0.75, 0.42, 0.58, 0.88, 1.0, 0.58, 0.79, 1.0, 0.58, 0.54, 0.79, 1.0, 0.5, 1.0, 1.0, 0.75, 0.58, 0.46, 1.0, 0.75, 1.0, 0.75, 0.58, 1.0, 0.46, 0.58, 1.0, 0.67, 0.46, 1.0, 0.79, 0.5, 0.42, 0.67, 1.0, 0.67, 1.0, 0.79, 1.0, 0.46, 0.58, 1.0, 0.75, 0.5, 0.58, 1.0, 0.58, 0.58, 1.0, 0.58, 1.0, 0.5, 1.0, 0.46, 1.0, 1.0, 0.42, 0.75, 0.75, 1.0, 0.5, 0.58, 0.88, 0.54, 0.58, 0.58, 0.58, 0.46, 1.0, 0.58, 1.0, 0.58, 0.88, 0.58, 1.0, 0.75, 0.88, 0.75, 0.75, 0.54, 0.58, 0.88, 1.0, 0.79, 0.75, 0.75, 0.42, 0.88, 0.58, 0.46, 0.79, 1.0, 0.46, 1.0, 0.75, 0.54, 0.42, 0.79, 0.46, 1.0, 1.0, 0.58, 0.79]",107.57999999999998,"[1, 2, 4, 6, 7, 8, 9, 11, 13, 15, 16, 18, 19, 21, 22, 25, 27, 29, 34, 36, 38, 39, 40, 42, 46, 47, 48, 49, 53, 56, 60, 64, 70, 72, 73, 75, 76, 78, 79, 80, 81, 83, 87, 88, 91, 95, 97, 99, 101, 104, 108, 109, 111, 113, 114, 115, 117, 119, 121, 123, 127, 128, 134, 137, 140, 143, 144, 146, 149, 150]","[0.04, 0.1, 0.1, 0.09, 0.07, 0.05, 0.05, 0.07, 0.0, 0.01, 0.05, 0.01, 0.0, 0.04, 0.04, 0.03, 0.03, 0.0, 0.01, 0.07, 0.03, 0.07, 0.03, 0.09, 0.1, 0.03, 0.0, 0.03, 0.06, 0.01, 0.03, 0.07, 0.06, 0.05, 0.03, 0.07, 0.09, 0.03, 0.03, 0.03, 0.03, 0.09, 0.01, 0.04, 0.01, 0.05, 0.04, 0.01, 0.05, 0.1, 0.01, 0.01, 0.05, 0.0, 0.06, 0.0, 0.1, 0.01, 0.05, 0.1, 0.01, 0.06, 0.03, 0.03, 0.09, 0.03, 0.09, 0.03, 0.1, 0.04, 0.06, 0.1, 0.03, 0.03, 0.0, 0.03, 0.03, 0.01, 0.09, 0.08, 0.01, 0.07, 0.0, 0.07, 0.04, 0.03, 0.1, 0.08, 0.01, 0.09, 0.07, 0.1, 0.05, 0.1, 0.04, 0.01, 0.08, 0.03, 0.04, 0.03, 0.05, 0.01, 0.06, 0.03, 0.07, 0.09, 0.06, 0.04, 0.03, 0.03, 0.09, 0.09, 0.04, 0.03, 0.05, 0.03, 0.04, 0.03, 0.01, 0.03, 0.03, 0.01, 0.01, 0.0, 0.09, 0.03, 0.03, 0.04, 0.01, 0.05, 0.03, 0.07, 0.07, 0.09, 0.01, 0.09, 0.09, 0.0, 0.06, 0.05, 0.03, 0.09, 0.03, 0.03, 0.0, 0.08, 0.03, 0.03, 0.05, 0.01]",0,
144,Borda,ATVA_3,150,4,"{'A': 46, 'C': 39, 'D': 39, 'B': 26}","[0.75, 0.5, 0.75, 0.5, 0.58, 0.58, 0.58, 1.0, 1.0, 0.58, 0.58, 1.0, 1.0, 0.75, 0.5, 0.42, 0.79, 1.0, 1.0, 0.58, 0.58, 0.58, 0.75, 0.67, 1.0, 0.58, 1.0, 0.75, 0.75, 0.42, 1.0, 0.88, 1.0, 1.0, 0.79, 0.88, 0.58, 0.42, 0.5, 0.58, 1.0, 0.5, 1.0, 0.46, 1.0, 0.79, 0.58, 1.0, 0.58, 0.46, 0.58, 0.58, 1.0, 0.58, 0.46, 0.88, 0.75, 0.58, 1.0, 1.0, 1.0, 0.75, 0.5, 0.58, 0.79, 0.5, 0.75, 0.58, 0.5, 0.75, 0.58, 1.0, 0.58, 0.67, 0.75, 0.58, 1.0, 0.46, 0.42, 0.5, 0.79, 0.67, 1.0, 1.0, 0.79, 1.0, 0.88, 0.75, 0.46, 1.0, 1.0, 1.0, 0.88, 0.67, 0.54, 0.75, 1.0, 0.75, 0.42, 0.46, 0.46, 0.46, 0.5, 0.42, 0.5, 0.46, 0.79, 1.0, 0.46, 0.58, 1.0, 1.0, 1.0, 1.0, 1.0, 0.54, 1.0, 0.58, 0.88, 1.0, 1.0, 0.5, 0.42, 0.5, 1.0, 0.5, 0.54, 0.75, 1.0, 0.75, 0.79, 1.0, 1.0, 1.0, 1.0, 0.5, 0.75, 0.46, 0.75, 0.58, 1.0, 0.5, 0.75, 0.58, 0.67, 1.0, 0.46, 0.5, 0.75, 1.0]",109.61000000000001,"[2, 4, 7, 10, 16, 21, 22, 30, 37, 38, 39, 42, 44, 49, 50, 51, 52, 54, 55, 63, 66, 68, 69, 73, 74, 76, 78, 79, 80, 82, 89, 95, 99, 100, 101, 102, 103, 104, 105, 106, 122, 123, 124, 126, 127, 136, 138, 140, 142, 144, 147]","[0.03, 0.08, 0.05, 0.03, 0.09, 0.08, 0.07, 0.03, 0.03, 0.06, 0.03, 0.01, 0.04, 0.08, 0.09, 0.07, 0.05, 0.03, 0.03, 0.05, 0.07, 0.05, 0.03, 0.03, 0.04, 0.06, 0.03, 0.06, 0.06, 0.06, 0.04, 0.02, 0.01, 0.01, 0.02, 0.02, 0.07, 0.07, 0.08, 0.03, 0.04, 0.03, 0.03, 0.09, 0.0, 0.02, 0.05, 0.01, 0.06, 0.1, 0.07, 0.07, 0.03, 0.05, 0.06, 0.02, 0.03, 0.07, 0.04, 0.01, 0.03, 0.09, 0.08, 0.06, 0.03, 0.05, 0.03, 0.02, 0.07, 0.03, 0.01, 0.04, 0.05, 0.02, 0.09, 0.02, 0.03, 0.08, 0.07, 0.08, 0.03, 0.02, 0.01, 0.03, 0.06, 0.03, 0.03, 0.01, 0.07, 0.04, 0.04, 0.0, 0.02, 0.01, 0.05, 0.03, 0.01, 0.05, 0.07, 0.03, 0.07, 0.06, 0.07, 0.1, 0.03, 0.06, 0.06, 0.03, 0.04, 0.01, 0.04, 0.04, 0.03, 0.04, 0.03, 0.03, 0.01, 0.05, 0.01, 0.03, 0.03, 0.05, 0.06, 0.03, 0.03, 0.09, 0.05, 0.05, 0.04, 0.01, 0.06, 0.03, 0.04, 0.04, 0.03, 0.03, 0.05, 0.09, 0.04, 0.02, 0.03, 0.07, 0.03, 0.02, 0.01, 0.01, 0.05, 0.04, 0.02, 0.04]",0.13,
145,Borda,ATVA_3,150,4,"{'B': 40, 'A': 38, 'C': 36, 'D': 36}","[0.79, 1.0, 0.88, 0.58, 0.75, 0.42, 1.0, 0.88, 0.58, 0.67, 0.58, 0.54, 0.42, 0.75, 0.58, 0.79, 0.88, 1.0, 0.75, 0.5, 0.67, 0.46, 0.75, 0.58, 0.46, 0.58, 0.75, 0.75, 0.75, 0.54, 0.75, 0.88, 0.88, 1.0, 0.75, 0.46, 0.54, 0.58, 0.58, 0.58, 1.0, 1.0, 0.67, 0.58, 0.75, 0.79, 1.0, 0.75, 1.0, 0.67, 1.0, 0.58, 0.5, 1.0, 1.0, 0.54, 1.0, 0.88, 1.0, 0.58, 0.46, 0.46, 0.54, 1.0, 0.58, 0.5, 0.46, 0.5, 0.5, 0.54, 0.79, 1.0, 0.58, 0.88, 0.58, 1.0, 0.46, 0.58, 0.75, 0.58, 0.58, 0.42, 0.75, 1.0, 0.54, 0.58, 0.75, 0.5, 0.5, 1.0, 0.46, 0.58, 1.0, 1.0, 0.46, 1.0, 0.5, 1.0, 0.58, 1.0, 1.0, 0.46, 1.0, 1.0, 1.0, 0.58, 0.58, 1.0, 0.75, 1.0, 0.75, 1.0, 1.0, 0.58, 0.75, 0.79, 1.0, 0.58, 0.58, 0.88, 0.75, 0.75, 1.0, 0.58, 0.46, 1.0, 0.42, 0.46, 0.54, 0.88, 0.75, 1.0, 0.75, 0.46, 0.46, 0.58, 0.58, 0.58, 0.5, 1.0, 0.58, 0.75, 0.58, 0.5, 0.5, 0.75, 0.58, 1.0, 0.58, 1.0]",107.46,"[4, 6, 10, 11, 13, 16, 20, 22, 25, 28, 30, 36, 38, 39, 40, 43, 44, 50, 52, 53, 56, 61, 62, 63, 65, 66, 67, 68, 69, 70, 77, 81, 82, 85, 88, 89, 91, 92, 95, 97, 102, 109, 111, 114, 116, 118, 119, 121, 122, 124, 125, 127, 128, 129, 131, 134, 135, 137, 138, 139, 141, 147, 149]","[0.01, 0.06, 0.03, 0.04, 0.09, 0.07, 0.03, 0.01, 0.07, 0.01, 0.04, 0.09, 0.04, 0.09, 0.07, 0.0, 0.03, 0.07, 0.09, 0.04, 0.03, 0.09, 0.07, 0.07, 0.07, 0.07, 0.07, 0.01, 0.06, 0.03, 0.07, 0.0, 0.0, 0.01, 0.04, 0.04, 0.09, 0.0, 0.03, 0.0, 0.05, 0.02, 0.0, 0.01, 0.09, 0.01, 0.01, 0.09, 0.01, 0.0, 0.01, 0.01, 0.07, 0.01, 0.03, 0.06, 0.05, 0.0, 0.01, 0.07, 0.07, 0.07, 0.04, 0.02, 0.03, 0.07, 0.07, 0.05, 0.07, 0.04, 0.01, 0.01, 0.09, 0.03, 0.09, 0.07, 0.07, 0.08, 0.07, 0.07, 0.03, 0.09, 0.07, 0.06, 0.07, 0.1, 0.07, 0.04, 0.07, 0.06, 0.07, 0.01, 0.07, 0.06, 0.06, 0.01, 0.07, 0.03, 0.04, 0.06, 0.07, 0.09, 0.05, 0.03, 0.01, 0.03, 0.1, 0.02, 0.0, 0.01, 0.0, 0.03, 0.01, 0.03, 0.03, 0.0, 0.02, 0.01, 0.03, 0.01, 0.01, 0.0, 0.05, 0.0, 0.07, 0.01, 0.07, 0.06, 0.04, 0.03, 0.0, 0.02, 0.07, 0.07, 0.07, 0.07, 0.01, 0.01, 0.07, 0.01, 0.04, 0.1, 0.1, 0.08, 0.09, 0.07, 0.04, 0.01, 0.04, 0.02]",0,
146,Borda,ATVA_3,150,4,"{'B': 45, 'A': 38, 'D': 34, 'C': 33}","[1.0, 0.58, 0.88, 0.54, 0.58, 0.58, 1.0, 1.0, 0.75, 0.58, 0.58, 0.46, 0.75, 0.58, 0.58, 0.58, 0.42, 0.67, 0.88, 0.46, 1.0, 0.58, 1.0, 0.79, 0.79, 0.58, 0.5, 0.75, 0.5, 1.0, 0.75, 0.79, 0.54, 1.0, 0.67, 1.0, 0.67, 0.58, 0.46, 1.0, 0.46, 1.0, 0.75, 0.75, 1.0, 0.75, 0.75, 0.42, 0.58, 0.75, 1.0, 0.58, 0.75, 0.88, 0.58, 0.42, 0.75, 0.5, 0.88, 0.58, 0.54, 0.75, 0.58, 0.42, 0.75, 1.0, 0.58, 0.58, 0.75, 0.54, 1.0, 0.46, 1.0, 0.88, 0.54, 0.79, 0.75, 1.0, 0.88, 1.0, 0.75, 0.42, 0.54, 1.0, 0.58, 0.54, 0.54, 0.75, 0.58, 0.88, 0.75, 0.75, 0.75, 1.0, 0.54, 0.46, 1.0, 0.75, 0.58, 1.0, 1.0, 0.67, 0.54, 0.5, 0.54, 0.67, 1.0, 1.0, 1.0, 1.0, 0.58, 0.54, 1.0, 0.58, 0.79, 0.58, 0.58, 0.75, 0.67, 0.58, 1.0, 1.0, 1.0, 0.75, 0.75, 0.46, 0.75, 0.46, 0.75, 1.0, 1.0, 0.88, 0.75, 0.58, 1.0, 0.58, 0.54, 0.67, 0.79, 0.58, 1.0, 0.75, 0.42, 1.0, 1.0, 1.0, 0.5, 1.0, 0.79, 0.46]",109.25999999999999,"[2, 6, 10, 11, 12, 13, 15, 16, 17, 18, 20, 26, 31, 32, 33, 35, 37, 38, 39, 41, 48, 49, 56, 58, 60, 63, 64, 65, 70, 75, 82, 83, 91, 92, 95, 96, 102, 104, 105, 111, 112, 114, 116, 117, 120, 126, 128, 134, 137, 139, 143, 147, 150]","[0.01, 0.07, 0.03, 0.1, 0.1, 0.0, 0.03, 0.02, 0.04, 0.01, 0.07, 0.07, 0.03, 0.09, 0.0, 0.0, 0.07, 0.01, 0.01, 0.07, 0.02, 0.04, 0.05, 0.04, 0.03, 0.01, 0.05, 0.07, 0.09, 0.02, 0.01, 0.01, 0.09, 0.02, 0.01, 0.01, 0.01, 0.01, 0.07, 0.03, 0.09, 0.02, 0.0, 0.09, 0.01, 0.09, 0.08, 0.09, 0.03, 0.08, 0.02, 0.09, 0.04, 0.01, 0.04, 0.07, 0.09, 0.03, 0.01, 0.01, 0.1, 0.0, 0.01, 0.07, 0.01, 0.02, 0.09, 0.09, 0.03, 0.06, 0.02, 0.08, 0.05, 0.0, 0.03, 0.03, 0.09, 0.05, 0.01, 0.02, 0.04, 0.09, 0.06, 0.05, 0.03, 0.08, 0.07, 0.0, 0.07, 0.01, 0.01, 0.03, 0.04, 0.01, 0.09, 0.07, 0.03, 0.04, 0.09, 0.06, 0.05, 0.01, 0.07, 0.06, 0.07, 0.03, 0.01, 0.02, 0.02, 0.02, 0.01, 0.06, 0.02, 0.03, 0.03, 0.01, 0.07, 0.09, 0.01, 0.06, 0.05, 0.05, 0.01, 0.03, 0.03, 0.03, 0.04, 0.04, 0.04, 0.03, 0.02, 0.0, 0.08, 0.01, 0.03, 0.1, 0.06, 0.01, 0.01, 0.07, 0.05, 0.03, 0.07, 0.06, 0.02, 0.01, 0.09, 0.01, 0.03, 0.09]",0,
147,Borda,ATVA_3,150,4,"{'D': 42, 'B': 40, 'C': 35, 'A': 33}","[1.0, 1.0, 1.0, 0.75, 0.58, 0.58, 1.0, 1.0, 1.0, 0.5, 0.58, 0.58, 0.5, 0.75, 0.58, 1.0, 0.58, 0.79, 1.0, 0.75, 1.0, 0.75, 1.0, 0.54, 0.5, 0.58, 1.0, 0.5, 0.88, 0.75, 0.58, 0.5, 0.46, 0.75, 0.79, 0.58, 1.0, 1.0, 0.54, 0.75, 0.58, 0.54, 0.58, 0.58, 1.0, 0.58, 1.0, 0.42, 1.0, 0.79, 0.46, 1.0, 1.0, 0.46, 0.75, 0.75, 1.0, 0.75, 0.5, 1.0, 0.88, 0.54, 1.0, 0.54, 1.0, 1.0, 1.0, 0.54, 1.0, 0.46, 1.0, 1.0, 0.42, 0.58, 1.0, 0.75, 0.58, 0.58, 0.54, 1.0, 0.79, 1.0, 0.75, 0.58, 0.46, 0.75, 0.58, 1.0, 0.54, 0.58, 0.58, 0.88, 0.88, 1.0, 0.58, 0.67, 0.88, 0.75, 1.0, 0.79, 0.54, 0.58, 0.75, 1.0, 1.0, 0.46, 0.67, 1.0, 0.46, 0.58, 0.46, 0.58, 0.5, 0.58, 0.58, 0.75, 0.58, 1.0, 0.58, 0.75, 0.58, 1.0, 0.58, 0.58, 1.0, 0.58, 0.58, 0.58, 0.88, 0.5, 0.79, 0.75, 0.5, 1.0, 0.79, 0.46, 0.75, 0.58, 1.0, 0.58, 0.5, 0.42, 0.54, 0.54, 1.0, 0.79, 0.58, 0.67, 0.75, 0.58]",108.99000000000001,"[4, 5, 6, 10, 13, 14, 15, 17, 18, 24, 25, 26, 28, 30, 31, 32, 33, 36, 39, 41, 42, 43, 44, 48, 51, 54, 55, 58, 59, 62, 64, 70, 73, 77, 78, 79, 81, 85, 87, 89, 90, 91, 98, 101, 102, 106, 107, 109, 110, 111, 112, 113, 114, 115, 117, 121, 123, 124, 127, 130, 133, 135, 136, 140, 141, 142, 143, 144, 147, 148, 150]","[0.03, 0.03, 0.03, 0.07, 0.09, 0.09, 0.03, 0.03, 0.04, 0.09, 0.03, 0.03, 0.09, 0.06, 0.09, 0.03, 0.05, 0.07, 0.03, 0.03, 0.04, 0.09, 0.03, 0.07, 0.1, 0.06, 0.01, 0.08, 0.05, 0.07, 0.09, 0.09, 0.07, 0.07, 0.05, 0.09, 0.04, 0.04, 0.07, 0.09, 0.09, 0.07, 0.02, 0.06, 0.04, 0.08, 0.03, 0.07, 0.03, 0.06, 0.06, 0.0, 0.03, 0.05, 0.07, 0.08, 0.01, 0.06, 0.04, 0.03, 0.05, 0.07, 0.03, 0.09, 0.01, 0.03, 0.0, 0.04, 0.03, 0.09, 0.03, 0.04, 0.07, 0.05, 0.01, 0.08, 0.1, 0.05, 0.09, 0.01, 0.07, 0.01, 0.05, 0.03, 0.09, 0.07, 0.09, 0.04, 0.07, 0.07, 0.07, 0.05, 0.03, 0.04, 0.04, 0.01, 0.02, 0.07, 0.0, 0.05, 0.06, 0.05, 0.07, 0.03, 0.01, 0.1, 0.07, 0.01, 0.06, 0.06, 0.09, 0.05, 0.07, 0.07, 0.07, 0.03, 0.07, 0.01, 0.08, 0.09, 0.07, 0.03, 0.07, 0.07, 0.03, 0.05, 0.07, 0.03, 0.03, 0.09, 0.05, 0.08, 0.07, 0.04, 0.07, 0.09, 0.09, 0.03, 0.01, 0.1, 0.07, 0.07, 0.06, 0.09, 0.03, 0.05, 0.06, 0.07, 0.07, 0.07]",0.13,
148,Borda,ATVA_3,150,4,"{'B': 48, 'D': 37, 'A': 33, 'C': 32}","[0.58, 0.5, 1.0, 1.0, 0.75, 0.75, 0.5, 0.42, 0.5, 0.42, 0.54, 1.0, 0.46, 0.46, 0.88, 1.0, 0.54, 1.0, 0.67, 0.67, 1.0, 1.0, 0.88, 0.54, 0.79, 0.54, 0.58, 0.58, 0.46, 1.0, 0.54, 0.46, 0.58, 0.58, 0.54, 1.0, 0.46, 1.0, 0.5, 1.0, 0.88, 0.58, 0.58, 0.75, 0.46, 0.5, 0.67, 0.58, 1.0, 1.0, 1.0, 0.5, 1.0, 1.0, 0.5, 0.58, 1.0, 0.58, 0.58, 0.75, 1.0, 1.0, 0.58, 0.46, 0.58, 0.54, 0.79, 0.58, 0.67, 1.0, 0.5, 0.79, 1.0, 0.67, 0.5, 0.5, 0.75, 1.0, 1.0, 0.54, 0.42, 1.0, 0.67, 0.75, 0.67, 1.0, 1.0, 0.79, 0.46, 0.58, 1.0, 0.75, 1.0, 0.58, 0.75, 1.0, 0.79, 0.5, 0.42, 1.0, 1.0, 0.75, 0.58, 0.54, 0.54, 0.54, 0.67, 0.5, 0.58, 1.0, 0.58, 1.0, 1.0, 1.0, 0.58, 0.46, 1.0, 0.58, 0.58, 0.75, 0.75, 1.0, 0.79, 0.58, 1.0, 0.54, 0.46, 0.79, 1.0, 1.0, 0.5, 1.0, 1.0, 0.75, 1.0, 0.46, 1.0, 0.88, 0.54, 1.0, 1.0, 0.54, 1.0, 1.0, 0.67, 0.58, 0.58, 0.75, 0.58, 0.58]",109.28999999999999,"[1, 2, 5, 6, 7, 8, 9, 10, 11, 13, 14, 17, 24, 26, 29, 31, 32, 33, 35, 37, 39, 45, 46, 48, 52, 55, 59, 60, 64, 66, 68, 71, 75, 76, 77, 80, 81, 89, 90, 92, 94, 95, 98, 99, 104, 105, 106, 108, 116, 118, 119, 126, 127, 131, 134, 136, 146, 149]","[0.07, 0.1, 0.04, 0.03, 0.05, 0.07, 0.03, 0.1, 0.09, 0.1, 0.05, 0.03, 0.09, 0.08, 0.03, 0.03, 0.1, 0.0, 0.05, 0.01, 0.03, 0.03, 0.01, 0.03, 0.01, 0.07, 0.06, 0.03, 0.05, 0.04, 0.1, 0.03, 0.04, 0.06, 0.05, 0.0, 0.03, 0.01, 0.05, 0.04, 0.07, 0.03, 0.09, 0.06, 0.03, 0.09, 0.06, 0.07, 0.01, 0.04, 0.04, 0.09, 0.03, 0.01, 0.08, 0.07, 0.01, 0.05, 0.04, 0.03, 0.03, 0.03, 0.03, 0.09, 0.03, 0.08, 0.01, 0.03, 0.03, 0.04, 0.09, 0.01, 0.03, 0.05, 0.1, 0.09, 0.08, 0.01, 0.01, 0.03, 0.09, 0.03, 0.06, 0.03, 0.06, 0.03, 0.0, 0.01, 0.05, 0.09, 0.03, 0.03, 0.03, 0.09, 0.05, 0.04, 0.06, 0.08, 0.07, 0.03, 0.01, 0.02, 0.09, 0.05, 0.03, 0.08, 0.01, 0.09, 0.06, 0.01, 0.06, 0.01, 0.04, 0.04, 0.1, 0.03, 0.03, 0.09, 0.08, 0.06, 0.01, 0.04, 0.06, 0.09, 0.03, 0.09, 0.09, 0.01, 0.01, 0.03, 0.1, 0.03, 0.04, 0.05, 0.03, 0.1, 0.03, 0.01, 0.06, 0.0, 0.01, 0.07, 0.03, 0.04, 0.03, 0.08, 0.07, 0.02, 0.09, 0.03]",0,
149,Borda,ATVA_3,150,4,"{'D': 46, 'A': 38, 'B': 34, 'C': 32}","[1.0, 0.58, 1.0, 1.0, 1.0, 0.58, 0.75, 0.5, 0.79, 0.58, 0.58, 1.0, 0.58, 1.0, 0.75, 0.75, 1.0, 1.0, 0.75, 1.0, 0.75, 0.58, 1.0, 0.79, 1.0, 1.0, 1.0, 0.67, 0.67, 0.79, 0.5, 1.0, 0.58, 0.54, 0.46, 0.75, 1.0, 0.46, 0.58, 0.54, 0.75, 1.0, 1.0, 0.75, 0.67, 0.58, 0.58, 1.0, 0.79, 0.42, 0.54, 0.42, 0.75, 0.54, 0.5, 0.58, 0.54, 1.0, 0.54, 0.75, 0.58, 0.58, 0.75, 0.5, 1.0, 1.0, 0.58, 0.79, 0.79, 0.75, 0.5, 0.58, 0.5, 0.67, 0.75, 0.67, 1.0, 1.0, 0.58, 1.0, 1.0, 0.88, 1.0, 0.79, 1.0, 1.0, 1.0, 1.0, 0.58, 1.0, 0.88, 0.88, 0.54, 0.5, 1.0, 0.75, 0.75, 0.46, 0.58, 0.54, 0.58, 0.54, 0.67, 0.5, 0.58, 0.42, 0.54, 1.0, 1.0, 1.0, 1.0, 1.0, 0.5, 0.75, 1.0, 1.0, 0.75, 0.58, 0.46, 0.75, 0.58, 0.79, 1.0, 0.79, 0.79, 0.46, 1.0, 0.5, 0.58, 1.0, 0.46, 1.0, 0.46, 0.58, 0.58, 0.67, 0.46, 0.88, 1.0, 0.54, 0.46, 1.0, 0.58, 0.75, 0.75, 0.75, 0.58, 0.46, 0.5, 1.0]",110.82,"[2, 6, 8, 11, 22, 28, 29, 31, 33, 34, 35, 38, 39, 40, 45, 46, 50, 51, 52, 54, 55, 59, 64, 67, 69, 71, 72, 73, 75, 76, 79, 89, 93, 94, 98, 100, 101, 102, 103, 104, 105, 106, 107, 113, 118, 119, 121, 126, 128, 129, 131, 133, 134, 135, 136, 137, 140, 141, 143, 145, 147, 148, 149]","[0.0, 0.03, 0.03, 0.0, 0.04, 0.07, 0.07, 0.03, 0.07, 0.09, 0.07, 0.0, 0.08, 0.0, 0.1, 0.09, 0.03, 0.01, 0.06, 0.0, 0.06, 0.06, 0.0, 0.07, 0.0, 0.01, 0.01, 0.04, 0.03, 0.03, 0.02, 0.04, 0.03, 0.06, 0.03, 0.07, 0.0, 0.1, 0.09, 0.06, 0.07, 0.0, 0.03, 0.06, 0.07, 0.04, 0.1, 0.0, 0.09, 0.06, 0.06, 0.02, 0.1, 0.03, 0.09, 0.06, 0.09, 0.01, 0.1, 0.09, 0.07, 0.09, 0.09, 0.05, 0.03, 0.01, 0.05, 0.07, 0.04, 0.07, 0.1, 0.03, 0.01, 0.05, 0.04, 0.04, 0.01, 0.01, 0.07, 0.0, 0.01, 0.08, 0.01, 0.09, 0.01, 0.01, 0.04, 0.01, 0.09, 0.04, 0.08, 0.04, 0.07, 0.01, 0.0, 0.09, 0.06, 0.07, 0.07, 0.03, 0.06, 0.06, 0.07, 0.07, 0.01, 0.02, 0.07, 0.0, 0.0, 0.01, 0.03, 0.01, 0.07, 0.07, 0.03, 0.01, 0.06, 0.06, 0.07, 0.07, 0.07, 0.07, 0.0, 0.03, 0.09, 0.02, 0.04, 0.07, 0.07, 0.0, 0.09, 0.01, 0.03, 0.01, 0.02, 0.03, 0.06, 0.08, 0.0, 0.07, 0.09, 0.04, 0.07, 0.09, 0.04, 0.09, 0.03, 0.03, 0.09, 0.01]",0.13,
150,Borda,ATVA_3,150,4,"{'D': 45, 'C': 39, 'B': 36, 'A': 30}","[0.5, 1.0, 1.0, 1.0, 1.0, 0.58, 0.79, 0.46, 0.58, 0.75, 1.0, 1.0, 0.46, 0.54, 0.75, 0.79, 0.75, 0.67, 0.46, 0.5, 0.58, 0.58, 0.58, 0.54, 1.0, 0.88, 0.5, 0.88, 0.58, 0.5, 0.75, 1.0, 0.54, 1.0, 1.0, 0.42, 0.58, 0.88, 1.0, 0.75, 1.0, 0.46, 0.75, 0.42, 0.79, 0.79, 0.58, 0.75, 1.0, 0.75, 1.0, 0.58, 0.46, 0.58, 1.0, 0.46, 0.75, 0.79, 0.58, 1.0, 0.58, 0.79, 0.88, 0.75, 0.58, 1.0, 0.79, 0.54, 0.54, 1.0, 0.46, 0.5, 0.58, 0.67, 0.58, 0.75, 1.0, 0.75, 0.88, 1.0, 1.0, 0.54, 0.58, 0.46, 0.75, 0.46, 0.54, 1.0, 0.67, 1.0, 0.58, 1.0, 0.54, 1.0, 0.46, 0.5, 0.75, 0.58, 0.58, 0.5, 0.88, 0.88, 0.79, 0.75, 1.0, 0.58, 1.0, 0.75, 1.0, 0.54, 1.0, 0.58, 0.46, 0.75, 1.0, 0.75, 0.75, 1.0, 0.79, 0.88, 0.54, 0.67, 0.75, 0.58, 1.0, 0.5, 0.88, 1.0, 0.58, 0.5, 0.5, 1.0, 0.67, 0.5, 0.75, 0.46, 1.0, 0.46, 0.58, 0.5, 1.0, 1.0, 0.58, 0.75, 1.0, 1.0, 0.5, 0.75, 0.58, 0.58]",109.00999999999999,"[1, 8, 9, 13, 14, 19, 20, 22, 24, 27, 29, 30, 33, 36, 42, 44, 47, 48, 50, 53, 54, 56, 57, 61, 68, 69, 71, 72, 73, 76, 82, 84, 86, 87, 91, 93, 95, 96, 97, 98, 99, 100, 108, 110, 112, 113, 121, 123, 124, 126, 130, 131, 134, 135, 136, 138, 139, 140, 147, 149]","[0.1, 0.01, 0.07, 0.01, 0.07, 0.0, 0.04, 0.09, 0.09, 0.03, 0.06, 0.05, 0.1, 0.03, 0.01, 0.03, 0.03, 0.04, 0.09, 0.07, 0.03, 0.1, 0.04, 0.09, 0.07, 0.04, 0.09, 0.04, 0.1, 0.09, 0.03, 0.06, 0.07, 0.07, 0.05, 0.09, 0.03, 0.03, 0.06, 0.04, 0.05, 0.1, 0.01, 0.07, 0.0, 0.03, 0.07, 0.09, 0.01, 0.09, 0.07, 0.03, 0.08, 0.07, 0.05, 0.09, 0.09, 0.01, 0.04, 0.05, 0.1, 0.03, 0.01, 0.01, 0.04, 0.01, 0.03, 0.09, 0.09, 0.07, 0.1, 0.07, 0.09, 0.03, 0.03, 0.09, 0.06, 0.05, 0.03, 0.05, 0.07, 0.09, 0.01, 0.09, 0.04, 0.07, 0.03, 0.05, 0.04, 0.07, 0.09, 0.05, 0.07, 0.05, 0.1, 0.07, 0.09, 0.1, 0.1, 0.09, 0.03, 0.03, 0.03, 0.08, 0.07, 0.0, 0.01, 0.09, 0.07, 0.09, 0.05, 0.07, 0.07, 0.03, 0.05, 0.08, 0.03, 0.06, 0.04, 0.04, 0.07, 0.03, 0.09, 0.07, 0.01, 0.07, 0.03, 0.07, 0.03, 0.05, 0.07, 0.06, 0.04, 0.09, 0.07, 0.09, 0.05, 0.08, 0.09, 0.05, 0.02, 0.06, 0.04, 0.05, 0.06, 0.07, 0.09, 0.03, 0.09, 0.03]",0.25,
151,Borda,ATVA_4,150,4,"{'C': 246, 'A': 220, 'D': 218, 'B': 216}","[1.0, 1.0, 0.75, 1.0, 0.46, 0.88, 0.67, 1.0, 0.58, 0.54, 1.0, 0.46, 0.58, 1.0, 1.0, 0.75, 0.5, 0.88, 1.0, 0.67, 1.0, 1.0, 1.0, 0.5, 1.0, 0.5, 0.58, 1.0, 1.0, 0.42, 1.0, 0.67, 1.0, 0.5, 0.46, 0.58, 0.75, 0.46, 1.0, 0.58, 0.75, 0.79, 1.0, 0.75, 0.5, 0.5, 1.0, 0.5, 0.5, 0.42, 1.0, 1.0, 1.0, 0.88, 0.54, 0.75, 1.0, 0.54, 0.75, 0.75, 1.0, 0.5, 0.58, 0.58, 0.42, 0.75, 1.0, 0.42, 0.79, 0.58, 1.0, 1.0, 0.79, 1.0, 0.58, 0.54, 1.0, 1.0, 0.46, 0.46, 0.54, 0.75, 0.42, 0.79, 0.5, 0.54, 0.58, 0.67, 1.0, 0.75, 0.58, 0.54, 0.5, 0.75, 0.54, 0.75, 0.58, 0.58, 1.0, 0.54, 0.58, 0.5, 0.54, 0.79, 0.54, 0.58, 0.46, 0.54, 0.88, 0.79, 0.54, 1.0, 0.75, 1.0, 0.58, 0.88, 1.0, 0.79, 1.0, 0.75, 1.0, 1.0, 1.0, 0.75, 1.0, 1.0, 1.0, 0.54, 0.42, 1.0, 0.5, 0.58, 0.58, 0.67, 0.79, 0.46, 1.0, 0.58, 0.58, 0.58, 0.46, 0.46, 0.54, 0.75, 0.5, 0.58, 0.58, 1.0, 1.0, 1.0]",109.38,"[12, 16, 30, 35, 37, 38, 41, 50, 59, 65, 66, 68, 82, 83, 96, 107, 124, 129, 141, 142]","[0.0, 0.03, 0.03, 0.03, 0.09, 0.01, 0.05, 0.0, 0.07, 0.07, 0.01, 0.09, 0.05, 0.04, 0.01, 0.02, 0.09, 0.01, 0.0, 0.05, 0.03, 0.03, 0.0, 0.08, 0.03, 0.09, 0.07, 0.01, 0.01, 0.1, 0.01, 0.05, 0.03, 0.09, 0.09, 0.06, 0.02, 0.09, 0.0, 0.06, 0.02, 0.03, 0.04, 0.04, 0.08, 0.09, 0.03, 0.09, 0.08, 0.1, 0.04, 0.04, 0.03, 0.01, 0.07, 0.03, 0.03, 0.07, 0.02, 0.03, 0.01, 0.09, 0.07, 0.07, 0.1, 0.02, 0.01, 0.1, 0.03, 0.07, 0.01, 0.0, 0.03, 0.03, 0.07, 0.07, 0.04, 0.0, 0.09, 0.09, 0.07, 0.02, 0.1, 0.03, 0.08, 0.07, 0.07, 0.05, 0.01, 0.03, 0.06, 0.07, 0.09, 0.04, 0.07, 0.02, 0.05, 0.06, 0.0, 0.07, 0.06, 0.08, 0.07, 0.03, 0.07, 0.07, 0.09, 0.07, 0.01, 0.03, 0.07, 0.01, 0.03, 0.04, 0.05, 0.01, 0.03, 0.03, 0.0, 0.03, 0.01, 0.01, 0.01, 0.02, 0.03, 0.03, 0.0, 0.07, 0.1, 0.0, 0.09, 0.07, 0.05, 0.05, 0.03, 0.09, 0.04, 0.05, 0.05, 0.05, 0.09, 0.09, 0.07, 0.04, 0.09, 0.07, 0.05, 0.01, 0.03, 0.04]",0.13,
152,Borda,ATVA_4,150,4,"{'B': 238, 'A': 231, 'C': 222, 'D': 209}","[0.79, 0.79, 0.5, 0.46, 0.58, 0.75, 0.67, 1.0, 1.0, 0.79, 1.0, 0.75, 1.0, 1.0, 0.58, 1.0, 0.75, 0.67, 0.88, 1.0, 0.67, 1.0, 0.79, 0.58, 0.54, 0.58, 1.0, 0.5, 0.67, 0.75, 0.58, 1.0, 0.5, 0.75, 1.0, 1.0, 0.75, 1.0, 0.54, 1.0, 0.58, 1.0, 0.42, 0.75, 0.58, 0.5, 0.58, 0.75, 1.0, 0.46, 0.46, 0.79, 0.88, 0.58, 0.46, 1.0, 0.5, 0.67, 0.58, 0.42, 0.75, 1.0, 0.75, 0.58, 0.5, 0.46, 0.75, 0.88, 0.58, 0.58, 0.67, 0.54, 0.88, 0.54, 0.58, 0.75, 1.0, 0.67, 0.42, 0.75, 0.58, 0.5, 0.58, 0.75, 0.5, 0.54, 0.54, 0.5, 0.46, 1.0, 0.75, 0.79, 1.0, 1.0, 0.67, 1.0, 1.0, 0.54, 1.0, 1.0, 0.75, 0.58, 0.75, 0.88, 1.0, 0.46, 1.0, 0.46, 1.0, 0.5, 0.58, 0.88, 0.88, 1.0, 1.0, 1.0, 0.79, 0.5, 0.75, 0.5, 0.58, 0.54, 0.58, 0.58, 0.58, 0.54, 0.75, 0.54, 0.5, 0.58, 0.58, 1.0, 0.54, 1.0, 1.0, 1.0, 0.75, 0.46, 0.58, 0.75, 0.54, 0.79, 0.58, 0.75, 1.0, 0.58, 0.58, 0.58, 0.67, 1.0]",108.21,[],"[0.03, 0.03, 0.09, 0.09, 0.06, 0.04, 0.05, 0.04, 0.03, 0.03, 0.04, 0.02, 0.01, 0.04, 0.07, 0.03, 0.03, 0.05, 0.01, 0.0, 0.05, 0.01, 0.03, 0.06, 0.07, 0.05, 0.04, 0.09, 0.05, 0.02, 0.05, 0.0, 0.08, 0.03, 0.0, 0.0, 0.04, 0.0, 0.07, 0.03, 0.06, 0.03, 0.1, 0.02, 0.05, 0.08, 0.07, 0.04, 0.04, 0.09, 0.09, 0.03, 0.01, 0.06, 0.09, 0.04, 0.08, 0.05, 0.07, 0.1, 0.04, 0.03, 0.04, 0.07, 0.09, 0.09, 0.03, 0.01, 0.06, 0.07, 0.05, 0.07, 0.01, 0.07, 0.07, 0.04, 0.0, 0.05, 0.1, 0.03, 0.07, 0.08, 0.05, 0.03, 0.09, 0.07, 0.07, 0.09, 0.09, 0.0, 0.03, 0.03, 0.03, 0.03, 0.05, 0.03, 0.01, 0.07, 0.04, 0.01, 0.02, 0.06, 0.03, 0.01, 0.03, 0.09, 0.03, 0.09, 0.0, 0.08, 0.07, 0.01, 0.01, 0.03, 0.01, 0.01, 0.03, 0.08, 0.02, 0.08, 0.06, 0.07, 0.05, 0.07, 0.07, 0.07, 0.03, 0.07, 0.08, 0.07, 0.06, 0.04, 0.07, 0.0, 0.01, 0.01, 0.04, 0.09, 0.06, 0.04, 0.07, 0.03, 0.05, 0.02, 0.0, 0.07, 0.05, 0.07, 0.05, 0.01]",0,
153,Borda,ATVA_4,150,4,"{'A': 231, 'C': 229, 'D': 224, 'B': 216}","[1.0, 0.5, 0.58, 0.79, 1.0, 0.75, 0.46, 0.58, 1.0, 1.0, 1.0, 1.0, 0.42, 0.42, 0.58, 0.42, 0.54, 0.5, 1.0, 0.58, 0.54, 0.58, 1.0, 0.5, 0.54, 0.42, 1.0, 0.58, 1.0, 0.46, 0.75, 0.88, 1.0, 0.58, 0.79, 0.75, 0.58, 0.79, 0.46, 0.75, 0.54, 0.75, 0.58, 1.0, 1.0, 0.5, 0.42, 0.46, 0.54, 0.75, 0.5, 1.0, 0.54, 1.0, 0.88, 0.42, 1.0, 0.5, 0.75, 0.67, 0.58, 0.54, 0.46, 1.0, 0.58, 0.58, 1.0, 0.58, 1.0, 0.46, 0.58, 0.46, 0.58, 1.0, 0.75, 1.0, 0.46, 1.0, 0.79, 1.0, 0.54, 0.5, 0.5, 1.0, 1.0, 0.58, 0.75, 0.58, 0.79, 0.54, 0.58, 1.0, 0.42, 1.0, 1.0, 0.79, 0.58, 0.67, 0.75, 0.75, 1.0, 0.58, 0.75, 0.79, 0.54, 0.58, 0.54, 0.5, 1.0, 0.46, 1.0, 0.58, 0.5, 0.58, 0.42, 0.58, 0.58, 0.88, 1.0, 0.46, 1.0, 1.0, 0.75, 0.75, 0.58, 1.0, 0.58, 0.54, 0.46, 0.88, 1.0, 0.5, 1.0, 0.54, 0.58, 0.5, 0.75, 0.58, 0.58, 0.58, 1.0, 1.0, 0.5, 0.67, 0.75, 0.75, 0.58, 1.0, 1.0, 0.75]",106.06,[],"[0.0, 0.09, 0.06, 0.03, 0.01, 0.03, 0.09, 0.06, 0.0, 0.0, 0.0, 0.01, 0.1, 0.1, 0.06, 0.1, 0.07, 0.08, 0.03, 0.07, 0.07, 0.06, 0.0, 0.09, 0.07, 0.1, 0.04, 0.05, 0.03, 0.09, 0.02, 0.01, 0.0, 0.05, 0.03, 0.03, 0.07, 0.03, 0.09, 0.02, 0.07, 0.02, 0.05, 0.01, 0.03, 0.09, 0.1, 0.09, 0.07, 0.02, 0.08, 0.03, 0.07, 0.0, 0.01, 0.1, 0.03, 0.08, 0.02, 0.05, 0.07, 0.07, 0.09, 0.03, 0.05, 0.07, 0.01, 0.07, 0.01, 0.09, 0.07, 0.09, 0.05, 0.01, 0.02, 0.01, 0.09, 0.0, 0.03, 0.03, 0.07, 0.09, 0.09, 0.01, 0.03, 0.06, 0.03, 0.07, 0.03, 0.07, 0.06, 0.01, 0.1, 0.04, 0.01, 0.03, 0.07, 0.05, 0.03, 0.02, 0.0, 0.07, 0.03, 0.03, 0.07, 0.07, 0.07, 0.09, 0.0, 0.09, 0.03, 0.07, 0.09, 0.06, 0.1, 0.07, 0.06, 0.01, 0.01, 0.09, 0.04, 0.03, 0.02, 0.04, 0.07, 0.01, 0.07, 0.07, 0.09, 0.01, 0.0, 0.08, 0.0, 0.07, 0.05, 0.08, 0.02, 0.05, 0.05, 0.06, 0.0, 0.03, 0.08, 0.05, 0.02, 0.03, 0.06, 0.04, 0.0, 0.03]",0,
154,Borda,ATVA_4,150,4,"{'C': 257, 'D': 231, 'A': 216, 'B': 196}","[0.5, 1.0, 0.5, 0.67, 0.88, 0.58, 0.75, 1.0, 1.0, 0.88, 1.0, 0.42, 0.75, 1.0, 0.75, 0.58, 0.54, 1.0, 0.67, 1.0, 1.0, 1.0, 0.58, 0.46, 1.0, 1.0, 0.58, 0.88, 1.0, 0.75, 1.0, 0.54, 1.0, 1.0, 0.67, 1.0, 0.5, 1.0, 0.79, 0.79, 0.58, 0.58, 0.58, 1.0, 0.54, 0.75, 1.0, 1.0, 1.0, 0.58, 1.0, 0.54, 1.0, 1.0, 0.79, 0.58, 1.0, 0.58, 0.75, 1.0, 0.58, 1.0, 1.0, 0.58, 0.58, 0.88, 1.0, 1.0, 0.75, 0.75, 0.42, 0.46, 0.46, 0.58, 1.0, 1.0, 0.42, 1.0, 0.79, 0.58, 0.5, 1.0, 0.46, 0.79, 1.0, 0.75, 0.75, 0.54, 0.5, 1.0, 0.58, 0.67, 0.58, 1.0, 0.75, 0.54, 0.75, 0.5, 0.54, 0.75, 0.54, 0.58, 0.75, 0.88, 0.75, 1.0, 0.54, 0.75, 0.75, 0.58, 1.0, 0.58, 1.0, 1.0, 1.0, 1.0, 1.0, 0.67, 0.54, 0.75, 1.0, 0.46, 0.58, 0.42, 0.58, 0.88, 1.0, 0.42, 1.0, 0.54, 0.54, 0.54, 0.67, 0.5, 0.58, 1.0, 0.5, 0.54, 0.75, 0.58, 1.0, 0.58, 0.58, 0.5, 0.75, 0.75, 0.58, 0.46, 0.79, 0.58]",111.94999999999999,[],"[0.08, 0.01, 0.09, 0.05, 0.01, 0.07, 0.02, 0.04, 0.01, 0.01, 0.01, 0.1, 0.02, 0.03, 0.02, 0.07, 0.07, 0.01, 0.05, 0.01, 0.01, 0.01, 0.07, 0.09, 0.04, 0.03, 0.06, 0.01, 0.03, 0.04, 0.01, 0.07, 0.01, 0.0, 0.05, 0.0, 0.08, 0.0, 0.03, 0.03, 0.06, 0.07, 0.06, 0.01, 0.07, 0.04, 0.01, 0.03, 0.04, 0.07, 0.03, 0.07, 0.01, 0.01, 0.03, 0.06, 0.01, 0.05, 0.02, 0.03, 0.06, 0.0, 0.0, 0.05, 0.05, 0.01, 0.0, 0.03, 0.04, 0.03, 0.1, 0.09, 0.09, 0.07, 0.0, 0.03, 0.1, 0.04, 0.03, 0.06, 0.09, 0.0, 0.09, 0.03, 0.04, 0.03, 0.04, 0.07, 0.09, 0.03, 0.06, 0.05, 0.06, 0.01, 0.04, 0.07, 0.02, 0.09, 0.07, 0.02, 0.07, 0.05, 0.02, 0.01, 0.02, 0.01, 0.07, 0.03, 0.04, 0.06, 0.03, 0.07, 0.03, 0.04, 0.01, 0.01, 0.01, 0.05, 0.07, 0.02, 0.01, 0.09, 0.05, 0.1, 0.07, 0.01, 0.04, 0.1, 0.01, 0.07, 0.07, 0.07, 0.05, 0.09, 0.07, 0.01, 0.08, 0.07, 0.02, 0.05, 0.03, 0.07, 0.05, 0.08, 0.04, 0.04, 0.06, 0.09, 0.03, 0.06]",0,
155,Borda,ATVA_4,150,4,"{'A': 243, 'B': 231, 'D': 223, 'C': 203}","[1.0, 1.0, 0.58, 0.42, 1.0, 0.58, 1.0, 0.67, 1.0, 0.75, 0.54, 0.79, 0.79, 0.75, 0.75, 0.75, 0.5, 0.42, 0.46, 0.58, 0.79, 1.0, 0.79, 1.0, 0.58, 0.75, 0.58, 0.75, 1.0, 0.54, 0.58, 0.75, 0.46, 1.0, 0.79, 0.58, 1.0, 1.0, 0.67, 1.0, 1.0, 0.46, 1.0, 1.0, 0.58, 0.54, 0.58, 0.46, 1.0, 0.58, 0.67, 0.58, 0.5, 0.58, 0.58, 0.75, 0.58, 0.58, 0.58, 1.0, 0.75, 1.0, 1.0, 0.46, 0.58, 1.0, 0.54, 1.0, 1.0, 0.46, 1.0, 0.75, 0.58, 0.5, 0.46, 0.58, 1.0, 0.54, 0.67, 0.42, 1.0, 0.58, 1.0, 0.58, 0.67, 1.0, 1.0, 1.0, 1.0, 0.75, 1.0, 1.0, 0.58, 0.79, 0.54, 0.54, 1.0, 1.0, 0.54, 1.0, 1.0, 0.5, 0.58, 1.0, 0.79, 1.0, 0.75, 1.0, 1.0, 0.79, 0.58, 1.0, 0.75, 0.88, 0.46, 0.42, 1.0, 0.58, 0.58, 0.5, 1.0, 1.0, 0.75, 0.5, 0.58, 0.79, 0.75, 0.88, 0.46, 0.58, 0.75, 0.75, 0.58, 0.46, 0.75, 0.54, 0.54, 0.88, 0.58, 1.0, 0.75, 0.58, 0.79, 0.46, 0.75, 0.46, 0.58, 1.0, 1.0, 1.0]",111.05000000000001,[],"[0.01, 0.01, 0.05, 0.1, 0.01, 0.07, 0.0, 0.05, 0.01, 0.03, 0.07, 0.03, 0.03, 0.04, 0.04, 0.03, 0.08, 0.1, 0.09, 0.06, 0.03, 0.0, 0.03, 0.04, 0.07, 0.03, 0.06, 0.04, 0.03, 0.07, 0.06, 0.02, 0.09, 0.04, 0.03, 0.06, 0.04, 0.03, 0.05, 0.01, 0.04, 0.09, 0.0, 0.04, 0.06, 0.07, 0.06, 0.09, 0.03, 0.07, 0.05, 0.06, 0.08, 0.07, 0.06, 0.04, 0.05, 0.06, 0.06, 0.04, 0.04, 0.01, 0.0, 0.09, 0.07, 0.03, 0.07, 0.01, 0.03, 0.09, 0.03, 0.02, 0.05, 0.08, 0.09, 0.06, 0.04, 0.07, 0.05, 0.1, 0.03, 0.07, 0.03, 0.06, 0.05, 0.04, 0.04, 0.01, 0.01, 0.04, 0.01, 0.03, 0.06, 0.03, 0.07, 0.07, 0.04, 0.04, 0.07, 0.03, 0.03, 0.08, 0.06, 0.01, 0.03, 0.0, 0.02, 0.01, 0.0, 0.03, 0.07, 0.04, 0.04, 0.01, 0.09, 0.1, 0.0, 0.06, 0.06, 0.09, 0.01, 0.03, 0.02, 0.09, 0.07, 0.03, 0.02, 0.01, 0.09, 0.06, 0.04, 0.03, 0.06, 0.09, 0.04, 0.07, 0.07, 0.01, 0.06, 0.03, 0.03, 0.06, 0.03, 0.09, 0.02, 0.09, 0.05, 0.0, 0.0, 0.01]",0,
156,Borda,ATVA_4,150,4,"{'A': 249, 'C': 235, 'B': 215, 'D': 201}","[1.0, 0.75, 0.5, 1.0, 0.54, 1.0, 0.88, 1.0, 0.75, 0.67, 0.75, 0.58, 0.5, 0.46, 0.46, 1.0, 1.0, 1.0, 0.54, 1.0, 0.58, 0.58, 1.0, 0.58, 0.88, 0.67, 0.75, 0.42, 0.54, 1.0, 1.0, 1.0, 0.58, 1.0, 0.75, 0.75, 1.0, 0.5, 0.58, 0.75, 1.0, 0.75, 0.88, 0.46, 0.58, 0.58, 0.79, 1.0, 1.0, 0.75, 0.5, 0.79, 0.88, 0.46, 1.0, 0.58, 0.75, 0.79, 0.75, 1.0, 0.46, 1.0, 0.75, 0.58, 0.58, 1.0, 0.75, 1.0, 0.67, 0.75, 1.0, 0.54, 0.54, 1.0, 1.0, 0.5, 0.42, 0.46, 1.0, 0.67, 0.5, 0.58, 1.0, 0.5, 1.0, 0.79, 0.79, 0.88, 0.46, 0.58, 1.0, 0.58, 1.0, 0.46, 0.58, 0.58, 0.67, 1.0, 0.42, 0.79, 1.0, 0.75, 0.79, 0.58, 0.54, 0.54, 0.58, 0.58, 0.88, 0.58, 0.5, 1.0, 0.58, 1.0, 0.75, 1.0, 1.0, 0.88, 0.88, 1.0, 0.5, 0.79, 1.0, 0.79, 0.79, 0.46, 0.42, 1.0, 1.0, 0.58, 1.0, 1.0, 0.58, 1.0, 0.46, 0.46, 0.75, 1.0, 1.0, 0.5, 0.5, 0.46, 0.58, 0.88, 1.0, 1.0, 1.0, 0.75, 0.42, 1.0]",112.49000000000001,[],"[0.01, 0.04, 0.09, 0.0, 0.07, 0.03, 0.01, 0.03, 0.03, 0.05, 0.02, 0.07, 0.09, 0.09, 0.09, 0.03, 0.04, 0.01, 0.07, 0.0, 0.06, 0.05, 0.01, 0.05, 0.01, 0.05, 0.04, 0.1, 0.07, 0.04, 0.04, 0.03, 0.06, 0.01, 0.03, 0.02, 0.03, 0.08, 0.06, 0.04, 0.01, 0.02, 0.01, 0.09, 0.07, 0.06, 0.03, 0.0, 0.03, 0.03, 0.09, 0.03, 0.01, 0.09, 0.03, 0.05, 0.02, 0.03, 0.03, 0.01, 0.09, 0.03, 0.03, 0.05, 0.07, 0.01, 0.04, 0.01, 0.05, 0.04, 0.04, 0.07, 0.07, 0.03, 0.04, 0.09, 0.1, 0.09, 0.01, 0.05, 0.09, 0.07, 0.03, 0.08, 0.03, 0.03, 0.03, 0.01, 0.09, 0.06, 0.04, 0.07, 0.01, 0.09, 0.05, 0.07, 0.05, 0.0, 0.1, 0.03, 0.03, 0.03, 0.03, 0.07, 0.07, 0.07, 0.07, 0.06, 0.01, 0.07, 0.09, 0.04, 0.06, 0.0, 0.02, 0.04, 0.03, 0.01, 0.01, 0.03, 0.08, 0.03, 0.01, 0.03, 0.03, 0.09, 0.1, 0.01, 0.03, 0.06, 0.03, 0.04, 0.06, 0.0, 0.09, 0.09, 0.02, 0.01, 0.0, 0.09, 0.08, 0.09, 0.05, 0.01, 0.01, 0.01, 0.03, 0.02, 0.1, 0.01]",0,
157,Borda,ATVA_4,150,4,"{'A': 248, 'D': 223, 'C': 215, 'B': 214}","[1.0, 0.58, 0.54, 0.75, 0.75, 1.0, 0.75, 0.75, 1.0, 0.54, 0.75, 0.75, 0.58, 0.67, 0.75, 0.5, 0.58, 0.42, 0.88, 0.5, 0.58, 1.0, 0.58, 0.54, 0.46, 0.5, 0.54, 1.0, 0.46, 1.0, 0.79, 0.5, 1.0, 1.0, 1.0, 1.0, 1.0, 0.67, 1.0, 1.0, 0.5, 0.75, 1.0, 1.0, 0.75, 0.54, 0.58, 0.67, 1.0, 0.58, 1.0, 0.75, 1.0, 0.58, 0.67, 0.58, 0.58, 0.75, 1.0, 0.75, 0.58, 1.0, 1.0, 0.58, 1.0, 1.0, 1.0, 1.0, 0.5, 0.75, 0.79, 1.0, 0.58, 0.5, 0.58, 0.5, 0.46, 1.0, 1.0, 0.54, 0.67, 0.88, 0.75, 1.0, 0.54, 1.0, 0.58, 0.54, 0.5, 0.75, 0.75, 0.58, 0.54, 1.0, 0.75, 0.75, 1.0, 0.58, 0.42, 1.0, 0.67, 0.5, 0.58, 0.46, 0.5, 1.0, 0.58, 0.5, 1.0, 0.58, 0.5, 0.5, 1.0, 1.0, 0.75, 0.75, 1.0, 0.54, 0.54, 0.5, 0.75, 0.67, 1.0, 0.58, 0.58, 1.0, 1.0, 0.58, 0.58, 0.42, 0.58, 1.0, 0.79, 0.5, 0.54, 1.0, 0.54, 0.75, 0.54, 0.46, 1.0, 0.75, 1.0, 0.58, 0.79, 0.75, 0.58, 1.0, 1.0, 1.0]",110.39,"[7, 14, 16, 18, 20, 24, 25, 26, 27, 29, 32, 38, 41, 46, 48, 55, 60, 69, 77, 80, 81, 83, 89, 93, 96, 99, 101, 104, 105, 111, 118, 119, 121, 122, 130, 134, 137, 140]","[0.0, 0.06, 0.07, 0.03, 0.03, 0.01, 0.02, 0.03, 0.01, 0.07, 0.03, 0.03, 0.07, 0.05, 0.04, 0.09, 0.06, 0.1, 0.01, 0.09, 0.07, 0.01, 0.06, 0.07, 0.09, 0.09, 0.07, 0.03, 0.09, 0.01, 0.03, 0.09, 0.0, 0.01, 0.03, 0.01, 0.04, 0.05, 0.0, 0.04, 0.09, 0.04, 0.01, 0.03, 0.04, 0.07, 0.06, 0.05, 0.04, 0.06, 0.03, 0.04, 0.04, 0.05, 0.05, 0.05, 0.06, 0.03, 0.01, 0.02, 0.06, 0.0, 0.01, 0.05, 0.04, 0.01, 0.0, 0.03, 0.09, 0.03, 0.03, 0.0, 0.07, 0.08, 0.06, 0.08, 0.09, 0.03, 0.03, 0.07, 0.05, 0.01, 0.02, 0.03, 0.07, 0.01, 0.07, 0.07, 0.09, 0.04, 0.03, 0.07, 0.07, 0.01, 0.03, 0.02, 0.01, 0.07, 0.1, 0.01, 0.05, 0.08, 0.07, 0.09, 0.09, 0.0, 0.07, 0.08, 0.04, 0.07, 0.09, 0.08, 0.01, 0.03, 0.04, 0.04, 0.01, 0.07, 0.07, 0.08, 0.02, 0.05, 0.03, 0.06, 0.05, 0.01, 0.01, 0.06, 0.06, 0.1, 0.07, 0.03, 0.03, 0.09, 0.07, 0.03, 0.07, 0.03, 0.07, 0.09, 0.03, 0.04, 0.04, 0.06, 0.03, 0.03, 0.06, 0.04, 0.03, 0.0]",0.13,
158,Borda,ATVA_4,150,4,"{'A': 258, 'B': 220, 'C': 211, 'D': 211}","[0.58, 0.58, 0.5, 0.88, 1.0, 1.0, 1.0, 1.0, 0.5, 0.58, 0.58, 0.75, 1.0, 0.75, 1.0, 0.58, 0.58, 0.58, 0.54, 1.0, 0.5, 0.46, 0.58, 1.0, 0.75, 0.5, 0.58, 0.58, 0.58, 1.0, 0.75, 0.46, 1.0, 0.67, 1.0, 0.5, 0.58, 1.0, 0.58, 0.5, 1.0, 0.88, 0.79, 1.0, 1.0, 0.46, 0.75, 0.75, 0.58, 0.42, 0.58, 1.0, 0.79, 0.46, 0.67, 0.88, 0.5, 1.0, 0.58, 0.46, 0.54, 0.5, 1.0, 0.79, 0.58, 1.0, 1.0, 1.0, 0.88, 1.0, 1.0, 1.0, 1.0, 0.75, 0.54, 1.0, 1.0, 0.67, 1.0, 0.5, 0.46, 1.0, 0.88, 0.46, 0.67, 0.54, 1.0, 0.75, 0.75, 0.75, 1.0, 0.75, 0.42, 0.79, 1.0, 0.75, 1.0, 1.0, 1.0, 1.0, 0.75, 1.0, 1.0, 0.75, 0.75, 0.42, 0.75, 0.67, 0.54, 0.58, 1.0, 0.42, 0.75, 1.0, 0.46, 1.0, 0.58, 0.58, 0.58, 0.42, 0.58, 0.79, 0.79, 0.75, 0.58, 1.0, 1.0, 1.0, 0.5, 1.0, 1.0, 0.46, 0.5, 0.75, 0.58, 0.58, 1.0, 0.46, 0.46, 0.5, 0.54, 1.0, 0.58, 0.58, 0.58, 0.42, 1.0, 1.0, 1.0, 0.75]",111.55,"[9, 12, 14, 19, 22, 31, 32, 34, 36, 46, 47, 48, 50, 55, 60, 62, 74, 78, 81, 84, 85, 89, 90, 93, 106, 107, 108, 112, 115, 120, 132, 134, 138, 140, 146, 150]","[0.07, 0.07, 0.08, 0.01, 0.03, 0.01, 0.03, 0.01, 0.09, 0.05, 0.07, 0.02, 0.01, 0.02, 0.03, 0.06, 0.06, 0.06, 0.07, 0.03, 0.08, 0.09, 0.06, 0.01, 0.03, 0.08, 0.06, 0.07, 0.07, 0.04, 0.02, 0.09, 0.01, 0.05, 0.01, 0.09, 0.06, 0.01, 0.06, 0.08, 0.03, 0.01, 0.03, 0.03, 0.01, 0.09, 0.02, 0.02, 0.05, 0.1, 0.06, 0.03, 0.03, 0.09, 0.05, 0.01, 0.08, 0.03, 0.07, 0.09, 0.07, 0.09, 0.04, 0.03, 0.05, 0.01, 0.0, 0.01, 0.01, 0.04, 0.01, 0.0, 0.03, 0.02, 0.07, 0.03, 0.01, 0.05, 0.01, 0.08, 0.09, 0.0, 0.01, 0.09, 0.05, 0.07, 0.0, 0.04, 0.02, 0.02, 0.0, 0.04, 0.1, 0.03, 0.03, 0.03, 0.01, 0.01, 0.04, 0.01, 0.03, 0.03, 0.04, 0.04, 0.03, 0.1, 0.02, 0.05, 0.07, 0.05, 0.01, 0.1, 0.03, 0.04, 0.09, 0.03, 0.07, 0.07, 0.05, 0.1, 0.07, 0.03, 0.03, 0.03, 0.05, 0.04, 0.03, 0.01, 0.08, 0.01, 0.04, 0.09, 0.08, 0.02, 0.05, 0.07, 0.0, 0.09, 0.09, 0.09, 0.07, 0.04, 0.06, 0.07, 0.05, 0.1, 0.03, 0.03, 0.0, 0.02]",0.13,
159,Borda,ATVA_4,150,4,"{'A': 239, 'B': 229, 'C': 218, 'D': 214}","[0.5, 0.46, 0.42, 0.67, 1.0, 1.0, 0.75, 1.0, 0.75, 1.0, 0.88, 1.0, 0.79, 0.54, 0.46, 1.0, 1.0, 0.54, 0.79, 0.58, 0.54, 1.0, 0.54, 0.75, 0.75, 0.75, 0.88, 0.75, 0.46, 0.46, 0.46, 0.58, 0.75, 0.88, 0.75, 1.0, 0.75, 1.0, 0.5, 0.5, 0.58, 0.88, 0.58, 1.0, 0.58, 0.88, 0.46, 0.75, 0.46, 0.88, 0.67, 0.58, 0.5, 0.75, 1.0, 0.67, 0.58, 0.54, 0.58, 0.5, 0.75, 0.75, 0.67, 0.46, 0.75, 0.79, 0.42, 0.67, 0.67, 0.42, 0.5, 0.79, 0.67, 0.5, 0.58, 0.46, 1.0, 0.54, 0.54, 0.88, 0.58, 0.75, 1.0, 1.0, 1.0, 0.75, 0.88, 0.46, 0.75, 0.58, 0.54, 1.0, 0.58, 0.54, 1.0, 0.67, 0.75, 0.5, 0.67, 0.46, 1.0, 0.58, 1.0, 1.0, 0.46, 0.79, 0.58, 0.54, 1.0, 0.58, 0.46, 0.58, 0.58, 0.58, 0.54, 0.46, 1.0, 0.58, 1.0, 1.0, 0.75, 0.58, 0.88, 1.0, 0.75, 0.54, 1.0, 1.0, 1.0, 1.0, 0.67, 0.75, 0.88, 0.79, 1.0, 0.5, 1.0, 0.75, 0.58, 0.79, 0.46, 1.0, 1.0, 0.58, 0.67, 1.0, 0.79, 1.0, 0.58, 1.0]",108.47,[],"[0.09, 0.09, 0.1, 0.05, 0.03, 0.01, 0.03, 0.0, 0.03, 0.0, 0.01, 0.03, 0.03, 0.07, 0.09, 0.0, 0.03, 0.07, 0.03, 0.07, 0.07, 0.03, 0.07, 0.03, 0.03, 0.03, 0.01, 0.03, 0.09, 0.09, 0.09, 0.06, 0.02, 0.01, 0.04, 0.04, 0.04, 0.03, 0.09, 0.08, 0.07, 0.01, 0.06, 0.03, 0.07, 0.01, 0.09, 0.04, 0.09, 0.01, 0.05, 0.05, 0.09, 0.03, 0.01, 0.05, 0.07, 0.07, 0.07, 0.08, 0.04, 0.02, 0.05, 0.09, 0.03, 0.03, 0.1, 0.05, 0.05, 0.1, 0.08, 0.03, 0.05, 0.08, 0.06, 0.09, 0.03, 0.07, 0.07, 0.01, 0.06, 0.02, 0.0, 0.04, 0.03, 0.04, 0.01, 0.09, 0.02, 0.07, 0.07, 0.01, 0.07, 0.07, 0.03, 0.05, 0.04, 0.09, 0.05, 0.09, 0.03, 0.05, 0.01, 0.03, 0.09, 0.03, 0.05, 0.07, 0.04, 0.07, 0.09, 0.07, 0.05, 0.07, 0.07, 0.09, 0.03, 0.05, 0.01, 0.04, 0.03, 0.06, 0.01, 0.01, 0.02, 0.07, 0.03, 0.0, 0.04, 0.01, 0.05, 0.03, 0.01, 0.03, 0.03, 0.08, 0.04, 0.02, 0.07, 0.03, 0.09, 0.0, 0.03, 0.07, 0.05, 0.01, 0.03, 0.03, 0.05, 0.03]",0,
160,Borda,ATVA_4,150,4,"{'C': 234, 'B': 229, 'D': 221, 'A': 216}","[0.54, 0.75, 0.46, 0.75, 0.88, 0.88, 0.88, 0.58, 0.58, 1.0, 0.75, 0.54, 0.75, 1.0, 1.0, 1.0, 0.54, 0.88, 0.67, 0.75, 0.79, 1.0, 0.88, 0.75, 0.67, 0.67, 0.75, 0.46, 1.0, 0.58, 0.58, 0.46, 0.42, 0.58, 1.0, 0.75, 0.88, 1.0, 0.88, 0.58, 1.0, 1.0, 0.58, 0.58, 0.54, 0.58, 0.75, 0.46, 0.75, 0.79, 0.75, 0.46, 0.58, 0.58, 1.0, 0.58, 1.0, 0.42, 0.46, 0.58, 0.58, 0.54, 0.58, 0.46, 0.58, 0.88, 0.75, 0.67, 1.0, 0.42, 0.58, 0.67, 0.88, 0.58, 1.0, 0.46, 0.46, 0.42, 1.0, 1.0, 0.54, 0.88, 1.0, 1.0, 0.58, 0.54, 0.5, 0.5, 0.75, 0.58, 0.46, 1.0, 0.88, 0.46, 0.79, 0.46, 0.58, 1.0, 1.0, 0.5, 0.67, 0.75, 0.46, 0.75, 1.0, 0.79, 0.58, 1.0, 0.88, 0.75, 1.0, 0.58, 0.46, 0.54, 0.46, 0.58, 0.67, 0.58, 0.79, 1.0, 1.0, 0.54, 1.0, 1.0, 0.54, 0.58, 1.0, 1.0, 0.54, 0.58, 1.0, 0.58, 0.58, 0.67, 0.58, 0.54, 1.0, 1.0, 0.75, 0.58, 0.42, 0.75, 0.54, 0.58, 0.75, 0.67, 0.67, 0.42, 1.0, 1.0]",106.96000000000001,[],"[0.07, 0.04, 0.09, 0.02, 0.01, 0.01, 0.01, 0.06, 0.06, 0.03, 0.02, 0.07, 0.04, 0.0, 0.03, 0.03, 0.07, 0.01, 0.05, 0.04, 0.03, 0.04, 0.01, 0.02, 0.05, 0.05, 0.03, 0.09, 0.01, 0.07, 0.07, 0.09, 0.1, 0.05, 0.01, 0.03, 0.01, 0.04, 0.01, 0.07, 0.03, 0.03, 0.07, 0.05, 0.07, 0.07, 0.04, 0.09, 0.03, 0.03, 0.02, 0.09, 0.05, 0.06, 0.04, 0.07, 0.01, 0.1, 0.09, 0.05, 0.07, 0.07, 0.07, 0.09, 0.05, 0.01, 0.02, 0.05, 0.01, 0.1, 0.06, 0.05, 0.01, 0.05, 0.01, 0.09, 0.09, 0.1, 0.03, 0.04, 0.07, 0.01, 0.03, 0.0, 0.05, 0.07, 0.09, 0.09, 0.04, 0.06, 0.09, 0.03, 0.01, 0.09, 0.03, 0.09, 0.06, 0.03, 0.01, 0.09, 0.05, 0.02, 0.09, 0.02, 0.01, 0.03, 0.07, 0.0, 0.01, 0.02, 0.0, 0.06, 0.09, 0.07, 0.09, 0.05, 0.05, 0.05, 0.03, 0.01, 0.03, 0.07, 0.04, 0.03, 0.07, 0.05, 0.03, 0.03, 0.07, 0.06, 0.01, 0.05, 0.07, 0.05, 0.07, 0.07, 0.04, 0.03, 0.03, 0.07, 0.1, 0.03, 0.07, 0.06, 0.03, 0.05, 0.05, 0.1, 0.04, 0.03]",0,
