vote_id,voter_id,honest_vote,hapiness_score,strategy,strategic_vote,new_outcome,new_hapiness_score,new_overall_hapiness
3,5,"['D', 'C', 'B', 'A']",0.42,compromising,"['C', 'D', 'B', 'A']","{'A': 2, 'C': 2, 'B': 1, 'D': 0}","[0.46, 1.0, 0.58, 1.0, 0.5]",3.54
6,5,"['B', 'D', 'C', 'A']",0.46,compromising,"['C', 'B', 'D', 'A']","{'C': 3, 'A': 2, 'B': 0, 'D': 0}","[0.75, 1.0, 1.0, 0.67, 0.5]",3.92
7,1,"['D', 'A', 'C', 'B']",0.79,bullet,['D'],"{'D': 2, 'C': 2, 'A': 1}","[1.0, 0.25, 0.25, 1.0, 0.25]",2.75
7,1,"['D', 'A', 'C', 'B']",0.79,bullet,['D'],"{'D': 2, 'C': 2, 'A': 1}","[1.0, 0.25, 0.25, 1.0, 0.25]",2.75
7,1,"['D', 'A', 'C', 'B']",0.79,bullet,['D'],"{'D': 2, 'C': 2, 'A': 1}","[1.0, 0.25, 0.25, 1.0, 0.25]",2.75
7,1,"['D', 'A', 'C', 'B']",0.79,bullet,['D'],"{'D': 2, 'C': 2, 'A': 1}","[1.0, 0.25, 0.25, 1.0, 0.25]",2.75
8,3,"['D', 'A', 'C', 'B']",0.5,compromising,"['A', 'D', 'C', 'B']","{'A': 2, 'B': 2, 'C': 1, 'D': 0}","[0.58, 0.88, 0.54, 0.67, 1.0]",3.67
9,5,"['B', 'D', 'A', 'C']",0.67,compromising,"['D', 'B', 'A', 'C']","{'A': 4, 'D': 1, 'B': 0, 'C': 0}","[1.0, 1.0, 1.0, 1.0, 0.75]",4.75
18,"[1, 5]","[['C', 'D', 'A', 'B'], ['D', 'C', 'A', 'B']]","[0.46, 0.42]","['compromising', 'compromising']","[['A', 'C', 'D', 'B'], ['A', 'D', 'C', 'B']]","{'A': 3, 'B': 2, 'C': 0, 'D': 0}","[0.5, 1.0, 0.67, 0.79, 0.46]",3.42
18,"[1, 5]","[['C', 'D', 'A', 'B'], ['D', 'C', 'A', 'B']]","[0.46, 0.42]","['burying', 'burying']","[['C', 'D', 'A', 'B'], ['C', 'A', 'B', 'D']]","{'B': 2, 'C': 2, 'A': 1, 'D': 0}","[0.58, 0.46, 1.0, 1.0, 0.5]",3.54
18,"[2, 5]","[['A', 'D', 'C', 'B'], ['D', 'C', 'A', 'B']]","[0.58, 0.42]","['burying', 'compromising']","[['A', 'D', 'C', 'B'], ['A', 'D', 'C', 'B']]","{'A': 2, 'B': 2, 'C': 1, 'D': 0}","[0.5, 1.0, 0.67, 0.79, 0.46]",3.42
20,1,"['A', 'B', 'D', 'C']",0.58,compromising,"['D', 'A', 'C', 'B']","{'C': 3, 'A': 1, 'D': 1, 'B': 0}","[0.79, 1.0, 1.0, 0.58, 1.0]",4.37
20,1,"['A', 'B', 'D', 'C']",0.58,compromising,"['C', 'A', 'D', 'B']","{'C': 4, 'A': 1, 'B': 0, 'D': 0}","[0.67, 1.0, 1.0, 0.58, 1.0]",4.25
20,1,"['A', 'B', 'D', 'C']",0.58,compromising,"['B', 'A', 'D', 'C']","{'C': 3, 'A': 1, 'B': 1, 'D': 0}","[0.67, 1.0, 1.0, 0.58, 1.0]",4.25
23,1,"['B', 'A', 'D', 'C']",0.75,compromising,"['A', 'B', 'C', 'D']","{'A': 3, 'B': 1, 'C': 1, 'D': 0}","[0.79, 0.75, 0.88, 1.0, 1.0]",4.42
23,1,"['B', 'A', 'D', 'C']",0.75,compromising,"['D', 'B', 'C', 'A']","{'A': 2, 'B': 1, 'C': 1, 'D': 1}","[0.79, 0.75, 0.88, 1.0, 1.0]",4.42
23,3,"['B', 'C', 'D', 'A']",0.58,compromising,"['A', 'B', 'C', 'D']","{'A': 3, 'B': 1, 'C': 1, 'D': 0}","[0.79, 0.75, 0.88, 1.0, 1.0]",4.42
23,3,"['B', 'C', 'D', 'A']",0.58,compromising,"['C', 'B', 'A', 'D']","{'A': 2, 'C': 2, 'B': 1, 'D': 0}","[0.75, 0.88, 0.75, 1.0, 1.0]",4.38
23,3,"['B', 'C', 'D', 'A']",0.58,compromising,"['D', 'B', 'A', 'C']","{'A': 2, 'B': 1, 'C': 1, 'D': 1}","[0.79, 0.75, 0.88, 1.0, 1.0]",4.42
24,5,"['B', 'A', 'C', 'D']",0.58,compromising,"['C', 'B', 'D', 'A']","{'D': 3, 'B': 1, 'C': 1, 'A': 0}","[1.0, 1.0, 1.0, 0.58, 0.79]",4.37
24,5,"['B', 'A', 'C', 'D']",0.58,compromising,"['D', 'B', 'C', 'A']","{'D': 4, 'B': 1, 'A': 0, 'C': 0}","[1.0, 1.0, 1.0, 0.58, 0.67]",4.25
28,5,"['D', 'C', 'A', 'B']",0.46,compromising,"['A', 'D', 'B', 'C']","{'A': 3, 'B': 1, 'C': 1, 'D': 0}","[0.58, 1.0, 1.0, 0.46, 0.58]",3.62
28,5,"['D', 'C', 'A', 'B']",0.46,compromising,"['B', 'D', 'A', 'C']","{'A': 2, 'B': 2, 'C': 1, 'D': 0}","[0.58, 1.0, 1.0, 0.46, 0.58]",3.62
28,5,"['D', 'C', 'A', 'B']",0.46,compromising,"['C', 'D', 'A', 'B']","{'A': 2, 'C': 2, 'B': 1, 'D': 0}","[0.46, 1.0, 1.0, 0.58, 0.54]",3.58
29,4,"['D', 'A', 'B', 'C']",0.5,compromising,"['B', 'D', 'C', 'A']","{'B': 4, 'C': 1, 'A': 0, 'D': 0}","[1.0, 0.88, 1.0, 0.58, 1.0]",4.46
29,4,"['D', 'A', 'B', 'C']",0.5,compromising,"['C', 'D', 'B', 'A']","{'B': 3, 'C': 2, 'A': 0, 'D': 0}","[1.0, 0.88, 1.0, 0.58, 1.0]",4.46
29,4,"['D', 'A', 'B', 'C']",0.5,compromising,"['A', 'D', 'B', 'C']","{'B': 3, 'A': 1, 'C': 1, 'D': 0}","[1.0, 0.75, 1.0, 0.54, 1.0]",4.29
30,[1],"[['A', 'C', 'D', 'B']]","[0.54, 1.0, 0.58, 0.67, 1.0]",['compromising'],"[['C', 'A', 'D', 'B']]","{'C': 3, 'B': 2, 'A': 0, 'D': 0}","[0.58, 0.75, 1.0, 1.0, 0.75]",4.08
31,[],[],"[0.58, 0.67, 1.0, 1.0, 1.0]",[],[],"{'D': 3, 'B': 1, 'C': 1, 'A': 0}","[0.58, 0.67, 1.0, 1.0, 1.0]",4.25
32,[],[],"[0.58, 1.0, 1.0, 1.0, 0.58]",[],[],"{'C': 3, 'A': 2, 'B': 0, 'D': 0}","[0.58, 1.0, 1.0, 1.0, 0.58]",4.16
33,[],[],"[0.75, 1.0, 1.0, 0.58, 1.0]",[],[],"{'D': 3, 'A': 1, 'B': 1, 'C': 0}","[0.75, 1.0, 1.0, 0.58, 1.0]",4.33
34,[],[],"[1.0, 0.67, 1.0, 1.0, 1.0]",[],[],"{'A': 4, 'C': 1, 'B': 0, 'D': 0}","[1.0, 0.67, 1.0, 1.0, 1.0]",4.67
35,[],[],"[0.75, 1.0, 1.0, 1.0, 0.88]",[],[],"{'B': 3, 'A': 1, 'D': 1, 'C': 0}","[0.75, 1.0, 1.0, 1.0, 0.88]",4.63
36,[],[],"[1.0, 0.75, 1.0, 0.75, 1.0]",[],[],"{'B': 3, 'A': 1, 'C': 1, 'D': 0}","[1.0, 0.75, 1.0, 0.75, 1.0]",4.5
37,[],[],"[1.0, 1.0, 1.0, 1.0, 1.0]",[],[],"{'C': 5, 'A': 0, 'B': 0, 'D': 0}","[1.0, 1.0, 1.0, 1.0, 1.0]",5.0
38,[2],"[['D', 'B', 'C', 'A']]","[1.0, 0.46, 1.0, 0.58, 1.0]",['compromising'],"[['B', 'D', 'C', 'A']]","{'A': 3, 'B': 1, 'C': 1, 'D': 0}","[1.0, 0.5, 1.0, 0.46, 1.0]",3.96
39,[2],"[['C', 'D', 'B', 'A']]","[1.0, 0.46, 0.58, 1.0, 0.67]",['compromising'],"[['B', 'C', 'D', 'A']]","{'B': 3, 'A': 2, 'C': 0, 'D': 0}","[0.88, 0.5, 1.0, 0.58, 1.0]",3.96
40,2,"['A', 'B', 'D', 'C']",0.75,compromising,"['D', 'A', 'B', 'C']","{'B': 4, 'A': 3, 'D': 2, 'C': 1}","[1.0, 0.88, 0.88, 0.75, 0.58]",4.09
40,3,"['A', 'B', 'D', 'C']",0.75,compromising,"['D', 'A', 'B', 'C']","{'B': 4, 'A': 3, 'D': 2, 'C': 1}","[1.0, 0.88, 0.88, 0.75, 0.58]",4.09
41,2,"['B', 'C', 'D', 'A']",0.46,compromising,"['D', 'B', 'C', 'A']","{'D': 4, 'A': 3, 'B': 2, 'C': 1}","[0.75, 0.5, 0.79, 0.58, 1.0]",3.62
41,5,"['D', 'A', 'C', 'B']",0.75,compromising,"['C', 'D', 'A', 'B']","{'C': 3, 'D': 3, 'A': 2, 'B': 2}","[0.75, 0.58, 0.46, 1.0, 0.79]",3.58
41,5,"['D', 'A', 'C', 'B']",0.75,bullet,['D'],"{'D': 3, 'A': 2, 'B': 2, 'C': 2}","[0.75, 0.5, 0.79, 0.58, 1.0]",3.62
41,5,"['D', 'A', 'C', 'B']",0.75,bullet,['D'],"{'D': 3, 'A': 2, 'B': 2, 'C': 2}","[0.75, 0.5, 0.79, 0.58, 1.0]",3.62
41,5,"['D', 'A', 'C', 'B']",0.75,bullet,['D'],"{'D': 3, 'A': 2, 'B': 2, 'C': 2}","[0.75, 0.5, 0.79, 0.58, 1.0]",3.62
41,5,"['D', 'A', 'C', 'B']",0.75,bullet,['D'],"{'D': 3, 'A': 2, 'B': 2, 'C': 2}","[0.75, 0.5, 0.79, 0.58, 1.0]",3.62
42,1,"['C', 'D', 'B', 'A']",0.5,bullet,['C'],"{'A': 3, 'C': 2, 'D': 2, 'B': 2}","[0.58, 1.0, 0.58, 0.5, 0.75]",3.41
42,1,"['C', 'D', 'B', 'A']",0.5,bullet,['C'],"{'A': 3, 'C': 2, 'D': 2, 'B': 2}","[0.58, 1.0, 0.58, 0.5, 0.75]",3.41
42,1,"['C', 'D', 'B', 'A']",0.5,bullet,['C'],"{'A': 3, 'C': 2, 'D': 2, 'B': 2}","[0.58, 1.0, 0.58, 0.5, 0.75]",3.41
42,1,"['C', 'D', 'B', 'A']",0.5,bullet,['C'],"{'A': 3, 'C': 2, 'D': 2, 'B': 2}","[0.58, 1.0, 0.58, 0.5, 0.75]",3.41
42,4,"['B', 'C', 'D', 'A']",0.46,compromising,"['D', 'B', 'C', 'A']","{'D': 4, 'A': 3, 'B': 2, 'C': 1}","[0.54, 0.75, 0.54, 0.5, 1.0]",3.33
42,5,"['D', 'A', 'C', 'B']",0.75,compromising,"['C', 'D', 'A', 'B']","{'C': 3, 'D': 3, 'A': 2, 'B': 2}","[1.0, 0.75, 0.46, 0.58, 0.79]",3.58
42,5,"['D', 'A', 'C', 'B']",0.75,bullet,['D'],"{'D': 3, 'A': 2, 'B': 2, 'C': 2}","[0.54, 0.75, 0.54, 0.5, 1.0]",3.33
42,5,"['D', 'A', 'C', 'B']",0.75,bullet,['D'],"{'D': 3, 'A': 2, 'B': 2, 'C': 2}","[0.54, 0.75, 0.54, 0.5, 1.0]",3.33
42,5,"['D', 'A', 'C', 'B']",0.75,bullet,['D'],"{'D': 3, 'A': 2, 'B': 2, 'C': 2}","[0.54, 0.75, 0.54, 0.5, 1.0]",3.33
42,5,"['D', 'A', 'C', 'B']",0.75,bullet,['D'],"{'D': 3, 'A': 2, 'B': 2, 'C': 2}","[0.54, 0.75, 0.54, 0.5, 1.0]",3.33
45,1,"['A', 'C', 'D', 'B']",0.75,bullet,['A'],"{'D': 3, 'A': 2, 'C': 2, 'B': 2}","[0.79, 0.58, 0.5, 1.0, 1.0]",3.87
45,1,"['A', 'C', 'D', 'B']",0.75,bullet,['A'],"{'D': 3, 'A': 2, 'C': 2, 'B': 2}","[0.79, 0.58, 0.5, 1.0, 1.0]",3.87
45,1,"['A', 'C', 'D', 'B']",0.75,bullet,['A'],"{'D': 3, 'A': 2, 'C': 2, 'B': 2}","[0.79, 0.58, 0.5, 1.0, 1.0]",3.87
45,1,"['A', 'C', 'D', 'B']",0.75,bullet,['A'],"{'D': 3, 'A': 2, 'C': 2, 'B': 2}","[0.79, 0.58, 0.5, 1.0, 1.0]",3.87
45,3,"['B', 'A', 'C', 'D']",0.46,compromising,"['C', 'B', 'A', 'D']","{'C': 4, 'D': 3, 'B': 2, 'A': 1}","[0.58, 1.0, 0.5, 0.75, 0.58]",3.41
45,3,"['B', 'A', 'C', 'D']",0.46,bullet,['B'],"{'C': 3, 'D': 3, 'B': 2, 'A': 1}","[0.58, 1.0, 0.5, 0.75, 0.58]",3.41
45,3,"['B', 'A', 'C', 'D']",0.46,bullet,['B'],"{'C': 3, 'D': 3, 'B': 2, 'A': 1}","[0.58, 1.0, 0.5, 0.75, 0.58]",3.41
45,3,"['B', 'A', 'C', 'D']",0.46,bullet,['B'],"{'C': 3, 'D': 3, 'B': 2, 'A': 1}","[0.58, 1.0, 0.5, 0.75, 0.58]",3.41
45,3,"['B', 'A', 'C', 'D']",0.46,bullet,['B'],"{'C': 3, 'D': 3, 'B': 2, 'A': 1}","[0.58, 1.0, 0.5, 0.75, 0.58]",3.41
45,4,"['D', 'C', 'A', 'B']",0.88,bullet,['D'],"{'D': 3, 'A': 2, 'B': 2, 'C': 2}","[0.67, 0.54, 0.54, 1.0, 1.0]",3.75
45,4,"['D', 'C', 'A', 'B']",0.88,bullet,['D'],"{'D': 3, 'A': 2, 'B': 2, 'C': 2}","[0.67, 0.54, 0.54, 1.0, 1.0]",3.75
45,4,"['D', 'C', 'A', 'B']",0.88,bullet,['D'],"{'D': 3, 'A': 2, 'B': 2, 'C': 2}","[0.67, 0.54, 0.54, 1.0, 1.0]",3.75
45,4,"['D', 'C', 'A', 'B']",0.88,bullet,['D'],"{'D': 3, 'A': 2, 'B': 2, 'C': 2}","[0.67, 0.54, 0.54, 1.0, 1.0]",3.75
46,1,"['C', 'A', 'D', 'B']",0.58,bullet,['C'],"{'C': 3, 'B': 3, 'D': 2, 'A': 1}","[1.0, 0.58, 0.58, 0.58, 0.88]",3.62
46,1,"['C', 'A', 'D', 'B']",0.58,bullet,['C'],"{'C': 3, 'B': 3, 'D': 2, 'A': 1}","[1.0, 0.58, 0.58, 0.58, 0.88]",3.62
46,1,"['C', 'A', 'D', 'B']",0.58,bullet,['C'],"{'C': 3, 'B': 3, 'D': 2, 'A': 1}","[1.0, 0.58, 0.58, 0.58, 0.88]",3.62
46,1,"['C', 'A', 'D', 'B']",0.58,bullet,['C'],"{'C': 3, 'B': 3, 'D': 2, 'A': 1}","[1.0, 0.58, 0.58, 0.58, 0.88]",3.62
46,4,"['A', 'B', 'C', 'D']",0.75,compromising,"['C', 'A', 'B', 'D']","{'C': 4, 'A': 2, 'B': 2, 'D': 2}","[1.0, 0.58, 0.46, 0.79, 0.58]",3.41
46,4,"['A', 'B', 'C', 'D']",0.75,bullet,['A'],"{'C': 3, 'A': 2, 'B': 2, 'D': 2}","[1.0, 0.58, 0.46, 0.79, 0.58]",3.41
46,4,"['A', 'B', 'C', 'D']",0.75,bullet,['A'],"{'C': 3, 'A': 2, 'B': 2, 'D': 2}","[1.0, 0.58, 0.46, 0.79, 0.58]",3.41
46,4,"['A', 'B', 'C', 'D']",0.75,bullet,['A'],"{'C': 3, 'A': 2, 'B': 2, 'D': 2}","[1.0, 0.58, 0.46, 0.79, 0.58]",3.41
46,4,"['A', 'B', 'C', 'D']",0.75,bullet,['A'],"{'C': 3, 'A': 2, 'B': 2, 'D': 2}","[1.0, 0.58, 0.46, 0.79, 0.58]",3.41
47,1,"['C', 'D', 'B', 'A']",0.5,bullet,['C'],"{'A': 3, 'C': 2, 'D': 2, 'B': 2}","[0.58, 1.0, 0.46, 1.0, 0.75]",3.79
47,1,"['C', 'D', 'B', 'A']",0.5,bullet,['C'],"{'A': 3, 'C': 2, 'D': 2, 'B': 2}","[0.58, 1.0, 0.46, 1.0, 0.75]",3.79
47,1,"['C', 'D', 'B', 'A']",0.5,bullet,['C'],"{'A': 3, 'C': 2, 'D': 2, 'B': 2}","[0.58, 1.0, 0.46, 1.0, 0.75]",3.79
47,1,"['C', 'D', 'B', 'A']",0.5,bullet,['C'],"{'A': 3, 'C': 2, 'D': 2, 'B': 2}","[0.58, 1.0, 0.46, 1.0, 0.75]",3.79
48,1,"['D', 'C', 'B', 'A']",0.67,bullet,['D'],"{'D': 3, 'B': 3, 'A': 2, 'C': 1}","[1.0, 1.0, 1.0, 0.75, 0.75]",4.5
48,1,"['D', 'C', 'B', 'A']",0.67,bullet,['D'],"{'D': 3, 'B': 3, 'A': 2, 'C': 1}","[1.0, 1.0, 1.0, 0.75, 0.75]",4.5
48,1,"['D', 'C', 'B', 'A']",0.67,bullet,['D'],"{'D': 3, 'B': 3, 'A': 2, 'C': 1}","[1.0, 1.0, 1.0, 0.75, 0.75]",4.5
48,1,"['D', 'C', 'B', 'A']",0.67,bullet,['D'],"{'D': 3, 'B': 3, 'A': 2, 'C': 1}","[1.0, 1.0, 1.0, 0.75, 0.75]",4.5
48,2,"['D', 'B', 'C', 'A']",0.75,bullet,['D'],"{'D': 3, 'A': 2, 'B': 2, 'C': 2}","[1.0, 1.0, 1.0, 0.79, 0.79]",4.58
48,2,"['D', 'B', 'C', 'A']",0.75,bullet,['D'],"{'D': 3, 'A': 2, 'B': 2, 'C': 2}","[1.0, 1.0, 1.0, 0.79, 0.79]",4.58
48,2,"['D', 'B', 'C', 'A']",0.75,bullet,['D'],"{'D': 3, 'A': 2, 'B': 2, 'C': 2}","[1.0, 1.0, 1.0, 0.79, 0.79]",4.58
48,2,"['D', 'B', 'C', 'A']",0.75,bullet,['D'],"{'D': 3, 'A': 2, 'B': 2, 'C': 2}","[1.0, 1.0, 1.0, 0.79, 0.79]",4.58
48,4,"['A', 'B', 'D', 'C']",0.75,compromising,"['D', 'A', 'B', 'C']","{'D': 4, 'A': 2, 'B': 2, 'C': 2}","[1.0, 1.0, 1.0, 0.79, 0.79]",4.58
48,4,"['A', 'B', 'D', 'C']",0.75,bullet,['A'],"{'D': 3, 'A': 2, 'B': 2, 'C': 2}","[1.0, 1.0, 1.0, 0.79, 0.79]",4.58
48,4,"['A', 'B', 'D', 'C']",0.75,bullet,['A'],"{'D': 3, 'A': 2, 'B': 2, 'C': 2}","[1.0, 1.0, 1.0, 0.79, 0.79]",4.58
48,4,"['A', 'B', 'D', 'C']",0.75,bullet,['A'],"{'D': 3, 'A': 2, 'B': 2, 'C': 2}","[1.0, 1.0, 1.0, 0.79, 0.79]",4.58
48,4,"['A', 'B', 'D', 'C']",0.75,bullet,['A'],"{'D': 3, 'A': 2, 'B': 2, 'C': 2}","[1.0, 1.0, 1.0, 0.79, 0.79]",4.58
48,5,"['A', 'B', 'D', 'C']",0.75,compromising,"['D', 'A', 'B', 'C']","{'D': 4, 'A': 2, 'B': 2, 'C': 2}","[1.0, 1.0, 1.0, 0.79, 0.79]",4.58
48,5,"['A', 'B', 'D', 'C']",0.75,bullet,['A'],"{'D': 3, 'A': 2, 'B': 2, 'C': 2}","[1.0, 1.0, 1.0, 0.79, 0.79]",4.58
48,5,"['A', 'B', 'D', 'C']",0.75,bullet,['A'],"{'D': 3, 'A': 2, 'B': 2, 'C': 2}","[1.0, 1.0, 1.0, 0.79, 0.79]",4.58
48,5,"['A', 'B', 'D', 'C']",0.75,bullet,['A'],"{'D': 3, 'A': 2, 'B': 2, 'C': 2}","[1.0, 1.0, 1.0, 0.79, 0.79]",4.58
48,5,"['A', 'B', 'D', 'C']",0.75,bullet,['A'],"{'D': 3, 'A': 2, 'B': 2, 'C': 2}","[1.0, 1.0, 1.0, 0.79, 0.79]",4.58
49,2,"['A', 'B', 'D', 'C']",0.75,compromising,"['D', 'A', 'B', 'C']","{'A': 3, 'B': 3, 'C': 2, 'D': 2}","[0.79, 1.0, 1.0, 0.58, 1.0]",4.37
49,2,"['A', 'B', 'D', 'C']",0.75,compromising,"['C', 'A', 'B', 'D']","{'A': 3, 'B': 3, 'C': 3, 'D': 1}","[0.79, 1.0, 1.0, 0.58, 1.0]",4.37
49,2,"['A', 'B', 'D', 'C']",0.75,bullet,['A'],"{'A': 3, 'B': 3, 'C': 2, 'D': 1}","[0.79, 1.0, 1.0, 0.58, 1.0]",4.37
49,2,"['A', 'B', 'D', 'C']",0.75,bullet,['A'],"{'A': 3, 'B': 3, 'C': 2, 'D': 1}","[0.79, 1.0, 1.0, 0.58, 1.0]",4.37
49,2,"['A', 'B', 'D', 'C']",0.75,bullet,['A'],"{'A': 3, 'B': 3, 'C': 2, 'D': 1}","[0.79, 1.0, 1.0, 0.58, 1.0]",4.37
49,2,"['A', 'B', 'D', 'C']",0.75,bullet,['A'],"{'A': 3, 'B': 3, 'C': 2, 'D': 1}","[0.79, 1.0, 1.0, 0.58, 1.0]",4.37
49,3,"['A', 'B', 'C', 'D']",0.88,compromising,"['C', 'A', 'B', 'D']","{'A': 3, 'B': 3, 'C': 3, 'D': 1}","[0.79, 1.0, 1.0, 0.58, 1.0]",4.37
49,3,"['A', 'B', 'C', 'D']",0.88,compromising,"['D', 'A', 'B', 'C']","{'A': 3, 'B': 3, 'C': 2, 'D': 2}","[0.79, 1.0, 1.0, 0.58, 1.0]",4.37
49,3,"['A', 'B', 'C', 'D']",0.88,bullet,['A'],"{'A': 3, 'B': 3, 'C': 2, 'D': 1}","[0.79, 1.0, 1.0, 0.58, 1.0]",4.37
49,3,"['A', 'B', 'C', 'D']",0.88,bullet,['A'],"{'A': 3, 'B': 3, 'C': 2, 'D': 1}","[0.79, 1.0, 1.0, 0.58, 1.0]",4.37
49,3,"['A', 'B', 'C', 'D']",0.88,bullet,['A'],"{'A': 3, 'B': 3, 'C': 2, 'D': 1}","[0.79, 1.0, 1.0, 0.58, 1.0]",4.37
49,3,"['A', 'B', 'C', 'D']",0.88,bullet,['A'],"{'A': 3, 'B': 3, 'C': 2, 'D': 1}","[0.79, 1.0, 1.0, 0.58, 1.0]",4.37
50,"[2, 4]","[['D', 'B', 'A', 'C'], ['A', 'B', 'D', 'C']]","[0.88, 0.75]","['compromising', 'burying']","[['A', 'D', 'B', 'C'], ['A', 'D', 'C', 'B']]","{'D': 4, 'A': 3, 'B': 2, 'C': 1}","[0.58, 1.0, 1.0, 0.79, 0.58]",3.95
50,"[3, 4]","[['D', 'C', 'B', 'A'], ['A', 'B', 'D', 'C']]","[0.67, 0.75]","['compromising', 'burying']","[['A', 'D', 'C', 'B'], ['A', 'D', 'C', 'B']]","{'D': 4, 'A': 3, 'B': 3, 'C': 0}","[0.58, 1.0, 1.0, 0.79, 0.58]",3.95
51,"[1, 2]","[['A', 'D', 'B', 'C'], ['D', 'B', 'A', 'C']]","[0.75, 0.88]","['burying', 'bullet']","[['A', 'D', 'C', 'B'], ['D']]","{'D': 3, 'A': 2, 'B': 2, 'C': 2}","[0.88, 1.0, 0.67, 1.0, 0.5]",4.05
51,"[1, 3]","[['A', 'D', 'B', 'C'], ['A', 'C', 'D', 'B']]","[0.75, 0.46]","['bullet', 'burying']","[['A'], ['A', 'C', 'D', 'B']]","{'B': 3, 'A': 2, 'D': 2, 'C': 2}","[0.79, 0.75, 0.58, 0.75, 1.0]",3.87
51,"[1, 4]","[['A', 'D', 'B', 'C'], ['D', 'B', 'A', 'C']]","[0.75, 0.88]","['burying', 'bullet']","[['A', 'D', 'C', 'B'], ['D']]","{'D': 3, 'A': 2, 'B': 2, 'C': 2}","[0.88, 1.0, 0.67, 1.0, 0.5]",4.05
51,"[2, 3]","[['D', 'B', 'A', 'C'], ['A', 'C', 'D', 'B']]","[0.88, 0.46]","['bullet', 'burying']","[['D'], ['A', 'C', 'D', 'B']]","{'D': 3, 'A': 2, 'B': 2, 'C': 2}","[0.88, 1.0, 0.67, 1.0, 0.5]",4.05
51,"[2, 4]","[['D', 'B', 'A', 'C'], ['D', 'B', 'A', 'C']]","[0.88, 0.88]","['bullet', 'bullet']","[['D'], ['D']]","{'D': 3, 'A': 2, 'C': 2, 'B': 1}","[0.75, 1.0, 0.79, 1.0, 0.46]",4.0
51,"[3, 4]","[['A', 'C', 'D', 'B'], ['D', 'B', 'A', 'C']]","[0.46, 0.88]","['burying', 'bullet']","[['A', 'C', 'D', 'B'], ['D']]","{'D': 3, 'A': 2, 'B': 2, 'C': 2}","[0.88, 1.0, 0.67, 1.0, 0.5]",4.05
52,"[1, 4]","[['C', 'A', 'D', 'B'], ['C', 'A', 'D', 'B']]","[0.88, 0.88]","['bullet', 'bullet']","[['C'], ['C']]","{'C': 3, 'A': 2, 'D': 2, 'B': 1}","[1.0, 0.58, 0.5, 1.0, 0.75]",3.83
52,"[1, 5]","[['C', 'A', 'D', 'B'], ['D', 'A', 'C', 'B']]","[0.88, 0.75]","['burying', 'bullet']","[['C', 'D', 'B', 'A'], ['D']]","{'C': 3, 'D': 3, 'A': 2, 'B': 1}","[1.0, 0.75, 0.42, 1.0, 0.79]",3.96
52,"[2, 3]","[['D', 'C', 'B', 'A'], ['B', 'A', 'D', 'C']]","[0.54, 0.54]","['compromising', 'burying']","[['A', 'D', 'C', 'B'], ['A', 'D', 'C', 'B']]","{'A': 5, 'D': 3, 'C': 2, 'B': 0}","[0.75, 0.58, 0.58, 0.75, 0.88]",3.54
52,"[4, 5]","[['C', 'A', 'D', 'B'], ['D', 'A', 'C', 'B']]","[0.88, 0.75]","['burying', 'bullet']","[['C', 'D', 'B', 'A'], ['D']]","{'C': 3, 'D': 3, 'A': 2, 'B': 1}","[1.0, 0.75, 0.42, 1.0, 0.79]",3.96
53,"[2, 3]","[['B', 'D', 'A', 'C'], ['B', 'D', 'C', 'A']]","[0.88, 0.75]","['compromising', 'bullet']","[['A', 'B', 'D', 'C'], ['B']]","{'B': 3, 'D': 3, 'A': 2, 'C': 1}","[0.88, 1.0, 1.0, 0.75, 0.58]",4.21
53,"[2, 5]","[['B', 'D', 'A', 'C'], ['C', 'D', 'B', 'A']]","[0.88, 0.58]","['compromising', 'bullet']","[['C', 'B', 'D', 'A'], ['C']]","{'B': 3, 'D': 3, 'C': 2, 'A': 1}","[0.75, 1.0, 1.0, 0.58, 0.75]",4.08
53,"[3, 5]","[['B', 'D', 'C', 'A'], ['C', 'D', 'B', 'A']]","[0.75, 0.58]","['burying', 'burying']","[['D', 'C', 'A', 'B'], ['C', 'D', 'A', 'B']]","{'D': 5, 'B': 2, 'C': 2, 'A': 1}","[1.0, 0.75, 0.88, 0.58, 0.75]",3.96
55,"[1, 2]","[['B', 'C', 'A', 'D'], ['D', 'A', 'B', 'C']]","[0.46, 0.75]","['compromising', 'compromising']","[['A', 'B', 'C', 'D'], ['A', 'D', 'B', 'C']]","{'A': 5, 'D': 3, 'B': 1, 'C': 1}","[0.5, 0.88, 1.0, 1.0, 0.75]",4.13
55,"[2, 5]","[['D', 'A', 'B', 'C'], ['D', 'A', 'C', 'B']]","[0.75, 0.88]","['bullet', 'bullet']","[['D'], ['D']]","{'D': 3, 'A': 2, 'C': 2, 'B': 1}","[0.42, 1.0, 0.58, 0.88, 1.0]",3.88
56,"[1, 2]","[['B', 'A', 'D', 'C'], ['B', 'A', 'C', 'D']]","[0.88, 0.75]","['compromising', 'bullet']","[['A', 'B', 'D', 'C'], ['B']]","{'B': 4, 'A': 3, 'D': 2, 'C': 0}","[1.0, 1.0, 0.58, 0.88, 0.79]",4.25
56,"[1, 3]","[['B', 'A', 'D', 'C'], ['D', 'B', 'C', 'A']]","[0.88, 0.54]","['burying', 'burying']","[['B', 'D', 'C', 'A'], ['D', 'B', 'A', 'C']]","{'B': 4, 'A': 3, 'D': 3, 'C': 0}","[1.0, 1.0, 0.58, 0.88, 0.79]",4.25
56,"[2, 3]","[['B', 'A', 'C', 'D'], ['D', 'B', 'C', 'A']]","[0.75, 0.54]","['bullet', 'burying']","[['B'], ['D', 'B', 'A', 'C']]","{'B': 4, 'A': 3, 'D': 2, 'C': 0}","[1.0, 1.0, 0.58, 0.88, 0.79]",4.25
57,"[2, 4]","[['D', 'C', 'A', 'B'], ['D', 'A', 'B', 'C']]","[0.75, 0.58]","['compromising', 'compromising']","[['A', 'D', 'C', 'B'], ['A', 'D', 'B', 'C']]","{'A': 4, 'D': 3, 'C': 2, 'B': 1}","[0.54, 0.79, 1.0, 0.75, 0.58]",3.66
57,"[2, 4]","[['D', 'C', 'A', 'B'], ['D', 'A', 'B', 'C']]","[0.75, 0.58]","['bullet', 'bullet']","[['D'], ['D']]","{'D': 3, 'A': 2, 'C': 2, 'B': 1}","[0.5, 1.0, 0.58, 1.0, 1.0]",4.08
57,"[2, 5]","[['D', 'C', 'A', 'B'], ['D', 'C', 'B', 'A']]","[0.75, 0.54]","['compromising', 'burying']","[['A', 'D', 'C', 'B'], ['D', 'C', 'A', 'B']]","{'A': 4, 'D': 3, 'C': 2, 'B': 1}","[0.54, 0.79, 1.0, 0.75, 0.58]",3.66
57,"[4, 5]","[['D', 'A', 'B', 'C'], ['D', 'C', 'B', 'A']]","[0.58, 0.54]","['compromising', 'compromising']","[['A', 'D', 'B', 'C'], ['A', 'D', 'C', 'B']]","{'A': 4, 'D': 3, 'C': 2, 'B': 1}","[0.54, 0.79, 1.0, 0.75, 0.58]",3.66
57,"[4, 5]","[['D', 'A', 'B', 'C'], ['D', 'C', 'B', 'A']]","[0.58, 0.54]","['bullet', 'bullet']","[['D'], ['D']]","{'D': 3, 'A': 2, 'C': 2, 'B': 1}","[0.5, 1.0, 0.58, 1.0, 1.0]",4.08
59,"[1, 3]","[['B', 'D', 'C', 'A'], ['C', 'A', 'D', 'B']]","[0.46, 0.75]","['bullet', 'bullet']","[['B'], ['C']]","{'C': 3, 'A': 2, 'B': 2, 'D': 1}","[0.5, 0.79, 1.0, 1.0, 0.54]",3.83
59,"[1, 4]","[['B', 'D', 'C', 'A'], ['C', 'A', 'B', 'D']]","[0.46, 0.88]","['bullet', 'bullet']","[['B'], ['C']]","{'C': 3, 'A': 2, 'B': 2, 'D': 1}","[0.5, 0.79, 1.0, 1.0, 0.54]",3.83
59,"[1, 5]","[['B', 'D', 'C', 'A'], ['D', 'C', 'B', 'A']]","[0.46, 0.5]","['burying', 'burying']","[['D', 'C', 'A', 'B'], ['C', 'B', 'A', 'D']]","{'C': 4, 'A': 3, 'B': 2, 'D': 1}","[0.5, 0.79, 1.0, 1.0, 0.54]",3.83
59,"[3, 4]","[['C', 'A', 'D', 'B'], ['C', 'A', 'B', 'D']]","[0.75, 0.88]","['compromising', 'bullet']","[['A', 'C', 'D', 'B'], ['C']]","{'C': 3, 'A': 2, 'B': 2, 'D': 2}","[0.5, 0.79, 1.0, 1.0, 0.54]",3.83
59,"[3, 5]","[['C', 'A', 'D', 'B'], ['D', 'C', 'B', 'A']]","[0.75, 0.5]","['bullet', 'burying']","[['C'], ['D', 'C', 'A', 'B']]","{'C': 3, 'A': 2, 'B': 2, 'D': 2}","[0.5, 0.79, 1.0, 1.0, 0.54]",3.83
59,"[4, 5]","[['C', 'A', 'B', 'D'], ['D', 'C', 'B', 'A']]","[0.88, 0.5]","['bullet', 'burying']","[['C'], ['D', 'C', 'A', 'B']]","{'C': 3, 'A': 2, 'B': 2, 'D': 2}","[0.5, 0.79, 1.0, 1.0, 0.54]",3.83
60,2,"['A', 'B', 'D', 'C']",0.58,compromising,"['B', 'A', 'D', 'C']","{'A': 4, 'C': 3, 'B': 2, 'D': 1}","[0.75, 1.0, 0.88, 0.88, 0.54]",4.05
60,2,"['A', 'B', 'D', 'C']",0.58,compromising,"['D', 'A', 'B', 'C']","{'A': 4, 'C': 3, 'D': 2, 'B': 1}","[0.58, 1.0, 0.75, 0.75, 0.58]",3.66
60,2,"['A', 'B', 'D', 'C']",0.58,compromising,"['C', 'A', 'B', 'D']","{'A': 4, 'C': 4, 'B': 1, 'D': 1}","[0.75, 1.0, 0.88, 0.88, 0.54]",4.05
60,2,"['A', 'B', 'D', 'C']",0.58,burying,"['A', 'B', 'D', 'C']","{'A': 4, 'C': 3, 'B': 2, 'D': 1}","[0.75, 1.0, 0.88, 0.88, 0.54]",4.05
60,2,"['A', 'B', 'D', 'C']",0.58,burying,"['A', 'B', 'D', 'C']","{'A': 4, 'C': 3, 'B': 2, 'D': 1}","[0.75, 1.0, 0.88, 0.88, 0.54]",4.05
60,2,"['A', 'B', 'D', 'C']",0.58,burying,"['A', 'B', 'D', 'C']","{'A': 4, 'C': 3, 'B': 2, 'D': 1}","[0.75, 1.0, 0.88, 0.88, 0.54]",4.05
60,2,"['A', 'B', 'D', 'C']",0.58,burying,"['A', 'B', 'D', 'C']","{'A': 4, 'C': 3, 'B': 2, 'D': 1}","[0.75, 1.0, 0.88, 0.88, 0.54]",4.05
60,2,"['A', 'B', 'D', 'C']",0.58,bullet,['A'],"{'A': 4, 'C': 3, 'B': 1, 'D': 1}","[0.75, 1.0, 0.88, 0.88, 0.54]",4.05
60,2,"['A', 'B', 'D', 'C']",0.58,bullet,['A'],"{'A': 4, 'C': 3, 'B': 1, 'D': 1}","[0.75, 1.0, 0.88, 0.88, 0.54]",4.05
60,2,"['A', 'B', 'D', 'C']",0.58,bullet,['A'],"{'A': 4, 'C': 3, 'B': 1, 'D': 1}","[0.75, 1.0, 0.88, 0.88, 0.54]",4.05
60,2,"['A', 'B', 'D', 'C']",0.58,bullet,['A'],"{'A': 4, 'C': 3, 'B': 1, 'D': 1}","[0.75, 1.0, 0.88, 0.88, 0.54]",4.05
60,3,"['C', 'D', 'B', 'A']",0.75,compromising,"['A', 'C', 'B', 'D']","{'A': 4, 'C': 3, 'B': 2, 'D': 1}","[0.75, 1.0, 0.88, 0.88, 0.54]",4.05
60,3,"['C', 'D', 'B', 'A']",0.75,compromising,"['D', 'C', 'A', 'B']","{'A': 3, 'C': 3, 'B': 2, 'D': 2}","[0.75, 1.0, 0.88, 0.88, 0.54]",4.05
60,3,"['C', 'D', 'B', 'A']",0.75,burying,"['C', 'A', 'B', 'D']","{'A': 4, 'C': 3, 'B': 2, 'D': 1}","[0.75, 1.0, 0.88, 0.88, 0.54]",4.05
60,3,"['C', 'D', 'B', 'A']",0.75,burying,"['C', 'A', 'B', 'D']","{'A': 4, 'C': 3, 'B': 2, 'D': 1}","[0.75, 1.0, 0.88, 0.88, 0.54]",4.05
60,3,"['C', 'D', 'B', 'A']",0.75,burying,"['C', 'A', 'B', 'D']","{'A': 4, 'C': 3, 'B': 2, 'D': 1}","[0.75, 1.0, 0.88, 0.88, 0.54]",4.05
60,3,"['C', 'D', 'B', 'A']",0.75,burying,"['C', 'A', 'B', 'D']","{'A': 4, 'C': 3, 'B': 2, 'D': 1}","[0.75, 1.0, 0.88, 0.88, 0.54]",4.05
60,3,"['C', 'D', 'B', 'A']",0.75,bullet,['C'],"{'A': 3, 'C': 3, 'B': 2, 'D': 1}","[0.75, 1.0, 0.88, 0.88, 0.54]",4.05
60,3,"['C', 'D', 'B', 'A']",0.75,bullet,['C'],"{'A': 3, 'C': 3, 'B': 2, 'D': 1}","[0.75, 1.0, 0.88, 0.88, 0.54]",4.05
60,3,"['C', 'D', 'B', 'A']",0.75,bullet,['C'],"{'A': 3, 'C': 3, 'B': 2, 'D': 1}","[0.75, 1.0, 0.88, 0.88, 0.54]",4.05
60,3,"['C', 'D', 'B', 'A']",0.75,bullet,['C'],"{'A': 3, 'C': 3, 'B': 2, 'D': 1}","[0.75, 1.0, 0.88, 0.88, 0.54]",4.05
60,4,"['C', 'B', 'A', 'D']",0.58,compromising,"['A', 'C', 'B', 'D']","{'A': 4, 'C': 3, 'B': 2, 'D': 1}","[0.75, 1.0, 0.88, 0.88, 0.54]",4.05
60,4,"['C', 'B', 'A', 'D']",0.58,compromising,"['B', 'C', 'A', 'D']","{'A': 3, 'B': 3, 'C': 3, 'D': 1}","[0.79, 1.0, 0.75, 0.75, 0.58]",3.87
60,4,"['C', 'B', 'A', 'D']",0.58,compromising,"['D', 'C', 'A', 'B']","{'A': 3, 'C': 3, 'B': 2, 'D': 2}","[0.75, 1.0, 0.88, 0.88, 0.54]",4.05
60,4,"['C', 'B', 'A', 'D']",0.58,burying,"['C', 'A', 'B', 'D']","{'A': 4, 'C': 3, 'B': 2, 'D': 1}","[0.75, 1.0, 0.88, 0.88, 0.54]",4.05
60,4,"['C', 'B', 'A', 'D']",0.58,burying,"['C', 'A', 'B', 'D']","{'A': 4, 'C': 3, 'B': 2, 'D': 1}","[0.75, 1.0, 0.88, 0.88, 0.54]",4.05
60,4,"['C', 'B', 'A', 'D']",0.58,burying,"['C', 'A', 'B', 'D']","{'A': 4, 'C': 3, 'B': 2, 'D': 1}","[0.75, 1.0, 0.88, 0.88, 0.54]",4.05
60,4,"['C', 'B', 'A', 'D']",0.58,burying,"['C', 'A', 'B', 'D']","{'A': 4, 'C': 3, 'B': 2, 'D': 1}","[0.75, 1.0, 0.88, 0.88, 0.54]",4.05
60,4,"['C', 'B', 'A', 'D']",0.58,bullet,['C'],"{'A': 3, 'C': 3, 'B': 2, 'D': 1}","[0.75, 1.0, 0.88, 0.88, 0.54]",4.05
60,4,"['C', 'B', 'A', 'D']",0.58,bullet,['C'],"{'A': 3, 'C': 3, 'B': 2, 'D': 1}","[0.75, 1.0, 0.88, 0.88, 0.54]",4.05
60,4,"['C', 'B', 'A', 'D']",0.58,bullet,['C'],"{'A': 3, 'C': 3, 'B': 2, 'D': 1}","[0.75, 1.0, 0.88, 0.88, 0.54]",4.05
60,4,"['C', 'B', 'A', 'D']",0.58,bullet,['C'],"{'A': 3, 'C': 3, 'B': 2, 'D': 1}","[0.75, 1.0, 0.88, 0.88, 0.54]",4.05
61,2,"['B', 'A', 'C', 'D']",0.75,compromising,"['C', 'B', 'A', 'D']","{'A': 3, 'B': 3, 'C': 2, 'D': 2}","[0.58, 0.88, 0.79, 1.0, 0.58]",3.83
61,3,"['B', 'D', 'C', 'A']",0.58,compromising,"['C', 'B', 'A', 'D']","{'A': 4, 'B': 3, 'D': 2, 'C': 1}","[0.75, 0.75, 0.67, 1.0, 0.75]",3.92
61,3,"['B', 'D', 'C', 'A']",0.58,compromising,"['A', 'B', 'C', 'D']","{'A': 5, 'B': 3, 'D': 2, 'C': 0}","[0.75, 0.75, 0.67, 1.0, 0.75]",3.92
61,3,"['B', 'D', 'C', 'A']",0.58,compromising,"['D', 'B', 'C', 'A']","{'A': 4, 'B': 3, 'D': 3, 'C': 0}","[0.75, 0.75, 0.67, 1.0, 0.75]",3.92
61,3,"['B', 'D', 'C', 'A']",0.58,burying,"['B', 'C', 'A', 'D']","{'A': 4, 'B': 3, 'D': 2, 'C': 1}","[0.75, 0.75, 0.67, 1.0, 0.75]",3.92
61,3,"['B', 'D', 'C', 'A']",0.58,burying,"['B', 'C', 'A', 'D']","{'A': 4, 'B': 3, 'D': 2, 'C': 1}","[0.75, 0.75, 0.67, 1.0, 0.75]",3.92
61,3,"['B', 'D', 'C', 'A']",0.58,burying,"['B', 'C', 'A', 'D']","{'A': 4, 'B': 3, 'D': 2, 'C': 1}","[0.75, 0.75, 0.67, 1.0, 0.75]",3.92
61,3,"['B', 'D', 'C', 'A']",0.58,burying,"['B', 'C', 'A', 'D']","{'A': 4, 'B': 3, 'D': 2, 'C': 1}","[0.75, 0.75, 0.67, 1.0, 0.75]",3.92
61,3,"['B', 'D', 'C', 'A']",0.58,bullet,['B'],"{'A': 4, 'B': 3, 'D': 2, 'C': 0}","[0.75, 0.75, 0.67, 1.0, 0.75]",3.92
61,3,"['B', 'D', 'C', 'A']",0.58,bullet,['B'],"{'A': 4, 'B': 3, 'D': 2, 'C': 0}","[0.75, 0.75, 0.67, 1.0, 0.75]",3.92
61,3,"['B', 'D', 'C', 'A']",0.58,bullet,['B'],"{'A': 4, 'B': 3, 'D': 2, 'C': 0}","[0.75, 0.75, 0.67, 1.0, 0.75]",3.92
61,3,"['B', 'D', 'C', 'A']",0.58,bullet,['B'],"{'A': 4, 'B': 3, 'D': 2, 'C': 0}","[0.75, 0.75, 0.67, 1.0, 0.75]",3.92
61,5,"['D', 'C', 'B', 'A']",0.46,compromising,"['A', 'D', 'B', 'C']","{'A': 4, 'B': 3, 'D': 2, 'C': 1}","[0.75, 0.75, 0.67, 1.0, 0.75]",3.92
61,5,"['D', 'C', 'B', 'A']",0.46,compromising,"['B', 'D', 'A', 'C']","{'B': 4, 'A': 3, 'D': 2, 'C': 1}","[0.75, 1.0, 1.0, 0.88, 0.75]",4.38
61,5,"['D', 'C', 'B', 'A']",0.46,compromising,"['C', 'D', 'A', 'B']","{'A': 3, 'B': 3, 'C': 2, 'D': 2}","[0.58, 0.88, 0.79, 1.0, 0.58]",3.83
61,5,"['D', 'C', 'B', 'A']",0.46,burying,"['D', 'A', 'B', 'C']","{'A': 4, 'B': 3, 'D': 2, 'C': 1}","[0.75, 0.75, 0.67, 1.0, 0.75]",3.92
61,5,"['D', 'C', 'B', 'A']",0.46,burying,"['D', 'A', 'B', 'C']","{'A': 4, 'B': 3, 'D': 2, 'C': 1}","[0.75, 0.75, 0.67, 1.0, 0.75]",3.92
61,5,"['D', 'C', 'B', 'A']",0.46,burying,"['D', 'A', 'B', 'C']","{'A': 4, 'B': 3, 'D': 2, 'C': 1}","[0.75, 0.75, 0.67, 1.0, 0.75]",3.92
61,5,"['D', 'C', 'B', 'A']",0.46,burying,"['D', 'A', 'B', 'C']","{'A': 4, 'B': 3, 'D': 2, 'C': 1}","[0.75, 0.75, 0.67, 1.0, 0.75]",3.92
61,5,"['D', 'C', 'B', 'A']",0.46,bullet,['D'],"{'A': 3, 'B': 3, 'D': 2, 'C': 1}","[0.75, 0.75, 0.67, 1.0, 0.75]",3.92
61,5,"['D', 'C', 'B', 'A']",0.46,bullet,['D'],"{'A': 3, 'B': 3, 'D': 2, 'C': 1}","[0.75, 0.75, 0.67, 1.0, 0.75]",3.92
61,5,"['D', 'C', 'B', 'A']",0.46,bullet,['D'],"{'A': 3, 'B': 3, 'D': 2, 'C': 1}","[0.75, 0.75, 0.67, 1.0, 0.75]",3.92
61,5,"['D', 'C', 'B', 'A']",0.46,bullet,['D'],"{'A': 3, 'B': 3, 'D': 2, 'C': 1}","[0.75, 0.75, 0.67, 1.0, 0.75]",3.92
62,4,"['D', 'C', 'A', 'B']",0.58,compromising,"['A', 'D', 'B', 'C']","{'A': 3, 'D': 3, 'B': 2, 'C': 2}","[0.75, 0.75, 0.67, 0.88, 0.58]",3.63
62,4,"['D', 'C', 'A', 'B']",0.58,burying,"['D', 'A', 'B', 'C']","{'A': 3, 'D': 3, 'B': 2, 'C': 2}","[0.75, 0.75, 0.67, 0.88, 0.58]",3.63
62,4,"['D', 'C', 'A', 'B']",0.58,burying,"['D', 'A', 'B', 'C']","{'A': 3, 'D': 3, 'B': 2, 'C': 2}","[0.75, 0.75, 0.67, 0.88, 0.58]",3.63
62,4,"['D', 'C', 'A', 'B']",0.58,burying,"['D', 'A', 'B', 'C']","{'A': 3, 'D': 3, 'B': 2, 'C': 2}","[0.75, 0.75, 0.67, 0.88, 0.58]",3.63
62,4,"['D', 'C', 'A', 'B']",0.58,burying,"['D', 'A', 'B', 'C']","{'A': 3, 'D': 3, 'B': 2, 'C': 2}","[0.75, 0.75, 0.67, 0.88, 0.58]",3.63
62,4,"['D', 'C', 'A', 'B']",0.58,bullet,['D'],"{'D': 3, 'A': 2, 'B': 2, 'C': 2}","[0.75, 0.75, 1.0, 1.0, 1.0]",4.5
62,4,"['D', 'C', 'A', 'B']",0.58,bullet,['D'],"{'D': 3, 'A': 2, 'B': 2, 'C': 2}","[0.75, 0.75, 1.0, 1.0, 1.0]",4.5
62,4,"['D', 'C', 'A', 'B']",0.58,bullet,['D'],"{'D': 3, 'A': 2, 'B': 2, 'C': 2}","[0.75, 0.75, 1.0, 1.0, 1.0]",4.5
62,4,"['D', 'C', 'A', 'B']",0.58,bullet,['D'],"{'D': 3, 'A': 2, 'B': 2, 'C': 2}","[0.75, 0.75, 1.0, 1.0, 1.0]",4.5
63,1,"['B', 'C', 'A', 'D']",0.75,compromising,"['A', 'B', 'C', 'D']","{'A': 4, 'B': 3, 'C': 3, 'D': 0}","[0.79, 1.0, 0.58, 0.58, 1.0]",3.95
63,1,"['B', 'C', 'A', 'D']",0.75,compromising,"['D', 'B', 'C', 'A']","{'A': 3, 'B': 3, 'C': 3, 'D': 1}","[0.79, 1.0, 0.58, 0.58, 1.0]",3.95
63,3,"['C', 'A', 'D', 'B']",0.75,compromising,"['A', 'C', 'D', 'B']","{'C': 4, 'A': 3, 'B': 3, 'D': 0}","[0.75, 0.88, 1.0, 0.58, 0.79]",4.0
63,3,"['C', 'A', 'D', 'B']",0.75,compromising,"['D', 'C', 'A', 'B']","{'C': 4, 'B': 3, 'A': 2, 'D': 1}","[0.88, 0.75, 1.0, 0.75, 0.75]",4.13
63,3,"['C', 'A', 'D', 'B']",0.75,burying,"['C', 'A', 'D', 'B']","{'C': 4, 'A': 3, 'B': 3, 'D': 0}","[0.75, 0.88, 1.0, 0.58, 0.79]",4.0
63,3,"['C', 'A', 'D', 'B']",0.75,burying,"['C', 'A', 'D', 'B']","{'C': 4, 'A': 3, 'B': 3, 'D': 0}","[0.75, 0.88, 1.0, 0.58, 0.79]",4.0
63,3,"['C', 'A', 'D', 'B']",0.75,burying,"['C', 'A', 'D', 'B']","{'C': 4, 'A': 3, 'B': 3, 'D': 0}","[0.75, 0.88, 1.0, 0.58, 0.79]",4.0
63,3,"['C', 'A', 'D', 'B']",0.75,burying,"['C', 'A', 'D', 'B']","{'C': 4, 'A': 3, 'B': 3, 'D': 0}","[0.75, 0.88, 1.0, 0.58, 0.79]",4.0
63,3,"['C', 'A', 'D', 'B']",0.75,bullet,['C'],"{'C': 4, 'B': 3, 'A': 2, 'D': 0}","[0.88, 0.75, 1.0, 0.75, 0.75]",4.13
63,3,"['C', 'A', 'D', 'B']",0.75,bullet,['C'],"{'C': 4, 'B': 3, 'A': 2, 'D': 0}","[0.88, 0.75, 1.0, 0.75, 0.75]",4.13
63,3,"['C', 'A', 'D', 'B']",0.75,bullet,['C'],"{'C': 4, 'B': 3, 'A': 2, 'D': 0}","[0.88, 0.75, 1.0, 0.75, 0.75]",4.13
63,3,"['C', 'A', 'D', 'B']",0.75,bullet,['C'],"{'C': 4, 'B': 3, 'A': 2, 'D': 0}","[0.88, 0.75, 1.0, 0.75, 0.75]",4.13
63,4,"['B', 'D', 'A', 'C']",0.5,compromising,"['C', 'B', 'D', 'A']","{'C': 4, 'A': 3, 'B': 3, 'D': 0}","[0.75, 0.88, 1.0, 0.58, 0.79]",4.0
63,4,"['B', 'D', 'A', 'C']",0.5,compromising,"['D', 'B', 'C', 'A']","{'A': 3, 'B': 3, 'C': 3, 'D': 1}","[0.79, 1.0, 0.58, 0.58, 1.0]",3.95
63,4,"['B', 'D', 'A', 'C']",0.5,compromising,"['A', 'B', 'C', 'D']","{'A': 4, 'B': 3, 'C': 3, 'D': 0}","[0.79, 1.0, 0.58, 0.58, 1.0]",3.95
63,4,"['B', 'D', 'A', 'C']",0.5,burying,"['B', 'C', 'D', 'A']","{'C': 4, 'A': 3, 'B': 3, 'D': 0}","[0.75, 0.88, 1.0, 0.58, 0.79]",4.0
63,4,"['B', 'D', 'A', 'C']",0.5,burying,"['B', 'C', 'D', 'A']","{'C': 4, 'A': 3, 'B': 3, 'D': 0}","[0.75, 0.88, 1.0, 0.58, 0.79]",4.0
63,4,"['B', 'D', 'A', 'C']",0.5,burying,"['B', 'C', 'D', 'A']","{'C': 4, 'A': 3, 'B': 3, 'D': 0}","[0.75, 0.88, 1.0, 0.58, 0.79]",4.0
63,4,"['B', 'D', 'A', 'C']",0.5,burying,"['B', 'C', 'D', 'A']","{'C': 4, 'A': 3, 'B': 3, 'D': 0}","[0.75, 0.88, 1.0, 0.58, 0.79]",4.0
63,4,"['B', 'D', 'A', 'C']",0.5,bullet,['B'],"{'A': 3, 'B': 3, 'C': 3, 'D': 0}","[0.79, 1.0, 0.58, 0.58, 1.0]",3.95
63,4,"['B', 'D', 'A', 'C']",0.5,bullet,['B'],"{'A': 3, 'B': 3, 'C': 3, 'D': 0}","[0.79, 1.0, 0.58, 0.58, 1.0]",3.95
63,4,"['B', 'D', 'A', 'C']",0.5,bullet,['B'],"{'A': 3, 'B': 3, 'C': 3, 'D': 0}","[0.79, 1.0, 0.58, 0.58, 1.0]",3.95
63,4,"['B', 'D', 'A', 'C']",0.5,bullet,['B'],"{'A': 3, 'B': 3, 'C': 3, 'D': 0}","[0.79, 1.0, 0.58, 0.58, 1.0]",3.95
64,2,"['A', 'B', 'D', 'C']",0.67,compromising,"['C', 'A', 'B', 'D']","{'A': 3, 'D': 3, 'B': 2, 'C': 2}","[0.79, 1.0, 0.54, 0.88, 0.79]",4.0
64,2,"['A', 'B', 'D', 'C']",0.67,compromising,"['B', 'A', 'C', 'D']","{'A': 3, 'B': 3, 'D': 3, 'C': 1}","[0.75, 1.0, 0.58, 0.75, 0.75]",3.83
64,2,"['A', 'B', 'D', 'C']",0.67,burying,"['A', 'C', 'B', 'D']","{'A': 3, 'D': 3, 'B': 2, 'C': 2}","[0.79, 1.0, 0.54, 0.88, 0.79]",4.0
64,2,"['A', 'B', 'D', 'C']",0.67,burying,"['A', 'C', 'B', 'D']","{'A': 3, 'D': 3, 'B': 2, 'C': 2}","[0.79, 1.0, 0.54, 0.88, 0.79]",4.0
64,2,"['A', 'B', 'D', 'C']",0.67,burying,"['A', 'C', 'B', 'D']","{'A': 3, 'D': 3, 'B': 2, 'C': 2}","[0.79, 1.0, 0.54, 0.88, 0.79]",4.0
64,2,"['A', 'B', 'D', 'C']",0.67,burying,"['A', 'C', 'B', 'D']","{'A': 3, 'D': 3, 'B': 2, 'C': 2}","[0.79, 1.0, 0.54, 0.88, 0.79]",4.0
64,2,"['A', 'B', 'D', 'C']",0.67,bullet,['A'],"{'A': 3, 'D': 3, 'B': 2, 'C': 1}","[0.79, 1.0, 0.54, 0.88, 0.79]",4.0
64,2,"['A', 'B', 'D', 'C']",0.67,bullet,['A'],"{'A': 3, 'D': 3, 'B': 2, 'C': 1}","[0.79, 1.0, 0.54, 0.88, 0.79]",4.0
64,2,"['A', 'B', 'D', 'C']",0.67,bullet,['A'],"{'A': 3, 'D': 3, 'B': 2, 'C': 1}","[0.79, 1.0, 0.54, 0.88, 0.79]",4.0
64,2,"['A', 'B', 'D', 'C']",0.67,bullet,['A'],"{'A': 3, 'D': 3, 'B': 2, 'C': 1}","[0.79, 1.0, 0.54, 0.88, 0.79]",4.0
65,1,"['B', 'C', 'D', 'A']",0.58,compromising,"['C', 'B', 'A', 'D']","{'A': 3, 'B': 3, 'C': 3, 'D': 1}","[0.79, 1.0, 0.75, 0.75, 0.75]",4.04
65,1,"['B', 'C', 'D', 'A']",0.58,compromising,"['A', 'B', 'C', 'D']","{'A': 4, 'B': 3, 'C': 2, 'D': 1}","[0.79, 1.0, 0.75, 0.75, 0.75]",4.04
65,1,"['B', 'C', 'D', 'A']",0.58,compromising,"['D', 'B', 'C', 'A']","{'A': 3, 'B': 3, 'C': 2, 'D': 2}","[0.79, 1.0, 0.75, 0.75, 0.75]",4.04
65,1,"['B', 'C', 'D', 'A']",0.58,burying,"['B', 'C', 'A', 'D']","{'A': 3, 'B': 3, 'C': 3, 'D': 1}","[0.79, 1.0, 0.75, 0.75, 0.75]",4.04
65,1,"['B', 'C', 'D', 'A']",0.58,burying,"['B', 'C', 'A', 'D']","{'A': 3, 'B': 3, 'C': 3, 'D': 1}","[0.79, 1.0, 0.75, 0.75, 0.75]",4.04
65,1,"['B', 'C', 'D', 'A']",0.58,burying,"['B', 'C', 'A', 'D']","{'A': 3, 'B': 3, 'C': 3, 'D': 1}","[0.79, 1.0, 0.75, 0.75, 0.75]",4.04
65,1,"['B', 'C', 'D', 'A']",0.58,burying,"['B', 'C', 'A', 'D']","{'A': 3, 'B': 3, 'C': 3, 'D': 1}","[0.79, 1.0, 0.75, 0.75, 0.75]",4.04
65,1,"['B', 'C', 'D', 'A']",0.58,bullet,['B'],"{'A': 3, 'B': 3, 'C': 2, 'D': 1}","[0.79, 1.0, 0.75, 0.75, 0.75]",4.04
65,1,"['B', 'C', 'D', 'A']",0.58,bullet,['B'],"{'A': 3, 'B': 3, 'C': 2, 'D': 1}","[0.79, 1.0, 0.75, 0.75, 0.75]",4.04
65,1,"['B', 'C', 'D', 'A']",0.58,bullet,['B'],"{'A': 3, 'B': 3, 'C': 2, 'D': 1}","[0.79, 1.0, 0.75, 0.75, 0.75]",4.04
65,1,"['B', 'C', 'D', 'A']",0.58,bullet,['B'],"{'A': 3, 'B': 3, 'C': 2, 'D': 1}","[0.79, 1.0, 0.75, 0.75, 0.75]",4.04
65,2,"['A', 'D', 'C', 'B']",0.75,compromising,"['D', 'A', 'C', 'B']","{'A': 3, 'B': 3, 'C': 3, 'D': 1}","[0.79, 1.0, 0.75, 0.75, 0.75]",4.04
65,2,"['A', 'D', 'C', 'B']",0.75,burying,"['A', 'D', 'C', 'B']","{'A': 3, 'B': 3, 'C': 3, 'D': 1}","[0.79, 1.0, 0.75, 0.75, 0.75]",4.04
65,2,"['A', 'D', 'C', 'B']",0.75,burying,"['A', 'D', 'C', 'B']","{'A': 3, 'B': 3, 'C': 3, 'D': 1}","[0.79, 1.0, 0.75, 0.75, 0.75]",4.04
65,2,"['A', 'D', 'C', 'B']",0.75,burying,"['A', 'D', 'C', 'B']","{'A': 3, 'B': 3, 'C': 3, 'D': 1}","[0.79, 1.0, 0.75, 0.75, 0.75]",4.04
65,2,"['A', 'D', 'C', 'B']",0.75,burying,"['A', 'D', 'C', 'B']","{'A': 3, 'B': 3, 'C': 3, 'D': 1}","[0.79, 1.0, 0.75, 0.75, 0.75]",4.04
65,2,"['A', 'D', 'C', 'B']",0.75,bullet,['A'],"{'A': 3, 'B': 3, 'C': 3, 'D': 0}","[0.79, 1.0, 0.75, 0.75, 0.75]",4.04
65,2,"['A', 'D', 'C', 'B']",0.75,bullet,['A'],"{'A': 3, 'B': 3, 'C': 3, 'D': 0}","[0.79, 1.0, 0.75, 0.75, 0.75]",4.04
65,2,"['A', 'D', 'C', 'B']",0.75,bullet,['A'],"{'A': 3, 'B': 3, 'C': 3, 'D': 0}","[0.79, 1.0, 0.75, 0.75, 0.75]",4.04
65,2,"['A', 'D', 'C', 'B']",0.75,bullet,['A'],"{'A': 3, 'B': 3, 'C': 3, 'D': 0}","[0.79, 1.0, 0.75, 0.75, 0.75]",4.04
65,3,"['B', 'D', 'A', 'C']",0.5,compromising,"['A', 'B', 'D', 'C']","{'A': 3, 'B': 3, 'C': 3, 'D': 1}","[0.79, 1.0, 0.75, 0.75, 0.75]",4.04
65,3,"['B', 'D', 'A', 'C']",0.5,compromising,"['D', 'B', 'A', 'C']","{'B': 3, 'C': 3, 'A': 2, 'D': 2}","[1.0, 0.46, 1.0, 0.88, 0.79]",4.13
65,3,"['B', 'D', 'A', 'C']",0.5,compromising,"['C', 'B', 'A', 'D']","{'C': 4, 'B': 3, 'A': 2, 'D': 1}","[0.88, 0.5, 0.58, 1.0, 1.0]",3.96
65,3,"['B', 'D', 'A', 'C']",0.5,burying,"['B', 'A', 'D', 'C']","{'A': 3, 'B': 3, 'C': 3, 'D': 1}","[0.79, 1.0, 0.75, 0.75, 0.75]",4.04
65,3,"['B', 'D', 'A', 'C']",0.5,burying,"['B', 'A', 'D', 'C']","{'A': 3, 'B': 3, 'C': 3, 'D': 1}","[0.79, 1.0, 0.75, 0.75, 0.75]",4.04
65,3,"['B', 'D', 'A', 'C']",0.5,burying,"['B', 'A', 'D', 'C']","{'A': 3, 'B': 3, 'C': 3, 'D': 1}","[0.79, 1.0, 0.75, 0.75, 0.75]",4.04
65,3,"['B', 'D', 'A', 'C']",0.5,burying,"['B', 'A', 'D', 'C']","{'A': 3, 'B': 3, 'C': 3, 'D': 1}","[0.79, 1.0, 0.75, 0.75, 0.75]",4.04
65,3,"['B', 'D', 'A', 'C']",0.5,bullet,['B'],"{'B': 3, 'C': 3, 'A': 2, 'D': 1}","[1.0, 0.46, 1.0, 0.88, 0.79]",4.13
65,3,"['B', 'D', 'A', 'C']",0.5,bullet,['B'],"{'B': 3, 'C': 3, 'A': 2, 'D': 1}","[1.0, 0.46, 1.0, 0.88, 0.79]",4.13
65,3,"['B', 'D', 'A', 'C']",0.5,bullet,['B'],"{'B': 3, 'C': 3, 'A': 2, 'D': 1}","[1.0, 0.46, 1.0, 0.88, 0.79]",4.13
65,3,"['B', 'D', 'A', 'C']",0.5,bullet,['B'],"{'B': 3, 'C': 3, 'A': 2, 'D': 1}","[1.0, 0.46, 1.0, 0.88, 0.79]",4.13
66,1,"['A', 'B', 'C', 'D']",0.58,compromising,"['D', 'A', 'C', 'B']","{'A': 4, 'D': 4, 'B': 1, 'C': 1}","[1.0, 0.67, 0.75, 0.88, 0.75]",4.05
66,1,"['A', 'B', 'C', 'D']",0.58,compromising,"['C', 'A', 'D', 'B']","{'A': 4, 'D': 3, 'C': 2, 'B': 1}","[1.0, 0.79, 0.58, 0.75, 0.88]",4.0
66,1,"['A', 'B', 'C', 'D']",0.58,compromising,"['B', 'A', 'D', 'C']","{'A': 4, 'D': 3, 'B': 2, 'C': 1}","[1.0, 0.67, 0.75, 0.88, 0.75]",4.05
66,1,"['A', 'B', 'C', 'D']",0.58,burying,"['A', 'D', 'C', 'B']","{'A': 4, 'D': 4, 'B': 1, 'C': 1}","[1.0, 0.67, 0.75, 0.88, 0.75]",4.05
66,1,"['A', 'B', 'C', 'D']",0.58,burying,"['A', 'D', 'C', 'B']","{'A': 4, 'D': 4, 'B': 1, 'C': 1}","[1.0, 0.67, 0.75, 0.88, 0.75]",4.05
66,1,"['A', 'B', 'C', 'D']",0.58,burying,"['A', 'D', 'C', 'B']","{'A': 4, 'D': 4, 'B': 1, 'C': 1}","[1.0, 0.67, 0.75, 0.88, 0.75]",4.05
66,1,"['A', 'B', 'C', 'D']",0.58,burying,"['A', 'D', 'C', 'B']","{'A': 4, 'D': 4, 'B': 1, 'C': 1}","[1.0, 0.67, 0.75, 0.88, 0.75]",4.05
66,1,"['A', 'B', 'C', 'D']",0.58,bullet,['A'],"{'A': 4, 'D': 3, 'C': 1, 'B': 1}","[1.0, 0.79, 0.58, 0.75, 0.88]",4.0
66,1,"['A', 'B', 'C', 'D']",0.58,bullet,['A'],"{'A': 4, 'D': 3, 'C': 1, 'B': 1}","[1.0, 0.79, 0.58, 0.75, 0.88]",4.0
66,1,"['A', 'B', 'C', 'D']",0.58,bullet,['A'],"{'A': 4, 'D': 3, 'C': 1, 'B': 1}","[1.0, 0.79, 0.58, 0.75, 0.88]",4.0
66,1,"['A', 'B', 'C', 'D']",0.58,bullet,['A'],"{'A': 4, 'D': 3, 'C': 1, 'B': 1}","[1.0, 0.79, 0.58, 0.75, 0.88]",4.0
66,4,"['D', 'C', 'B', 'A']",0.67,compromising,"['A', 'D', 'B', 'C']","{'A': 4, 'D': 4, 'B': 1, 'C': 1}","[1.0, 0.67, 0.75, 0.88, 0.75]",4.05
66,4,"['D', 'C', 'B', 'A']",0.67,compromising,"['B', 'D', 'A', 'C']","{'D': 4, 'A': 3, 'B': 2, 'C': 1}","[0.75, 1.0, 0.75, 1.0, 1.0]",4.5
66,4,"['D', 'C', 'B', 'A']",0.67,compromising,"['C', 'D', 'A', 'B']","{'D': 4, 'A': 3, 'C': 2, 'B': 1}","[0.88, 1.0, 0.58, 1.0, 1.0]",4.46
66,4,"['D', 'C', 'B', 'A']",0.67,burying,"['D', 'A', 'B', 'C']","{'A': 4, 'D': 4, 'B': 1, 'C': 1}","[1.0, 0.67, 0.75, 0.88, 0.75]",4.05
66,4,"['D', 'C', 'B', 'A']",0.67,burying,"['D', 'A', 'B', 'C']","{'A': 4, 'D': 4, 'B': 1, 'C': 1}","[1.0, 0.67, 0.75, 0.88, 0.75]",4.05
66,4,"['D', 'C', 'B', 'A']",0.67,burying,"['D', 'A', 'B', 'C']","{'A': 4, 'D': 4, 'B': 1, 'C': 1}","[1.0, 0.67, 0.75, 0.88, 0.75]",4.05
66,4,"['D', 'C', 'B', 'A']",0.67,burying,"['D', 'A', 'B', 'C']","{'A': 4, 'D': 4, 'B': 1, 'C': 1}","[1.0, 0.67, 0.75, 0.88, 0.75]",4.05
66,4,"['D', 'C', 'B', 'A']",0.67,bullet,['D'],"{'D': 4, 'A': 3, 'B': 1, 'C': 1}","[0.75, 1.0, 0.75, 1.0, 1.0]",4.5
66,4,"['D', 'C', 'B', 'A']",0.67,bullet,['D'],"{'D': 4, 'A': 3, 'B': 1, 'C': 1}","[0.75, 1.0, 0.75, 1.0, 1.0]",4.5
66,4,"['D', 'C', 'B', 'A']",0.67,bullet,['D'],"{'D': 4, 'A': 3, 'B': 1, 'C': 1}","[0.75, 1.0, 0.75, 1.0, 1.0]",4.5
66,4,"['D', 'C', 'B', 'A']",0.67,bullet,['D'],"{'D': 4, 'A': 3, 'B': 1, 'C': 1}","[0.75, 1.0, 0.75, 1.0, 1.0]",4.5
66,5,"['D', 'B', 'A', 'C']",0.88,compromising,"['C', 'D', 'A', 'B']","{'D': 4, 'A': 3, 'C': 2, 'B': 1}","[0.88, 1.0, 0.58, 1.0, 1.0]",4.46
66,5,"['D', 'B', 'A', 'C']",0.88,compromising,"['B', 'D', 'A', 'C']","{'D': 4, 'A': 3, 'B': 2, 'C': 1}","[0.75, 1.0, 0.75, 1.0, 1.0]",4.5
66,5,"['D', 'B', 'A', 'C']",0.88,bullet,['D'],"{'D': 4, 'A': 3, 'B': 1, 'C': 1}","[0.75, 1.0, 0.75, 1.0, 1.0]",4.5
66,5,"['D', 'B', 'A', 'C']",0.88,bullet,['D'],"{'D': 4, 'A': 3, 'B': 1, 'C': 1}","[0.75, 1.0, 0.75, 1.0, 1.0]",4.5
66,5,"['D', 'B', 'A', 'C']",0.88,bullet,['D'],"{'D': 4, 'A': 3, 'B': 1, 'C': 1}","[0.75, 1.0, 0.75, 1.0, 1.0]",4.5
66,5,"['D', 'B', 'A', 'C']",0.88,bullet,['D'],"{'D': 4, 'A': 3, 'B': 1, 'C': 1}","[0.75, 1.0, 0.75, 1.0, 1.0]",4.5
67,2,"['B', 'D', 'C', 'A']",0.58,compromising,"['C', 'B', 'D', 'A']","{'B': 3, 'C': 3, 'A': 2, 'D': 2}","[0.54, 1.0, 0.46, 0.79, 1.0]",3.79
67,2,"['B', 'D', 'C', 'A']",0.58,compromising,"['D', 'B', 'C', 'A']","{'B': 3, 'D': 3, 'A': 2, 'C': 2}","[0.88, 1.0, 0.79, 0.46, 1.0]",4.13
67,2,"['B', 'D', 'C', 'A']",0.58,burying,"['B', 'C', 'D', 'A']","{'B': 3, 'C': 3, 'A': 2, 'D': 2}","[0.54, 1.0, 0.46, 0.79, 1.0]",3.79
67,2,"['B', 'D', 'C', 'A']",0.58,burying,"['B', 'C', 'D', 'A']","{'B': 3, 'C': 3, 'A': 2, 'D': 2}","[0.54, 1.0, 0.46, 0.79, 1.0]",3.79
67,2,"['B', 'D', 'C', 'A']",0.58,burying,"['B', 'C', 'D', 'A']","{'B': 3, 'C': 3, 'A': 2, 'D': 2}","[0.54, 1.0, 0.46, 0.79, 1.0]",3.79
67,2,"['B', 'D', 'C', 'A']",0.58,burying,"['B', 'C', 'D', 'A']","{'B': 3, 'C': 3, 'A': 2, 'D': 2}","[0.54, 1.0, 0.46, 0.79, 1.0]",3.79
67,2,"['B', 'D', 'C', 'A']",0.58,bullet,['B'],"{'B': 3, 'A': 2, 'C': 2, 'D': 2}","[0.58, 1.0, 0.58, 0.75, 1.0]",3.91
67,2,"['B', 'D', 'C', 'A']",0.58,bullet,['B'],"{'B': 3, 'A': 2, 'C': 2, 'D': 2}","[0.58, 1.0, 0.58, 0.75, 1.0]",3.91
67,2,"['B', 'D', 'C', 'A']",0.58,bullet,['B'],"{'B': 3, 'A': 2, 'C': 2, 'D': 2}","[0.58, 1.0, 0.58, 0.75, 1.0]",3.91
67,2,"['B', 'D', 'C', 'A']",0.58,bullet,['B'],"{'B': 3, 'A': 2, 'C': 2, 'D': 2}","[0.58, 1.0, 0.58, 0.75, 1.0]",3.91
67,5,"['B', 'A', 'C', 'D']",0.46,compromising,"['C', 'B', 'D', 'A']","{'B': 3, 'C': 3, 'A': 2, 'D': 2}","[0.54, 1.0, 0.46, 0.79, 1.0]",3.79
67,5,"['B', 'A', 'C', 'D']",0.46,compromising,"['D', 'B', 'C', 'A']","{'B': 3, 'D': 3, 'A': 2, 'C': 2}","[0.88, 1.0, 0.79, 0.46, 1.0]",4.13
67,5,"['B', 'A', 'C', 'D']",0.46,compromising,"['A', 'B', 'C', 'D']","{'A': 3, 'B': 3, 'C': 2, 'D': 2}","[0.58, 0.58, 0.58, 0.75, 0.58]",3.07
67,5,"['B', 'A', 'C', 'D']",0.46,burying,"['B', 'C', 'D', 'A']","{'B': 3, 'C': 3, 'A': 2, 'D': 2}","[0.54, 1.0, 0.46, 0.79, 1.0]",3.79
67,5,"['B', 'A', 'C', 'D']",0.46,burying,"['B', 'C', 'D', 'A']","{'B': 3, 'C': 3, 'A': 2, 'D': 2}","[0.54, 1.0, 0.46, 0.79, 1.0]",3.79
67,5,"['B', 'A', 'C', 'D']",0.46,burying,"['B', 'C', 'D', 'A']","{'B': 3, 'C': 3, 'A': 2, 'D': 2}","[0.54, 1.0, 0.46, 0.79, 1.0]",3.79
67,5,"['B', 'A', 'C', 'D']",0.46,burying,"['B', 'C', 'D', 'A']","{'B': 3, 'C': 3, 'A': 2, 'D': 2}","[0.54, 1.0, 0.46, 0.79, 1.0]",3.79
67,5,"['B', 'A', 'C', 'D']",0.46,bullet,['B'],"{'B': 3, 'A': 2, 'C': 2, 'D': 2}","[0.58, 1.0, 0.58, 0.75, 1.0]",3.91
67,5,"['B', 'A', 'C', 'D']",0.46,bullet,['B'],"{'B': 3, 'A': 2, 'C': 2, 'D': 2}","[0.58, 1.0, 0.58, 0.75, 1.0]",3.91
67,5,"['B', 'A', 'C', 'D']",0.46,bullet,['B'],"{'B': 3, 'A': 2, 'C': 2, 'D': 2}","[0.58, 1.0, 0.58, 0.75, 1.0]",3.91
67,5,"['B', 'A', 'C', 'D']",0.46,bullet,['B'],"{'B': 3, 'A': 2, 'C': 2, 'D': 2}","[0.58, 1.0, 0.58, 0.75, 1.0]",3.91
69,1,"['B', 'D', 'A', 'C']",0.79,compromising,"['A', 'B', 'C', 'D']","{'B': 4, 'A': 3, 'C': 2, 'D': 1}","[1.0, 1.0, 0.5, 1.0, 0.58]",4.08
69,1,"['B', 'D', 'A', 'C']",0.79,compromising,"['C', 'B', 'A', 'D']","{'B': 4, 'C': 3, 'A': 2, 'D': 1}","[1.0, 1.0, 0.42, 1.0, 0.75]",4.17
69,1,"['B', 'D', 'A', 'C']",0.79,compromising,"['D', 'B', 'A', 'C']","{'B': 4, 'A': 2, 'C': 2, 'D': 2}","[1.0, 1.0, 0.5, 1.0, 0.58]",4.08
69,1,"['B', 'D', 'A', 'C']",0.79,burying,"['B', 'A', 'C', 'D']","{'B': 4, 'A': 3, 'C': 2, 'D': 1}","[1.0, 1.0, 0.5, 1.0, 0.58]",4.08
69,1,"['B', 'D', 'A', 'C']",0.79,burying,"['B', 'A', 'C', 'D']","{'B': 4, 'A': 3, 'C': 2, 'D': 1}","[1.0, 1.0, 0.5, 1.0, 0.58]",4.08
69,1,"['B', 'D', 'A', 'C']",0.79,burying,"['B', 'A', 'C', 'D']","{'B': 4, 'A': 3, 'C': 2, 'D': 1}","[1.0, 1.0, 0.5, 1.0, 0.58]",4.08
69,1,"['B', 'D', 'A', 'C']",0.79,burying,"['B', 'A', 'C', 'D']","{'B': 4, 'A': 3, 'C': 2, 'D': 1}","[1.0, 1.0, 0.5, 1.0, 0.58]",4.08
69,1,"['B', 'D', 'A', 'C']",0.79,bullet,['B'],"{'B': 4, 'A': 2, 'C': 2, 'D': 1}","[1.0, 1.0, 0.5, 1.0, 0.58]",4.08
69,1,"['B', 'D', 'A', 'C']",0.79,bullet,['B'],"{'B': 4, 'A': 2, 'C': 2, 'D': 1}","[1.0, 1.0, 0.5, 1.0, 0.58]",4.08
69,1,"['B', 'D', 'A', 'C']",0.79,bullet,['B'],"{'B': 4, 'A': 2, 'C': 2, 'D': 1}","[1.0, 1.0, 0.5, 1.0, 0.58]",4.08
69,1,"['B', 'D', 'A', 'C']",0.79,bullet,['B'],"{'B': 4, 'A': 2, 'C': 2, 'D': 1}","[1.0, 1.0, 0.5, 1.0, 0.58]",4.08
69,2,"['B', 'A', 'C', 'D']",0.75,compromising,"['A', 'B', 'D', 'C']","{'B': 4, 'A': 3, 'C': 2, 'D': 1}","[1.0, 1.0, 0.5, 1.0, 0.58]",4.08
69,2,"['B', 'A', 'C', 'D']",0.75,compromising,"['D', 'B', 'A', 'C']","{'B': 4, 'A': 2, 'C': 2, 'D': 2}","[1.0, 1.0, 0.5, 1.0, 0.58]",4.08
69,2,"['B', 'A', 'C', 'D']",0.75,compromising,"['C', 'B', 'A', 'D']","{'B': 4, 'C': 3, 'A': 2, 'D': 1}","[1.0, 1.0, 0.42, 1.0, 0.75]",4.17
69,2,"['B', 'A', 'C', 'D']",0.75,burying,"['B', 'A', 'D', 'C']","{'B': 4, 'A': 3, 'C': 2, 'D': 1}","[1.0, 1.0, 0.5, 1.0, 0.58]",4.08
69,2,"['B', 'A', 'C', 'D']",0.75,burying,"['B', 'A', 'D', 'C']","{'B': 4, 'A': 3, 'C': 2, 'D': 1}","[1.0, 1.0, 0.5, 1.0, 0.58]",4.08
69,2,"['B', 'A', 'C', 'D']",0.75,burying,"['B', 'A', 'D', 'C']","{'B': 4, 'A': 3, 'C': 2, 'D': 1}","[1.0, 1.0, 0.5, 1.0, 0.58]",4.08
69,2,"['B', 'A', 'C', 'D']",0.75,burying,"['B', 'A', 'D', 'C']","{'B': 4, 'A': 3, 'C': 2, 'D': 1}","[1.0, 1.0, 0.5, 1.0, 0.58]",4.08
69,2,"['B', 'A', 'C', 'D']",0.75,bullet,['B'],"{'B': 4, 'A': 2, 'C': 2, 'D': 1}","[1.0, 1.0, 0.5, 1.0, 0.58]",4.08
69,2,"['B', 'A', 'C', 'D']",0.75,bullet,['B'],"{'B': 4, 'A': 2, 'C': 2, 'D': 1}","[1.0, 1.0, 0.5, 1.0, 0.58]",4.08
69,2,"['B', 'A', 'C', 'D']",0.75,bullet,['B'],"{'B': 4, 'A': 2, 'C': 2, 'D': 1}","[1.0, 1.0, 0.5, 1.0, 0.58]",4.08
69,2,"['B', 'A', 'C', 'D']",0.75,bullet,['B'],"{'B': 4, 'A': 2, 'C': 2, 'D': 1}","[1.0, 1.0, 0.5, 1.0, 0.58]",4.08
69,4,"['B', 'D', 'C', 'A']",0.58,compromising,"['C', 'B', 'A', 'D']","{'B': 4, 'A': 3, 'C': 2, 'D': 1}","[1.0, 1.0, 0.5, 1.0, 0.58]",4.08
69,4,"['B', 'D', 'C', 'A']",0.58,compromising,"['A', 'B', 'C', 'D']","{'A': 4, 'B': 4, 'C': 1, 'D': 1}","[0.88, 0.75, 0.54, 0.79, 0.54]",3.5
69,4,"['B', 'D', 'C', 'A']",0.58,compromising,"['D', 'B', 'C', 'A']","{'B': 4, 'A': 3, 'D': 2, 'C': 1}","[1.0, 1.0, 0.54, 1.0, 0.54]",4.08
69,4,"['B', 'D', 'C', 'A']",0.58,burying,"['B', 'C', 'A', 'D']","{'B': 4, 'A': 3, 'C': 2, 'D': 1}","[1.0, 1.0, 0.5, 1.0, 0.58]",4.08
69,4,"['B', 'D', 'C', 'A']",0.58,burying,"['B', 'C', 'A', 'D']","{'B': 4, 'A': 3, 'C': 2, 'D': 1}","[1.0, 1.0, 0.5, 1.0, 0.58]",4.08
69,4,"['B', 'D', 'C', 'A']",0.58,burying,"['B', 'C', 'A', 'D']","{'B': 4, 'A': 3, 'C': 2, 'D': 1}","[1.0, 1.0, 0.5, 1.0, 0.58]",4.08
69,4,"['B', 'D', 'C', 'A']",0.58,burying,"['B', 'C', 'A', 'D']","{'B': 4, 'A': 3, 'C': 2, 'D': 1}","[1.0, 1.0, 0.5, 1.0, 0.58]",4.08
69,4,"['B', 'D', 'C', 'A']",0.58,bullet,['B'],"{'B': 4, 'A': 3, 'C': 1, 'D': 1}","[1.0, 1.0, 0.5, 1.0, 0.58]",4.08
69,4,"['B', 'D', 'C', 'A']",0.58,bullet,['B'],"{'B': 4, 'A': 3, 'C': 1, 'D': 1}","[1.0, 1.0, 0.5, 1.0, 0.58]",4.08
69,4,"['B', 'D', 'C', 'A']",0.58,bullet,['B'],"{'B': 4, 'A': 3, 'C': 1, 'D': 1}","[1.0, 1.0, 0.5, 1.0, 0.58]",4.08
69,4,"['B', 'D', 'C', 'A']",0.58,bullet,['B'],"{'B': 4, 'A': 3, 'C': 1, 'D': 1}","[1.0, 1.0, 0.5, 1.0, 0.58]",4.08
70,"[1, 3, 4]","[['C', 'B', 'D', 'A'], ['D', 'A', 'C', 'B'], ['A', 'C', 'D', 'B']]","[0.75, 1.0, 0.42, 0.54, 1.0]","['compromising', 'compromising', 'compromising']","[['D', 'C', 'B', 'A'], ['C', 'D', 'A', 'B'], ['B', 'A', 'C', 'D']]","{'B': 3, 'C': 3, 'D': 3, 'A': 1}","[0.88, 1.0, 0.46, 0.5, 1.0]",3.84
71,"[1, 5]","[['B', 'A', 'C', 'D'], ['B', 'A', 'D', 'C']]","[0.88, 1.0, 0.75, 0.79, 0.75]","['compromising', 'compromising']","[['C', 'B', 'A', 'D'], ['D', 'B', 'A', 'C']]","{'B': 4, 'C': 3, 'A': 2, 'D': 1}","[1.0, 0.58, 0.79, 1.0, 1.0]",4.37
72,[2],"[['A', 'D', 'C', 'B']]","[0.58, 0.88, 0.54, 1.0, 0.58]",['compromising'],"[['C', 'A', 'D', 'B']]","{'A': 3, 'C': 3, 'D': 3, 'B': 1}","[0.58, 1.0, 0.75, 0.58, 0.46]",3.37
73,"[1, 4]","[['D', 'C', 'A', 'B'], ['D', 'C', 'B', 'A']]","[0.88, 1.0, 0.79, 0.75, 1.0]","['compromising', 'compromising']","[['A', 'D', 'C', 'B'], ['B', 'D', 'C', 'A']]","{'D': 4, 'A': 3, 'C': 2, 'B': 1}","[1.0, 0.58, 1.0, 1.0, 0.75]",4.33
74,[5],"[['A', 'D', 'C', 'B']]","[0.58, 0.54, 1.0, 0.88, 0.75]",['compromising'],"[['C', 'A', 'D', 'B']]","{'D': 4, 'A': 3, 'C': 2, 'B': 1}","[0.54, 0.58, 1.0, 0.75, 0.88]",3.75
75,[1],"[['D', 'C', 'B', 'A']]","[0.54, 1.0, 0.5, 1.0, 1.0]",['compromising'],"[['B', 'D', 'C', 'A']]","{'B': 3, 'C': 3, 'A': 2, 'D': 2}","[0.58, 0.75, 0.46, 0.75, 0.79]",3.33
76,[3],"[['B', 'D', 'C', 'A']]","[1.0, 1.0, 0.88, 1.0, 0.79]",['compromising'],"[['A', 'B', 'D', 'C']]","{'B': 3, 'C': 3, 'D': 3, 'A': 1}","[0.54, 0.75, 1.0, 0.58, 1.0]",3.87
77,[2],"[['C', 'B', 'A', 'D']]","[1.0, 0.75, 1.0, 0.79, 1.0]",['compromising'],"[['A', 'C', 'B', 'D']]","{'A': 4, 'C': 3, 'B': 2, 'D': 1}","[1.0, 0.79, 1.0, 0.75, 1.0]",4.54
78,[2],"[['B', 'A', 'C', 'D']]","[0.58, 0.75, 1.0, 1.0, 1.0]",['compromising'],"[['C', 'B', 'A', 'D']]","{'A': 3, 'B': 3, 'C': 2, 'D': 2}","[0.58, 0.88, 1.0, 1.0, 1.0]",4.46
79,[4],"[['C', 'A', 'B', 'D']]","[1.0, 0.5, 1.0, 0.46, 1.0]",['compromising'],"[['B', 'C', 'A', 'D']]","{'B': 4, 'D': 3, 'C': 2, 'A': 1}","[1.0, 0.54, 1.0, 0.5, 1.0]",4.04
80,1,"['B', 'A', 'D', 'C']",0.75,compromising,"['C', 'B', 'A', 'D']","{'A': 5, 'B': 4, 'D': 4, 'C': 2}","[0.88, 0.58, 0.88, 1.0, 1.0]",4.34
80,3,"['B', 'A', 'D', 'C']",0.75,compromising,"['C', 'B', 'A', 'D']","{'A': 5, 'B': 4, 'D': 4, 'C': 2}","[0.88, 0.58, 0.88, 1.0, 1.0]",4.34
82,2,"['D', 'A', 'B', 'C']",0.5,compromising,"['C', 'D', 'A', 'B']","{'C': 5, 'D': 4, 'A': 3, 'B': 3}","[1.0, 0.58, 0.79, 0.5, 0.58]",3.45
82,3,"['D', 'A', 'C', 'B']",0.46,compromising,"['B', 'D', 'A', 'C']","{'B': 5, 'D': 4, 'A': 3, 'C': 3}","[0.58, 0.79, 0.58, 0.58, 1.0]",3.5300000000000002
83,1,"['B', 'C', 'D', 'A']",0.5,compromising,"['A', 'B', 'C', 'D']","{'A': 5, 'B': 4, 'D': 4, 'C': 2}","[0.58, 0.75, 0.88, 1.0, 0.54]",3.75
83,3,"['B', 'A', 'D', 'C']",0.75,compromising,"['C', 'B', 'A', 'D']","{'A': 4, 'B': 4, 'D': 4, 'C': 3}","[0.58, 0.75, 0.88, 1.0, 0.54]",3.75
83,4,"['A', 'B', 'D', 'C']",0.79,compromising,"['C', 'A', 'B', 'D']","{'A': 4, 'B': 4, 'D': 4, 'C': 3}","[0.58, 0.75, 0.88, 1.0, 0.54]",3.75
84,3,"['D', 'A', 'C', 'B']",0.46,compromising,"['B', 'D', 'A', 'C']","{'B': 5, 'D': 4, 'A': 3, 'C': 3}","[1.0, 1.0, 0.58, 0.46, 0.75]",3.79
85,2,"['D', 'A', 'C', 'B']",0.46,compromising,"['B', 'D', 'A', 'C']","{'B': 5, 'D': 4, 'A': 3, 'C': 3}","[1.0, 0.58, 0.58, 1.0, 1.0]",4.16
86,1,"['C', 'B', 'A', 'D']",0.67,compromising,"['D', 'C', 'B', 'A']","{'C': 5, 'D': 5, 'A': 4, 'B': 1}","[1.0, 1.0, 0.79, 0.75, 0.75]",4.29
88,3,"['C', 'D', 'B', 'A']",0.46,compromising,"['A', 'C', 'D', 'B']","{'A': 5, 'C': 4, 'B': 3, 'D': 3}","[1.0, 1.0, 0.58, 0.58, 1.0]",4.16
88,4,"['D', 'C', 'A', 'B']",0.46,compromising,"['B', 'D', 'C', 'A']","{'B': 5, 'C': 4, 'A': 3, 'D': 3}","[0.58, 0.75, 0.67, 0.5, 0.75]",3.25
90,"[2, 3]","[['B', 'C', 'A', 'D'], ['B', 'C', 'A', 'D']]","[0.75, 0.75]","['compromising', 'burying']","[['A', 'B', 'C', 'D'], ['B', 'A', 'D', 'C']]","{'A': 4, 'B': 4, 'C': 4, 'D': 3}","[0.46, 0.79, 0.79, 1.0, 0.46]",3.5
90,"[2, 3]","[['B', 'C', 'A', 'D'], ['B', 'C', 'A', 'D']]","[0.75, 0.75]","['compromising', 'burying']","[['A', 'B', 'C', 'D'], ['B', 'C', 'D', 'A']]","{'C': 5, 'B': 4, 'A': 3, 'D': 3}","[1.0, 0.88, 0.88, 0.75, 0.54]",4.05
90,"[2, 3]","[['B', 'C', 'A', 'D'], ['B', 'C', 'A', 'D']]","[0.75, 0.75]","['burying', 'burying']","[['B', 'A', 'D', 'C'], ['B', 'C', 'D', 'A']]","{'B': 4, 'C': 4, 'D': 4, 'A': 3}","[0.79, 1.0, 1.0, 0.58, 0.54]",3.91
90,"[2, 4]","[['B', 'C', 'A', 'D'], ['A', 'C', 'B', 'D']]","[0.75, 0.88]","['compromising', 'burying']","[['A', 'B', 'C', 'D'], ['A', 'B', 'D', 'C']]","{'A': 4, 'B': 4, 'C': 4, 'D': 3}","[0.46, 0.79, 0.79, 1.0, 0.46]",3.5
90,"[3, 4]","[['B', 'C', 'A', 'D'], ['A', 'C', 'B', 'D']]","[0.75, 0.88]","['compromising', 'burying']","[['A', 'B', 'C', 'D'], ['A', 'B', 'D', 'C']]","{'A': 4, 'B': 4, 'C': 4, 'D': 3}","[0.46, 0.79, 0.79, 1.0, 0.46]",3.5
91,"[1, 2]","[['B', 'A', 'D', 'C'], ['D', 'C', 'A', 'B']]","[0.75, 0.67]","['bullet', 'burying']","[['B'], ['D', 'C', 'B', 'A']]","{'D': 4, 'B': 4, 'A': 3, 'C': 1}","[0.79, 1.0, 0.75, 1.0, 1.0]",4.54
91,"[1, 4]","[['B', 'A', 'D', 'C'], ['D', 'A', 'B', 'C']]","[0.75, 0.88]","['burying', 'burying']","[['B', 'D', 'C', 'A'], ['D', 'B', 'C', 'A']]","{'D': 5, 'B': 4, 'A': 3, 'C': 3}","[0.79, 1.0, 0.75, 1.0, 1.0]",4.54
91,"[1, 5]","[['B', 'A', 'D', 'C'], ['D', 'B', 'A', 'C']]","[0.75, 0.79]","['burying', 'burying']","[['B', 'D', 'C', 'A'], ['D', 'B', 'C', 'A']]","{'D': 5, 'B': 4, 'A': 3, 'C': 3}","[0.79, 1.0, 0.75, 1.0, 1.0]",4.54
91,"[2, 4]","[['D', 'C', 'A', 'B'], ['D', 'A', 'B', 'C']]","[0.67, 0.88]","['compromising', 'burying']","[['A', 'D', 'C', 'B'], ['D', 'B', 'C', 'A']]","{'D': 5, 'A': 4, 'B': 4, 'C': 2}","[0.75, 1.0, 0.88, 1.0, 1.0]",4.63
91,"[2, 5]","[['D', 'C', 'A', 'B'], ['D', 'B', 'A', 'C']]","[0.67, 0.79]","['compromising', 'burying']","[['A', 'D', 'C', 'B'], ['D', 'B', 'C', 'A']]","{'D': 5, 'A': 4, 'B': 4, 'C': 2}","[0.75, 1.0, 0.88, 1.0, 1.0]",4.63
91,"[4, 5]","[['D', 'A', 'B', 'C'], ['D', 'B', 'A', 'C']]","[0.88, 0.79]","['compromising', 'burying']","[['A', 'D', 'B', 'C'], ['D', 'B', 'C', 'A']]","{'D': 5, 'A': 4, 'B': 4, 'C': 2}","[0.75, 1.0, 0.88, 1.0, 1.0]",4.63
95,"[1, 3]","[['A', 'D', 'C', 'B'], ['D', 'A', 'B', 'C']]","[0.42, 0.5]","['burying', 'burying']","[['A', 'D', 'C', 'B'], ['D', 'A', 'C', 'B']]","{'C': 5, 'D': 4, 'A': 3, 'B': 3}","[0.75, 0.58, 0.58, 0.5, 1.0]",3.41
95,"[1, 4]","[['A', 'D', 'C', 'B'], ['A', 'B', 'C', 'D']]","[0.42, 0.58]","['burying', 'burying']","[['A', 'C', 'B', 'D'], ['A', 'B', 'C', 'D']]","{'B': 5, 'C': 4, 'A': 3, 'D': 3}","[0.46, 1.0, 0.46, 0.75, 0.67]",3.34
95,"[3, 5]","[['D', 'A', 'B', 'C'], ['C', 'D', 'B', 'A']]","[0.5, 0.79]","['burying', 'compromising']","[['D', 'A', 'C', 'B'], ['A', 'C', 'D', 'B']]","{'C': 5, 'A': 4, 'D': 4, 'B': 2}","[0.79, 0.46, 0.54, 0.67, 1.0]",3.46
96,"[1, 2]","[['D', 'B', 'A', 'C'], ['D', 'B', 'C', 'A']]","[0.75, 0.88]","['compromising', 'burying']","[['A', 'D', 'B', 'C'], ['D', 'C', 'A', 'B']]","{'D': 5, 'B': 4, 'A': 3, 'C': 3}","[1.0, 1.0, 0.75, 0.75, 0.58]",4.08
96,"[2, 4]","[['D', 'B', 'C', 'A'], ['A', 'D', 'B', 'C']]","[0.88, 0.58]","['compromising', 'burying']","[['A', 'D', 'B', 'C'], ['A', 'D', 'C', 'B']]","{'D': 5, 'B': 4, 'A': 3, 'C': 3}","[1.0, 1.0, 0.75, 0.75, 0.58]",4.08
97,"[1, 4]","[['A', 'B', 'D', 'C'], ['D', 'C', 'B', 'A']]","[0.75, 0.46]","['burying', 'compromising']","[['A', 'D', 'C', 'B'], ['A', 'D', 'C', 'B']]","{'A': 5, 'C': 4, 'B': 3, 'D': 3}","[1.0, 0.75, 0.79, 0.5, 0.58]",3.62
99,"[1, 2]","[['D', 'A', 'B', 'C'], ['C', 'A', 'B', 'D']]","[0.79, 0.46]","['burying', 'burying']","[['D', 'A', 'C', 'B'], ['C', 'A', 'D', 'B']]","{'D': 5, 'C': 4, 'A': 3, 'B': 3}","[1.0, 0.58, 1.0, 1.0, 0.75]",4.33
99,"[2, 3]","[['C', 'A', 'B', 'D'], ['D', 'C', 'B', 'A']]","[0.46, 0.67]","['burying', 'compromising']","[['C', 'A', 'D', 'B'], ['A', 'D', 'C', 'B']]","{'D': 5, 'A': 4, 'B': 3, 'C': 3}","[1.0, 0.5, 1.0, 1.0, 0.54]",4.04
99,"[2, 4]","[['C', 'A', 'B', 'D'], ['D', 'B', 'A', 'C']]","[0.46, 0.88]","['burying', 'burying']","[['C', 'A', 'D', 'B'], ['D', 'A', 'C', 'B']]","{'D': 5, 'C': 4, 'A': 3, 'B': 3}","[1.0, 0.58, 1.0, 1.0, 0.75]",4.33
99,"[2, 5]","[['C', 'A', 'B', 'D'], ['C', 'D', 'B', 'A']]","[0.46, 0.58]","['burying', 'compromising']","[['C', 'B', 'D', 'A'], ['B', 'C', 'D', 'A']]","{'B': 5, 'D': 5, 'C': 3, 'A': 2}","[0.67, 0.5, 0.79, 0.75, 0.75]",3.46
100,1,"['A', 'D', 'C', 'B']",0.75,compromising,"['C', 'A', 'D', 'B']","{'A': 4, 'B': 4, 'C': 4, 'D': 3}","[1.0, 0.88, 1.0, 0.5, 0.58]",3.96
100,2,"['B', 'D', 'A', 'C']",0.75,compromising,"['A', 'B', 'C', 'D']","{'B': 5, 'A': 4, 'C': 3, 'D': 3}","[0.67, 1.0, 0.88, 0.54, 0.58]",3.67
100,2,"['B', 'D', 'A', 'C']",0.75,compromising,"['C', 'B', 'A', 'D']","{'B': 5, 'A': 4, 'C': 3, 'D': 3}","[0.67, 1.0, 0.88, 0.54, 0.58]",3.67
100,2,"['B', 'D', 'A', 'C']",0.75,compromising,"['D', 'B', 'A', 'C']","{'B': 5, 'A': 4, 'D': 4, 'C': 2}","[0.79, 1.0, 0.75, 0.58, 0.75]",3.87
100,2,"['B', 'D', 'A', 'C']",0.75,burying,"['B', 'A', 'C', 'D']","{'B': 5, 'A': 4, 'C': 3, 'D': 3}","[0.67, 1.0, 0.88, 0.54, 0.58]",3.67
100,2,"['B', 'D', 'A', 'C']",0.75,burying,"['B', 'A', 'C', 'D']","{'B': 5, 'A': 4, 'C': 3, 'D': 3}","[0.67, 1.0, 0.88, 0.54, 0.58]",3.67
100,2,"['B', 'D', 'A', 'C']",0.75,burying,"['B', 'A', 'C', 'D']","{'B': 5, 'A': 4, 'C': 3, 'D': 3}","[0.67, 1.0, 0.88, 0.54, 0.58]",3.67
100,2,"['B', 'D', 'A', 'C']",0.75,burying,"['B', 'A', 'C', 'D']","{'B': 5, 'A': 4, 'C': 3, 'D': 3}","[0.67, 1.0, 0.88, 0.54, 0.58]",3.67
100,2,"['B', 'D', 'A', 'C']",0.75,bullet,['B'],"{'B': 4, 'A': 3, 'D': 3, 'C': 2}","[0.79, 1.0, 0.75, 0.58, 0.75]",3.87
100,2,"['B', 'D', 'A', 'C']",0.75,bullet,['B'],"{'B': 4, 'A': 3, 'D': 3, 'C': 2}","[0.79, 1.0, 0.75, 0.58, 0.75]",3.87
100,2,"['B', 'D', 'A', 'C']",0.75,bullet,['B'],"{'B': 4, 'A': 3, 'D': 3, 'C': 2}","[0.79, 1.0, 0.75, 0.58, 0.75]",3.87
100,2,"['B', 'D', 'A', 'C']",0.75,bullet,['B'],"{'B': 4, 'A': 3, 'D': 3, 'C': 2}","[0.79, 1.0, 0.75, 0.58, 0.75]",3.87
100,3,"['A', 'C', 'D', 'B']",0.67,compromising,"['B', 'A', 'C', 'D']","{'B': 5, 'A': 4, 'C': 3, 'D': 3}","[0.67, 1.0, 0.88, 0.54, 0.58]",3.67
100,3,"['A', 'C', 'D', 'B']",0.67,compromising,"['C', 'A', 'B', 'D']","{'B': 5, 'A': 4, 'C': 3, 'D': 3}","[0.67, 1.0, 0.88, 0.54, 0.58]",3.67
100,3,"['A', 'C', 'D', 'B']",0.67,compromising,"['D', 'A', 'B', 'C']","{'B': 5, 'A': 4, 'D': 4, 'C': 2}","[0.79, 1.0, 0.75, 0.58, 0.75]",3.87
100,3,"['A', 'C', 'D', 'B']",0.67,burying,"['A', 'B', 'C', 'D']","{'B': 5, 'A': 4, 'C': 3, 'D': 3}","[0.67, 1.0, 0.88, 0.54, 0.58]",3.67
100,3,"['A', 'C', 'D', 'B']",0.67,burying,"['A', 'B', 'C', 'D']","{'B': 5, 'A': 4, 'C': 3, 'D': 3}","[0.67, 1.0, 0.88, 0.54, 0.58]",3.67
100,3,"['A', 'C', 'D', 'B']",0.67,burying,"['A', 'B', 'C', 'D']","{'B': 5, 'A': 4, 'C': 3, 'D': 3}","[0.67, 1.0, 0.88, 0.54, 0.58]",3.67
100,3,"['A', 'C', 'D', 'B']",0.67,burying,"['A', 'B', 'C', 'D']","{'B': 5, 'A': 4, 'C': 3, 'D': 3}","[0.67, 1.0, 0.88, 0.54, 0.58]",3.67
100,3,"['A', 'C', 'D', 'B']",0.67,bullet,['A'],"{'B': 4, 'A': 3, 'D': 3, 'C': 2}","[0.79, 1.0, 0.75, 0.58, 0.75]",3.87
100,3,"['A', 'C', 'D', 'B']",0.67,bullet,['A'],"{'B': 4, 'A': 3, 'D': 3, 'C': 2}","[0.79, 1.0, 0.75, 0.58, 0.75]",3.87
100,3,"['A', 'C', 'D', 'B']",0.67,bullet,['A'],"{'B': 4, 'A': 3, 'D': 3, 'C': 2}","[0.79, 1.0, 0.75, 0.58, 0.75]",3.87
100,3,"['A', 'C', 'D', 'B']",0.67,bullet,['A'],"{'B': 4, 'A': 3, 'D': 3, 'C': 2}","[0.79, 1.0, 0.75, 0.58, 0.75]",3.87
101,1,"['A', 'C', 'B', 'D']",0.75,compromising,"['B', 'A', 'D', 'C']","{'A': 4, 'B': 4, 'D': 4, 'C': 3}","[1.0, 0.42, 0.58, 0.75, 1.0]",3.75
101,1,"['A', 'C', 'B', 'D']",0.75,compromising,"['D', 'A', 'B', 'C']","{'A': 4, 'B': 4, 'D': 4, 'C': 3}","[1.0, 0.42, 0.58, 0.75, 1.0]",3.75
101,1,"['A', 'C', 'B', 'D']",0.75,compromising,"['C', 'A', 'B', 'D']","{'A': 4, 'B': 4, 'C': 4, 'D': 3}","[1.0, 0.46, 0.54, 0.58, 1.0]",3.58
101,1,"['A', 'C', 'B', 'D']",0.75,burying,"['A', 'B', 'D', 'C']","{'A': 4, 'B': 4, 'D': 4, 'C': 3}","[1.0, 0.42, 0.58, 0.75, 1.0]",3.75
101,1,"['A', 'C', 'B', 'D']",0.75,burying,"['A', 'B', 'D', 'C']","{'A': 4, 'B': 4, 'D': 4, 'C': 3}","[1.0, 0.42, 0.58, 0.75, 1.0]",3.75
101,1,"['A', 'C', 'B', 'D']",0.75,burying,"['A', 'B', 'D', 'C']","{'A': 4, 'B': 4, 'D': 4, 'C': 3}","[1.0, 0.42, 0.58, 0.75, 1.0]",3.75
101,1,"['A', 'C', 'B', 'D']",0.75,burying,"['A', 'B', 'D', 'C']","{'A': 4, 'B': 4, 'D': 4, 'C': 3}","[1.0, 0.42, 0.58, 0.75, 1.0]",3.75
101,1,"['A', 'C', 'B', 'D']",0.75,bullet,['A'],"{'A': 3, 'C': 3, 'D': 3, 'B': 3}","[1.0, 0.58, 0.75, 0.58, 1.0]",3.91
101,1,"['A', 'C', 'B', 'D']",0.75,bullet,['A'],"{'A': 3, 'C': 3, 'D': 3, 'B': 3}","[1.0, 0.58, 0.75, 0.58, 1.0]",3.91
101,1,"['A', 'C', 'B', 'D']",0.75,bullet,['A'],"{'A': 3, 'C': 3, 'D': 3, 'B': 3}","[1.0, 0.58, 0.75, 0.58, 1.0]",3.91
101,1,"['A', 'C', 'B', 'D']",0.75,bullet,['A'],"{'A': 3, 'C': 3, 'D': 3, 'B': 3}","[1.0, 0.58, 0.75, 0.58, 1.0]",3.91
101,4,"['D', 'B', 'C', 'A']",0.58,compromising,"['A', 'D', 'B', 'C']","{'A': 4, 'B': 4, 'D': 4, 'C': 3}","[1.0, 0.42, 0.58, 0.75, 1.0]",3.75
101,4,"['D', 'B', 'C', 'A']",0.58,compromising,"['B', 'D', 'A', 'C']","{'A': 4, 'B': 4, 'D': 4, 'C': 3}","[1.0, 0.42, 0.58, 0.75, 1.0]",3.75
101,4,"['D', 'B', 'C', 'A']",0.58,burying,"['D', 'A', 'B', 'C']","{'A': 4, 'B': 4, 'D': 4, 'C': 3}","[1.0, 0.42, 0.58, 0.75, 1.0]",3.75
101,4,"['D', 'B', 'C', 'A']",0.58,burying,"['D', 'A', 'B', 'C']","{'A': 4, 'B': 4, 'D': 4, 'C': 3}","[1.0, 0.42, 0.58, 0.75, 1.0]",3.75
101,4,"['D', 'B', 'C', 'A']",0.58,burying,"['D', 'A', 'B', 'C']","{'A': 4, 'B': 4, 'D': 4, 'C': 3}","[1.0, 0.42, 0.58, 0.75, 1.0]",3.75
101,4,"['D', 'B', 'C', 'A']",0.58,burying,"['D', 'A', 'B', 'C']","{'A': 4, 'B': 4, 'D': 4, 'C': 3}","[1.0, 0.42, 0.58, 0.75, 1.0]",3.75
101,5,"['A', 'C', 'B', 'D']",0.75,compromising,"['C', 'A', 'B', 'D']","{'A': 4, 'B': 4, 'D': 4, 'C': 3}","[1.0, 0.42, 0.58, 0.75, 1.0]",3.75
101,5,"['A', 'C', 'B', 'D']",0.75,compromising,"['B', 'A', 'C', 'D']","{'A': 4, 'B': 4, 'D': 4, 'C': 3}","[1.0, 0.42, 0.58, 0.75, 1.0]",3.75
101,5,"['A', 'C', 'B', 'D']",0.75,burying,"['A', 'C', 'B', 'D']","{'A': 4, 'B': 4, 'D': 4, 'C': 3}","[1.0, 0.42, 0.58, 0.75, 1.0]",3.75
101,5,"['A', 'C', 'B', 'D']",0.75,burying,"['A', 'C', 'B', 'D']","{'A': 4, 'B': 4, 'D': 4, 'C': 3}","[1.0, 0.42, 0.58, 0.75, 1.0]",3.75
101,5,"['A', 'C', 'B', 'D']",0.75,burying,"['A', 'C', 'B', 'D']","{'A': 4, 'B': 4, 'D': 4, 'C': 3}","[1.0, 0.42, 0.58, 0.75, 1.0]",3.75
101,5,"['A', 'C', 'B', 'D']",0.75,burying,"['A', 'C', 'B', 'D']","{'A': 4, 'B': 4, 'D': 4, 'C': 3}","[1.0, 0.42, 0.58, 0.75, 1.0]",3.75
102,2,"['D', 'C', 'B', 'A']",0.54,compromising,"['A', 'D', 'B', 'C']","{'B': 5, 'A': 4, 'C': 4, 'D': 2}","[0.46, 0.58, 0.88, 0.75, 1.0]",3.67
102,2,"['D', 'C', 'B', 'A']",0.54,compromising,"['B', 'D', 'A', 'C']","{'B': 5, 'A': 4, 'C': 4, 'D': 2}","[0.46, 0.58, 0.88, 0.75, 1.0]",3.67
102,2,"['D', 'C', 'B', 'A']",0.54,burying,"['D', 'A', 'B', 'C']","{'B': 5, 'A': 4, 'C': 4, 'D': 2}","[0.46, 0.58, 0.88, 0.75, 1.0]",3.67
102,2,"['D', 'C', 'B', 'A']",0.54,burying,"['D', 'A', 'B', 'C']","{'B': 5, 'A': 4, 'C': 4, 'D': 2}","[0.46, 0.58, 0.88, 0.75, 1.0]",3.67
102,2,"['D', 'C', 'B', 'A']",0.54,burying,"['D', 'A', 'B', 'C']","{'B': 5, 'A': 4, 'C': 4, 'D': 2}","[0.46, 0.58, 0.88, 0.75, 1.0]",3.67
102,2,"['D', 'C', 'B', 'A']",0.54,burying,"['D', 'A', 'B', 'C']","{'B': 5, 'A': 4, 'C': 4, 'D': 2}","[0.46, 0.58, 0.88, 0.75, 1.0]",3.67
102,3,"['A', 'C', 'D', 'B']",0.75,compromising,"['B', 'A', 'C', 'D']","{'B': 5, 'A': 4, 'C': 4, 'D': 2}","[0.46, 0.58, 0.88, 0.75, 1.0]",3.67
102,3,"['A', 'C', 'D', 'B']",0.75,compromising,"['C', 'A', 'B', 'D']","{'B': 5, 'A': 4, 'C': 4, 'D': 2}","[0.46, 0.58, 0.88, 0.75, 1.0]",3.67
102,3,"['A', 'C', 'D', 'B']",0.75,compromising,"['D', 'A', 'B', 'C']","{'B': 5, 'A': 4, 'C': 3, 'D': 3}","[0.46, 0.58, 0.88, 0.75, 1.0]",3.67
102,3,"['A', 'C', 'D', 'B']",0.75,burying,"['A', 'B', 'C', 'D']","{'B': 5, 'A': 4, 'C': 4, 'D': 2}","[0.46, 0.58, 0.88, 0.75, 1.0]",3.67
102,3,"['A', 'C', 'D', 'B']",0.75,burying,"['A', 'B', 'C', 'D']","{'B': 5, 'A': 4, 'C': 4, 'D': 2}","[0.46, 0.58, 0.88, 0.75, 1.0]",3.67
102,3,"['A', 'C', 'D', 'B']",0.75,burying,"['A', 'B', 'C', 'D']","{'B': 5, 'A': 4, 'C': 4, 'D': 2}","[0.46, 0.58, 0.88, 0.75, 1.0]",3.67
102,3,"['A', 'C', 'D', 'B']",0.75,burying,"['A', 'B', 'C', 'D']","{'B': 5, 'A': 4, 'C': 4, 'D': 2}","[0.46, 0.58, 0.88, 0.75, 1.0]",3.67
102,3,"['A', 'C', 'D', 'B']",0.75,bullet,['A'],"{'B': 4, 'A': 3, 'C': 3, 'D': 2}","[0.46, 0.58, 0.88, 0.75, 1.0]",3.67
102,3,"['A', 'C', 'D', 'B']",0.75,bullet,['A'],"{'B': 4, 'A': 3, 'C': 3, 'D': 2}","[0.46, 0.58, 0.88, 0.75, 1.0]",3.67
102,3,"['A', 'C', 'D', 'B']",0.75,bullet,['A'],"{'B': 4, 'A': 3, 'C': 3, 'D': 2}","[0.46, 0.58, 0.88, 0.75, 1.0]",3.67
102,3,"['A', 'C', 'D', 'B']",0.75,bullet,['A'],"{'B': 4, 'A': 3, 'C': 3, 'D': 2}","[0.46, 0.58, 0.88, 0.75, 1.0]",3.67
102,5,"['B', 'A', 'C', 'D']",0.75,compromising,"['C', 'B', 'A', 'D']","{'B': 5, 'A': 4, 'C': 4, 'D': 2}","[0.46, 0.58, 0.88, 0.75, 1.0]",3.67
102,5,"['B', 'A', 'C', 'D']",0.75,compromising,"['A', 'B', 'C', 'D']","{'B': 5, 'A': 4, 'C': 4, 'D': 2}","[0.46, 0.58, 0.88, 0.75, 1.0]",3.67
102,5,"['B', 'A', 'C', 'D']",0.75,compromising,"['D', 'B', 'C', 'A']","{'B': 5, 'C': 4, 'A': 3, 'D': 3}","[0.58, 0.46, 0.75, 0.79, 1.0]",3.58
102,5,"['B', 'A', 'C', 'D']",0.75,burying,"['B', 'C', 'A', 'D']","{'B': 5, 'A': 4, 'C': 4, 'D': 2}","[0.46, 0.58, 0.88, 0.75, 1.0]",3.67
102,5,"['B', 'A', 'C', 'D']",0.75,burying,"['B', 'C', 'A', 'D']","{'B': 5, 'A': 4, 'C': 4, 'D': 2}","[0.46, 0.58, 0.88, 0.75, 1.0]",3.67
102,5,"['B', 'A', 'C', 'D']",0.75,burying,"['B', 'C', 'A', 'D']","{'B': 5, 'A': 4, 'C': 4, 'D': 2}","[0.46, 0.58, 0.88, 0.75, 1.0]",3.67
102,5,"['B', 'A', 'C', 'D']",0.75,burying,"['B', 'C', 'A', 'D']","{'B': 5, 'A': 4, 'C': 4, 'D': 2}","[0.46, 0.58, 0.88, 0.75, 1.0]",3.67
102,5,"['B', 'A', 'C', 'D']",0.75,bullet,['B'],"{'B': 4, 'A': 3, 'C': 3, 'D': 2}","[0.46, 0.58, 0.88, 0.75, 1.0]",3.67
102,5,"['B', 'A', 'C', 'D']",0.75,bullet,['B'],"{'B': 4, 'A': 3, 'C': 3, 'D': 2}","[0.46, 0.58, 0.88, 0.75, 1.0]",3.67
102,5,"['B', 'A', 'C', 'D']",0.75,bullet,['B'],"{'B': 4, 'A': 3, 'C': 3, 'D': 2}","[0.46, 0.58, 0.88, 0.75, 1.0]",3.67
102,5,"['B', 'A', 'C', 'D']",0.75,bullet,['B'],"{'B': 4, 'A': 3, 'C': 3, 'D': 2}","[0.46, 0.58, 0.88, 0.75, 1.0]",3.67
103,1,"['D', 'B', 'C', 'A']",0.75,compromising,"['A', 'D', 'B', 'C']","{'A': 5, 'D': 4, 'B': 3, 'C': 3}","[0.88, 0.67, 1.0, 0.46, 0.88]",3.8899999999999997
103,1,"['D', 'B', 'C', 'A']",0.75,compromising,"['B', 'D', 'A', 'C']","{'A': 5, 'D': 4, 'B': 3, 'C': 3}","[0.88, 0.67, 1.0, 0.46, 0.88]",3.8899999999999997
103,1,"['D', 'B', 'C', 'A']",0.75,burying,"['D', 'A', 'B', 'C']","{'A': 5, 'D': 4, 'B': 3, 'C': 3}","[0.88, 0.67, 1.0, 0.46, 0.88]",3.8899999999999997
103,1,"['D', 'B', 'C', 'A']",0.75,burying,"['D', 'A', 'B', 'C']","{'A': 5, 'D': 4, 'B': 3, 'C': 3}","[0.88, 0.67, 1.0, 0.46, 0.88]",3.8899999999999997
103,1,"['D', 'B', 'C', 'A']",0.75,burying,"['D', 'A', 'B', 'C']","{'A': 5, 'D': 4, 'B': 3, 'C': 3}","[0.88, 0.67, 1.0, 0.46, 0.88]",3.8899999999999997
103,1,"['D', 'B', 'C', 'A']",0.75,burying,"['D', 'A', 'B', 'C']","{'A': 5, 'D': 4, 'B': 3, 'C': 3}","[0.88, 0.67, 1.0, 0.46, 0.88]",3.8899999999999997
103,2,"['D', 'A', 'B', 'C']",0.5,compromising,"['C', 'D', 'A', 'B']","{'A': 5, 'D': 4, 'B': 3, 'C': 3}","[0.88, 0.67, 1.0, 0.46, 0.88]",3.8899999999999997
103,2,"['D', 'A', 'B', 'C']",0.5,compromising,"['A', 'D', 'C', 'B']","{'A': 5, 'D': 4, 'B': 3, 'C': 3}","[0.88, 0.67, 1.0, 0.46, 0.88]",3.8899999999999997
103,2,"['D', 'A', 'B', 'C']",0.5,burying,"['D', 'C', 'A', 'B']","{'A': 5, 'D': 4, 'B': 3, 'C': 3}","[0.88, 0.67, 1.0, 0.46, 0.88]",3.8899999999999997
103,2,"['D', 'A', 'B', 'C']",0.5,burying,"['D', 'C', 'A', 'B']","{'A': 5, 'D': 4, 'B': 3, 'C': 3}","[0.88, 0.67, 1.0, 0.46, 0.88]",3.8899999999999997
103,2,"['D', 'A', 'B', 'C']",0.5,burying,"['D', 'C', 'A', 'B']","{'A': 5, 'D': 4, 'B': 3, 'C': 3}","[0.88, 0.67, 1.0, 0.46, 0.88]",3.8899999999999997
103,2,"['D', 'A', 'B', 'C']",0.5,burying,"['D', 'C', 'A', 'B']","{'A': 5, 'D': 4, 'B': 3, 'C': 3}","[0.88, 0.67, 1.0, 0.46, 0.88]",3.8899999999999997
103,3,"['A', 'C', 'D', 'B']",0.5,compromising,"['D', 'A', 'C', 'B']","{'A': 5, 'D': 4, 'B': 3, 'C': 3}","[0.88, 0.67, 1.0, 0.46, 0.88]",3.8899999999999997
103,3,"['A', 'C', 'D', 'B']",0.5,compromising,"['C', 'A', 'D', 'B']","{'A': 5, 'D': 4, 'B': 3, 'C': 3}","[0.88, 0.67, 1.0, 0.46, 0.88]",3.8899999999999997
103,3,"['A', 'C', 'D', 'B']",0.5,compromising,"['B', 'A', 'D', 'C']","{'A': 5, 'B': 4, 'D': 4, 'C': 2}","[0.75, 0.5, 1.0, 0.58, 0.75]",3.58
103,3,"['A', 'C', 'D', 'B']",0.5,burying,"['A', 'D', 'C', 'B']","{'A': 5, 'D': 4, 'B': 3, 'C': 3}","[0.88, 0.67, 1.0, 0.46, 0.88]",3.8899999999999997
103,3,"['A', 'C', 'D', 'B']",0.5,burying,"['A', 'D', 'C', 'B']","{'A': 5, 'D': 4, 'B': 3, 'C': 3}","[0.88, 0.67, 1.0, 0.46, 0.88]",3.8899999999999997
103,3,"['A', 'C', 'D', 'B']",0.5,burying,"['A', 'D', 'C', 'B']","{'A': 5, 'D': 4, 'B': 3, 'C': 3}","[0.88, 0.67, 1.0, 0.46, 0.88]",3.8899999999999997
103,3,"['A', 'C', 'D', 'B']",0.5,burying,"['A', 'D', 'C', 'B']","{'A': 5, 'D': 4, 'B': 3, 'C': 3}","[0.88, 0.67, 1.0, 0.46, 0.88]",3.8899999999999997
103,3,"['A', 'C', 'D', 'B']",0.5,bullet,['A'],"{'A': 4, 'B': 3, 'D': 3, 'C': 2}","[0.75, 0.5, 1.0, 0.58, 0.75]",3.58
103,3,"['A', 'C', 'D', 'B']",0.5,bullet,['A'],"{'A': 4, 'B': 3, 'D': 3, 'C': 2}","[0.75, 0.5, 1.0, 0.58, 0.75]",3.58
103,3,"['A', 'C', 'D', 'B']",0.5,bullet,['A'],"{'A': 4, 'B': 3, 'D': 3, 'C': 2}","[0.75, 0.5, 1.0, 0.58, 0.75]",3.58
103,3,"['A', 'C', 'D', 'B']",0.5,bullet,['A'],"{'A': 4, 'B': 3, 'D': 3, 'C': 2}","[0.75, 0.5, 1.0, 0.58, 0.75]",3.58
103,5,"['D', 'B', 'C', 'A']",0.75,compromising,"['A', 'D', 'B', 'C']","{'A': 5, 'D': 4, 'B': 3, 'C': 3}","[0.88, 0.67, 1.0, 0.46, 0.88]",3.8899999999999997
103,5,"['D', 'B', 'C', 'A']",0.75,compromising,"['B', 'D', 'A', 'C']","{'A': 5, 'D': 4, 'B': 3, 'C': 3}","[0.88, 0.67, 1.0, 0.46, 0.88]",3.8899999999999997
103,5,"['D', 'B', 'C', 'A']",0.75,burying,"['D', 'A', 'B', 'C']","{'A': 5, 'D': 4, 'B': 3, 'C': 3}","[0.88, 0.67, 1.0, 0.46, 0.88]",3.8899999999999997
103,5,"['D', 'B', 'C', 'A']",0.75,burying,"['D', 'A', 'B', 'C']","{'A': 5, 'D': 4, 'B': 3, 'C': 3}","[0.88, 0.67, 1.0, 0.46, 0.88]",3.8899999999999997
103,5,"['D', 'B', 'C', 'A']",0.75,burying,"['D', 'A', 'B', 'C']","{'A': 5, 'D': 4, 'B': 3, 'C': 3}","[0.88, 0.67, 1.0, 0.46, 0.88]",3.8899999999999997
103,5,"['D', 'B', 'C', 'A']",0.75,burying,"['D', 'A', 'B', 'C']","{'A': 5, 'D': 4, 'B': 3, 'C': 3}","[0.88, 0.67, 1.0, 0.46, 0.88]",3.8899999999999997
104,1,"['C', 'D', 'B', 'A']",0.42,compromising,"['A', 'C', 'B', 'D']","{'A': 5, 'B': 4, 'C': 4, 'D': 2}","[0.75, 1.0, 1.0, 1.0, 1.0]",4.75
104,1,"['C', 'D', 'B', 'A']",0.42,compromising,"['B', 'C', 'A', 'D']","{'A': 5, 'B': 4, 'C': 4, 'D': 2}","[0.75, 1.0, 1.0, 1.0, 1.0]",4.75
104,1,"['C', 'D', 'B', 'A']",0.42,compromising,"['D', 'C', 'A', 'B']","{'A': 5, 'C': 4, 'B': 3, 'D': 3}","[0.88, 1.0, 1.0, 1.0, 1.0]",4.88
104,1,"['C', 'D', 'B', 'A']",0.42,burying,"['C', 'A', 'B', 'D']","{'A': 5, 'B': 4, 'C': 4, 'D': 2}","[0.75, 1.0, 1.0, 1.0, 1.0]",4.75
104,1,"['C', 'D', 'B', 'A']",0.42,burying,"['C', 'A', 'B', 'D']","{'A': 5, 'B': 4, 'C': 4, 'D': 2}","[0.75, 1.0, 1.0, 1.0, 1.0]",4.75
104,1,"['C', 'D', 'B', 'A']",0.42,burying,"['C', 'A', 'B', 'D']","{'A': 5, 'B': 4, 'C': 4, 'D': 2}","[0.75, 1.0, 1.0, 1.0, 1.0]",4.75
104,1,"['C', 'D', 'B', 'A']",0.42,burying,"['C', 'A', 'B', 'D']","{'A': 5, 'B': 4, 'C': 4, 'D': 2}","[0.75, 1.0, 1.0, 1.0, 1.0]",4.75
104,1,"['C', 'D', 'B', 'A']",0.42,bullet,['C'],"{'A': 4, 'B': 3, 'C': 3, 'D': 2}","[0.75, 1.0, 1.0, 1.0, 1.0]",4.75
104,1,"['C', 'D', 'B', 'A']",0.42,bullet,['C'],"{'A': 4, 'B': 3, 'C': 3, 'D': 2}","[0.75, 1.0, 1.0, 1.0, 1.0]",4.75
104,1,"['C', 'D', 'B', 'A']",0.42,bullet,['C'],"{'A': 4, 'B': 3, 'C': 3, 'D': 2}","[0.75, 1.0, 1.0, 1.0, 1.0]",4.75
104,1,"['C', 'D', 'B', 'A']",0.42,bullet,['C'],"{'A': 4, 'B': 3, 'C': 3, 'D': 2}","[0.75, 1.0, 1.0, 1.0, 1.0]",4.75
106,1,"['D', 'A', 'B', 'C']",0.58,compromising,"['A', 'D', 'B', 'C']","{'A': 5, 'B': 5, 'D': 3, 'C': 2}","[0.75, 0.58, 0.75, 1.0, 1.0]",4.08
106,1,"['D', 'A', 'B', 'C']",0.58,compromising,"['B', 'D', 'A', 'C']","{'A': 5, 'B': 5, 'D': 3, 'C': 2}","[0.75, 0.58, 0.75, 1.0, 1.0]",4.08
106,1,"['D', 'A', 'B', 'C']",0.58,burying,"['D', 'A', 'B', 'C']","{'A': 5, 'B': 5, 'D': 3, 'C': 2}","[0.75, 0.58, 0.75, 1.0, 1.0]",4.08
106,1,"['D', 'A', 'B', 'C']",0.58,burying,"['D', 'A', 'B', 'C']","{'A': 5, 'B': 5, 'D': 3, 'C': 2}","[0.75, 0.58, 0.75, 1.0, 1.0]",4.08
106,1,"['D', 'A', 'B', 'C']",0.58,burying,"['D', 'A', 'B', 'C']","{'A': 5, 'B': 5, 'D': 3, 'C': 2}","[0.75, 0.58, 0.75, 1.0, 1.0]",4.08
106,1,"['D', 'A', 'B', 'C']",0.58,burying,"['D', 'A', 'B', 'C']","{'A': 5, 'B': 5, 'D': 3, 'C': 2}","[0.75, 0.58, 0.75, 1.0, 1.0]",4.08
107,1,"['C', 'B', 'A', 'D']",0.67,compromising,"['D', 'C', 'A', 'B']","{'D': 5, 'A': 4, 'C': 4, 'B': 2}","[0.75, 1.0, 1.0, 1.0, 0.75]",4.5
107,1,"['C', 'B', 'A', 'D']",0.67,compromising,"['A', 'C', 'D', 'B']","{'D': 5, 'A': 4, 'C': 4, 'B': 2}","[0.75, 1.0, 1.0, 1.0, 0.75]",4.5
107,1,"['C', 'B', 'A', 'D']",0.67,compromising,"['B', 'C', 'D', 'A']","{'D': 5, 'C': 4, 'A': 3, 'B': 3}","[0.88, 1.0, 1.0, 1.0, 0.79]",4.67
107,1,"['C', 'B', 'A', 'D']",0.67,burying,"['C', 'D', 'A', 'B']","{'D': 5, 'A': 4, 'C': 4, 'B': 2}","[0.75, 1.0, 1.0, 1.0, 0.75]",4.5
107,1,"['C', 'B', 'A', 'D']",0.67,burying,"['C', 'D', 'A', 'B']","{'D': 5, 'A': 4, 'C': 4, 'B': 2}","[0.75, 1.0, 1.0, 1.0, 0.75]",4.5
107,1,"['C', 'B', 'A', 'D']",0.67,burying,"['C', 'D', 'A', 'B']","{'D': 5, 'A': 4, 'C': 4, 'B': 2}","[0.75, 1.0, 1.0, 1.0, 0.75]",4.5
107,1,"['C', 'B', 'A', 'D']",0.67,burying,"['C', 'D', 'A', 'B']","{'D': 5, 'A': 4, 'C': 4, 'B': 2}","[0.75, 1.0, 1.0, 1.0, 0.75]",4.5
107,1,"['C', 'B', 'A', 'D']",0.67,bullet,['C'],"{'D': 4, 'A': 3, 'C': 3, 'B': 2}","[0.75, 1.0, 1.0, 1.0, 0.75]",4.5
107,1,"['C', 'B', 'A', 'D']",0.67,bullet,['C'],"{'D': 4, 'A': 3, 'C': 3, 'B': 2}","[0.75, 1.0, 1.0, 1.0, 0.75]",4.5
107,1,"['C', 'B', 'A', 'D']",0.67,bullet,['C'],"{'D': 4, 'A': 3, 'C': 3, 'B': 2}","[0.75, 1.0, 1.0, 1.0, 0.75]",4.5
107,1,"['C', 'B', 'A', 'D']",0.67,bullet,['C'],"{'D': 4, 'A': 3, 'C': 3, 'B': 2}","[0.75, 1.0, 1.0, 1.0, 0.75]",4.5
107,2,"['D', 'A', 'C', 'B']",0.75,compromising,"['A', 'D', 'B', 'C']","{'D': 5, 'A': 4, 'C': 4, 'B': 2}","[0.75, 1.0, 1.0, 1.0, 0.75]",4.5
107,2,"['D', 'A', 'C', 'B']",0.75,compromising,"['B', 'D', 'A', 'C']","{'D': 5, 'A': 4, 'C': 4, 'B': 2}","[0.75, 1.0, 1.0, 1.0, 0.75]",4.5
107,2,"['D', 'A', 'C', 'B']",0.75,burying,"['D', 'A', 'B', 'C']","{'D': 5, 'A': 4, 'C': 4, 'B': 2}","[0.75, 1.0, 1.0, 1.0, 0.75]",4.5
107,2,"['D', 'A', 'C', 'B']",0.75,burying,"['D', 'A', 'B', 'C']","{'D': 5, 'A': 4, 'C': 4, 'B': 2}","[0.75, 1.0, 1.0, 1.0, 0.75]",4.5
107,2,"['D', 'A', 'C', 'B']",0.75,burying,"['D', 'A', 'B', 'C']","{'D': 5, 'A': 4, 'C': 4, 'B': 2}","[0.75, 1.0, 1.0, 1.0, 0.75]",4.5
107,2,"['D', 'A', 'C', 'B']",0.75,burying,"['D', 'A', 'B', 'C']","{'D': 5, 'A': 4, 'C': 4, 'B': 2}","[0.75, 1.0, 1.0, 1.0, 0.75]",4.5
107,3,"['D', 'B', 'A', 'C']",0.5,compromising,"['B', 'D', 'C', 'A']","{'D': 5, 'A': 4, 'C': 4, 'B': 2}","[0.75, 1.0, 1.0, 1.0, 0.75]",4.5
107,3,"['D', 'B', 'A', 'C']",0.5,compromising,"['C', 'D', 'B', 'A']","{'D': 5, 'A': 4, 'C': 4, 'B': 2}","[0.75, 1.0, 1.0, 1.0, 0.75]",4.5
107,3,"['D', 'B', 'A', 'C']",0.5,compromising,"['A', 'D', 'B', 'C']","{'A': 5, 'D': 5, 'C': 3, 'B': 2}","[0.75, 0.75, 0.58, 0.88, 0.75]",3.71
107,3,"['D', 'B', 'A', 'C']",0.5,burying,"['D', 'B', 'C', 'A']","{'D': 5, 'A': 4, 'C': 4, 'B': 2}","[0.75, 1.0, 1.0, 1.0, 0.75]",4.5
107,3,"['D', 'B', 'A', 'C']",0.5,burying,"['D', 'B', 'C', 'A']","{'D': 5, 'A': 4, 'C': 4, 'B': 2}","[0.75, 1.0, 1.0, 1.0, 0.75]",4.5
107,3,"['D', 'B', 'A', 'C']",0.5,burying,"['D', 'B', 'C', 'A']","{'D': 5, 'A': 4, 'C': 4, 'B': 2}","[0.75, 1.0, 1.0, 1.0, 0.75]",4.5
107,3,"['D', 'B', 'A', 'C']",0.5,burying,"['D', 'B', 'C', 'A']","{'D': 5, 'A': 4, 'C': 4, 'B': 2}","[0.75, 1.0, 1.0, 1.0, 0.75]",4.5
107,3,"['D', 'B', 'A', 'C']",0.5,bullet,['D'],"{'A': 4, 'D': 4, 'C': 3, 'B': 1}","[0.75, 0.75, 0.58, 0.88, 0.75]",3.71
107,3,"['D', 'B', 'A', 'C']",0.5,bullet,['D'],"{'A': 4, 'D': 4, 'C': 3, 'B': 1}","[0.75, 0.75, 0.58, 0.88, 0.75]",3.71
107,3,"['D', 'B', 'A', 'C']",0.5,bullet,['D'],"{'A': 4, 'D': 4, 'C': 3, 'B': 1}","[0.75, 0.75, 0.58, 0.88, 0.75]",3.71
107,3,"['D', 'B', 'A', 'C']",0.5,bullet,['D'],"{'A': 4, 'D': 4, 'C': 3, 'B': 1}","[0.75, 0.75, 0.58, 0.88, 0.75]",3.71
107,4,"['D', 'C', 'A', 'B']",0.75,compromising,"['A', 'D', 'C', 'B']","{'D': 5, 'A': 4, 'C': 4, 'B': 2}","[0.75, 1.0, 1.0, 1.0, 0.75]",4.5
107,4,"['D', 'C', 'A', 'B']",0.75,compromising,"['C', 'D', 'A', 'B']","{'D': 5, 'A': 4, 'C': 4, 'B': 2}","[0.75, 1.0, 1.0, 1.0, 0.75]",4.5
107,4,"['D', 'C', 'A', 'B']",0.75,compromising,"['B', 'D', 'A', 'C']","{'D': 5, 'A': 4, 'B': 3, 'C': 3}","[0.58, 1.0, 1.0, 1.0, 0.58]",4.16
107,4,"['D', 'C', 'A', 'B']",0.75,burying,"['D', 'A', 'C', 'B']","{'D': 5, 'A': 4, 'C': 4, 'B': 2}","[0.75, 1.0, 1.0, 1.0, 0.75]",4.5
107,4,"['D', 'C', 'A', 'B']",0.75,burying,"['D', 'A', 'C', 'B']","{'D': 5, 'A': 4, 'C': 4, 'B': 2}","[0.75, 1.0, 1.0, 1.0, 0.75]",4.5
107,4,"['D', 'C', 'A', 'B']",0.75,burying,"['D', 'A', 'C', 'B']","{'D': 5, 'A': 4, 'C': 4, 'B': 2}","[0.75, 1.0, 1.0, 1.0, 0.75]",4.5
107,4,"['D', 'C', 'A', 'B']",0.75,burying,"['D', 'A', 'C', 'B']","{'D': 5, 'A': 4, 'C': 4, 'B': 2}","[0.75, 1.0, 1.0, 1.0, 0.75]",4.5
107,4,"['D', 'C', 'A', 'B']",0.75,bullet,['D'],"{'D': 4, 'A': 3, 'C': 3, 'B': 2}","[0.75, 1.0, 1.0, 1.0, 0.75]",4.5
107,4,"['D', 'C', 'A', 'B']",0.75,bullet,['D'],"{'D': 4, 'A': 3, 'C': 3, 'B': 2}","[0.75, 1.0, 1.0, 1.0, 0.75]",4.5
107,4,"['D', 'C', 'A', 'B']",0.75,bullet,['D'],"{'D': 4, 'A': 3, 'C': 3, 'B': 2}","[0.75, 1.0, 1.0, 1.0, 0.75]",4.5
107,4,"['D', 'C', 'A', 'B']",0.75,bullet,['D'],"{'D': 4, 'A': 3, 'C': 3, 'B': 2}","[0.75, 1.0, 1.0, 1.0, 0.75]",4.5
107,5,"['C', 'D', 'B', 'A']",0.58,compromising,"['A', 'C', 'D', 'B']","{'D': 5, 'A': 4, 'C': 4, 'B': 2}","[0.75, 1.0, 1.0, 1.0, 0.75]",4.5
107,5,"['C', 'D', 'B', 'A']",0.58,compromising,"['D', 'C', 'A', 'B']","{'D': 5, 'A': 4, 'C': 4, 'B': 2}","[0.75, 1.0, 1.0, 1.0, 0.75]",4.5
107,5,"['C', 'D', 'B', 'A']",0.58,burying,"['C', 'A', 'D', 'B']","{'D': 5, 'A': 4, 'C': 4, 'B': 2}","[0.75, 1.0, 1.0, 1.0, 0.75]",4.5
107,5,"['C', 'D', 'B', 'A']",0.58,burying,"['C', 'A', 'D', 'B']","{'D': 5, 'A': 4, 'C': 4, 'B': 2}","[0.75, 1.0, 1.0, 1.0, 0.75]",4.5
107,5,"['C', 'D', 'B', 'A']",0.58,burying,"['C', 'A', 'D', 'B']","{'D': 5, 'A': 4, 'C': 4, 'B': 2}","[0.75, 1.0, 1.0, 1.0, 0.75]",4.5
107,5,"['C', 'D', 'B', 'A']",0.58,burying,"['C', 'A', 'D', 'B']","{'D': 5, 'A': 4, 'C': 4, 'B': 2}","[0.75, 1.0, 1.0, 1.0, 0.75]",4.5
107,5,"['C', 'D', 'B', 'A']",0.58,bullet,['C'],"{'D': 4, 'A': 3, 'C': 3, 'B': 2}","[0.75, 1.0, 1.0, 1.0, 0.75]",4.5
107,5,"['C', 'D', 'B', 'A']",0.58,bullet,['C'],"{'D': 4, 'A': 3, 'C': 3, 'B': 2}","[0.75, 1.0, 1.0, 1.0, 0.75]",4.5
107,5,"['C', 'D', 'B', 'A']",0.58,bullet,['C'],"{'D': 4, 'A': 3, 'C': 3, 'B': 2}","[0.75, 1.0, 1.0, 1.0, 0.75]",4.5
107,5,"['C', 'D', 'B', 'A']",0.58,bullet,['C'],"{'D': 4, 'A': 3, 'C': 3, 'B': 2}","[0.75, 1.0, 1.0, 1.0, 0.75]",4.5
109,1,"['C', 'B', 'A', 'D']",0.75,compromising,"['A', 'C', 'D', 'B']","{'A': 5, 'C': 5, 'D': 4, 'B': 1}","[0.88, 1.0, 0.75, 0.58, 0.75]",3.96
109,1,"['C', 'B', 'A', 'D']",0.75,compromising,"['D', 'C', 'A', 'B']","{'A': 5, 'C': 5, 'D': 4, 'B': 1}","[0.88, 1.0, 0.75, 0.58, 0.75]",3.96
109,1,"['C', 'B', 'A', 'D']",0.75,compromising,"['B', 'C', 'A', 'D']","{'A': 5, 'C': 5, 'D': 3, 'B': 2}","[0.88, 1.0, 0.75, 0.58, 0.75]",3.96
109,1,"['C', 'B', 'A', 'D']",0.75,burying,"['C', 'A', 'D', 'B']","{'A': 5, 'C': 5, 'D': 4, 'B': 1}","[0.88, 1.0, 0.75, 0.58, 0.75]",3.96
109,1,"['C', 'B', 'A', 'D']",0.75,burying,"['C', 'A', 'D', 'B']","{'A': 5, 'C': 5, 'D': 4, 'B': 1}","[0.88, 1.0, 0.75, 0.58, 0.75]",3.96
109,1,"['C', 'B', 'A', 'D']",0.75,burying,"['C', 'A', 'D', 'B']","{'A': 5, 'C': 5, 'D': 4, 'B': 1}","[0.88, 1.0, 0.75, 0.58, 0.75]",3.96
109,1,"['C', 'B', 'A', 'D']",0.75,burying,"['C', 'A', 'D', 'B']","{'A': 5, 'C': 5, 'D': 4, 'B': 1}","[0.88, 1.0, 0.75, 0.58, 0.75]",3.96
109,1,"['C', 'B', 'A', 'D']",0.75,bullet,['C'],"{'A': 4, 'C': 4, 'D': 3, 'B': 1}","[0.88, 1.0, 0.75, 0.58, 0.75]",3.96
109,1,"['C', 'B', 'A', 'D']",0.75,bullet,['C'],"{'A': 4, 'C': 4, 'D': 3, 'B': 1}","[0.88, 1.0, 0.75, 0.58, 0.75]",3.96
109,1,"['C', 'B', 'A', 'D']",0.75,bullet,['C'],"{'A': 4, 'C': 4, 'D': 3, 'B': 1}","[0.88, 1.0, 0.75, 0.58, 0.75]",3.96
109,1,"['C', 'B', 'A', 'D']",0.75,bullet,['C'],"{'A': 4, 'C': 4, 'D': 3, 'B': 1}","[0.88, 1.0, 0.75, 0.58, 0.75]",3.96
109,2,"['A', 'D', 'B', 'C']",0.46,compromising,"['D', 'A', 'C', 'B']","{'A': 5, 'C': 5, 'D': 4, 'B': 1}","[0.88, 1.0, 0.75, 0.58, 0.75]",3.96
109,2,"['A', 'D', 'B', 'C']",0.46,compromising,"['C', 'A', 'D', 'B']","{'A': 5, 'C': 5, 'D': 4, 'B': 1}","[0.88, 1.0, 0.75, 0.58, 0.75]",3.96
109,2,"['A', 'D', 'B', 'C']",0.46,compromising,"['B', 'A', 'D', 'C']","{'A': 5, 'C': 4, 'D': 4, 'B': 2}","[0.88, 1.0, 0.75, 0.58, 0.75]",3.96
109,2,"['A', 'D', 'B', 'C']",0.46,burying,"['A', 'D', 'C', 'B']","{'A': 5, 'C': 5, 'D': 4, 'B': 1}","[0.88, 1.0, 0.75, 0.58, 0.75]",3.96
109,2,"['A', 'D', 'B', 'C']",0.46,burying,"['A', 'D', 'C', 'B']","{'A': 5, 'C': 5, 'D': 4, 'B': 1}","[0.88, 1.0, 0.75, 0.58, 0.75]",3.96
109,2,"['A', 'D', 'B', 'C']",0.46,burying,"['A', 'D', 'C', 'B']","{'A': 5, 'C': 5, 'D': 4, 'B': 1}","[0.88, 1.0, 0.75, 0.58, 0.75]",3.96
109,2,"['A', 'D', 'B', 'C']",0.46,burying,"['A', 'D', 'C', 'B']","{'A': 5, 'C': 5, 'D': 4, 'B': 1}","[0.88, 1.0, 0.75, 0.58, 0.75]",3.96
109,2,"['A', 'D', 'B', 'C']",0.46,bullet,['A'],"{'A': 4, 'C': 4, 'D': 3, 'B': 1}","[0.88, 1.0, 0.75, 0.58, 0.75]",3.96
109,2,"['A', 'D', 'B', 'C']",0.46,bullet,['A'],"{'A': 4, 'C': 4, 'D': 3, 'B': 1}","[0.88, 1.0, 0.75, 0.58, 0.75]",3.96
109,2,"['A', 'D', 'B', 'C']",0.46,bullet,['A'],"{'A': 4, 'C': 4, 'D': 3, 'B': 1}","[0.88, 1.0, 0.75, 0.58, 0.75]",3.96
109,2,"['A', 'D', 'B', 'C']",0.46,bullet,['A'],"{'A': 4, 'C': 4, 'D': 3, 'B': 1}","[0.88, 1.0, 0.75, 0.58, 0.75]",3.96
109,3,"['D', 'A', 'C', 'B']",0.46,compromising,"['A', 'D', 'C', 'B']","{'A': 5, 'C': 5, 'D': 4, 'B': 1}","[0.88, 1.0, 0.75, 0.58, 0.75]",3.96
109,3,"['D', 'A', 'C', 'B']",0.46,compromising,"['C', 'D', 'A', 'B']","{'A': 5, 'C': 5, 'D': 4, 'B': 1}","[0.88, 1.0, 0.75, 0.58, 0.75]",3.96
109,3,"['D', 'A', 'C', 'B']",0.46,compromising,"['B', 'D', 'A', 'C']","{'A': 5, 'C': 4, 'D': 4, 'B': 2}","[0.88, 1.0, 0.75, 0.58, 0.75]",3.96
109,3,"['D', 'A', 'C', 'B']",0.46,burying,"['D', 'A', 'C', 'B']","{'A': 5, 'C': 5, 'D': 4, 'B': 1}","[0.88, 1.0, 0.75, 0.58, 0.75]",3.96
109,3,"['D', 'A', 'C', 'B']",0.46,burying,"['D', 'A', 'C', 'B']","{'A': 5, 'C': 5, 'D': 4, 'B': 1}","[0.88, 1.0, 0.75, 0.58, 0.75]",3.96
109,3,"['D', 'A', 'C', 'B']",0.46,burying,"['D', 'A', 'C', 'B']","{'A': 5, 'C': 5, 'D': 4, 'B': 1}","[0.88, 1.0, 0.75, 0.58, 0.75]",3.96
109,3,"['D', 'A', 'C', 'B']",0.46,burying,"['D', 'A', 'C', 'B']","{'A': 5, 'C': 5, 'D': 4, 'B': 1}","[0.88, 1.0, 0.75, 0.58, 0.75]",3.96
109,3,"['D', 'A', 'C', 'B']",0.46,bullet,['D'],"{'A': 4, 'C': 4, 'D': 3, 'B': 1}","[0.88, 1.0, 0.75, 0.58, 0.75]",3.96
109,3,"['D', 'A', 'C', 'B']",0.46,bullet,['D'],"{'A': 4, 'C': 4, 'D': 3, 'B': 1}","[0.88, 1.0, 0.75, 0.58, 0.75]",3.96
109,3,"['D', 'A', 'C', 'B']",0.46,bullet,['D'],"{'A': 4, 'C': 4, 'D': 3, 'B': 1}","[0.88, 1.0, 0.75, 0.58, 0.75]",3.96
109,3,"['D', 'A', 'C', 'B']",0.46,bullet,['D'],"{'A': 4, 'C': 4, 'D': 3, 'B': 1}","[0.88, 1.0, 0.75, 0.58, 0.75]",3.96
110,[1],"[['D', 'B', 'A', 'C']]","[0.54, 0.75, 1.0, 0.75, 0.67]",['compromising'],"[['C', 'D', 'B', 'A']]","{'B': 5, 'C': 5, 'D': 3, 'A': 2}","[0.58, 0.58, 1.0, 0.88, 0.79]",3.83
111,[],[],"[0.75, 1.0, 0.58, 0.75, 0.75]",[],[],"{'D': 5, 'A': 4, 'B': 3, 'C': 3}","[0.75, 1.0, 0.58, 0.75, 0.75]",3.83
112,[],[],"[1.0, 1.0, 0.58, 0.88, 1.0]",[],[],"{'B': 5, 'A': 4, 'D': 4, 'C': 2}","[1.0, 1.0, 0.58, 0.88, 1.0]",4.46
113,[5],"[['B', 'D', 'C', 'A']]","[0.67, 0.54, 1.0, 1.0, 0.79]",['compromising'],"[['A', 'B', 'D', 'C']]","{'B': 4, 'C': 4, 'D': 4, 'A': 3}","[1.0, 0.5, 0.88, 0.88, 1.0]",4.26
114,[],[],"[0.75, 0.75, 0.75, 0.58, 1.0]",[],[],"{'C': 5, 'D': 5, 'A': 3, 'B': 2}","[0.75, 0.75, 0.75, 0.58, 1.0]",3.83
115,[1],"[['D', 'C', 'B', 'A']]","[0.75, 0.75, 1.0, 0.67, 0.5]",['bullet'],[['D']],"{'B': 4, 'D': 3, 'C': 3, 'A': 2}","[0.79, 0.88, 1.0, 0.5, 0.67]",3.84
116,"[2, 5]","[['A', 'C', 'D', 'B'], ['A', 'D', 'B', 'C']]","[0.79, 0.5, 0.75, 0.75, 0.46]","['compromising', 'compromising']","[['B', 'A', 'C', 'D'], ['C', 'A', 'D', 'B']]","{'C': 5, 'B': 4, 'A': 3, 'D': 3}","[1.0, 0.58, 1.0, 0.58, 0.46]",3.62
117,"[3, 4, 5]","[['D', 'B', 'A', 'C'], ['D', 'C', 'A', 'B'], ['D', 'C', 'A', 'B']]","[0.75, 0.75, 0.67, 0.79, 0.79]","['compromising', 'compromising', 'compromising']","[['C', 'D', 'B', 'A'], ['B', 'D', 'C', 'A'], ['B', 'D', 'C', 'A']]","{'D': 5, 'B': 4, 'C': 4, 'A': 2}","[0.5, 1.0, 1.0, 1.0, 1.0]",4.5
118,[4],"[['C', 'A', 'B', 'D']]","[0.88, 0.58, 0.75, 0.54, 1.0]",['compromising'],"[['D', 'C', 'A', 'B']]","{'A': 5, 'D': 5, 'C': 3, 'B': 2}","[0.75, 0.75, 0.88, 0.58, 1.0]",3.96
119,[1],"[['A', 'D', 'C', 'B']]","[0.42, 1.0, 1.0, 0.75, 0.54]",['compromising'],"[['B', 'A', 'D', 'C']]","{'B': 5, 'D': 4, 'A': 3, 'C': 3}","[0.54, 1.0, 1.0, 0.67, 0.75]",3.96
120,1,"['B', 'C', 'A', 'D']",0.5,compromising,"['C', 'B', 'A', 'D']","{'A': 8, 'C': 8, 'D': 8, 'B': 6}","[0.58, 1.0, 0.42, 0.75, 1.0]",3.75
120,3,"['B', 'D', 'C', 'A']",0.54,bullet,['B'],"{'A': 8, 'B': 7, 'C': 6, 'D': 6}","[0.79, 1.0, 0.58, 0.46, 1.0]",3.83
120,3,"['B', 'D', 'C', 'A']",0.54,bullet,['B'],"{'A': 8, 'B': 7, 'C': 6, 'D': 6}","[0.79, 1.0, 0.58, 0.46, 1.0]",3.83
120,3,"['B', 'D', 'C', 'A']",0.54,bullet,['B'],"{'A': 8, 'B': 7, 'C': 6, 'D': 6}","[0.79, 1.0, 0.58, 0.46, 1.0]",3.83
120,3,"['B', 'D', 'C', 'A']",0.54,bullet,['B'],"{'A': 8, 'B': 7, 'C': 6, 'D': 6}","[0.79, 1.0, 0.58, 0.46, 1.0]",3.83
120,4,"['D', 'C', 'A', 'B']",0.67,bullet,['D'],"{'D': 8, 'A': 7, 'B': 7, 'C': 5}","[0.46, 0.67, 0.58, 1.0, 0.88]",3.59
120,4,"['D', 'C', 'A', 'B']",0.67,bullet,['D'],"{'D': 8, 'A': 7, 'B': 7, 'C': 5}","[0.46, 0.67, 0.58, 1.0, 0.88]",3.59
120,4,"['D', 'C', 'A', 'B']",0.67,bullet,['D'],"{'D': 8, 'A': 7, 'B': 7, 'C': 5}","[0.46, 0.67, 0.58, 1.0, 0.88]",3.59
120,4,"['D', 'C', 'A', 'B']",0.67,bullet,['D'],"{'D': 8, 'A': 7, 'B': 7, 'C': 5}","[0.46, 0.67, 0.58, 1.0, 0.88]",3.59
121,1,"['A', 'B', 'C', 'D']",0.5,compromising,"['B', 'A', 'C', 'D']","{'B': 8, 'C': 8, 'D': 8, 'A': 6}","[0.58, 0.75, 1.0, 0.42, 0.58]",3.33
121,2,"['D', 'B', 'C', 'A']",0.67,bullet,['D'],"{'D': 8, 'A': 7, 'C': 7, 'B': 5}","[0.58, 1.0, 0.46, 0.88, 0.75]",3.67
121,2,"['D', 'B', 'C', 'A']",0.67,bullet,['D'],"{'D': 8, 'A': 7, 'C': 7, 'B': 5}","[0.58, 1.0, 0.46, 0.88, 0.75]",3.67
121,2,"['D', 'B', 'C', 'A']",0.67,bullet,['D'],"{'D': 8, 'A': 7, 'C': 7, 'B': 5}","[0.58, 1.0, 0.46, 0.88, 0.75]",3.67
121,2,"['D', 'B', 'C', 'A']",0.67,bullet,['D'],"{'D': 8, 'A': 7, 'C': 7, 'B': 5}","[0.58, 1.0, 0.46, 0.88, 0.75]",3.67
121,4,"['A', 'D', 'C', 'B']",0.75,bullet,['A'],"{'A': 7, 'B': 7, 'C': 7, 'D': 6}","[1.0, 0.5, 0.58, 1.0, 0.5]",3.58
121,4,"['A', 'D', 'C', 'B']",0.75,bullet,['A'],"{'A': 7, 'B': 7, 'C': 7, 'D': 6}","[1.0, 0.5, 0.58, 1.0, 0.5]",3.58
121,4,"['A', 'D', 'C', 'B']",0.75,bullet,['A'],"{'A': 7, 'B': 7, 'C': 7, 'D': 6}","[1.0, 0.5, 0.58, 1.0, 0.5]",3.58
121,4,"['A', 'D', 'C', 'B']",0.75,bullet,['A'],"{'A': 7, 'B': 7, 'C': 7, 'D': 6}","[1.0, 0.5, 0.58, 1.0, 0.5]",3.58
123,5,"['A', 'D', 'B', 'C']",0.75,bullet,['A'],"{'D': 9, 'A': 7, 'B': 7, 'C': 4}","[1.0, 0.75, 1.0, 0.54, 0.88]",4.17
123,5,"['A', 'D', 'B', 'C']",0.75,bullet,['A'],"{'D': 9, 'A': 7, 'B': 7, 'C': 4}","[1.0, 0.75, 1.0, 0.54, 0.88]",4.17
123,5,"['A', 'D', 'B', 'C']",0.75,bullet,['A'],"{'D': 9, 'A': 7, 'B': 7, 'C': 4}","[1.0, 0.75, 1.0, 0.54, 0.88]",4.17
123,5,"['A', 'D', 'B', 'C']",0.75,bullet,['A'],"{'D': 9, 'A': 7, 'B': 7, 'C': 4}","[1.0, 0.75, 1.0, 0.54, 0.88]",4.17
125,2,"['D', 'B', 'C', 'A']",0.46,compromising,"['B', 'D', 'C', 'A']","{'C': 9, 'B': 8, 'A': 7, 'D': 6}","[0.58, 0.58, 0.88, 0.46, 1.0]",3.5
125,2,"['D', 'B', 'C', 'A']",0.46,bullet,['D'],"{'C': 8, 'A': 7, 'D': 7, 'B': 5}","[0.88, 0.5, 0.58, 0.75, 1.0]",3.71
125,2,"['D', 'B', 'C', 'A']",0.46,bullet,['D'],"{'C': 8, 'A': 7, 'D': 7, 'B': 5}","[0.88, 0.5, 0.58, 0.75, 1.0]",3.71
125,2,"['D', 'B', 'C', 'A']",0.46,bullet,['D'],"{'C': 8, 'A': 7, 'D': 7, 'B': 5}","[0.88, 0.5, 0.58, 0.75, 1.0]",3.71
125,2,"['D', 'B', 'C', 'A']",0.46,bullet,['D'],"{'C': 8, 'A': 7, 'D': 7, 'B': 5}","[0.88, 0.5, 0.58, 0.75, 1.0]",3.71
125,3,"['B', 'C', 'A', 'D']",0.75,bullet,['B'],"{'B': 7, 'C': 7, 'D': 7, 'A': 6}","[0.5, 0.75, 1.0, 0.46, 0.75]",3.46
125,3,"['B', 'C', 'A', 'D']",0.75,bullet,['B'],"{'B': 7, 'C': 7, 'D': 7, 'A': 6}","[0.5, 0.75, 1.0, 0.46, 0.75]",3.46
125,3,"['B', 'C', 'A', 'D']",0.75,bullet,['B'],"{'B': 7, 'C': 7, 'D': 7, 'A': 6}","[0.5, 0.75, 1.0, 0.46, 0.75]",3.46
125,3,"['B', 'C', 'A', 'D']",0.75,bullet,['B'],"{'B': 7, 'C': 7, 'D': 7, 'A': 6}","[0.5, 0.75, 1.0, 0.46, 0.75]",3.46
126,1,"['A', 'B', 'C', 'D']",0.54,compromising,"['C', 'A', 'B', 'D']","{'B': 9, 'C': 9, 'D': 8, 'A': 4}","[0.58, 1.0, 0.75, 0.79, 0.75]",3.87
126,4,"['C', 'D', 'B', 'A']",0.75,bullet,['C'],"{'B': 9, 'C': 7, 'D': 6, 'A': 5}","[0.58, 1.0, 0.75, 0.79, 0.75]",3.87
126,4,"['C', 'D', 'B', 'A']",0.75,bullet,['C'],"{'B': 9, 'C': 7, 'D': 6, 'A': 5}","[0.58, 1.0, 0.75, 0.79, 0.75]",3.87
126,4,"['C', 'D', 'B', 'A']",0.75,bullet,['C'],"{'B': 9, 'C': 7, 'D': 6, 'A': 5}","[0.58, 1.0, 0.75, 0.79, 0.75]",3.87
126,4,"['C', 'D', 'B', 'A']",0.75,bullet,['C'],"{'B': 9, 'C': 7, 'D': 6, 'A': 5}","[0.58, 1.0, 0.75, 0.79, 0.75]",3.87
127,4,"['D', 'B', 'C', 'A']",0.75,bullet,['D'],"{'D': 10, 'B': 8, 'A': 6, 'C': 3}","[0.42, 0.88, 0.88, 1.0, 1.0]",4.18
127,4,"['D', 'B', 'C', 'A']",0.75,bullet,['D'],"{'D': 10, 'B': 8, 'A': 6, 'C': 3}","[0.42, 0.88, 0.88, 1.0, 1.0]",4.18
127,4,"['D', 'B', 'C', 'A']",0.75,bullet,['D'],"{'D': 10, 'B': 8, 'A': 6, 'C': 3}","[0.42, 0.88, 0.88, 1.0, 1.0]",4.18
127,4,"['D', 'B', 'C', 'A']",0.75,bullet,['D'],"{'D': 10, 'B': 8, 'A': 6, 'C': 3}","[0.42, 0.88, 0.88, 1.0, 1.0]",4.18
127,5,"['D', 'A', 'B', 'C']",0.79,bullet,['D'],"{'D': 10, 'B': 9, 'A': 4, 'C': 4}","[0.42, 0.88, 0.88, 1.0, 1.0]",4.18
127,5,"['D', 'A', 'B', 'C']",0.79,bullet,['D'],"{'D': 10, 'B': 9, 'A': 4, 'C': 4}","[0.42, 0.88, 0.88, 1.0, 1.0]",4.18
127,5,"['D', 'A', 'B', 'C']",0.79,bullet,['D'],"{'D': 10, 'B': 9, 'A': 4, 'C': 4}","[0.42, 0.88, 0.88, 1.0, 1.0]",4.18
127,5,"['D', 'A', 'B', 'C']",0.79,bullet,['D'],"{'D': 10, 'B': 9, 'A': 4, 'C': 4}","[0.42, 0.88, 0.88, 1.0, 1.0]",4.18
128,4,"['A', 'B', 'D', 'C']",0.54,compromising,"['D', 'A', 'B', 'C']","{'B': 11, 'D': 9, 'C': 7, 'A': 3}","[1.0, 0.58, 1.0, 0.58, 0.88]",4.04
128,5,"['D', 'B', 'C', 'A']",0.75,bullet,['D'],"{'B': 10, 'D': 7, 'C': 6, 'A': 4}","[1.0, 0.58, 1.0, 0.58, 0.88]",4.04
128,5,"['D', 'B', 'C', 'A']",0.75,bullet,['D'],"{'B': 10, 'D': 7, 'C': 6, 'A': 4}","[1.0, 0.58, 1.0, 0.58, 0.88]",4.04
128,5,"['D', 'B', 'C', 'A']",0.75,bullet,['D'],"{'B': 10, 'D': 7, 'C': 6, 'A': 4}","[1.0, 0.58, 1.0, 0.58, 0.88]",4.04
128,5,"['D', 'B', 'C', 'A']",0.75,bullet,['D'],"{'B': 10, 'D': 7, 'C': 6, 'A': 4}","[1.0, 0.58, 1.0, 0.58, 0.88]",4.04
129,2,"['D', 'A', 'C', 'B']",0.75,bullet,['D'],"{'D': 10, 'A': 8, 'B': 6, 'C': 3}","[0.42, 1.0, 1.0, 1.0, 0.79]",4.21
129,2,"['D', 'A', 'C', 'B']",0.75,bullet,['D'],"{'D': 10, 'A': 8, 'B': 6, 'C': 3}","[0.42, 1.0, 1.0, 1.0, 0.79]",4.21
129,2,"['D', 'A', 'C', 'B']",0.75,bullet,['D'],"{'D': 10, 'A': 8, 'B': 6, 'C': 3}","[0.42, 1.0, 1.0, 1.0, 0.79]",4.21
129,2,"['D', 'A', 'C', 'B']",0.75,bullet,['D'],"{'D': 10, 'A': 8, 'B': 6, 'C': 3}","[0.42, 1.0, 1.0, 1.0, 0.79]",4.21
129,3,"['D', 'A', 'B', 'C']",0.88,bullet,['D'],"{'D': 10, 'A': 8, 'B': 5, 'C': 4}","[0.42, 1.0, 1.0, 1.0, 0.79]",4.21
129,3,"['D', 'A', 'B', 'C']",0.88,bullet,['D'],"{'D': 10, 'A': 8, 'B': 5, 'C': 4}","[0.42, 1.0, 1.0, 1.0, 0.79]",4.21
129,3,"['D', 'A', 'B', 'C']",0.88,bullet,['D'],"{'D': 10, 'A': 8, 'B': 5, 'C': 4}","[0.42, 1.0, 1.0, 1.0, 0.79]",4.21
129,3,"['D', 'A', 'B', 'C']",0.88,bullet,['D'],"{'D': 10, 'A': 8, 'B': 5, 'C': 4}","[0.42, 1.0, 1.0, 1.0, 0.79]",4.21
129,4,"['D', 'A', 'B', 'C']",0.88,bullet,['D'],"{'D': 10, 'A': 8, 'B': 5, 'C': 4}","[0.42, 1.0, 1.0, 1.0, 0.79]",4.21
129,4,"['D', 'A', 'B', 'C']",0.88,bullet,['D'],"{'D': 10, 'A': 8, 'B': 5, 'C': 4}","[0.42, 1.0, 1.0, 1.0, 0.79]",4.21
129,4,"['D', 'A', 'B', 'C']",0.88,bullet,['D'],"{'D': 10, 'A': 8, 'B': 5, 'C': 4}","[0.42, 1.0, 1.0, 1.0, 0.79]",4.21
129,4,"['D', 'A', 'B', 'C']",0.88,bullet,['D'],"{'D': 10, 'A': 8, 'B': 5, 'C': 4}","[0.42, 1.0, 1.0, 1.0, 0.79]",4.21
130,"[1, 2]","[['A', 'B', 'C', 'D'], ['A', 'D', 'B', 'C']]","[0.75, 0.79]","['burying', 'burying']","[['A', 'C', 'D', 'B'], ['A', 'D', 'C', 'B']]","{'A': 8, 'B': 8, 'D': 8, 'C': 6}","[1.0, 1.0, 0.54, 0.75, 0.58]",3.87
133,"[1, 2]","[['A', 'C', 'D', 'B'], ['A', 'C', 'D', 'B']]","[0.79, 0.79]","['burying', 'bullet']","[['A', 'C', 'D', 'B'], ['A']]","{'A': 10, 'D': 10, 'C': 5, 'B': 2}","[1.0, 1.0, 0.88, 0.58, 0.88]",4.34
134,"[1, 4]","[['A', 'C', 'B', 'D'], ['C', 'A', 'D', 'B']]","[0.54, 0.79]","['compromising', 'burying']","[['C', 'A', 'B', 'D'], ['C', 'A', 'B', 'D']]","{'C': 9, 'D': 9, 'A': 6, 'B': 6}","[0.58, 0.67, 0.88, 1.0, 0.58]",3.71
137,"[2, 5]","[['B', 'C', 'D', 'A'], ['B', 'C', 'D', 'A']]","[0.88, 0.88]","['bullet', 'bullet']","[['B'], ['B']]","{'B': 9, 'C': 9, 'D': 4, 'A': 2}","[0.58, 1.0, 0.79, 0.88, 1.0]",4.25
138,"[4, 5]","[['A', 'B', 'D', 'C'], ['A', 'C', 'D', 'B']]","[0.58, 0.75]","['bullet', 'bullet']","[['A'], ['A']]","{'A': 9, 'C': 9, 'B': 3, 'D': 3}","[0.58, 0.67, 0.88, 1.0, 1.0]",4.13
139,"[1, 3]","[['C', 'D', 'A', 'B'], ['A', 'B', 'D', 'C']]","[0.58, 0.79]","['compromising', 'burying']","[['A', 'C', 'D', 'B'], ['A', 'D', 'C', 'B']]","{'A': 9, 'D': 9, 'C': 7, 'B': 5}","[0.75, 0.75, 1.0, 0.58, 0.58]",3.66
139,"[2, 3]","[['C', 'D', 'A', 'B'], ['A', 'B', 'D', 'C']]","[0.58, 0.79]","['compromising', 'burying']","[['A', 'C', 'D', 'B'], ['A', 'D', 'C', 'B']]","{'A': 9, 'D': 9, 'C': 7, 'B': 5}","[0.75, 0.75, 1.0, 0.58, 0.58]",3.66
140,4,"['B', 'C', 'A', 'D']",0.58,compromising,"['A', 'B', 'D', 'C']","{'B': 10, 'D': 10, 'A': 9, 'C': 1}","[0.88, 0.88, 0.58, 1.0, 0.88]",4.22
140,4,"['B', 'C', 'A', 'D']",0.58,compromising,"['D', 'B', 'A', 'C']","{'D': 12, 'B': 10, 'A': 7, 'C': 1}","[1.0, 1.0, 0.54, 0.79, 1.0]",4.33
140,4,"['B', 'C', 'A', 'D']",0.58,compromising,"['C', 'B', 'A', 'D']","{'B': 10, 'D': 9, 'A': 7, 'C': 4}","[0.88, 0.88, 0.58, 1.0, 0.88]",4.22
140,4,"['B', 'C', 'A', 'D']",0.58,burying,"['B', 'A', 'D', 'C']","{'B': 11, 'D': 10, 'A': 8, 'C': 1}","[0.88, 0.88, 0.58, 1.0, 0.88]",4.22
140,4,"['B', 'C', 'A', 'D']",0.58,burying,"['B', 'A', 'D', 'C']","{'B': 11, 'D': 10, 'A': 8, 'C': 1}","[0.88, 0.88, 0.58, 1.0, 0.88]",4.22
140,4,"['B', 'C', 'A', 'D']",0.58,burying,"['B', 'A', 'D', 'C']","{'B': 11, 'D': 10, 'A': 8, 'C': 1}","[0.88, 0.88, 0.58, 1.0, 0.88]",4.22
140,4,"['B', 'C', 'A', 'D']",0.58,burying,"['B', 'A', 'D', 'C']","{'B': 11, 'D': 10, 'A': 8, 'C': 1}","[0.88, 0.88, 0.58, 1.0, 0.88]",4.22
140,4,"['B', 'C', 'A', 'D']",0.58,bullet,['B'],"{'B': 11, 'D': 9, 'A': 6, 'C': 1}","[0.88, 0.88, 0.58, 1.0, 0.88]",4.22
140,4,"['B', 'C', 'A', 'D']",0.58,bullet,['B'],"{'B': 11, 'D': 9, 'A': 6, 'C': 1}","[0.88, 0.88, 0.58, 1.0, 0.88]",4.22
140,4,"['B', 'C', 'A', 'D']",0.58,bullet,['B'],"{'B': 11, 'D': 9, 'A': 6, 'C': 1}","[0.88, 0.88, 0.58, 1.0, 0.88]",4.22
140,4,"['B', 'C', 'A', 'D']",0.58,bullet,['B'],"{'B': 11, 'D': 9, 'A': 6, 'C': 1}","[0.88, 0.88, 0.58, 1.0, 0.88]",4.22
141,2,"['A', 'B', 'C', 'D']",0.58,compromising,"['B', 'A', 'C', 'D']","{'B': 9, 'A': 8, 'D': 8, 'C': 5}","[0.75, 0.75, 0.54, 0.54, 1.0]",3.58
141,2,"['A', 'B', 'C', 'D']",0.58,compromising,"['C', 'A', 'B', 'D']","{'A': 8, 'D': 8, 'B': 7, 'C': 7}","[0.88, 1.0, 0.42, 0.75, 0.75]",3.8
141,2,"['A', 'B', 'C', 'D']",0.58,burying,"['A', 'B', 'C', 'D']","{'A': 9, 'B': 8, 'D': 8, 'C': 5}","[0.75, 1.0, 0.5, 0.58, 0.88]",3.71
141,2,"['A', 'B', 'C', 'D']",0.58,burying,"['A', 'B', 'C', 'D']","{'A': 9, 'B': 8, 'D': 8, 'C': 5}","[0.75, 1.0, 0.5, 0.58, 0.88]",3.71
141,2,"['A', 'B', 'C', 'D']",0.58,burying,"['A', 'B', 'C', 'D']","{'A': 9, 'B': 8, 'D': 8, 'C': 5}","[0.75, 1.0, 0.5, 0.58, 0.88]",3.71
141,2,"['A', 'B', 'C', 'D']",0.58,burying,"['A', 'B', 'C', 'D']","{'A': 9, 'B': 8, 'D': 8, 'C': 5}","[0.75, 1.0, 0.5, 0.58, 0.88]",3.71
141,2,"['A', 'B', 'C', 'D']",0.58,bullet,['A'],"{'A': 9, 'D': 8, 'B': 6, 'C': 4}","[0.88, 1.0, 0.42, 0.75, 0.75]",3.8
141,2,"['A', 'B', 'C', 'D']",0.58,bullet,['A'],"{'A': 9, 'D': 8, 'B': 6, 'C': 4}","[0.88, 1.0, 0.42, 0.75, 0.75]",3.8
141,2,"['A', 'B', 'C', 'D']",0.58,bullet,['A'],"{'A': 9, 'D': 8, 'B': 6, 'C': 4}","[0.88, 1.0, 0.42, 0.75, 0.75]",3.8
141,2,"['A', 'B', 'C', 'D']",0.58,bullet,['A'],"{'A': 9, 'D': 8, 'B': 6, 'C': 4}","[0.88, 1.0, 0.42, 0.75, 0.75]",3.8
142,2,"['D', 'C', 'A', 'B']",0.88,compromising,"['B', 'D', 'C', 'A']","{'D': 10, 'C': 8, 'A': 7, 'B': 5}","[0.58, 1.0, 1.0, 0.75, 1.0]",4.33
142,2,"['D', 'C', 'A', 'B']",0.88,burying,"['D', 'B', 'C', 'A']","{'D': 11, 'C': 8, 'A': 7, 'B': 4}","[0.58, 1.0, 1.0, 0.75, 1.0]",4.33
142,2,"['D', 'C', 'A', 'B']",0.88,burying,"['D', 'B', 'C', 'A']","{'D': 11, 'C': 8, 'A': 7, 'B': 4}","[0.58, 1.0, 1.0, 0.75, 1.0]",4.33
142,2,"['D', 'C', 'A', 'B']",0.88,burying,"['D', 'B', 'C', 'A']","{'D': 11, 'C': 8, 'A': 7, 'B': 4}","[0.58, 1.0, 1.0, 0.75, 1.0]",4.33
142,2,"['D', 'C', 'A', 'B']",0.88,burying,"['D', 'B', 'C', 'A']","{'D': 11, 'C': 8, 'A': 7, 'B': 4}","[0.58, 1.0, 1.0, 0.75, 1.0]",4.33
142,2,"['D', 'C', 'A', 'B']",0.88,bullet,['D'],"{'D': 11, 'A': 7, 'C': 7, 'B': 2}","[0.54, 1.0, 1.0, 0.88, 1.0]",4.42
142,2,"['D', 'C', 'A', 'B']",0.88,bullet,['D'],"{'D': 11, 'A': 7, 'C': 7, 'B': 2}","[0.54, 1.0, 1.0, 0.88, 1.0]",4.42
142,2,"['D', 'C', 'A', 'B']",0.88,bullet,['D'],"{'D': 11, 'A': 7, 'C': 7, 'B': 2}","[0.54, 1.0, 1.0, 0.88, 1.0]",4.42
142,2,"['D', 'C', 'A', 'B']",0.88,bullet,['D'],"{'D': 11, 'A': 7, 'C': 7, 'B': 2}","[0.54, 1.0, 1.0, 0.88, 1.0]",4.42
142,3,"['D', 'C', 'A', 'B']",0.88,compromising,"['A', 'D', 'C', 'B']","{'D': 10, 'A': 8, 'C': 8, 'B': 4}","[0.54, 1.0, 1.0, 0.88, 1.0]",4.42
142,3,"['D', 'C', 'A', 'B']",0.88,compromising,"['B', 'D', 'A', 'C']","{'D': 10, 'B': 7, 'C': 7, 'A': 6}","[0.46, 1.0, 1.0, 0.54, 1.0]",4.0
142,3,"['D', 'C', 'A', 'B']",0.88,burying,"['D', 'A', 'C', 'B']","{'D': 11, 'C': 8, 'A': 7, 'B': 4}","[0.58, 1.0, 1.0, 0.75, 1.0]",4.33
142,3,"['D', 'C', 'A', 'B']",0.88,burying,"['D', 'A', 'C', 'B']","{'D': 11, 'C': 8, 'A': 7, 'B': 4}","[0.58, 1.0, 1.0, 0.75, 1.0]",4.33
142,3,"['D', 'C', 'A', 'B']",0.88,burying,"['D', 'A', 'C', 'B']","{'D': 11, 'C': 8, 'A': 7, 'B': 4}","[0.58, 1.0, 1.0, 0.75, 1.0]",4.33
142,3,"['D', 'C', 'A', 'B']",0.88,burying,"['D', 'A', 'C', 'B']","{'D': 11, 'C': 8, 'A': 7, 'B': 4}","[0.58, 1.0, 1.0, 0.75, 1.0]",4.33
142,3,"['D', 'C', 'A', 'B']",0.88,bullet,['D'],"{'D': 11, 'C': 7, 'A': 5, 'B': 4}","[0.58, 1.0, 1.0, 0.75, 1.0]",4.33
142,3,"['D', 'C', 'A', 'B']",0.88,bullet,['D'],"{'D': 11, 'C': 7, 'A': 5, 'B': 4}","[0.58, 1.0, 1.0, 0.75, 1.0]",4.33
142,3,"['D', 'C', 'A', 'B']",0.88,bullet,['D'],"{'D': 11, 'C': 7, 'A': 5, 'B': 4}","[0.58, 1.0, 1.0, 0.75, 1.0]",4.33
142,3,"['D', 'C', 'A', 'B']",0.88,bullet,['D'],"{'D': 11, 'C': 7, 'A': 5, 'B': 4}","[0.58, 1.0, 1.0, 0.75, 1.0]",4.33
142,4,"['A', 'B', 'C', 'D']",0.5,compromising,"['D', 'A', 'C', 'B']","{'D': 12, 'C': 8, 'A': 6, 'B': 4}","[0.58, 1.0, 1.0, 0.75, 1.0]",4.33
142,4,"['A', 'B', 'C', 'D']",0.5,compromising,"['C', 'A', 'D', 'B']","{'C': 10, 'D': 10, 'A': 6, 'B': 4}","[1.0, 0.67, 0.79, 0.75, 0.75]",3.96
142,4,"['A', 'B', 'C', 'D']",0.5,compromising,"['B', 'A', 'D', 'C']","{'D': 10, 'B': 7, 'C': 7, 'A': 6}","[0.46, 1.0, 1.0, 0.54, 1.0]",4.0
142,4,"['A', 'B', 'C', 'D']",0.5,burying,"['A', 'D', 'C', 'B']","{'D': 11, 'C': 8, 'A': 7, 'B': 4}","[0.58, 1.0, 1.0, 0.75, 1.0]",4.33
142,4,"['A', 'B', 'C', 'D']",0.5,burying,"['A', 'D', 'C', 'B']","{'D': 11, 'C': 8, 'A': 7, 'B': 4}","[0.58, 1.0, 1.0, 0.75, 1.0]",4.33
142,4,"['A', 'B', 'C', 'D']",0.5,burying,"['A', 'D', 'C', 'B']","{'D': 11, 'C': 8, 'A': 7, 'B': 4}","[0.58, 1.0, 1.0, 0.75, 1.0]",4.33
142,4,"['A', 'B', 'C', 'D']",0.5,burying,"['A', 'D', 'C', 'B']","{'D': 11, 'C': 8, 'A': 7, 'B': 4}","[0.58, 1.0, 1.0, 0.75, 1.0]",4.33
142,4,"['A', 'B', 'C', 'D']",0.5,bullet,['A'],"{'D': 9, 'A': 7, 'C': 7, 'B': 4}","[0.54, 1.0, 1.0, 0.88, 1.0]",4.42
142,4,"['A', 'B', 'C', 'D']",0.5,bullet,['A'],"{'D': 9, 'A': 7, 'C': 7, 'B': 4}","[0.54, 1.0, 1.0, 0.88, 1.0]",4.42
142,4,"['A', 'B', 'C', 'D']",0.5,bullet,['A'],"{'D': 9, 'A': 7, 'C': 7, 'B': 4}","[0.54, 1.0, 1.0, 0.88, 1.0]",4.42
142,4,"['A', 'B', 'C', 'D']",0.5,bullet,['A'],"{'D': 9, 'A': 7, 'C': 7, 'B': 4}","[0.54, 1.0, 1.0, 0.88, 1.0]",4.42
142,5,"['D', 'C', 'A', 'B']",0.88,compromising,"['C', 'D', 'B', 'A']","{'D': 10, 'C': 9, 'A': 7, 'B': 4}","[0.58, 1.0, 1.0, 0.75, 1.0]",4.33
142,5,"['D', 'C', 'A', 'B']",0.88,compromising,"['B', 'D', 'C', 'A']","{'D': 10, 'A': 7, 'C': 7, 'B': 6}","[0.54, 1.0, 1.0, 0.88, 1.0]",4.42
142,5,"['D', 'C', 'A', 'B']",0.88,burying,"['D', 'C', 'B', 'A']","{'D': 11, 'C': 8, 'A': 7, 'B': 4}","[0.58, 1.0, 1.0, 0.75, 1.0]",4.33
142,5,"['D', 'C', 'A', 'B']",0.88,burying,"['D', 'C', 'B', 'A']","{'D': 11, 'C': 8, 'A': 7, 'B': 4}","[0.58, 1.0, 1.0, 0.75, 1.0]",4.33
142,5,"['D', 'C', 'A', 'B']",0.88,burying,"['D', 'C', 'B', 'A']","{'D': 11, 'C': 8, 'A': 7, 'B': 4}","[0.58, 1.0, 1.0, 0.75, 1.0]",4.33
142,5,"['D', 'C', 'A', 'B']",0.88,burying,"['D', 'C', 'B', 'A']","{'D': 11, 'C': 8, 'A': 7, 'B': 4}","[0.58, 1.0, 1.0, 0.75, 1.0]",4.33
142,5,"['D', 'C', 'A', 'B']",0.88,bullet,['D'],"{'D': 11, 'A': 7, 'C': 6, 'B': 3}","[0.54, 1.0, 1.0, 0.88, 1.0]",4.42
142,5,"['D', 'C', 'A', 'B']",0.88,bullet,['D'],"{'D': 11, 'A': 7, 'C': 6, 'B': 3}","[0.54, 1.0, 1.0, 0.88, 1.0]",4.42
142,5,"['D', 'C', 'A', 'B']",0.88,bullet,['D'],"{'D': 11, 'A': 7, 'C': 6, 'B': 3}","[0.54, 1.0, 1.0, 0.88, 1.0]",4.42
142,5,"['D', 'C', 'A', 'B']",0.88,bullet,['D'],"{'D': 11, 'A': 7, 'C': 6, 'B': 3}","[0.54, 1.0, 1.0, 0.88, 1.0]",4.42
143,1,"['A', 'D', 'C', 'B']",0.79,compromising,"['C', 'A', 'B', 'D']","{'C': 15, 'A': 8, 'B': 5, 'D': 2}","[0.88, 1.0, 1.0, 1.0, 1.0]",4.88
143,1,"['A', 'D', 'C', 'B']",0.79,compromising,"['B', 'A', 'C', 'D']","{'C': 13, 'A': 8, 'B': 7, 'D': 2}","[0.88, 1.0, 1.0, 1.0, 1.0]",4.88
143,1,"['A', 'D', 'C', 'B']",0.79,burying,"['A', 'C', 'B', 'D']","{'C': 14, 'A': 9, 'B': 5, 'D': 2}","[0.88, 1.0, 1.0, 1.0, 1.0]",4.88
143,1,"['A', 'D', 'C', 'B']",0.79,burying,"['A', 'C', 'B', 'D']","{'C': 14, 'A': 9, 'B': 5, 'D': 2}","[0.88, 1.0, 1.0, 1.0, 1.0]",4.88
143,1,"['A', 'D', 'C', 'B']",0.79,burying,"['A', 'C', 'B', 'D']","{'C': 14, 'A': 9, 'B': 5, 'D': 2}","[0.88, 1.0, 1.0, 1.0, 1.0]",4.88
143,1,"['A', 'D', 'C', 'B']",0.79,burying,"['A', 'C', 'B', 'D']","{'C': 14, 'A': 9, 'B': 5, 'D': 2}","[0.88, 1.0, 1.0, 1.0, 1.0]",4.88
143,1,"['A', 'D', 'C', 'B']",0.79,bullet,['A'],"{'C': 0, 'A': -6, 'B': -8, 'D': -10}","[0.88, 1.0, 1.0, 1.0, 1.0]",4.88
143,1,"['A', 'D', 'C', 'B']",0.79,bullet,['A'],"{'C': 0, 'A': -6, 'B': -8, 'D': -10}","[0.88, 1.0, 1.0, 1.0, 1.0]",4.88
143,1,"['A', 'D', 'C', 'B']",0.79,bullet,['A'],"{'C': 0, 'A': -6, 'B': -8, 'D': -10}","[0.88, 1.0, 1.0, 1.0, 1.0]",4.88
143,1,"['A', 'D', 'C', 'B']",0.79,bullet,['A'],"{'C': 0, 'A': -6, 'B': -8, 'D': -10}","[0.88, 1.0, 1.0, 1.0, 1.0]",4.88
144,1,"['B', 'D', 'C', 'A']",0.58,compromising,"['A', 'B', 'D', 'C']","{'A': 12, 'B': 7, 'D': 7, 'C': 4}","[0.88, 0.75, 1.0, 1.0, 0.58]",4.21
144,1,"['B', 'D', 'C', 'A']",0.58,compromising,"['D', 'B', 'A', 'C']","{'A': 10, 'D': 9, 'B': 7, 'C': 4}","[0.75, 0.79, 1.0, 1.0, 0.75]",4.29
144,1,"['B', 'D', 'C', 'A']",0.58,compromising,"['C', 'B', 'A', 'D']","{'A': 10, 'B': 7, 'C': 7, 'D': 6}","[0.75, 0.58, 1.0, 1.0, 0.54]",3.87
144,1,"['B', 'D', 'C', 'A']",0.58,burying,"['B', 'A', 'D', 'C']","{'A': 11, 'B': 8, 'D': 7, 'C': 4}","[0.88, 0.75, 1.0, 1.0, 0.58]",4.21
144,1,"['B', 'D', 'C', 'A']",0.58,burying,"['B', 'A', 'D', 'C']","{'A': 11, 'B': 8, 'D': 7, 'C': 4}","[0.88, 0.75, 1.0, 1.0, 0.58]",4.21
144,1,"['B', 'D', 'C', 'A']",0.58,burying,"['B', 'A', 'D', 'C']","{'A': 11, 'B': 8, 'D': 7, 'C': 4}","[0.88, 0.75, 1.0, 1.0, 0.58]",4.21
144,1,"['B', 'D', 'C', 'A']",0.58,burying,"['B', 'A', 'D', 'C']","{'A': 11, 'B': 8, 'D': 7, 'C': 4}","[0.88, 0.75, 1.0, 1.0, 0.58]",4.21
144,1,"['B', 'D', 'C', 'A']",0.58,bullet,['B'],"{'A': -3, 'D': -6, 'B': -7, 'C': -8}","[0.75, 0.79, 1.0, 1.0, 0.75]",4.29
144,1,"['B', 'D', 'C', 'A']",0.58,bullet,['B'],"{'A': -3, 'D': -6, 'B': -7, 'C': -8}","[0.75, 0.79, 1.0, 1.0, 0.75]",4.29
144,1,"['B', 'D', 'C', 'A']",0.58,bullet,['B'],"{'A': -3, 'D': -6, 'B': -7, 'C': -8}","[0.75, 0.79, 1.0, 1.0, 0.75]",4.29
144,1,"['B', 'D', 'C', 'A']",0.58,bullet,['B'],"{'A': -3, 'D': -6, 'B': -7, 'C': -8}","[0.75, 0.79, 1.0, 1.0, 0.75]",4.29
144,3,"['A', 'B', 'D', 'C']",0.79,compromising,"['B', 'A', 'C', 'D']","{'A': 10, 'B': 9, 'D': 7, 'C': 4}","[0.88, 0.75, 1.0, 1.0, 0.58]",4.21
144,3,"['A', 'B', 'D', 'C']",0.79,compromising,"['C', 'A', 'B', 'D']","{'A': 10, 'B': 7, 'D': 7, 'C': 6}","[0.88, 0.75, 1.0, 1.0, 0.58]",4.21
144,3,"['A', 'B', 'D', 'C']",0.79,compromising,"['D', 'A', 'B', 'C']","{'A': 10, 'D': 10, 'B': 7, 'C': 3}","[0.75, 0.79, 1.0, 1.0, 0.75]",4.29
144,3,"['A', 'B', 'D', 'C']",0.79,burying,"['A', 'B', 'C', 'D']","{'A': 11, 'B': 8, 'D': 7, 'C': 4}","[0.88, 0.75, 1.0, 1.0, 0.58]",4.21
144,3,"['A', 'B', 'D', 'C']",0.79,burying,"['A', 'B', 'C', 'D']","{'A': 11, 'B': 8, 'D': 7, 'C': 4}","[0.88, 0.75, 1.0, 1.0, 0.58]",4.21
144,3,"['A', 'B', 'D', 'C']",0.79,burying,"['A', 'B', 'C', 'D']","{'A': 11, 'B': 8, 'D': 7, 'C': 4}","[0.88, 0.75, 1.0, 1.0, 0.58]",4.21
144,3,"['A', 'B', 'D', 'C']",0.79,burying,"['A', 'B', 'C', 'D']","{'A': 11, 'B': 8, 'D': 7, 'C': 4}","[0.88, 0.75, 1.0, 1.0, 0.58]",4.21
144,3,"['A', 'B', 'D', 'C']",0.79,bullet,['A'],"{'A': 11, 'D': 7, 'B': 6, 'C': 3}","[0.75, 0.79, 1.0, 1.0, 0.75]",4.29
144,3,"['A', 'B', 'D', 'C']",0.79,bullet,['A'],"{'A': 11, 'D': 7, 'B': 6, 'C': 3}","[0.75, 0.79, 1.0, 1.0, 0.75]",4.29
144,3,"['A', 'B', 'D', 'C']",0.79,bullet,['A'],"{'A': 11, 'D': 7, 'B': 6, 'C': 3}","[0.75, 0.79, 1.0, 1.0, 0.75]",4.29
144,3,"['A', 'B', 'D', 'C']",0.79,bullet,['A'],"{'A': 11, 'D': 7, 'B': 6, 'C': 3}","[0.75, 0.79, 1.0, 1.0, 0.75]",4.29
144,4,"['A', 'C', 'D', 'B']",0.67,compromising,"['C', 'A', 'B', 'D']","{'A': 10, 'B': 8, 'D': 7, 'C': 5}","[0.88, 0.75, 1.0, 1.0, 0.58]",4.21
144,4,"['A', 'C', 'D', 'B']",0.67,compromising,"['B', 'A', 'C', 'D']","{'A': 10, 'B': 10, 'D': 7, 'C': 3}","[0.88, 0.75, 1.0, 1.0, 0.58]",4.21
144,4,"['A', 'C', 'D', 'B']",0.67,compromising,"['D', 'A', 'C', 'B']","{'A': 10, 'D': 10, 'B': 7, 'C': 3}","[0.75, 0.79, 1.0, 1.0, 0.75]",4.29
144,4,"['A', 'C', 'D', 'B']",0.67,burying,"['A', 'C', 'B', 'D']","{'A': 11, 'B': 8, 'D': 7, 'C': 4}","[0.88, 0.75, 1.0, 1.0, 0.58]",4.21
144,4,"['A', 'C', 'D', 'B']",0.67,burying,"['A', 'C', 'B', 'D']","{'A': 11, 'B': 8, 'D': 7, 'C': 4}","[0.88, 0.75, 1.0, 1.0, 0.58]",4.21
144,4,"['A', 'C', 'D', 'B']",0.67,burying,"['A', 'C', 'B', 'D']","{'A': 11, 'B': 8, 'D': 7, 'C': 4}","[0.88, 0.75, 1.0, 1.0, 0.58]",4.21
144,4,"['A', 'C', 'D', 'B']",0.67,burying,"['A', 'C', 'B', 'D']","{'A': 11, 'B': 8, 'D': 7, 'C': 4}","[0.88, 0.75, 1.0, 1.0, 0.58]",4.21
144,4,"['A', 'C', 'D', 'B']",0.67,bullet,['A'],"{'A': 11, 'B': 7, 'D': 7, 'C': 2}","[0.88, 0.75, 1.0, 1.0, 0.58]",4.21
144,4,"['A', 'C', 'D', 'B']",0.67,bullet,['A'],"{'A': 11, 'B': 7, 'D': 7, 'C': 2}","[0.88, 0.75, 1.0, 1.0, 0.58]",4.21
144,4,"['A', 'C', 'D', 'B']",0.67,bullet,['A'],"{'A': 11, 'B': 7, 'D': 7, 'C': 2}","[0.88, 0.75, 1.0, 1.0, 0.58]",4.21
144,4,"['A', 'C', 'D', 'B']",0.67,bullet,['A'],"{'A': 11, 'B': 7, 'D': 7, 'C': 2}","[0.88, 0.75, 1.0, 1.0, 0.58]",4.21
147,2,"['B', 'D', 'C', 'A']",0.88,burying,"['B', 'C', 'A', 'D']","{'B': 9, 'C': 8, 'A': 7, 'D': 6}","[0.58, 1.0, 0.75, 0.54, 0.79]",3.66
147,2,"['B', 'D', 'C', 'A']",0.88,burying,"['B', 'C', 'A', 'D']","{'B': 9, 'C': 8, 'A': 7, 'D': 6}","[0.58, 1.0, 0.75, 0.54, 0.79]",3.66
147,2,"['B', 'D', 'C', 'A']",0.88,burying,"['B', 'C', 'A', 'D']","{'B': 9, 'C': 8, 'A': 7, 'D': 6}","[0.58, 1.0, 0.75, 0.54, 0.79]",3.66
147,2,"['B', 'D', 'C', 'A']",0.88,burying,"['B', 'C', 'A', 'D']","{'B': 9, 'C': 8, 'A': 7, 'D': 6}","[0.58, 1.0, 0.75, 0.54, 0.79]",3.66
147,2,"['B', 'D', 'C', 'A']",0.88,bullet,['B'],"{'B': 9, 'A': 6, 'C': 6, 'D': 6}","[0.54, 1.0, 0.79, 0.58, 0.75]",3.66
147,2,"['B', 'D', 'C', 'A']",0.88,bullet,['B'],"{'B': 9, 'A': 6, 'C': 6, 'D': 6}","[0.54, 1.0, 0.79, 0.58, 0.75]",3.66
147,2,"['B', 'D', 'C', 'A']",0.88,bullet,['B'],"{'B': 9, 'A': 6, 'C': 6, 'D': 6}","[0.54, 1.0, 0.79, 0.58, 0.75]",3.66
147,2,"['B', 'D', 'C', 'A']",0.88,bullet,['B'],"{'B': 9, 'A': 6, 'C': 6, 'D': 6}","[0.54, 1.0, 0.79, 0.58, 0.75]",3.66
147,3,"['A', 'D', 'B', 'C']",0.58,compromising,"['C', 'A', 'B', 'D']","{'B': 9, 'C': 9, 'A': 6, 'D': 6}","[0.58, 1.0, 0.75, 0.54, 0.79]",3.66
147,3,"['A', 'D', 'B', 'C']",0.58,compromising,"['B', 'A', 'C', 'D']","{'B': 11, 'C': 7, 'A': 6, 'D': 6}","[0.58, 1.0, 0.75, 0.54, 0.79]",3.66
147,3,"['A', 'D', 'B', 'C']",0.58,burying,"['A', 'C', 'B', 'D']","{'B': 9, 'C': 8, 'A': 7, 'D': 6}","[0.58, 1.0, 0.75, 0.54, 0.79]",3.66
147,3,"['A', 'D', 'B', 'C']",0.58,burying,"['A', 'C', 'B', 'D']","{'B': 9, 'C': 8, 'A': 7, 'D': 6}","[0.58, 1.0, 0.75, 0.54, 0.79]",3.66
147,3,"['A', 'D', 'B', 'C']",0.58,burying,"['A', 'C', 'B', 'D']","{'B': 9, 'C': 8, 'A': 7, 'D': 6}","[0.58, 1.0, 0.75, 0.54, 0.79]",3.66
147,3,"['A', 'D', 'B', 'C']",0.58,burying,"['A', 'C', 'B', 'D']","{'B': 9, 'C': 8, 'A': 7, 'D': 6}","[0.58, 1.0, 0.75, 0.54, 0.79]",3.66
147,3,"['A', 'D', 'B', 'C']",0.58,bullet,['A'],"{'B': 8, 'A': 7, 'C': 6, 'D': 6}","[0.54, 1.0, 0.79, 0.58, 0.75]",3.66
147,3,"['A', 'D', 'B', 'C']",0.58,bullet,['A'],"{'B': 8, 'A': 7, 'C': 6, 'D': 6}","[0.54, 1.0, 0.79, 0.58, 0.75]",3.66
147,3,"['A', 'D', 'B', 'C']",0.58,bullet,['A'],"{'B': 8, 'A': 7, 'C': 6, 'D': 6}","[0.54, 1.0, 0.79, 0.58, 0.75]",3.66
147,3,"['A', 'D', 'B', 'C']",0.58,bullet,['A'],"{'B': 8, 'A': 7, 'C': 6, 'D': 6}","[0.54, 1.0, 0.79, 0.58, 0.75]",3.66
147,5,"['C', 'D', 'B', 'A']",0.75,compromising,"['B', 'C', 'A', 'D']","{'B': 11, 'C': 7, 'A': 6, 'D': 6}","[0.58, 1.0, 0.75, 0.54, 0.79]",3.66
147,5,"['C', 'D', 'B', 'A']",0.75,burying,"['C', 'A', 'B', 'D']","{'B': 9, 'C': 8, 'A': 7, 'D': 6}","[0.58, 1.0, 0.75, 0.54, 0.79]",3.66
147,5,"['C', 'D', 'B', 'A']",0.75,burying,"['C', 'A', 'B', 'D']","{'B': 9, 'C': 8, 'A': 7, 'D': 6}","[0.58, 1.0, 0.75, 0.54, 0.79]",3.66
147,5,"['C', 'D', 'B', 'A']",0.75,burying,"['C', 'A', 'B', 'D']","{'B': 9, 'C': 8, 'A': 7, 'D': 6}","[0.58, 1.0, 0.75, 0.54, 0.79]",3.66
147,5,"['C', 'D', 'B', 'A']",0.75,burying,"['C', 'A', 'B', 'D']","{'B': 9, 'C': 8, 'A': 7, 'D': 6}","[0.58, 1.0, 0.75, 0.54, 0.79]",3.66
148,1,"['C', 'B', 'D', 'A']",0.67,compromising,"['A', 'C', 'D', 'B']","{'A': 9, 'C': 8, 'D': 7, 'B': 6}","[0.88, 0.5, 0.75, 1.0, 0.54]",3.67
148,1,"['C', 'B', 'D', 'A']",0.67,burying,"['C', 'A', 'D', 'B']","{'C': 9, 'A': 8, 'D': 7, 'B': 6}","[1.0, 0.46, 1.0, 0.67, 0.58]",3.71
148,1,"['C', 'B', 'D', 'A']",0.67,burying,"['C', 'A', 'D', 'B']","{'C': 9, 'A': 8, 'D': 7, 'B': 6}","[1.0, 0.46, 1.0, 0.67, 0.58]",3.71
148,1,"['C', 'B', 'D', 'A']",0.67,burying,"['C', 'A', 'D', 'B']","{'C': 9, 'A': 8, 'D': 7, 'B': 6}","[1.0, 0.46, 1.0, 0.67, 0.58]",3.71
148,1,"['C', 'B', 'D', 'A']",0.67,burying,"['C', 'A', 'D', 'B']","{'C': 9, 'A': 8, 'D': 7, 'B': 6}","[1.0, 0.46, 1.0, 0.67, 0.58]",3.71
148,1,"['C', 'B', 'D', 'A']",0.67,bullet,['C'],"{'A': -6, 'C': -6, 'D': -6, 'B': -6}","[0.88, 0.5, 0.75, 1.0, 0.54]",3.67
148,1,"['C', 'B', 'D', 'A']",0.67,bullet,['C'],"{'A': -6, 'C': -6, 'D': -6, 'B': -6}","[0.88, 0.5, 0.75, 1.0, 0.54]",3.67
148,1,"['C', 'B', 'D', 'A']",0.67,bullet,['C'],"{'A': -6, 'C': -6, 'D': -6, 'B': -6}","[0.88, 0.5, 0.75, 1.0, 0.54]",3.67
148,1,"['C', 'B', 'D', 'A']",0.67,bullet,['C'],"{'A': -6, 'C': -6, 'D': -6, 'B': -6}","[0.88, 0.5, 0.75, 1.0, 0.54]",3.67
148,3,"['C', 'A', 'B', 'D']",0.58,compromising,"['A', 'C', 'B', 'D']","{'A': 9, 'C': 8, 'D': 7, 'B': 6}","[0.88, 0.5, 0.75, 1.0, 0.54]",3.67
148,3,"['C', 'A', 'B', 'D']",0.58,compromising,"['B', 'C', 'A', 'D']","{'B': 8, 'C': 8, 'A': 7, 'D': 7}","[0.58, 0.54, 0.79, 0.75, 0.58]",3.24
148,3,"['C', 'A', 'B', 'D']",0.58,burying,"['C', 'A', 'B', 'D']","{'C': 9, 'A': 8, 'D': 7, 'B': 6}","[1.0, 0.46, 1.0, 0.67, 0.58]",3.71
148,3,"['C', 'A', 'B', 'D']",0.58,burying,"['C', 'A', 'B', 'D']","{'C': 9, 'A': 8, 'D': 7, 'B': 6}","[1.0, 0.46, 1.0, 0.67, 0.58]",3.71
148,3,"['C', 'A', 'B', 'D']",0.58,burying,"['C', 'A', 'B', 'D']","{'C': 9, 'A': 8, 'D': 7, 'B': 6}","[1.0, 0.46, 1.0, 0.67, 0.58]",3.71
148,3,"['C', 'A', 'B', 'D']",0.58,burying,"['C', 'A', 'B', 'D']","{'C': 9, 'A': 8, 'D': 7, 'B': 6}","[1.0, 0.46, 1.0, 0.67, 0.58]",3.71
148,3,"['C', 'A', 'B', 'D']",0.58,bullet,['C'],"{'C': 9, 'D': 7, 'A': 6, 'B': 5}","[1.0, 0.58, 1.0, 0.5, 0.75]",3.83
148,3,"['C', 'A', 'B', 'D']",0.58,bullet,['C'],"{'C': 9, 'D': 7, 'A': 6, 'B': 5}","[1.0, 0.58, 1.0, 0.5, 0.75]",3.83
148,3,"['C', 'A', 'B', 'D']",0.58,bullet,['C'],"{'C': 9, 'D': 7, 'A': 6, 'B': 5}","[1.0, 0.58, 1.0, 0.5, 0.75]",3.83
148,3,"['C', 'A', 'B', 'D']",0.58,bullet,['C'],"{'C': 9, 'D': 7, 'A': 6, 'B': 5}","[1.0, 0.58, 1.0, 0.5, 0.75]",3.83
148,4,"['A', 'D', 'C', 'B']",0.75,compromising,"['B', 'A', 'C', 'D']","{'C': 9, 'A': 7, 'B': 7, 'D': 7}","[1.0, 0.42, 1.0, 0.79, 0.54]",3.75
148,4,"['A', 'D', 'C', 'B']",0.75,bullet,['A'],"{'A': 8, 'C': 8, 'D': 7, 'B': 4}","[0.88, 0.5, 0.75, 1.0, 0.54]",3.67
148,4,"['A', 'D', 'C', 'B']",0.75,bullet,['A'],"{'A': 8, 'C': 8, 'D': 7, 'B': 4}","[0.88, 0.5, 0.75, 1.0, 0.54]",3.67
148,4,"['A', 'D', 'C', 'B']",0.75,bullet,['A'],"{'A': 8, 'C': 8, 'D': 7, 'B': 4}","[0.88, 0.5, 0.75, 1.0, 0.54]",3.67
148,4,"['A', 'D', 'C', 'B']",0.75,bullet,['A'],"{'A': 8, 'C': 8, 'D': 7, 'B': 4}","[0.88, 0.5, 0.75, 1.0, 0.54]",3.67
149,1,"['A', 'D', 'B', 'C']",0.67,compromising,"['B', 'A', 'D', 'C']","{'B': 12, 'D': 7, 'A': 6, 'C': 5}","[0.75, 1.0, 1.0, 0.54, 0.67]",3.96
149,1,"['A', 'D', 'B', 'C']",0.67,compromising,"['D', 'A', 'B', 'C']","{'B': 10, 'D': 9, 'A': 6, 'C': 5}","[0.75, 1.0, 1.0, 0.54, 0.67]",3.96
149,1,"['A', 'D', 'B', 'C']",0.67,burying,"['A', 'B', 'D', 'C']","{'B': 11, 'A': 7, 'D': 7, 'C': 5}","[0.88, 1.0, 1.0, 0.58, 0.5]",3.96
149,1,"['A', 'D', 'B', 'C']",0.67,burying,"['A', 'B', 'D', 'C']","{'B': 11, 'A': 7, 'D': 7, 'C': 5}","[0.88, 1.0, 1.0, 0.58, 0.5]",3.96
149,1,"['A', 'D', 'B', 'C']",0.67,burying,"['A', 'B', 'D', 'C']","{'B': 11, 'A': 7, 'D': 7, 'C': 5}","[0.88, 1.0, 1.0, 0.58, 0.5]",3.96
149,1,"['A', 'D', 'B', 'C']",0.67,burying,"['A', 'B', 'D', 'C']","{'B': 11, 'A': 7, 'D': 7, 'C': 5}","[0.88, 1.0, 1.0, 0.58, 0.5]",3.96
149,4,"['C', 'D', 'A', 'B']",0.46,compromising,"['B', 'C', 'A', 'D']","{'B': 12, 'A': 7, 'D': 7, 'C': 4}","[0.88, 1.0, 1.0, 0.58, 0.5]",3.96
149,4,"['C', 'D', 'A', 'B']",0.46,compromising,"['A', 'C', 'B', 'D']","{'B': 10, 'A': 9, 'D': 7, 'C': 4}","[0.88, 1.0, 1.0, 0.58, 0.5]",3.96
149,4,"['C', 'D', 'A', 'B']",0.46,compromising,"['D', 'C', 'B', 'A']","{'B': 10, 'D': 10, 'A': 6, 'C': 4}","[0.75, 1.0, 1.0, 0.54, 0.67]",3.96
149,4,"['C', 'D', 'A', 'B']",0.46,burying,"['C', 'B', 'A', 'D']","{'B': 11, 'A': 7, 'D': 7, 'C': 5}","[0.88, 1.0, 1.0, 0.58, 0.5]",3.96
149,4,"['C', 'D', 'A', 'B']",0.46,burying,"['C', 'B', 'A', 'D']","{'B': 11, 'A': 7, 'D': 7, 'C': 5}","[0.88, 1.0, 1.0, 0.58, 0.5]",3.96
149,4,"['C', 'D', 'A', 'B']",0.46,burying,"['C', 'B', 'A', 'D']","{'B': 11, 'A': 7, 'D': 7, 'C': 5}","[0.88, 1.0, 1.0, 0.58, 0.5]",3.96
149,4,"['C', 'D', 'A', 'B']",0.46,burying,"['C', 'B', 'A', 'D']","{'B': 11, 'A': 7, 'D': 7, 'C': 5}","[0.88, 1.0, 1.0, 0.58, 0.5]",3.96
149,4,"['C', 'D', 'A', 'B']",0.46,bullet,['C'],"{'B': 9, 'D': 7, 'A': 6, 'C': 5}","[0.75, 1.0, 1.0, 0.54, 0.67]",3.96
149,4,"['C', 'D', 'A', 'B']",0.46,bullet,['C'],"{'B': 9, 'D': 7, 'A': 6, 'C': 5}","[0.75, 1.0, 1.0, 0.54, 0.67]",3.96
149,4,"['C', 'D', 'A', 'B']",0.46,bullet,['C'],"{'B': 9, 'D': 7, 'A': 6, 'C': 5}","[0.75, 1.0, 1.0, 0.54, 0.67]",3.96
149,4,"['C', 'D', 'A', 'B']",0.46,bullet,['C'],"{'B': 9, 'D': 7, 'A': 6, 'C': 5}","[0.75, 1.0, 1.0, 0.54, 0.67]",3.96
150,[2],"[['C', 'D', 'B', 'A']]","[1.0, 0.75, 0.58, 0.58, 1.0]",['bullet'],[['C']],"{'D': 9, 'C': 7, 'B': 6, 'A': 5}","[1.0, 0.88, 0.75, 0.46, 1.0]",4.09
151,[4],"[['A', 'B', 'D', 'C']]","[0.75, 1.0, 1.0, 0.46, 1.0]",['bullet'],[['A']],"{'C': 11, 'A': 6, 'D': 6, 'B': 4}","[0.58, 1.0, 1.0, 0.58, 1.0]",4.16
152,[3],"[['B', 'D', 'C', 'A']]","[0.58, 1.0, 0.67, 1.0, 0.58]",['compromising'],"[['D', 'B', 'C', 'A']]","{'C': 10, 'B': 7, 'D': 7, 'A': 6}","[0.54, 1.0, 0.79, 1.0, 0.75]",4.08
153,[4],"[['B', 'D', 'C', 'A']]","[1.0, 1.0, 0.58, 0.67, 0.75]",['bullet'],[['B']],"{'B': 9, 'C': 9, 'A': 6, 'D': 3}","[0.75, 0.75, 0.54, 1.0, 0.75]",3.79
154,"[1, 2, 3]","[['A', 'C', 'D', 'B'], ['A', 'B', 'C', 'D'], ['C', 'B', 'D', 'A']]","[0.54, 0.75, 0.75, 1.0, 1.0]","['compromising', 'bullet', 'bullet']","[['C', 'A', 'D', 'B'], ['A'], ['C']]","{'C': 10, 'A': 7, 'B': 6, 'D': 1}","[0.75, 0.79, 1.0, 0.75, 0.75]",4.04
155,[2],"[['C', 'D', 'B', 'A']]","[1.0, 0.54, 1.0, 1.0, 0.88]",['compromising'],"[['B', 'C', 'D', 'A']]","{'D': 12, 'B': 8, 'A': 6, 'C': 4}","[1.0, 0.58, 1.0, 1.0, 0.75]",4.33
156,[2],"[['C', 'A', 'D', 'B']]","[1.0, 0.54, 0.58, 0.75, 1.0]",['compromising'],"[['A', 'C', 'D', 'B']]","{'A': 9, 'B': 9, 'C': 6, 'D': 6}","[0.88, 0.58, 0.58, 0.75, 0.67]",3.46
157,"[2, 4]","[['D', 'C', 'B', 'A'], ['D', 'C', 'A', 'B']]","[0.88, 0.75, 0.75, 0.88, 1.0]","['bullet', 'bullet']","[['D'], ['D']]","{'D': 10, 'C': 7, 'A': 5, 'B': 2}","[1.0, 1.0, 0.75, 1.0, 0.58]",4.33
158,"[2, 3]","[['C', 'B', 'A', 'D'], ['C', 'B', 'D', 'A']]","[1.0, 0.75, 0.54, 1.0, 1.0]","['bullet', 'bullet']","[['C'], ['C']]","{'A': 9, 'C': 9, 'B': 5, 'D': 1}","[1.0, 0.79, 0.58, 1.0, 1.0]",4.37
159,[4],"[['A', 'C', 'B', 'D']]","[1.0, 0.58, 1.0, 0.75, 1.0]",['bullet'],[['A']],"{'B': 11, 'A': 6, 'C': 5, 'D': 5}","[1.0, 0.54, 1.0, 0.79, 1.0]",4.33
